user_pk,follower_pk,follower_username,follower_count,threads_follower_pk,username
cyborgcodes,63455922727,mbahareth,184965,63455922727,cyborgcodes
cyborgcodes,63619176581,subflw47,105,63619176581,cyborgcodes
cyborgcodes,65363877952,pasperfection,306,65363877952,cyborgcodes
cyborgcodes,63259905468,yourmomsasaurasrekt,909,63259905468,cyborgcodes
cyborgcodes,63870852621,bezprzesady.eth,106,63870852621,cyborgcodes
cyborgcodes,63293963618,gcanderoli,103,63293963618,cyborgcodes
cyborgcodes,66789214180,vyvy.jupi,304,66789214180,cyborgcodes
cyborgcodes,68984944590,whiteboardprogrammer,831,68984944590,cyborgcodes
cyborgcodes,63563525222,kristianhfoged,181,63563525222,cyborgcodes
cyborgcodes,63459729357,lusbnz_,113,63459729357,cyborgcodes
cyborgcodes,63295025682,michellelrobbins,539,63295025682,cyborgcodes
cyborgcodes,67655180104,mrlinxed,416,67655180104,cyborgcodes
cyborgcodes,66531872472,unclejobs.ai,3467,66531872472,cyborgcodes
cyborgcodes,63206455798,kh.onello,118,63206455798,cyborgcodes
cyborgcodes,67142320502,bossup.ai,237,67142320502,cyborgcodes
cyborgcodes,63130780717,indrajit_._,112,63130780717,cyborgcodes
cyborgcodes,65100721875,raytzan,132,65100721875,cyborgcodes
cyborgcodes,63128266640,weng_bing_tony,228,63128266640,cyborgcodes
cyborgcodes,63422927286,sashiomarda,166,63422927286,cyborgcodes
cyborgcodes,63254488135,excesdevitesse,151,63254488135,cyborgcodes
cyborgcodes,68723828971,jerry_john_7,162,68723828971,cyborgcodes
cyborgcodes,63421319213,kimhojune__,161,63421319213,cyborgcodes
cyborgcodes,63566421802,luc_delattre,312,63566421802,cyborgcodes
cyborgcodes,63230902539,lemon_aa_,380,63230902539,cyborgcodes
cyborgcodes,63397365088,mario_vqa,130,63397365088,cyborgcodes
cyborgcodes,63076420470,04.bhavyaa,450,63076420470,cyborgcodes
cyborgcodes,63095668612,phd_e.o.m,103,63095668612,cyborgcodes
cyborgcodes,63463901165,amen.paul.rijo,235,63463901165,cyborgcodes
cyborgcodes,67069598296,tolj.p,285,67069598296,cyborgcodes
cyborgcodes,63414782841,eyedonyell,407,63414782841,cyborgcodes
cyborgcodes,67897337276,suyashsayankar,210,67897337276,cyborgcodes
cyborgcodes,63415733193,tinhoang_phd,274,63415733193,cyborgcodes
cyborgcodes,63467155018,surplussatire,823,63467155018,cyborgcodes
cyborgcodes,65897472765,ggson1222,150,65897472765,cyborgcodes
cyborgcodes,67142096183,aynsky_,122,67142096183,cyborgcodes
cyborgcodes,63764688319,46elks,856,63764688319,cyborgcodes
cyborgcodes,68356434688,learnandearnwithvijay,1506,68356434688,cyborgcodes
cyborgcodes,67598481339,to.my_research,497,67598481339,cyborgcodes
cyborgcodes,63277407670,00xglitch,158,63277407670,cyborgcodes
cyborgcodes,63390638997,nbktechworld,114,63390638997,cyborgcodes
cyborgcodes,63060733369,mohamadesa_r,199,63060733369,cyborgcodes
cyborgcodes,63577286652,tfeiner,160,63577286652,cyborgcodes
cyborgcodes,63063203978,thatsmypigga,112,63063203978,cyborgcodes
cyborgcodes,69664391874,kondababu27,101,69664391874,cyborgcodes
cyborgcodes,63404631185,juroy_lim,191,63404631185,cyborgcodes
cyborgcodes,63077437228,swachira117,109,63077437228,cyborgcodes
cyborgcodes,63421157868,sachinpc9,907,63421157868,cyborgcodes
cyborgcodes,63474291578,masamin.id,331,63474291578,cyborgcodes
cyborgcodes,63390213319,alaa.mbarkat,456,63390213319,cyborgcodes
cyborgcodes,63428906238,orijing,207,63428906238,cyborgcodes
cyborgcodes,63203503727,tamsin_crossland,1618,63203503727,cyborgcodes
cyborgcodes,65575359876,dkeimpe,334,65575359876,cyborgcodes
cyborgcodes,63312072617,shaqilshaheen10,105,63312072617,cyborgcodes
cyborgcodes,63530817268,dn.ape,13375,63530817268,cyborgcodes
cyborgcodes,68731622574,eastar_dong_q,187,68731622574,cyborgcodes
cyborgcodes,64445574992,r0o0b0e0r0t0,105,64445574992,cyborgcodes
cyborgcodes,63457252950,hunglethanh,142,63457252950,cyborgcodes
cyborgcodes,63457995574,heon_yun,135,63457995574,cyborgcodes
cyborgcodes,63453429905,unknown.rebel__,131,63453429905,cyborgcodes
cyborgcodes,63132876559,memory_leak101,102,63132876559,cyborgcodes
cyborgcodes,63492079848,jwiggi21,201,63492079848,cyborgcodes
cyborgcodes,63442283145,d._a_v._e,492,63442283145,cyborgcodes
cyborgcodes,63261118058,stephanie_tien,219,63261118058,cyborgcodes
cyborgcodes,63428626594,sanuvishal14,112,63428626594,cyborgcodes
cyborgcodes,63400940926,_the_catalyst,425,63400940926,cyborgcodes
cyborgcodes,63021383173,joenandez,1493,63021383173,cyborgcodes
cyborgcodes,63428790533,eric910626,234,63428790533,cyborgcodes
cyborgcodes,63079755789,ocamilo._.torres,113,63079755789,cyborgcodes
cyborgcodes,63381648917,tugover,1185,63381648917,cyborgcodes
cyborgcodes,63280924223,paulabastiasb,139,63280924223,cyborgcodes
cyborgcodes,63609240308,kris_walker,661,63609240308,cyborgcodes
cyborgcodes,63501680814,threaderinchief,199,63501680814,cyborgcodes
cyborgcodes,63409269656,eric_chang_tw,228,63409269656,cyborgcodes
cyborgcodes,63414797692,petermoriarty._,498,63414797692,cyborgcodes
cyborgcodes,63318368534,mcroydon,220,63318368534,cyborgcodes
cyborgcodes,68930269933,saching6750,971,68930269933,cyborgcodes
cyborgcodes,67988437364,techgoddesses,648,67988437364,cyborgcodes
cyborgcodes,68174394753,relativelypestonji,257,68174394753,cyborgcodes
cyborgcodes,64934320609,logbasex,148,64934320609,cyborgcodes
cyborgcodes,68466984998,henny213,110,68466984998,cyborgcodes
cyborgcodes,63249253858,seun.eo,257,63249253858,cyborgcodes
cyborgcodes,63087237728,einatsapegin,162,63087237728,cyborgcodes
cyborgcodes,66368713364,chelseychoosey,101,66368713364,cyborgcodes
cyborgcodes,63270466701,lky1212,671,63270466701,cyborgcodes
cyborgcodes,63611400389,mfarjadhassan,132,63611400389,cyborgcodes
cyborgcodes,63486498623,esmiraa.y,104,63486498623,cyborgcodes
cyborgcodes,63212823679,thierresavio,111,63212823679,cyborgcodes
cyborgcodes,67150442516,mondeepressed,211,67150442516,cyborgcodes
cyborgcodes,63520429522,marko.p.radojcic,304,63520429522,cyborgcodes
cyborgcodes,63127710377,andy.hopfgartner,136,63127710377,cyborgcodes
cyborgcodes,63052095594,dading._,138,63052095594,cyborgcodes
cyborgcodes,63412652119,alexpl.0,146,63412652119,cyborgcodes
cyborgcodes,63470808165,zoranvasiczoran,185,63470808165,cyborgcodes
cyborgcodes,63123789133,_.walter__,240,63123789133,cyborgcodes
cyborgcodes,63222412015,jppettinger,110,63222412015,cyborgcodes
cyborgcodes,63137446024,darthfalka,1911,63137446024,cyborgcodes
cyborgcodes,68649150265,manikanta6928,118,68649150265,cyborgcodes
cyborgcodes,64119410334,cawaiicom,485,64119410334,cyborgcodes
cyborgcodes,63265326809,vivek_aglawe_patil,102,63265326809,cyborgcodes
cyborgcodes,63050731879,cosmikjoker,125,63050731879,cyborgcodes
cyborgcodes,62929863130,seansong314,1099,62929863130,cyborgcodes
cyborgcodes,63917909500,frabatx,432,63917909500,cyborgcodes
cyborgcodes,65565563918,humphrey.koraag,109,65565563918,cyborgcodes
cyborgcodes,66202846242,jgp_designs,201,66202846242,cyborgcodes
cyborgcodes,63131127923,therealmistere,193,63131127923,cyborgcodes
cyborgcodes,63140222275,ngx.tlam,104,63140222275,cyborgcodes
cyborgcodes,63410468967,kakakakakvi,254,63410468967,cyborgcodes
cyborgcodes,63153161383,duckbumbum,128,63153161383,cyborgcodes
cyborgcodes,63100521024,ayahdeleon,153,63100521024,cyborgcodes
cyborgcodes,63325848267,truethao,349,63325848267,cyborgcodes
cyborgcodes,66413562253,jonnypenthouse,12119,66413562253,cyborgcodes
cyborgcodes,63226829631,briancrink,323,63226829631,cyborgcodes
cyborgcodes,63770423461,brancorafael21,114,63770423461,cyborgcodes
cyborgcodes,63042855905,lehongthaireal,2039,63042855905,cyborgcodes
cyborgcodes,63066411284,priyadharshan_chandranath,137,63066411284,cyborgcodes
cyborgcodes,63450739131,crexinmsn,136,63450739131,cyborgcodes
cyborgcodes,68226566124,nat30ago,131,68226566124,cyborgcodes
cyborgcodes,63906473058,viaduscita,307,63906473058,cyborgcodes
cyborgcodes,63067676040,amit_esquire,302,63067676040,cyborgcodes
cyborgcodes,63210223737,ayetulip,163,63210223737,cyborgcodes
cyborgcodes,63269726555,hrshptl_81,184,63269726555,cyborgcodes
cyborgcodes,63417508312,marcorh_,396,63417508312,cyborgcodes
cyborgcodes,63413940006,weinixue0617,130,63413940006,cyborgcodes
cyborgcodes,64176685312,stellarsyntax,175,64176685312,cyborgcodes
cyborgcodes,68752062095,keironepadayachee,139,68752062095,cyborgcodes
cyborgcodes,63091172845,vighnesh__77,124,63091172845,cyborgcodes
cyborgcodes,63627184621,souravbaghz,255,63627184621,cyborgcodes
cyborgcodes,65935649039,marinaleitecabrera,120,65935649039,cyborgcodes
cyborgcodes,63456888487,avinash._4,141,63456888487,cyborgcodes
cyborgcodes,63097235307,adhri__nath,159,63097235307,cyborgcodes
cyborgcodes,63460660269,jacqueline19931224,1053,63460660269,cyborgcodes
cyborgcodes,67176808783,eezeeee__,262,67176808783,cyborgcodes
cyborgcodes,63493184117,karthi.keyan__,116,63493184117,cyborgcodes
cyborgcodes,63274746176,nicholasgould1,2990,63274746176,cyborgcodes
cyborgcodes,63139131737,mcewenar,185,63139131737,cyborgcodes
cyborgcodes,66410384692,ojay_thediplomat,170,66410384692,cyborgcodes
cyborgcodes,63534654838,brunicorno,259,63534654838,cyborgcodes
cyborgcodes,63403349631,sotaro_1203_,111,63403349631,cyborgcodes
cyborgcodes,63408189910,synta.cog,175,63408189910,cyborgcodes
cyborgcodes,63092501609,derrickampy,226,63092501609,cyborgcodes
cyborgcodes,63472825423,yonghosee,260,63472825423,cyborgcodes
cyborgcodes,64410341942,banhcommauxanh,111,64410341942,cyborgcodes
cyborgcodes,63433607357,theoleksander,313,63433607357,cyborgcodes
cyborgcodes,63255123616,super_issy,117,63255123616,cyborgcodes
cyborgcodes,64101698120,alexandert18_,217,64101698120,cyborgcodes
cyborgcodes,63429715286,andrwwteo,169,63429715286,cyborgcodes
cyborgcodes,70183957157,jakeclifford1.0,200,70183957157,cyborgcodes
cyborgcodes,63075318160,xx.abhi.xx,140,63075318160,cyborgcodes
cyborgcodes,67597131992,sergiotar_00,170,67597131992,cyborgcodes
cyborgcodes,63448816529,spather,147,63448816529,cyborgcodes
cyborgcodes,63960294897,calico_park_,177,63960294897,cyborgcodes
cyborgcodes,63085914329,circus.hmtuan,174,63085914329,cyborgcodes
cyborgcodes,64621136022,benyoucef_ichrak,170,64621136022,cyborgcodes
cyborgcodes,63294088600,tramy22_,195,63294088600,cyborgcodes
cyborgcodes,63391183056,len.mortal_,143,63391183056,cyborgcodes
cyborgcodes,63456312228,marina_samy225,111,63456312228,cyborgcodes
cyborgcodes,63277906339,___dsdaily___,12782,63277906339,cyborgcodes
cyborgcodes,63046199039,tushar_8013,157,63046199039,cyborgcodes
cyborgcodes,63281630199,aryamandev,565,63281630199,cyborgcodes
cyborgcodes,63448716582,skp_karun,148,63448716582,cyborgcodes
cyborgcodes,63408563735,jyotiikenjale,248,63408563735,cyborgcodes
cyborgcodes,63310242727,fedev18,106,63310242727,cyborgcodes
cyborgcodes,63394023624,jayjayninetyfive,141,63394023624,cyborgcodes
cyborgcodes,62838117706,iamcarlosnc,139,62838117706,cyborgcodes
cyborgcodes,63778628461,jkrollingcc,178,63778628461,cyborgcodes
cyborgcodes,63262870600,georgymh,709,63262870600,cyborgcodes
cyborgcodes,63278863306,br0dyk73,348,63278863306,cyborgcodes
cyborgcodes,63079357714,nicosquiroz,249,63079357714,cyborgcodes
cyborgcodes,67022586822,annahaz1101,176,67022586822,cyborgcodes
cyborgcodes,69404479823,kanyazov,181,69404479823,cyborgcodes
cyborgcodes,64275578673,andreas_vrl,256,64275578673,cyborgcodes
cyborgcodes,63393471519,fchpriani,156,63393471519,cyborgcodes
cyborgcodes,65102552054,tristantylo,129,65102552054,cyborgcodes
cyborgcodes,63078227275,marshallaross,428,63078227275,cyborgcodes
cyborgcodes,63979231191,asiedurkio,176,63979231191,cyborgcodes
cyborgcodes,63392367216,hosiuchuen_,142,63392367216,cyborgcodes
cyborgcodes,67752320505,mudit_devloprr,775,67752320505,cyborgcodes
cyborgcodes,63084047761,sutheerak,288,63084047761,cyborgcodes
cyborgcodes,63258369335,couchmeka,397,63258369335,cyborgcodes
cyborgcodes,63244571485,_shortboyd,156,63244571485,cyborgcodes
cyborgcodes,63033642331,hitesh_shridhar,115,63033642331,cyborgcodes
cyborgcodes,63394999302,thefareastmovement,344,63394999302,cyborgcodes
cyborgcodes,69283091700,lomingisaman,369,69283091700,cyborgcodes
cyborgcodes,65237424313,flaviobs1,339,65237424313,cyborgcodes
cyborgcodes,62855351917,onemancipher,221,62855351917,cyborgcodes
cyborgcodes,63235167672,debstract,240,63235167672,cyborgcodes
cyborgcodes,63076491674,_phineaspham_,146,63076491674,cyborgcodes
cyborgcodes,63440921670,arthurrschaefer,605,63440921670,cyborgcodes
cyborgcodes,63218766361,kuirabaa,478,63218766361,cyborgcodes
cyborgcodes,63446249137,manuelcarrasco2013,138,63446249137,cyborgcodes
cyborgcodes,68036154853,axelmg,176,68036154853,cyborgcodes
cyborgcodes,66665148138,fan_mic_gogh,150,66665148138,cyborgcodes
cyborgcodes,63066786590,cienciadosdados,6212,63066786590,cyborgcodes
cyborgcodes,63122188530,lildecaffeinated,151,63122188530,cyborgcodes
cyborgcodes,63231936239,_ddariootorricelli_,494,63231936239,cyborgcodes
cyborgcodes,64777410484,flamingo_sound,116,64777410484,cyborgcodes
cyborgcodes,64123248218,rendotflyaway,110,64123248218,cyborgcodes
cyborgcodes,63403661010,joaopedro_,815,63403661010,cyborgcodes
cyborgcodes,63273974593,inyomannatanael,223,63273974593,cyborgcodes
cyborgcodes,63239603310,lavenda_watila,197,63239603310,cyborgcodes
cyborgcodes,63270446482,lucas.heverly,138,63270446482,cyborgcodes
cyborgcodes,63404326273,codewithnoobie,232,63404326273,cyborgcodes
cyborgcodes,63470121446,angelodiaz_asso,118,63470121446,cyborgcodes
cyborgcodes,63414972662,abuyamanu,103,63414972662,cyborgcodes
cyborgcodes,65398225276,chenhueishuang,118,65398225276,cyborgcodes
cyborgcodes,63312240176,michael1017556,153,63312240176,cyborgcodes
cyborgcodes,64719994343,johanesalexander2211,184,64719994343,cyborgcodes
cyborgcodes,63045180635,raisnurwahyudin__id,177,63045180635,cyborgcodes
cyborgcodes,63414026518,jayesswhy,130,63414026518,cyborgcodes
cyborgcodes,63266747463,rod_wongg,105,63266747463,cyborgcodes
cyborgcodes,63086991637,nuthx,289,63086991637,cyborgcodes
cyborgcodes,63126890385,emotion23machine,243,63126890385,cyborgcodes
cyborgcodes,63370062840,debrianruhut,121,63370062840,cyborgcodes
cyborgcodes,63176126992,charlenopires,424,63176126992,cyborgcodes
cyborgcodes,63427532244,sidneip,196,63427532244,cyborgcodes
cyborgcodes,63271133637,rlancaster243,102,63271133637,cyborgcodes
cyborgcodes,63209599081,john_fromero,106,63209599081,cyborgcodes
cyborgcodes,63039237419,badoats,203,63039237419,cyborgcodes
cyborgcodes,63065652463,arifwarsii,786,63065652463,cyborgcodes
cyborgcodes,63287501819,theo102654,176,63287501819,cyborgcodes
cyborgcodes,63280677812,inder.baldawa,140,63280677812,cyborgcodes
cyborgcodes,63293348425,alisadeghiaghili,167,63293348425,cyborgcodes
cyborgcodes,67651309788,johnnysungs,235,67651309788,cyborgcodes
cyborgcodes,63258207634,kaichen1008_,165,63258207634,cyborgcodes
cyborgcodes,66880389087,viswasvinayakumar,193,66880389087,cyborgcodes
cyborgcodes,63088222368,andrewgeorgi0u,115,63088222368,cyborgcodes
cyborgcodes,63457694030,garygrossman,108,63457694030,cyborgcodes
cyborgcodes,63933674161,alfonso.oton,120,63933674161,cyborgcodes
cyborgcodes,63880782869,manhphim,233,63880782869,cyborgcodes
cyborgcodes,63159149346,ziyad_3zzaz,238,63159149346,cyborgcodes
cyborgcodes,68254753656,marsally498,220,68254753656,cyborgcodes
cyborgcodes,63067218739,junechengx,241,63067218739,cyborgcodes
cyborgcodes,63237271894,yurimochi,127,63237271894,cyborgcodes
cyborgcodes,69613044086,siddharth.rout1,103,69613044086,cyborgcodes
cyborgcodes,63301808411,boon_loong,177,63301808411,cyborgcodes
cyborgcodes,63089770373,cali.mgk,194,63089770373,cyborgcodes
cyborgcodes,63079651985,norahnorsh,103,63079651985,cyborgcodes
cyborgcodes,63093067645,ahdios,102,63093067645,cyborgcodes
cyborgcodes,63438983817,mosunmola_zainab_,132,63438983817,cyborgcodes
cyborgcodes,63388741319,peters_sweiya,143,63388741319,cyborgcodes
cyborgcodes,63541678778,hugo1618_,462,63541678778,cyborgcodes
cyborgcodes,63086309255,terenzio989,184,63086309255,cyborgcodes
cyborgcodes,63527985637,longmanyo,103,63527985637,cyborgcodes
cyborgcodes,67584051903,exploitxpertz.exe,1969,67584051903,cyborgcodes
cyborgcodes,63139476973,himu_uuuuuu,107,63139476973,cyborgcodes
cyborgcodes,63000486730,tingfuzhang9165,150,63000486730,cyborgcodes
cyborgcodes,63433439697,tphamtvy_,4440,63433439697,cyborgcodes
cyborgcodes,65212565280,felipelima2602,159,65212565280,cyborgcodes
cyborgcodes,63847166218,a.salgadom,177,63847166218,cyborgcodes
cyborgcodes,63207167110,irnnr,227,63207167110,cyborgcodes
cyborgcodes,67062332539,trueone.1,113,67062332539,cyborgcodes
cyborgcodes,65703462283,topher_tc,268,65703462283,cyborgcodes
cyborgcodes,63394990262,lubiarsada,157,63394990262,cyborgcodes
cyborgcodes,63232498925,lucasam_t,143,63232498925,cyborgcodes
cyborgcodes,63406633267,tqatuan,345,63406633267,cyborgcodes
cyborgcodes,63410199402,kobe_y_,201,63410199402,cyborgcodes
cyborgcodes,63075946148,nurfareeza09,132,63075946148,cyborgcodes
cyborgcodes,63422587516,edaizat,107,63422587516,cyborgcodes
cyborgcodes,63414086258,manikrathee,411,63414086258,cyborgcodes
cyborgcodes,64652280007,manu.el.boludo,371,64652280007,cyborgcodes
cyborgcodes,69061403851,lucianacolella__,118,69061403851,cyborgcodes
cyborgcodes,63276634338,gemma_s_vida,135,63276634338,cyborgcodes
cyborgcodes,68520334163,kriti_g_9,152,68520334163,cyborgcodes
cyborgcodes,67897029380,laloletechipia,160,67897029380,cyborgcodes
cyborgcodes,63136023658,mr.poohb3ar,433,63136023658,cyborgcodes
cyborgcodes,63427323737,jacobmuimi_,3309,63427323737,cyborgcodes
cyborgcodes,63039501336,ashtoncoghlan,105,63039501336,cyborgcodes
cyborgcodes,63066037934,mccrory.d,197,63066037934,cyborgcodes
cyborgcodes,63330003931,celerier229ms,342,63330003931,cyborgcodes
ermideen,66276488755,ulfeid3,204,66276488755,ermideen
ermideen,63524658361,julie_imbrattacarte,440,63524658361,ermideen
ermideen,63546558571,vou.ssy,224,63546558571,ermideen
ermideen,67613895123,lilystrations_,125,67613895123,ermideen
ermideen,68695623053,gabriele.gerosa90,146,68695623053,ermideen
ermideen,64048242951,mrlivingstonepics,300,64048242951,ermideen
ermideen,69852150746,valemexxina,181,69852150746,ermideen
ermideen,69014216189,gabriele.dedominicis,172,69014216189,ermideen
ermideen,66312672990,lombardi8076,895,66312672990,ermideen
ermideen,67734017126,casino_carino,133,67734017126,ermideen
ermideen,68642081851,silviettaberto,136,68642081851,ermideen
ermideen,66727438457,m.ele_nora,141,66727438457,ermideen
ermideen,65383376164,trekking_basso_lazio,376,65383376164,ermideen
ermideen,66244005129,_simonezomp,238,66244005129,ermideen
ermideen,65801817453,massi8686,102,65801817453,ermideen
ermideen,63745513205,lonricck,290,63745513205,ermideen
ermideen,63242755727,ale7676,156,63242755727,ermideen
ermideen,63235304010,giu_sardi,427,63235304010,ermideen
ermideen,63225456939,_ale.grecu_,143,63225456939,ermideen
ermideen,65552405463,fggm.mt,257,65552405463,ermideen
ermideen,63581799202,achille_colimoro,125,63581799202,ermideen
ermideen,64767087413,marco_monogatari,144,64767087413,ermideen
ermideen,63528554672,giulia_ungarelli_authoress,421,63528554672,ermideen
ermideen,68079739770,gianlucapittelli,114,68079739770,ermideen
ermideen,63894236445,vittofio,275,63894236445,ermideen
ermideen,63560381730,bellezzaebenessereconteta,126,63560381730,ermideen
ermideen,63678391809,niun68,558,63678391809,ermideen
ermideen,69516024006,eleirepalumbo,113,69516024006,ermideen
ermideen,63317341386,giulianovannini,572,63317341386,ermideen
ermideen,64595302535,clarayemahuevosdecampo,3089,64595302535,ermideen
ermideen,63908489346,im_riccardoschillaci,401,63908489346,ermideen
ermideen,66897966938,dr_slump,101,66897966938,ermideen
ermideen,63308530555,notanarco,223,63308530555,ermideen
63442384941.0,63393358051,_dennisobrien_,229,63393358051,svp1n0
63442384941.0,63453387759,harry_map,128,63453387759,svp1n0
63442384941.0,63414758350,edward.is.writing,480,63414758350,svp1n0
63442384941.0,63216365996,ben.murdoch,1735,63216365996,svp1n0
63442384941.0,63053052130,mobis_dad,135,63053052130,svp1n0
63442384941.0,63292403322,lakshyaaagrawal,111,63292403322,svp1n0
63442384941.0,63406708578,kpolzounov,262,63406708578,svp1n0
63442384941.0,63459538027,devben.tech,1645,63459538027,svp1n0
63442384941.0,63440602234,chrisalbon,4265,63440602234,svp1n0
63442384941.0,63478193760,onejasonknight,1023,63478193760,svp1n0
63442384941.0,63135526665,jeremyphoward,3124,63135526665,svp1n0
63442384941.0,63207927693,webdevmadeeasy,1303,63207927693,svp1n0
63442384941.0,63419525028,salman.code,167,63419525028,svp1n0
63442384941.0,63375434705,beiramiab,571,63375434705,svp1n0
63442384941.0,63261560399,neuro_valentine,731,63261560399,svp1n0
63442384941.0,63445463186,arnimittal,141,63445463186,svp1n0
63442384941.0,63474971954,surya_ganguli,1238,63474971954,svp1n0
63442384941.0,63444873029,reznikib,1660,63444873029,svp1n0
63442384941.0,63216317302,eddyvinck,1077,63216317302,svp1n0
63442384941.0,63135505450,salemghouili,850,63135505450,svp1n0
63442384941.0,63095826408,hi.bangtoy,110,63095826408,svp1n0
63442384941.0,63076885189,antisignal,1560,63076885189,svp1n0
63442384941.0,63615064699,ameknite,315,63615064699,svp1n0
63442384941.0,63253414997,nsjames_,363,63253414997,svp1n0
63442384941.0,63233413995,sujankumar91,361,63233413995,svp1n0
63442384941.0,63444848840,abheist,422,63444848840,svp1n0
63442384941.0,63086233653,__ericelliott,1923,63086233653,svp1n0
63442384941.0,67978722813,ricochicomico1,203,67978722813,svp1n0
63442384941.0,63450603149,lvdmaaten,666,63450603149,svp1n0
63442384941.0,63477240530,roxanadaneshjou,371,63477240530,svp1n0
63442384941.0,63216567381,iopfelix,825,63216567381,svp1n0
63442384941.0,63229700060,elephantum,135,63229700060,svp1n0
63442384941.0,63450577334,scott.a.corbitt,736,63450577334,svp1n0
63442384941.0,63427025476,alexcarliera,358,63427025476,svp1n0
63442384941.0,63237499809,ashwinkadaru,454,63237499809,svp1n0
63442384941.0,63130652340,sethclaudepierre,144,63130652340,svp1n0
63442384941.0,63281717908,culstrup,228,63281717908,svp1n0
63442384941.0,63092969131,jbar380,906,63092969131,svp1n0
63442384941.0,63393918381,philfung,3402,63393918381,svp1n0
63442384941.0,63419846156,xamatriain,1364,63419846156,svp1n0
63442384941.0,63438318214,falazar23,400,63438318214,svp1n0
63442384941.0,63223691957,mlaprise,186,63223691957,svp1n0
63442384941.0,63458451613,mazorlori,390,63458451613,svp1n0
63442384941.0,62861631273,npp2049,187,62861631273,svp1n0
63442384941.0,63303915333,hudy9x,329,63303915333,svp1n0
63442384941.0,63317984643,matic3d,566,63317984643,svp1n0
63442384941.0,63134047866,sung.kim.mw,4635,63134047866,svp1n0
63442384941.0,63256774488,ekdr0,107,63256774488,svp1n0
63442384941.0,63437487306,daniel.zaldana,280,63437487306,svp1n0
63442384941.0,63086327482,vikaswakde42,175,63086327482,svp1n0
63442384941.0,63424053829,pedrooleadess,104,63424053829,svp1n0
63442384941.0,63386391872,rogue_mandrill,156,63386391872,svp1n0
63442384941.0,63075122279,pjbontrager,284,63075122279,svp1n0
63442384941.0,63094232552,pwlot,378,63094232552,svp1n0
63442384941.0,63125135965,yeah_that_femi,671,63125135965,svp1n0
63442384941.0,63292795658,jaat_introvert,166,63292795658,svp1n0
63442384941.0,63134765332,_dia_bolical,235,63134765332,svp1n0
63442384941.0,63070013973,think_virtually_ai,843,63070013973,svp1n0
63442384941.0,63137573083,tarunnraj,247,63137573083,svp1n0
63442384941.0,63411255010,spacegrep,145,63411255010,svp1n0
63442384941.0,63243414943,tedunderwoodillinois,1178,63243414943,svp1n0
63442384941.0,63239087221,t.peng,2023,63239087221,svp1n0
63442384941.0,63087177520,charlesvardeman,269,63087177520,svp1n0
63442384941.0,63146900381,stevejsteiner,1300,63146900381,svp1n0
63442384941.0,63254600229,aimanfarooq,511,63254600229,svp1n0
63442384941.0,63391178703,entrpswn,531,63391178703,svp1n0
63442384941.0,63092009298,avdalca,294,63092009298,svp1n0
63442384941.0,63243223215,_aswadi_,110,63243223215,svp1n0
63442384941.0,63066631657,phlippseitz,224,63066631657,svp1n0
63442384941.0,63628384148,therealsamlaki,249,63628384148,svp1n0
63442384941.0,63417946594,pranavkatariain,146,63417946594,svp1n0
63442384941.0,63406279253,circuitmage,103,63406279253,svp1n0
63442384941.0,63227995698,akashpanda,145,63227995698,svp1n0
63442384941.0,63475674814,ryan_biondo,170,63475674814,svp1n0
63442384941.0,63021127870,lgusmartins,842,63021127870,svp1n0
63442384941.0,63398519403,ainewsandtrends,727,63398519403,svp1n0
63442384941.0,63288577973,devtools.fm,1795,63288577973,svp1n0
63442384941.0,63228923208,chrisgenocpa,186,63228923208,svp1n0
63442384941.0,63149093334,jthomasmock,413,63149093334,svp1n0
63442384941.0,63135066443,chrubble,149,63135066443,svp1n0
63442384941.0,63091495518,jmaartenson,106,63091495518,svp1n0
63442384941.0,63062975385,lucas_a_meyer,14579,63062975385,svp1n0
63442384941.0,63485113425,harpreetmatharoo,134,63485113425,svp1n0
63442384941.0,63161477780,eadeli,112,63161477780,svp1n0
63442384941.0,63293786904,kshitij_ai_tools,243,63293786904,svp1n0
63442384941.0,63252438570,chris.staud,415,63252438570,svp1n0
63442384941.0,63071911572,un0blogger,115,63071911572,svp1n0
63442384941.0,63094206365,alena.harley,599,63094206365,svp1n0
63442384941.0,63433500113,cto_junior,1251,63433500113,svp1n0
63442384941.0,63373759976,rbansal16,171,63373759976,svp1n0
63442384941.0,63096421658,shoumikhin,2885,63096421658,svp1n0
63442384941.0,63252704024,albertvilella.i,575,63252704024,svp1n0
63442384941.0,63092526771,mattys.tech,572,63092526771,svp1n0
63442384941.0,63457996711,multidominic,232,63457996711,svp1n0
63442384941.0,63237603559,schuster.tal,237,63237603559,svp1n0
63442384941.0,63435001566,michaelrighi,1046,63435001566,svp1n0
63442384941.0,63389189431,bhavulgauri,850,63389189431,svp1n0
63442384941.0,63383927387,aut0mata,149,63383927387,svp1n0
63442384941.0,63062027740,nikola.vejin,228,63062027740,svp1n0
63442384941.0,63427810097,vibhorrastogi,257,63427810097,svp1n0
63442384941.0,66597266718,the_ai_night_owl,143,66597266718,svp1n0
63442384941.0,63422820681,carmelyne,1277,63422820681,svp1n0
63442384941.0,63447689749,prasoonpratham,2059,63447689749,svp1n0
63442384941.0,63233135143,sonjathegrey,1146,63233135143,svp1n0
63442384941.0,63419495325,andrei_savu,275,63419495325,svp1n0
63442384941.0,63237297869,mspaner,153,63237297869,svp1n0
63442384941.0,63223719795,_jsceee_,224,63223719795,svp1n0
63442384941.0,63511304586,kellensunderland,141,63511304586,svp1n0
63442384941.0,63397061776,dearai_official,802,63397061776,svp1n0
63442384941.0,63904955769,spuros.pi,440,63904955769,svp1n0
63442384941.0,63046638171,bhargavc_20,175,63046638171,svp1n0
63442384941.0,63271171623,keveman,149,63271171623,svp1n0
63442384941.0,63248505004,oru.ogbo,275,63248505004,svp1n0
63442384941.0,63054636534,moikapy,490,63054636534,svp1n0
63442384941.0,63476251737,ronrichman_za,174,63476251737,svp1n0
63442384941.0,63104067428,ebasford,512,63104067428,svp1n0
63442384941.0,63240866841,brinthan.y,527,63240866841,svp1n0
63442384941.0,63268959684,jbohnslav,270,63268959684,svp1n0
63442384941.0,63105529882,molinar.ai,221,63105529882,svp1n0
63442384941.0,63102374004,mlhobbyist,395,63102374004,svp1n0
63442384941.0,63086886574,jaec_123,199,63086886574,svp1n0
63442384941.0,63251956265,saminc97,439,63251956265,svp1n0
63442384941.0,63163630274,saurabh.prasad2,1915,63163630274,svp1n0
63442384941.0,63159773488,jpgoodale,224,63159773488,svp1n0
63442384941.0,63120985791,biswaroop08,154,63120985791,svp1n0
63442384941.0,63318888083,umpox.dev,552,63318888083,svp1n0
63442384941.0,63441476367,misoul00,220,63441476367,svp1n0
63442384941.0,68927363440,roguecurrents,1828,68927363440,svp1n0
63442384941.0,63462604073,aleespa,189,63462604073,svp1n0
63442384941.0,63036630113,vaibhavvshharma,129,63036630113,svp1n0
63442384941.0,63448591331,sptstoyanov,901,63448591331,svp1n0
63442384941.0,63468763795,tiyaslens,474,63468763795,svp1n0
63442384941.0,63225459569,quanghuy0497,346,63225459569,svp1n0
63442384941.0,63455014766,jtaylor_ig,149,63455014766,svp1n0
63442384941.0,63400413279,matdmiller,381,63400413279,svp1n0
63442384941.0,63126848449,techtalksglobal,874,63126848449,svp1n0
63442384941.0,63104084439,perceptions420,343,63104084439,svp1n0
63442384941.0,63287120405,martin_skorvan,155,63287120405,svp1n0
63442384941.0,63078417461,ericmtztx,195,63078417461,svp1n0
63442384941.0,63635416282,cthorrez,247,63635416282,svp1n0
63442384941.0,63419051816,tanishqai,1135,63419051816,svp1n0
63442384941.0,63068774136,omar.khursheed,125,63068774136,svp1n0
63442384941.0,63251050347,heremytatersat,210,63251050347,svp1n0
63442384941.0,63484688726,andres.coelh0,198,63484688726,svp1n0
63442384941.0,63627720829,omarsar0,6978,63627720829,svp1n0
63442384941.0,63501129277,stephengruppetta,270,63501129277,svp1n0
63442384941.0,63056020607,o1iebo11en,189,63056020607,svp1n0
63442384941.0,63451267594,nchureborn,147,63451267594,svp1n0
63442384941.0,63419611730,dkhundley,157,63419611730,svp1n0
63442384941.0,63051878569,mothballhankin,157,63051878569,svp1n0
63442384941.0,63432595730,paul.terrad,535,63432595730,svp1n0
63442384941.0,63316632272,yassinedotai,115,63316632272,svp1n0
63442384941.0,63432782670,proof.of.concep,328,63432782670,svp1n0
63442384941.0,63461288133,felix_ronnoh,133,63461288133,svp1n0
63442384941.0,63154262145,authority_ai,1142,63154262145,svp1n0
63442384941.0,63480699129,marccodess,720,63480699129,svp1n0
63442384941.0,63402020528,indexed_tree,115,63402020528,svp1n0
63442384941.0,63244818728,shubhamdhatrak_,122,63244818728,svp1n0
63442384941.0,63394964699,nicksilva.co,1724,63394964699,svp1n0
63442384941.0,63303017129,maxwellandrews42,155,63303017129,svp1n0
63442384941.0,63472939287,jbencina,132,63472939287,svp1n0
63442384941.0,63425643959,danielbmckee,262,63425643959,svp1n0
63442384941.0,63282353922,marcusfborba,249,63282353922,svp1n0
63442384941.0,63150757582,jeffhollan,279,63150757582,svp1n0
63442384941.0,63292529715,sandrone.ai,392,63292529715,svp1n0
63442384941.0,63438465302,scottxdavies,246,63438465302,svp1n0
63442384941.0,63271392086,stacey.childress,193,63271392086,svp1n0
63442384941.0,63386229823,skalskip92,513,63386229823,svp1n0
63442384941.0,63068826740,saramshadotel,120,63068826740,svp1n0
63442384941.0,63432065387,iamjaysoto,1472,63432065387,svp1n0
63442384941.0,63472939556,luisdetrejo,158,63472939556,svp1n0
63442384941.0,63022703275,parkermolloy,36288,63022703275,svp1n0
63442384941.0,63160598350,rajistics,2723,63160598350,svp1n0
63442384941.0,69536541266,tecnoose77,1052,69536541266,svp1n0
63442384941.0,63275794232,lostincoderland,663,63275794232,svp1n0
63442384941.0,63064788431,zekaigroup,266,63064788431,svp1n0
63442384941.0,63440701890,luc_ai_insights,174,63440701890,svp1n0
63442384941.0,63254889553,lexisoninsta,177,63254889553,svp1n0
63442384941.0,63014063875,willstomber,204,63014063875,svp1n0
63442384941.0,63283779183,basetenco,345,63283779183,svp1n0
63442384941.0,63423746081,amintoreoficial,804,63423746081,svp1n0
63442384941.0,63404434106,shihaaz,196,63404434106,svp1n0
63442384941.0,63433554296,fblissjr,217,63433554296,svp1n0
63442384941.0,63131245518,jimmyedgell,938,63131245518,svp1n0
63442384941.0,63314944865,_olysavra_,1904,63314944865,svp1n0
63442384941.0,63384022817,zohaib_khan02,170,63384022817,svp1n0
63442384941.0,63419302810,nicholaskraich,2587,63419302810,svp1n0
63442384941.0,63250803505,leonderczynski,602,63250803505,svp1n0
63442384941.0,63413872469,laurenai79,125,63413872469,svp1n0
63442384941.0,63085180774,sufiyanhamza07,125,63085180774,svp1n0
63442384941.0,63248070883,__tinnguyen,609,63248070883,svp1n0
63442384941.0,63420679754,estherkhafifhaddad,519,63420679754,svp1n0
63442384941.0,63467888951,expb0b1x1,107,63467888951,svp1n0
63442384941.0,63218644998,aiproductnews,211,63218644998,svp1n0
63442384941.0,63097516880,joseortiz.io,576,63097516880,svp1n0
63442384941.0,63248449618,moutansos,772,63248449618,svp1n0
63442384941.0,63896042042,dominik.sumer,358,63896042042,svp1n0
63442384941.0,63249159898,micmac.eth,240,63249159898,svp1n0
63442384941.0,63063307962,mrconermurphy,196,63063307962,svp1n0
63442384941.0,63046479161,singingdata,412,63046479161,svp1n0
63442384941.0,63103289007,xaiguy.agi,610,63103289007,svp1n0
63442384941.0,63225780138,ventsy,247,63225780138,svp1n0
63442384941.0,63452377598,andrewcamel,135,63452377598,svp1n0
63442384941.0,63040125413,takemytechaway,719,63040125413,svp1n0
63442384941.0,63278081706,teixeira_tadeu,176,63278081706,svp1n0
63442384941.0,63120587745,berivan.isik_,1009,63120587745,svp1n0
63442384941.0,63250822539,rubenvanwyk,232,63250822539,svp1n0
63442384941.0,63030998484,olearydj,201,63030998484,svp1n0
63442384941.0,63088412311,_vatsalkansara,116,63088412311,svp1n0
63442384941.0,63063885452,benormos,303,63063885452,svp1n0
63442384941.0,63393031363,alecsharpie,167,63393031363,svp1n0
63442384941.0,63307386946,makeshiftuniverse,119,63307386946,svp1n0
63442384941.0,63264103814,salimelliye,1905,63264103814,svp1n0
63442384941.0,63442857760,gmtechai,723,63442857760,svp1n0
63442384941.0,63071581112,richwhitjr,474,63071581112,svp1n0
63442384941.0,63105473714,saibitomic,135,63105473714,svp1n0
63442384941.0,63421484644,marksimi,266,63421484644,svp1n0
63442384941.0,63449572781,aaarnav007,783,63449572781,svp1n0
63442384941.0,63141460909,noel.serrato.official,4515,63141460909,svp1n0
63442384941.0,63399967105,bandakoo,126,63399967105,svp1n0
63442384941.0,63325457228,hell_changyoon,153,63325457228,svp1n0
63442384941.0,63433489443,phonggt_,948,63433489443,svp1n0
63442384941.0,63380086774,jezzlyp,278,63380086774,svp1n0
63442384941.0,63086871521,gunnargrosch,1229,63086871521,svp1n0
63442384941.0,63386205771,thomazfb,119,63386205771,svp1n0
63442384941.0,63609512528,andressrg,124,63609512528,svp1n0
63442384941.0,63275135046,h4pzzz,194,63275135046,svp1n0
63442384941.0,63155055517,aarghqam,357,63155055517,svp1n0
63442384941.0,63420555120,bsunter,359,63420555120,svp1n0
63442384941.0,63064755979,_sunilc,161,63064755979,svp1n0
63442384941.0,63074851174,itslordof,407,63074851174,svp1n0
63442384941.0,63447653530,jypthemiracle,1916,63447653530,svp1n0
63442384941.0,63084257979,sabajamalian,122,63084257979,svp1n0
63442384941.0,63426858598,weresobayes,103,63426858598,svp1n0
63442384941.0,63404439614,jeansymolanza,125,63404439614,svp1n0
63442384941.0,63443299498,indigoviolet,333,63443299498,svp1n0
63442384941.0,63409821454,fediverse,1956,63409821454,svp1n0
63442384941.0,63251799667,specialblend99,190,63251799667,svp1n0
63442384941.0,63067799759,shreyasmalakarjunpatil,342,63067799759,svp1n0
63442384941.0,63418826541,bradnickel,385,63418826541,svp1n0
63442384941.0,63240630885,d.khet,108,63240630885,svp1n0
63442384941.0,63173583965,dipankartnt,268,63173583965,svp1n0
63442384941.0,63618801021,chrislanejones,276,63618801021,svp1n0
63442384941.0,63234802727,dthompsondev,5486,63234802727,svp1n0
63442384941.0,63435844388,mackaber,216,63435844388,svp1n0
63442384941.0,63056253792,matheusjcandido,190,63056253792,svp1n0
63442384941.0,63128224796,morganomedia,852,63128224796,svp1n0
63442384941.0,63062751904,kershuthakur_,681,63062751904,svp1n0
63442384941.0,63246965907,zn26x14,185,63246965907,svp1n0
63442384941.0,63233198111,joanfihu,214,63233198111,svp1n0
63442384941.0,63371662282,francescociull4,3474,63371662282,svp1n0
63442384941.0,63412726247,tunguz,3106,63412726247,svp1n0
63442384941.0,63507633052,aipaperaf,1123,63507633052,svp1n0
63442384941.0,63421195162,zohairy,256,63421195162,svp1n0
63442384941.0,63090086292,outstandaedu,2688,63090086292,svp1n0
63442384941.0,63446800780,sagarm3hta,188,63446800780,svp1n0
63442384941.0,63387262930,kenny.lema,420,63387262930,svp1n0
63442384941.0,63228101940,edhagopian,135,63228101940,svp1n0
63442384941.0,63406180394,lifeatnaamche,561,63406180394,svp1n0
63442384941.0,63144366371,avii_thakurr,223,63144366371,svp1n0
63442384941.0,63504448840,ashu_rei,205,63504448840,svp1n0
63442384941.0,63432577378,fahnub,186,63432577378,svp1n0
63442384941.0,62857855735,anushka.bhave,188,62857855735,svp1n0
63442384941.0,63049756826,egorfine,236,63049756826,svp1n0
63442384941.0,63264287087,mikesontheslopes,330,63264287087,svp1n0
63442384941.0,63294435164,weswinder,484,63294435164,svp1n0
63442384941.0,63073185765,ventje_engel,1198,63073185765,svp1n0
63442384941.0,63459355676,devindford,480,63459355676,svp1n0
63442384941.0,63273043265,yashodeep_d,207,63273043265,svp1n0
63442384941.0,63058956744,oseymour18,123,63058956744,svp1n0
63442384941.0,63431226969,thesherrycode.ai,1572,63431226969,svp1n0
63442384941.0,69382992550,pedroballack,140,69382992550,svp1n0
63442384941.0,63410740892,hk____kk,150,63410740892,svp1n0
63442384941.0,63422389796,ke.viz5,395,63422389796,svp1n0
63442384941.0,63081777780,benedictevans,27314,63081777780,svp1n0
63442384941.0,63394625836,smoothbraned,143,63394625836,svp1n0
63442384941.0,63318050300,tkautzmann,161,63318050300,svp1n0
63442384941.0,63281721100,pancakeso,127,63281721100,svp1n0
63442384941.0,63266466373,bitsondatadev,126,63266466373,svp1n0
63442384941.0,63095012248,akshay_pachaar,539,63095012248,svp1n0
63442384941.0,63447750423,tomgiles,342,63447750423,svp1n0
63442384941.0,63454097901,purzbeats,831,63454097901,svp1n0
63442384941.0,63160703968,ceolinwill,183,63160703968,svp1n0
63442384941.0,63443664386,dextersjab,252,63443664386,svp1n0
63442384941.0,63098572667,kylep_kk,393,63098572667,svp1n0
63442384941.0,63253643146,pasha.rng,291,63253643146,svp1n0
63442384941.0,63233659652,muhammadzubairirshad,365,63233659652,svp1n0
63442384941.0,63306451813,robcsantana,109,63306451813,svp1n0
63442384941.0,63070166185,charlierg787,142,63070166185,svp1n0
63442384941.0,63426434349,soulfiremage,118,63426434349,svp1n0
63442384941.0,63092142913,jcbthnflrs,362,63092142913,svp1n0
63442384941.0,63373039648,tmgsr02,115,63373039648,svp1n0
63442384941.0,63285550897,reuvenlerner,290,63285550897,svp1n0
63442384941.0,63056167078,yvette_pann,146,63056167078,svp1n0
63442384941.0,63414974202,catalinmpit,3098,63414974202,svp1n0
63442384941.0,63085887266,abhishekshukla.dev,627,63085887266,svp1n0
63442384941.0,63236607795,yimiihan,277,63236607795,svp1n0
63442384941.0,63306082033,joshburnstech,1855,63306082033,svp1n0
63442384941.0,63279513421,young.mete,169,63279513421,svp1n0
63442384941.0,63399794375,nizintk,288,63399794375,svp1n0
63442384941.0,63409661852,frankjunyulin,1338,63409661852,svp1n0
63442384941.0,63602705134,telstarlogistics,1068,63602705134,svp1n0
63442384941.0,63096595576,kayvantirdad,224,63096595576,svp1n0
63442384941.0,63278762410,ryuwukijano,250,63278762410,svp1n0
63442384941.0,63408966052,nezubn7,968,63408966052,svp1n0
63442384941.0,63097745808,cotyrosenblath,1044,63097745808,svp1n0
63442384941.0,63132830014,ayahfazana,134,63132830014,svp1n0
63442384941.0,63263526606,imfederiico,135,63263526606,svp1n0
63442384941.0,63479185891,ji.brownie,215,63479185891,svp1n0
63442384941.0,63553821988,vladmeisteer,348,63553821988,svp1n0
63442384941.0,63258264536,keshavprasath,910,63258264536,svp1n0
63442384941.0,63054477475,adavid_py,230,63054477475,svp1n0
63442384941.0,63127544445,techgoddess,118,63127544445,svp1n0
63442384941.0,63430796487,jake.a.myers,142,63430796487,svp1n0
63442384941.0,63269520783,augustohp,150,63269520783,svp1n0
63442384941.0,63269593614,javidgy,103,63269593614,svp1n0
63442384941.0,63211558304,jeff.macpherson,656,63211558304,svp1n0
63442384941.0,63429707435,datacareerjumpstart,1505,63429707435,svp1n0
63442384941.0,63082134789,sgaseretto,172,63082134789,svp1n0
63442384941.0,69863815739,osma_bho,134,69863815739,svp1n0
63442384941.0,63382834699,m0n0x41d,383,63382834699,svp1n0
63442384941.0,63082380031,alex.ker,199,63082380031,svp1n0
63442384941.0,63326904254,ykdojo,4233,63326904254,svp1n0
63442384941.0,63085249288,flavio.adamo,483,63085249288,svp1n0
63442384941.0,63462396799,galdirreges,112,63462396799,svp1n0
63442384941.0,63302656670,saad.jorge,190,63302656670,svp1n0
63442384941.0,63371254295,maguuch,109,63371254295,svp1n0
63442384941.0,63366494441,techcareercoachjoe,326,63366494441,svp1n0
63442384941.0,63458400975,wvan.bg,130,63458400975,svp1n0
63442384941.0,63260326045,blizaine,1713,63260326045,svp1n0
63442384941.0,63227911979,imbobwoods,373,63227911979,svp1n0
63442384941.0,63460697523,lazycat.ai,133,63460697523,svp1n0
63442384941.0,63487554532,love_thegame_,179,63487554532,svp1n0
63442384941.0,68015155792,zach.estrella,372,68015155792,svp1n0
63442384941.0,63363135396,olucasloureiro,204,63363135396,svp1n0
63442384941.0,63300345374,alpkaancelik,185,63300345374,svp1n0
63442384941.0,63465821224,thanhedman,283,63465821224,svp1n0
63442384941.0,63064845320,palashvijay,201,63064845320,svp1n0
63442384941.0,63087171623,_kuanhoong_,562,63087171623,svp1n0
63442384941.0,63235430861,giyaibo,197,63235430861,svp1n0
63442384941.0,63423637020,possuminside,244,63423637020,svp1n0
63442384941.0,63094457968,badburman,202,63094457968,svp1n0
63442384941.0,63036262650,saqibm_11,283,63036262650,svp1n0
63442384941.0,63420655664,chirag05_b,130,63420655664,svp1n0
63442384941.0,63298994259,sumudusiriwardana,510,63298994259,svp1n0
63442384941.0,63456187910,rickybiblay,155,63456187910,svp1n0
63442384941.0,63218935979,metamutator,470,63218935979,svp1n0
63442384941.0,63413862232,mtn.barreto,456,63413862232,svp1n0
63442384941.0,63405103842,dayanruben,318,63405103842,svp1n0
63442384941.0,63407815813,mqdarkblue,119,63407815813,svp1n0
63442384941.0,63145813395,dolfolife,288,63145813395,svp1n0
63442384941.0,63391671136,joeprisk,969,63391671136,svp1n0
63442384941.0,63393447797,jmills148,175,63393447797,svp1n0
63442384941.0,63239237805,dvalenciab,105,63239237805,svp1n0
63442384941.0,63278948124,davegoldblatt,428,63278948124,svp1n0
63442384941.0,63058860288,bifarinthefifth,513,63058860288,svp1n0
63442384941.0,63385123939,kish_ml,867,63385123939,svp1n0
63442384941.0,63262397927,bump,505,63262397927,svp1n0
63442384941.0,63223165989,matt.farmer.mo,248,63223165989,svp1n0
63442384941.0,63508296543,d_low_8,110,63508296543,svp1n0
63442384941.0,63280172043,fedelowe,562,63280172043,svp1n0
63442384941.0,63084719185,oh.rosie_,142,63084719185,svp1n0
63442384941.0,63258701699,hammadkhann,214,63258701699,svp1n0
63442384941.0,63390519234,brian_ready,121,63390519234,svp1n0
63442384941.0,63296148209,ayirpelle,323,63296148209,svp1n0
63442384941.0,63232575070,adarshk,199,63232575070,svp1n0
63442384941.0,63362128409,laglad,186,63362128409,svp1n0
63442384941.0,63105318312,winni_gandhi,263,63105318312,svp1n0
63442384941.0,63612936371,kennyfrc,250,63612936371,svp1n0
63442384941.0,63203503727,tamsin_crossland,1618,63203503727,svp1n0
63442384941.0,63439226033,robertisaacs,134,63439226033,svp1n0
63442384941.0,63130157096,zuxfoucault,249,63130157096,svp1n0
63442384941.0,63156950684,merki1930,421,63156950684,svp1n0
63442384941.0,63387989698,emilhvitfeldt,178,63387989698,svp1n0
63442384941.0,63268137706,felix.kreuk,139,63268137706,svp1n0
63442384941.0,63070711016,samhansal,121,63070711016,svp1n0
63442384941.0,63149716728,musana.engineering,123,63149716728,svp1n0
63442384941.0,63428013618,rafaxavierm,115,63428013618,svp1n0
63442384941.0,63410861992,avtharhimself,528,63410861992,svp1n0
63442384941.0,63382718054,shumingh,177,63382718054,svp1n0
63442384941.0,63453339748,nikhilvinaysharma,133,63453339748,svp1n0
63442384941.0,63232855713,prajwal.vijendra,170,63232855713,svp1n0
63442384941.0,63387229394,arya_akhare,461,63387229394,svp1n0
63442384941.0,63069685821,yatayata,589,63069685821,svp1n0
63442384941.0,63394121268,aldosantiagoleon,206,63394121268,svp1n0
63442384941.0,63094318580,16888jingwen,112,63094318580,svp1n0
63442384941.0,63092759828,onemattreilly,190,63092759828,svp1n0
63442384941.0,63240114268,coreycottrell,2691,63240114268,svp1n0
63442384941.0,63450595946,untitled01ipynb,2208,63450595946,svp1n0
63442384941.0,63097538954,aneeshsathe,290,63097538954,svp1n0
63442384941.0,63230863988,ckt_bkr,516,63230863988,svp1n0
63442384941.0,63273443056,pauljanson2,136,63273443056,svp1n0
63442384941.0,63252863166,perfectlittledream,237,63252863166,svp1n0
63442384941.0,63253038575,elisvathi,114,63253038575,svp1n0
63442384941.0,63252920605,krhyyme,114,63252920605,svp1n0
63442384941.0,63453470142,osinimu007,109,63453470142,svp1n0
63442384941.0,63437130023,playgrdstar,169,63437130023,svp1n0
63442384941.0,63258702896,antiboson,1582,63258702896,svp1n0
63442384941.0,63035215654,arunsees,1248,63035215654,svp1n0
63442384941.0,63478036188,nfuchsie,237,63478036188,svp1n0
63442384941.0,63030583523,josecols,114,63030583523,svp1n0
63442384941.0,62861063683,slavakurilyak,2102,62861063683,svp1n0
63442384941.0,63657624103,leifu,169,63657624103,svp1n0
63442384941.0,63262987490,sir_terrynce,127,63262987490,svp1n0
63442384941.0,63254310931,zanderwidjaja,565,63254310931,svp1n0
63442384941.0,63450019546,adutchengineer,1784,63450019546,svp1n0
63442384941.0,63464139083,jsnsaji,131,63464139083,svp1n0
63442384941.0,63324216670,alextnelson,142,63324216670,svp1n0
63442384941.0,63277049570,jeffyouel,185,63277049570,svp1n0
63442384941.0,63280585571,ajschadha,116,63280585571,svp1n0
twentyliving_,69900670117,uni.perte,1795,69900670117,twentyliving_
twentyliving_,71010643308,romoluo,160,71010643308,twentyliving_
twentyliving_,70108475660,scrittricebresciana,143,70108475660,twentyliving_
twentyliving_,69685821049,aka.mogghi,149,69685821049,twentyliving_
twentyliving_,69902291095,francescaandreolii,391,69902291095,twentyliving_
twentyliving_,63871940807,grie.tonya,383,63871940807,twentyliving_
twentyliving_,69556169862,nabuccodg,141,69556169862,twentyliving_
twentyliving_,70114253199,icedphoenix,529,70114253199,twentyliving_
twentyliving_,63252589327,___peppe.b,1106,63252589327,twentyliving_
twentyliving_,69895219135,alessandro_mingardi,2758,69895219135,twentyliving_
twentyliving_,63892916595,valentina_cocco_77,337,63892916595,twentyliving_
twentyliving_,70096732621,mbrigida88,140,70096732621,twentyliving_
twentyliving_,65441128531,kittyta328,106,65441128531,twentyliving_
twentyliving_,70101914044,francesco_hope,120,70101914044,twentyliving_
twentyliving_,69514439128,sarapeloso100202,169,69514439128,twentyliving_
twentyliving_,69669037542,ilaria_seva,381,69669037542,twentyliving_
twentyliving_,65843042385,tizia.na081,269,65843042385,twentyliving_
twentyliving_,71570665037,enzospezia,116,71570665037,twentyliving_
twentyliving_,69920879841,ar_vishnu_13,157,69920879841,twentyliving_
twentyliving_,63896604643,tetamont,140,63896604643,twentyliving_
twentyliving_,63930329440,belle.cvb,121,63930329440,twentyliving_
twentyliving_,69903450297,lapedagogiadimarta,289,69903450297,twentyliving_
twentyliving_,69704395480,valentinavanini_,111,69704395480,twentyliving_
twentyliving_,69963373599,fransika_interiordesigner,519,69963373599,twentyliving_
twentyliving_,70081436545,ilblogdielsa,203,70081436545,twentyliving_
twentyliving_,69734233378,silviadp_,135,69734233378,twentyliving_
twentyliving_,68709873331,laura.papavero,138,68709873331,twentyliving_
twentyliving_,70326452544,gerifidani,101,70326452544,twentyliving_
twentyliving_,69375612350,cristina_sannelli,203,69375612350,twentyliving_
twentyliving_,69706972040,gaiasalvarani,160,69706972040,twentyliving_
twentyliving_,69325367445,rosysperanza_mental_coach,138,69325367445,twentyliving_
twentyliving_,64641946827,vibeke461,671,64641946827,twentyliving_
twentyliving_,69493679825,teadelvecchio,114,69493679825,twentyliving_
twentyliving_,70805555018,green_house_arbor_expert,150,70805555018,twentyliving_
twentyliving_,70101858605,sabatino_catuogno,258,70101858605,twentyliving_
twentyliving_,69581281142,galante_silvia,252,69581281142,twentyliving_
twentyliving_,69677348989,ale.kas_tm,115,69677348989,twentyliving_
twentyliving_,67155651379,_giorgia.tedeschi_,433,67155651379,twentyliving_
twentyliving_,69687195315,rossella_martielli,361,69687195315,twentyliving_
twentyliving_,70123028809,giosy.xp,121,70123028809,twentyliving_
twentyliving_,69698578364,rroberta_bergamini,225,69698578364,twentyliving_
twentyliving_,69502302118,fed.cattaneo,226,69502302118,twentyliving_
twentyliving_,63913472413,luanettaa,191,63913472413,twentyliving_
techtoby_,71766357155,theintrepidengineer,175,71766357155,techtoby_
techtoby_,63155206465,devhashir,1646,63155206465,techtoby_
techtoby_,63231207128,missjadecherelle,342,63231207128,techtoby_
techtoby_,63602480746,fncoreofficial,151,63602480746,techtoby_
techtoby_,63448897925,taxniek,260,63448897925,techtoby_
techtoby_,71721769318,chethas_47,134,71721769318,techtoby_
techtoby_,67091270908,adrasel1999,110,67091270908,techtoby_
techtoby_,65345120180,hxtruong6,2106,65345120180,techtoby_
techtoby_,63402695088,njamutoh,108,63402695088,techtoby_
techtoby_,63581405751,fk.she1na,141,63581405751,techtoby_
techtoby_,65052051420,itstalhanahid,247,65052051420,techtoby_
techtoby_,65575359876,dkeimpe,334,65575359876,techtoby_
techtoby_,63405062398,max.omina,439,63405062398,techtoby_
techtoby_,63640160203,prem_kudupudi,193,63640160203,techtoby_
techtoby_,63498919173,nav.johl,213,63498919173,techtoby_
techtoby_,71636148444,rajatjaindecodingdata,460,71636148444,techtoby_
techtoby_,63997174243,daisysworld87,314,63997174243,techtoby_
techtoby_,63309003432,amberleetech,373,63309003432,techtoby_
techtoby_,63449068331,theskyadav16,111,63449068331,techtoby_
techtoby_,63431587721,ashwinbalajis_insta,211,63431587721,techtoby_
techtoby_,63388895502,mikelady,1110,63388895502,techtoby_
techtoby_,63085863231,tolutoluola,239,63085863231,techtoby_
techtoby_,63083517308,strumanchu,187,63083517308,techtoby_
techtoby_,63133707972,daddydelmar,575,63133707972,techtoby_
techtoby_,63226829631,briancrink,323,63226829631,techtoby_
techtoby_,71692583680,i_am_rishih,104,71692583680,techtoby_
techtoby_,69410139415,tristannothling,162,69410139415,techtoby_
techtoby_,63472873663,singhakanksha221b,829,63472873663,techtoby_
techtoby_,68505634556,harishhnair,103,68505634556,techtoby_
techtoby_,68679734521,tnicole403,648,68679734521,techtoby_
techtoby_,63172095461,maddog852rs,310,63172095461,techtoby_
techtoby_,63616728561,antpants,104,63616728561,techtoby_
techtoby_,67143943189,nazwoodfield,578,67143943189,techtoby_
techtoby_,63286178132,i._.brahimmm,150,63286178132,techtoby_
techtoby_,68814844317,hchoww,331,68814844317,techtoby_
techtoby_,63167878964,stoned.charizard_,271,63167878964,techtoby_
techtoby_,63205783623,joesmash21,358,63205783623,techtoby_
techtoby_,69032317867,an_nabal_,105,69032317867,techtoby_
techtoby_,63090520617,avitalin_,210,63090520617,techtoby_
techtoby_,63415414468,catarinax7,23426,63415414468,techtoby_
techtoby_,67461192672,babblingbritsyt,380,67461192672,techtoby_
techtoby_,63477560699,tom.developer,56233,63477560699,techtoby_
techtoby_,63143548735,hoang.thepessimist,162,63143548735,techtoby_
techtoby_,63229638873,gareth_andrews_,214,63229638873,techtoby_
techtoby_,68571902023,shopwithaay,1243,68571902023,techtoby_
techtoby_,63462536891,joefinchy,131,63462536891,techtoby_
techtoby_,63073418724,phonmato,203,63073418724,techtoby_
techtoby_,63795782714,rx_oma,152,63795782714,techtoby_
techtoby_,63498945069,iamolurinde,3573,63498945069,techtoby_
techtoby_,64114636031,theycallmecandybar,1402,64114636031,techtoby_
techtoby_,69876591566,ri_ontheinternet,135,69876591566,techtoby_
techtoby_,65804486831,amritroshni,105,65804486831,techtoby_
techtoby_,67820775471,g_lilytea,124,67820775471,techtoby_
techtoby_,63273741509,jethac,201,63273741509,techtoby_
techtoby_,63303562024,dialdivine,136,63303562024,techtoby_
techtoby_,69555544066,leticiajovani,138,69555544066,techtoby_
techtoby_,66138119704,markaysthename,166,66138119704,techtoby_
techtoby_,70408098886,threepointsomething,115,70408098886,techtoby_
techtoby_,64275578673,andreas_vrl,256,64275578673,techtoby_
techtoby_,69616824778,eltercerocharles,105,69616824778,techtoby_
techtoby_,64340312030,danugurusinghe,125,64340312030,techtoby_
techtoby_,66170223331,mujiboy09,232,66170223331,techtoby_
techtoby_,69751585165,sjo.digital1,191,69751585165,techtoby_
techtoby_,63023494964,i_am_hisexcellency_,104,63023494964,techtoby_
techtoby_,63467010816,nakul_n_,103,63467010816,techtoby_
techtoby_,63258701699,hammadkhann,214,63258701699,techtoby_
techtoby_,63259239258,skylukiee,284,63259239258,techtoby_
techtoby_,63282920013,hanna_saidin,118,63282920013,techtoby_
techtoby_,63650856099,liamejohnston,138,63650856099,techtoby_
techtoby_,63056333187,miss_stilp,217,63056333187,techtoby_
techtoby_,63103186677,bayleighpollard,131,63103186677,techtoby_
techtoby_,63120126246,mr.agyei,133,63120126246,techtoby_
techtoby_,63301808411,boon_loong,177,63301808411,techtoby_
techtoby_,68646651232,anasjuhani,195,68646651232,techtoby_
techtoby_,65944558503,ms_eskay,183,65944558503,techtoby_
techtoby_,64593072671,na_boogieee,127,64593072671,techtoby_
techtoby_,65451217755,eniolorunfe_gangan,123,65451217755,techtoby_
techtoby_,63394153362,kanna_venkatesan,101,63394153362,techtoby_
techtoby_,63527985637,longmanyo,103,63527985637,techtoby_
63450019546.0,63056062456,abe_robots,269,63056062456,adutchengineer
63450019546.0,63410417410,aang.py,183,63410417410,adutchengineer
63450019546.0,63221775721,nwylynko,722,63221775721,adutchengineer
63450019546.0,63379487210,paulabraynion,817,63379487210,adutchengineer
63450019546.0,63445463186,arnimittal,141,63445463186,adutchengineer
63450019546.0,65363877952,pasperfection,306,65363877952,adutchengineer
63450019546.0,63418746129,mark.shapiro1,322,63418746129,adutchengineer
63450019546.0,63106974032,_vickyharp,442,63106974032,adutchengineer
63450019546.0,63414758350,edward.is.writing,480,63414758350,adutchengineer
63450019546.0,63216365996,ben.murdoch,1735,63216365996,adutchengineer
63450019546.0,63263179430,flyingdutchie,104,63263179430,adutchengineer
63450019546.0,63283206875,naxodev,199,63283206875,adutchengineer
63450019546.0,63155206465,devhashir,1646,63155206465,adutchengineer
63450019546.0,68435568676,rikki_millennialmanager,4855,68435568676,adutchengineer
63450019546.0,63619144034,yojubaba,616,63619144034,adutchengineer
63450019546.0,63397248614,tevin.data,220,63397248614,adutchengineer
63450019546.0,63388975624,bowlindm,195,63388975624,adutchengineer
63450019546.0,63453246922,hoitab,543,63453246922,adutchengineer
63450019546.0,63440602234,chrisalbon,4265,63440602234,adutchengineer
63450019546.0,63032911474,rollwithdata,235,63032911474,adutchengineer
63450019546.0,63439312994,ziraxphotos,333,63439312994,adutchengineer
63450019546.0,63377465161,benhanowell,244,63377465161,adutchengineer
63450019546.0,63135526665,jeremyphoward,3124,63135526665,adutchengineer
63450019546.0,63256167167,nicolaaskhamdata,667,63256167167,adutchengineer
63450019546.0,63420825625,tria.sdad,388,63420825625,adutchengineer
63450019546.0,63292403322,lakshyaaagrawal,111,63292403322,adutchengineer
63450019546.0,63207927693,webdevmadeeasy,1303,63207927693,adutchengineer
63450019546.0,63261560399,neuro_valentine,731,63261560399,adutchengineer
63450019546.0,63444873029,reznikib,1660,63444873029,adutchengineer
63450019546.0,63135505450,salemghouili,850,63135505450,adutchengineer
63450019546.0,63125135965,yeah_that_femi,671,63125135965,adutchengineer
63450019546.0,63107885194,labeebismail,139,63107885194,adutchengineer
63450019546.0,63233413995,sujankumar91,361,63233413995,adutchengineer
63450019546.0,63122873184,seamusbyrne,645,63122873184,adutchengineer
63450019546.0,63444848840,abheist,422,63444848840,adutchengineer
63450019546.0,63466465042,reuben_magala,120,63466465042,adutchengineer
63450019546.0,63086233653,__ericelliott,1923,63086233653,adutchengineer
63450019546.0,63450603149,lvdmaaten,666,63450603149,adutchengineer
63450019546.0,63162439329,daniel.cranney,1721,63162439329,adutchengineer
63450019546.0,63089972244,njrxozb3,1543,63089972244,adutchengineer
63450019546.0,63406765561,k_hack,117,63406765561,adutchengineer
63450019546.0,63442532473,cesmithjr,115,63442532473,adutchengineer
63450019546.0,63258428189,mr.luhar,135,63258428189,adutchengineer
63450019546.0,63103752051,jacques_koffaltretes,229,63103752051,adutchengineer
63450019546.0,63023727519,techgirl517,419,63023727519,adutchengineer
63450019546.0,63263954426,maria.antoniak,897,63263954426,adutchengineer
63450019546.0,63484793720,bharathramsundar,857,63484793720,adutchengineer
63450019546.0,63475112063,kelly__peters,245,63475112063,adutchengineer
63450019546.0,63061413211,candicezakariya,112,63061413211,adutchengineer
63450019546.0,63442389548,jareddataflow,265,63442389548,adutchengineer
63450019546.0,63635344288,techxmaven,222,63635344288,adutchengineer
63450019546.0,63381628344,salbalkus,294,63381628344,adutchengineer
63450019546.0,63393879271,drew._.haus,1815,63393879271,adutchengineer
63450019546.0,63390311434,jaredcosulich,112,63390311434,adutchengineer
63450019546.0,63885283000,justice_developer,174,63885283000,adutchengineer
63450019546.0,63065764838,miki_themleng,179,63065764838,adutchengineer
63450019546.0,63240780230,david._.wilkie,166,63240780230,adutchengineer
63450019546.0,63276250270,ry.codes,151,63276250270,adutchengineer
63450019546.0,63445570492,deepak_sharma_z,160,63445570492,adutchengineer
63450019546.0,63130652340,sethclaudepierre,144,63130652340,adutchengineer
63450019546.0,63322552287,emrickdonadei,1151,63322552287,adutchengineer
63450019546.0,63253414997,nsjames_,363,63253414997,adutchengineer
63450019546.0,63427025476,alexcarliera,358,63427025476,adutchengineer
63450019546.0,63255685410,matsonj_v2,493,63255685410,adutchengineer
63450019546.0,63393918381,philfung,3402,63393918381,adutchengineer
63450019546.0,63099932098,meyersolsen68,618,63099932098,adutchengineer
63450019546.0,63419846156,xamatriain,1364,63419846156,adutchengineer
63450019546.0,63425959678,hashimwarren,915,63425959678,adutchengineer
63450019546.0,63458451613,mazorlori,390,63458451613,adutchengineer
63450019546.0,63146900381,stevejsteiner,1300,63146900381,adutchengineer
63450019546.0,63084846289,boknowsdata,166,63084846289,adutchengineer
63450019546.0,63256774488,ekdr0,107,63256774488,adutchengineer
63450019546.0,63124636816,jasondevitt,175,63124636816,adutchengineer
63450019546.0,63490530900,moeomrani,189,63490530900,adutchengineer
63450019546.0,63132116923,saulamsal,1837,63132116923,adutchengineer
63450019546.0,63439647906,rohanaras,131,63439647906,adutchengineer
63450019546.0,63121820764,ezra_wu,194,63121820764,adutchengineer
63450019546.0,63393134317,walidr314,236,63393134317,adutchengineer
63450019546.0,63292137231,eugeneyan,1351,63292137231,adutchengineer
63450019546.0,63154116695,bryangoodrich.xyz,514,63154116695,adutchengineer
63450019546.0,63053675734,will.froese,379,63053675734,adutchengineer
63450019546.0,63447245311,vikhyatk,207,63447245311,adutchengineer
63450019546.0,63269602357,no_hypothesis,103,63269602357,adutchengineer
63450019546.0,63411255010,spacegrep,145,63411255010,adutchengineer
63450019546.0,63243414943,tedunderwoodillinois,1178,63243414943,adutchengineer
63450019546.0,65638598603,xuwinifred,363,65638598603,adutchengineer
63450019546.0,63302394526,hamelsmu,438,63302394526,adutchengineer
63450019546.0,63092009298,avdalca,294,63092009298,adutchengineer
63450019546.0,63455129756,mgalpin,405,63455129756,adutchengineer
63450019546.0,63134765332,_dia_bolical,235,63134765332,adutchengineer
63450019546.0,63101496588,me.shahaan,210,63101496588,adutchengineer
63450019546.0,63075122279,pjbontrager,284,63075122279,adutchengineer
63450019546.0,63303339099,dimatx,137,63303339099,adutchengineer
63450019546.0,63474290066,dwhitena,276,63474290066,adutchengineer
63450019546.0,63450096214,languid_abyss,110,63450096214,adutchengineer
63450019546.0,63607880288,__arshadm,106,63607880288,adutchengineer
63450019546.0,67897337276,suyashsayankar,210,67897337276,adutchengineer
63450019546.0,63377687692,isburmistrov,184,63377687692,adutchengineer
63450019546.0,63450485716,soumith,5012,63450485716,adutchengineer
63450019546.0,63220365160,aaronw.dev,503,63220365160,adutchengineer
63450019546.0,63248168853,dustinvallejocom,653,63248168853,adutchengineer
63450019546.0,63462049053,emma.osborne.29,124,63462049053,adutchengineer
63450019546.0,66970040939,noor.aftab.27,639,66970040939,adutchengineer
63450019546.0,63431967512,andrey.greenfield,614,63431967512,adutchengineer
63450019546.0,63247454868,badciphercodes,332,63247454868,adutchengineer
63450019546.0,63256601980,doomie,427,63256601980,adutchengineer
63450019546.0,63401109960,lovelacecoding,1584,63401109960,adutchengineer
63450019546.0,63384511026,__phanhoang__,125,63384511026,adutchengineer
63450019546.0,63094232552,pwlot,378,63094232552,adutchengineer
63450019546.0,63288385410,ill_moon_,137,63288385410,adutchengineer
63450019546.0,63387159224,syscoder8472,125,63387159224,adutchengineer
63450019546.0,63483344043,coffeecraftcode,381,63483344043,adutchengineer
63450019546.0,63417636513,sevenmoonlightsteps,162,63417636513,adutchengineer
63450019546.0,63233563180,logancyang,197,63233563180,adutchengineer
63450019546.0,63262652186,v1beshift,325,63262652186,adutchengineer
63450019546.0,63460985849,a_rosaceae,659,63460985849,adutchengineer
63450019546.0,63424053829,pedrooleadess,104,63424053829,adutchengineer
63450019546.0,63148277143,emilyhallstrutt,116,63148277143,adutchengineer
63450019546.0,63106025083,nelslindahl,138,63106025083,adutchengineer
63450019546.0,63092595279,jerelvelarde,112,63092595279,adutchengineer
63450019546.0,62861631273,npp2049,187,62861631273,adutchengineer
63450019546.0,63460947455,pavelsurmenok,396,63460947455,adutchengineer
63450019546.0,63446319125,robhughestx,108,63446319125,adutchengineer
63450019546.0,63102044000,jonathanajsmith,1001,63102044000,adutchengineer
63450019546.0,63252704024,albertvilella.i,575,63252704024,adutchengineer
63450019546.0,63312193678,isharduld,1174,63312193678,adutchengineer
63450019546.0,63021127870,lgusmartins,842,63021127870,adutchengineer
63450019546.0,63239940306,irvandyin,348,63239940306,adutchengineer
63450019546.0,63423710800,alexjackhughes,325,63423710800,adutchengineer
63450019546.0,63385857011,austin.webre,113,63385857011,adutchengineer
63450019546.0,63256923220,charlesphilippebernard,138,63256923220,adutchengineer
63450019546.0,63082899883,gavinovsak,134,63082899883,adutchengineer
63450019546.0,63126147724,waynepainters,3177,63126147724,adutchengineer
63450019546.0,63288577973,devtools.fm,1795,63288577973,adutchengineer
63450019546.0,63305208478,shawntiemann,155,63305208478,adutchengineer
63450019546.0,63432065387,iamjaysoto,1472,63432065387,adutchengineer
63450019546.0,63228923208,chrisgenocpa,186,63228923208,adutchengineer
63450019546.0,63149093334,jthomasmock,413,63149093334,adutchengineer
63450019546.0,63052365229,madflojo,185,63052365229,adutchengineer
63450019546.0,63379190426,prateekkeshari,1929,63379190426,adutchengineer
63450019546.0,63055015913,danyal_malik,327,63055015913,adutchengineer
63450019546.0,63515888222,jamali.kia,139,63515888222,adutchengineer
63450019546.0,63283276093,margot_o_o_o,325,63283276093,adutchengineer
63450019546.0,63032327075,w3stfa11,1611,63032327075,adutchengineer
63450019546.0,63393903975,jarvis.ka,1426,63393903975,adutchengineer
63450019546.0,63373347108,supremebagholder,1893,63373347108,adutchengineer
63450019546.0,63062975385,lucas_a_meyer,14579,63062975385,adutchengineer
63450019546.0,63382736464,laurayuzheng,144,63382736464,adutchengineer
63450019546.0,63441614570,victor.n.marta,140,63441614570,adutchengineer
63450019546.0,63079503735,engyaitch,153,63079503735,adutchengineer
63450019546.0,63437487306,daniel.zaldana,280,63437487306,adutchengineer
63450019546.0,63069986819,markheynen,239,63069986819,adutchengineer
63450019546.0,68658196482,solving_aging,199,68658196482,adutchengineer
63450019546.0,63086327482,vikaswakde42,175,63086327482,adutchengineer
63450019546.0,63089332389,hanchung.lee,459,63089332389,adutchengineer
63450019546.0,63433500113,cto_junior,1251,63433500113,adutchengineer
63450019546.0,63072309216,xavierhillman,232,63072309216,adutchengineer
63450019546.0,63203503727,tamsin_crossland,1618,63203503727,adutchengineer
63450019546.0,64630776695,kevinelong,108,64630776695,adutchengineer
63450019546.0,63289497722,christianjames,1660,63289497722,adutchengineer
63450019546.0,63241948134,matthewhessing,1004,63241948134,adutchengineer
63450019546.0,63383927387,aut0mata,149,63383927387,adutchengineer
63450019546.0,63263160860,adrimichelson,222,63263160860,adutchengineer
63450019546.0,63093191758,grahamfleming__,757,63093191758,adutchengineer
63450019546.0,63422820681,carmelyne,1277,63422820681,adutchengineer
63450019546.0,63058445199,pedroheyerdahl,310,63058445199,adutchengineer
63450019546.0,63419495325,andrei_savu,275,63419495325,adutchengineer
63450019546.0,63085081810,wllnu,342,63085081810,adutchengineer
63450019546.0,63237297869,mspaner,153,63237297869,adutchengineer
63450019546.0,63511304586,kellensunderland,141,63511304586,adutchengineer
63450019546.0,63381689878,douglas_s_eck,574,63381689878,adutchengineer
63450019546.0,63121480818,rahulkumaran4,1205,63121480818,adutchengineer
63450019546.0,63223943167,shaunak08,211,63223943167,adutchengineer
63450019546.0,63245566305,trent.guillory,348,63245566305,adutchengineer
63450019546.0,63396198129,cutesonamwestlake,210,63396198129,adutchengineer
63450019546.0,63046638171,bhargavc_20,175,63046638171,adutchengineer
63450019546.0,63105034886,justedharris,428,63105034886,adutchengineer
63450019546.0,63372663376,oldmanmeta,384,63372663376,adutchengineer
63450019546.0,68192637769,andrefigueira,185,68192637769,adutchengineer
63450019546.0,63435589061,richardawoyemi,386,63435589061,adutchengineer
63450019546.0,63424540597,nextidea.go,255,63424540597,adutchengineer
63450019546.0,63280385214,mytiktoksarehere,460,63280385214,adutchengineer
63450019546.0,63226879230,ai.datascience.world,222,63226879230,adutchengineer
63450019546.0,63387534177,f.weinberger,1390,63387534177,adutchengineer
63450019546.0,63412294458,brentfield_threads,328,63412294458,adutchengineer
63450019546.0,63405780764,bisrat_takele,512,63405780764,adutchengineer
63450019546.0,63163630274,saurabh.prasad2,1915,63163630274,adutchengineer
63450019546.0,63159773488,jpgoodale,224,63159773488,adutchengineer
63450019546.0,63444735174,irenoyd,212,63444735174,adutchengineer
63450019546.0,63120985791,biswaroop08,154,63120985791,adutchengineer
63450019546.0,63280218627,data_science_alliance,216,63280218627,adutchengineer
63450019546.0,68053483317,bugs_and_lemons,189,68053483317,adutchengineer
63450019546.0,63056935247,darksideofthemat,921,63056935247,adutchengineer
63450019546.0,63105529882,molinar.ai,221,63105529882,adutchengineer
63450019546.0,63520429522,marko.p.radojcic,304,63520429522,adutchengineer
63450019546.0,63465546485,ianhopkinson_,239,63465546485,adutchengineer
63450019546.0,63445163528,tbonecats,224,63445163528,adutchengineer
63450019546.0,63393031363,alecsharpie,167,63393031363,adutchengineer
63450019546.0,63471483735,marknca,136,63471483735,adutchengineer
63450019546.0,63383877759,usmanplusone,220,63383877759,adutchengineer
63450019546.0,63258761568,techchatchelsea,3988,63258761568,adutchengineer
63450019546.0,63270797206,yssf_io,116,63270797206,adutchengineer
63450019546.0,63449029378,mockapapella,994,63449029378,adutchengineer
63450019546.0,63421419134,vsjenis,149,63421419134,adutchengineer
63450019546.0,63627720829,omarsar0,6978,63627720829,adutchengineer
63450019546.0,63616409060,georgiagemo,1816,63616409060,adutchengineer
63450019546.0,63078417461,ericmtztx,195,63078417461,adutchengineer
63450019546.0,63448034329,rheinardkorf,171,63448034329,adutchengineer
63450019546.0,63445739912,jaserison,1384,63445739912,adutchengineer
63450019546.0,63635416282,cthorrez,247,63635416282,adutchengineer
63450019546.0,63075266736,superfattybuttersauce,113,63075266736,adutchengineer
63450019546.0,63413174095,sqrlly,156,63413174095,adutchengineer
63450019546.0,63254600229,aimanfarooq,511,63254600229,adutchengineer
63450019546.0,63845350680,camina_drummer_beltalowda,302,63845350680,adutchengineer
63450019546.0,63448501212,mattturck,4334,63448501212,adutchengineer
63450019546.0,63432595730,paul.terrad,535,63432595730,adutchengineer
63450019546.0,63219998442,andrew_scheu,159,63219998442,adutchengineer
63450019546.0,63242599253,dominicacreates,252,63242599253,adutchengineer
63450019546.0,63218765681,jaixial,166,63218765681,adutchengineer
63450019546.0,63461496730,iandloveanddata,240,63461496730,adutchengineer
63450019546.0,63440992144,_rnair_,253,63440992144,adutchengineer
63450019546.0,63451210411,quarbby,179,63451210411,adutchengineer
63450019546.0,63154262145,authority_ai,1142,63154262145,adutchengineer
63450019546.0,63273572454,amcgator,209,63273572454,adutchengineer
63450019546.0,63104522010,seldon.markets,148,63104522010,adutchengineer
63450019546.0,63318368534,mcroydon,220,63318368534,adutchengineer
63450019546.0,63086004635,hithisispanda,1363,63086004635,adutchengineer
63450019546.0,63440948722,markdavenport328,151,63440948722,adutchengineer
63450019546.0,67074314591,sagergren,120,67074314591,adutchengineer
63450019546.0,63406019824,pdrmnvd,378,63406019824,adutchengineer
63450019546.0,63401350458,timjinx,101,63401350458,adutchengineer
63450019546.0,63420994877,susannah_kate,371,63420994877,adutchengineer
63450019546.0,63431219612,goabiaryan,1510,63431219612,adutchengineer
63450019546.0,63406692107,mr_r_root,135,63406692107,adutchengineer
63450019546.0,63485984315,ashdragoneer,770,63485984315,adutchengineer
63450019546.0,63435001566,michaelrighi,1046,63435001566,adutchengineer
63450019546.0,63088953904,bennettbakke,223,63088953904,adutchengineer
63450019546.0,63466780951,adir.sl,1270,63466780951,adutchengineer
63450019546.0,63091495518,jmaartenson,106,63091495518,adutchengineer
63450019546.0,63278209127,paulsebalu,148,63278209127,adutchengineer
63450019546.0,63486096493,annabeec_,166,63486096493,adutchengineer
63450019546.0,63262628070,itsjaedavis,168,63262628070,adutchengineer
63450019546.0,63095262819,marcslove,2638,63095262819,adutchengineer
63450019546.0,63307920423,jake_liebert,1063,63307920423,adutchengineer
63450019546.0,63446032937,kshitizkhanal7,200,63446032937,adutchengineer
63450019546.0,63421651266,swappy_doody,143,63421651266,adutchengineer
63450019546.0,63079175431,danoehm,112,63079175431,adutchengineer
63450019546.0,63394877933,zeroerrornull,156,63394877933,adutchengineer
63450019546.0,63404924347,rajapatnaik,538,63404924347,adutchengineer
63450019546.0,63250402955,jhsolorzanouio,827,63250402955,adutchengineer
63450019546.0,63079684583,zach.renwick,131,63079684583,adutchengineer
63450019546.0,63265854573,ryantweb,283,63265854573,adutchengineer
63450019546.0,63135009943,_saboo_shubham,2431,63135009943,adutchengineer
63450019546.0,63449773907,sdeeg13,273,63449773907,adutchengineer
63450019546.0,63311058847,victorsothervector,546,63311058847,adutchengineer
63450019546.0,63096656412,threadersintech,323,63096656412,adutchengineer
63450019546.0,63075702907,harsh17.in,291,63075702907,adutchengineer
63450019546.0,64641739878,fiona_zend,126,64641739878,adutchengineer
63450019546.0,63438107441,jakemarsh,609,63438107441,adutchengineer
63450019546.0,63150374427,oliviernguyen,127,63150374427,adutchengineer
63450019546.0,63448591331,sptstoyanov,901,63448591331,adutchengineer
63450019546.0,63266466373,bitsondatadev,126,63266466373,adutchengineer
63450019546.0,63432782670,proof.of.concep,328,63432782670,adutchengineer
63450019546.0,63076283417,dailydoseoffuture,384,63076283417,adutchengineer
63450019546.0,63259620060,daniel.luke.cox,103,63259620060,adutchengineer
63450019546.0,67768539319,okte,2129,67768539319,adutchengineer
63450019546.0,63063523220,dicksonpau,414,63063523220,adutchengineer
63450019546.0,63120587745,berivan.isik_,1009,63120587745,adutchengineer
63450019546.0,63097321634,lyingwithstats,161,63097321634,adutchengineer
63450019546.0,63027943268,expectocc,109,63027943268,adutchengineer
63450019546.0,63074545829,mxkoder,125,63074545829,adutchengineer
63450019546.0,63284582582,davefud,201,63284582582,adutchengineer
63450019546.0,63423891419,slobamarkovic,427,63423891419,adutchengineer
63450019546.0,63295852216,mattsunbulli,1713,63295852216,adutchengineer
63450019546.0,63303570767,j.nicholson.phd,120,63303570767,adutchengineer
63450019546.0,63394625836,smoothbraned,143,63394625836,adutchengineer
63450019546.0,63042588881,cmierzejek,119,63042588881,adutchengineer
63450019546.0,68113140294,digitalfalconz,101,68113140294,adutchengineer
63450019546.0,63283779183,basetenco,345,63283779183,adutchengineer
63450019546.0,63492079848,jwiggi21,201,63492079848,adutchengineer
63450019546.0,63307506706,tomschungry,213,63307506706,adutchengineer
63450019546.0,63260300099,pragmaticml,348,63260300099,adutchengineer
63450019546.0,63214119721,thisisadityaas,202,63214119721,adutchengineer
63450019546.0,63412598723,offshore.is,557,63412598723,adutchengineer
63450019546.0,63422511240,jonathanbiemond,104,63422511240,adutchengineer
63450019546.0,63260920035,hrguimaraes_,183,63260920035,adutchengineer
63450019546.0,63131245518,jimmyedgell,938,63131245518,adutchengineer
63450019546.0,63314944865,_olysavra_,1904,63314944865,adutchengineer
63450019546.0,63094287270,mnshiplet,123,63094287270,adutchengineer
63450019546.0,63059311286,wtfngmi,1798,63059311286,adutchengineer
63450019546.0,63365823427,denken.i,257,63365823427,adutchengineer
63450019546.0,63457805554,philippaburgess,675,63457805554,adutchengineer
63450019546.0,63057348759,sarza.wiz,161,63057348759,adutchengineer
63450019546.0,63250803505,leonderczynski,602,63250803505,adutchengineer
63450019546.0,63293749826,arijeet.a.chatterjee,103,63293749826,adutchengineer
63450019546.0,63425516801,tomcarpenter0216,195,63425516801,adutchengineer
63450019546.0,63097516880,joseortiz.io,576,63097516880,adutchengineer
63450019546.0,63054462597,abdulanl,101,63054462597,adutchengineer
63450019546.0,63084493659,adacatlace,698,63084493659,adutchengineer
63450019546.0,63046479161,singingdata,412,63046479161,adutchengineer
63450019546.0,63232247638,itsramijames,1339,63232247638,adutchengineer
63450019546.0,63267803795,brunchdonut,174,63267803795,adutchengineer
63450019546.0,63370205735,atulbutte,306,63370205735,adutchengineer
63450019546.0,66614936918,uniquewebworld1,775,66614936918,adutchengineer
63450019546.0,63040070327,dfrankle2,803,63040070327,adutchengineer
63450019546.0,63314473614,phileash,164,63314473614,adutchengineer
63450019546.0,65255424405,dev.neila,107,65255424405,adutchengineer
63450019546.0,63442857760,gmtechai,723,63442857760,adutchengineer
63450019546.0,63227311953,nithishdivakar,105,63227311953,adutchengineer
63450019546.0,63051644111,elvisniev,486,63051644111,adutchengineer
63450019546.0,63088074345,mpbroadhurst,163,63088074345,adutchengineer
63450019546.0,63432006365,rami.krispin.ds,3357,63432006365,adutchengineer
63450019546.0,63276210323,datasci.sarah,552,63276210323,adutchengineer
63450019546.0,63275260713,askokauppinen,295,63275260713,adutchengineer
63450019546.0,63051278307,evaleverything,115,63051278307,adutchengineer
63450019546.0,63425330840,jaewoong__44,106,63425330840,adutchengineer
63450019546.0,63397936015,fastertim.es,125,63397936015,adutchengineer
63450019546.0,63393805972,daniel_noordegraaf,886,63393805972,adutchengineer
63450019546.0,63436564417,aleenacodes,363,63436564417,adutchengineer
63450019546.0,63077907545,virginiapriest,548,63077907545,adutchengineer
63450019546.0,63238211094,ant.huni,291,63238211094,adutchengineer
63450019546.0,63100544296,hemanath.1712,207,63100544296,adutchengineer
63450019546.0,63235275226,sahaskatta,283,63235275226,adutchengineer
63450019546.0,63093719637,farmostwood,1870,63093719637,adutchengineer
63450019546.0,63100058138,melekbekai,102,63100058138,adutchengineer
63450019546.0,63066884747,kistijantoro,156,63066884747,adutchengineer
63450019546.0,63422178991,isaiahoby,431,63422178991,adutchengineer
63450019546.0,63145071661,k.peez,146,63145071661,adutchengineer
63450019546.0,63415014579,shahanneda,127,63415014579,adutchengineer
63450019546.0,63773048295,myrjamharrewijn,117,63773048295,adutchengineer
63450019546.0,63097980640,jshigley,119,63097980640,adutchengineer
63450019546.0,67988437364,techgoddesses,648,67988437364,adutchengineer
63450019546.0,63405179988,levpcraig,212,63405179988,adutchengineer
63450019546.0,63437178005,_ope.yemi_,655,63437178005,adutchengineer
63450019546.0,63503776782,abdllahdev,158,63503776782,adutchengineer
63450019546.0,63420555120,bsunter,359,63420555120,adutchengineer
63450019546.0,63309034820,al_merose,242,63309034820,adutchengineer
63450019546.0,63061836888,laicie,113,63061836888,adutchengineer
63450019546.0,63610104746,samdeepak1990,159,63610104746,adutchengineer
63450019546.0,63444948314,itunu.tech,371,63444948314,adutchengineer
63450019546.0,63607760804,chrispecaut,133,63607760804,adutchengineer
63450019546.0,63472329656,kartik_gautam_,137,63472329656,adutchengineer
63450019546.0,63447653530,jypthemiracle,1916,63447653530,adutchengineer
63450019546.0,67313813021,pipelinewizard,394,67313813021,adutchengineer
63450019546.0,63426858598,weresobayes,103,63426858598,adutchengineer
63450019546.0,63120235373,yuntian.deng,952,63120235373,adutchengineer
63450019546.0,63497521337,definitelyjonjon,412,63497521337,adutchengineer
63450019546.0,63268955065,synapticlabs,167,63268955065,adutchengineer
63450019546.0,63440742578,owangutann,668,63440742578,adutchengineer
63450019546.0,63106928427,jwalton_4th,645,63106928427,adutchengineer
63450019546.0,63056020607,o1iebo11en,189,63056020607,adutchengineer
63450019546.0,63314072912,seth.goldin,291,63314072912,adutchengineer
63450019546.0,69661710448,daveondata,9806,69661710448,adutchengineer
63450019546.0,65181266711,iamracheljgraves,134,65181266711,adutchengineer
63450019546.0,63275794232,lostincoderland,663,63275794232,adutchengineer
63450019546.0,63254889553,lexisoninsta,177,63254889553,adutchengineer
63450019546.0,63490498077,joseruizgb,1259,63490498077,adutchengineer
63450019546.0,63235726876,hi.im.vijay,7495,63235726876,adutchengineer
63450019546.0,63232708370,yxzwayne,168,63232708370,adutchengineer
63450019546.0,63443299498,indigoviolet,333,63443299498,adutchengineer
63450019546.0,63409821454,fediverse,1956,63409821454,adutchengineer
63450019546.0,62964667500,nomikipetrolla,1203,62964667500,adutchengineer
63450019546.0,63268678492,raajikhan,284,63268678492,adutchengineer
63450019546.0,63263698576,_jessicasachs,1113,63263698576,adutchengineer
63450019546.0,63140197444,rho_lall,1166,63140197444,adutchengineer
63450019546.0,63433554296,fblissjr,217,63433554296,adutchengineer
63450019546.0,63418826541,bradnickel,385,63418826541,adutchengineer
63450019546.0,63263084170,kiwi_driver_tours,275,63263084170,adutchengineer
63450019546.0,63234802727,dthompsondev,5486,63234802727,adutchengineer
63450019546.0,63496929946,ritters90,656,63496929946,adutchengineer
63450019546.0,63222375129,das.avi,285,63222375129,adutchengineer
63450019546.0,63280967538,pablomzz,622,63280967538,adutchengineer
63450019546.0,63247102556,stephanbugaj,409,63247102556,adutchengineer
63450019546.0,63246965907,zn26x14,185,63246965907,adutchengineer
63450019546.0,63233198111,joanfihu,214,63233198111,adutchengineer
63450019546.0,68208072334,genesis.io,3433,68208072334,adutchengineer
63450019546.0,63078359287,jonathantesser1,5728,63078359287,adutchengineer
63450019546.0,63228101940,edhagopian,135,63228101940,adutchengineer
63450019546.0,63144366371,avii_thakurr,223,63144366371,adutchengineer
63450019546.0,63416509246,annadoessocial,107,63416509246,adutchengineer
63450019546.0,63319978368,healthandstats,302,63319978368,adutchengineer
63450019546.0,63142395926,benblaiszik,628,63142395926,adutchengineer
63450019546.0,63455782176,yassine.boutakbout,117,63455782176,adutchengineer
63450019546.0,63086871521,gunnargrosch,1229,63086871521,adutchengineer
63450019546.0,63233477680,kylesonlin,669,63233477680,adutchengineer
63450019546.0,63449613828,kristenmarumoto,1442,63449613828,adutchengineer
63450019546.0,63280902902,cindy.zxr,171,63280902902,adutchengineer
63450019546.0,63224358897,boxy_metalworks,1324,63224358897,adutchengineer
63450019546.0,63432198398,ericcoleta,176,63432198398,adutchengineer
63450019546.0,63511048037,astalwick,689,63511048037,adutchengineer
63450019546.0,63469131061,kpkenken,158,63469131061,adutchengineer
63450019546.0,63050173463,mattmucklm,1137,63050173463,adutchengineer
63450019546.0,68900056704,camillehall.js,227,68900056704,adutchengineer
63450019546.0,63273043265,yashodeep_d,207,63273043265,adutchengineer
63450019546.0,63402293733,bigdataanalyticsnews,9155,63402293733,adutchengineer
63450019546.0,67857145377,accelerator4women,227,67857145377,adutchengineer
63450019546.0,63654216441,emiliotorresh_,399,63654216441,adutchengineer
63450019546.0,63064590946,fhoffa,452,63064590946,adutchengineer
63450019546.0,63331104515,almeezyuh,577,63331104515,adutchengineer
63450019546.0,63432869778,mdmgeek,181,63432869778,adutchengineer
63450019546.0,63087395832,shockroborty,329,63087395832,adutchengineer
63450019546.0,63439505200,jc4.18,1739,63439505200,adutchengineer
63450019546.0,66357525001,databyjosh,1738,66357525001,adutchengineer
63450019546.0,63280328581,__data_engineer__,102,63280328581,adutchengineer
63450019546.0,63441452026,emirssira,126,63441452026,adutchengineer
63450019546.0,63313506172,sre.chakra.yeddula,379,63313506172,adutchengineer
63450019546.0,63444028478,aemonfrench,560,63444028478,adutchengineer
63450019546.0,68242761313,angi10v3,149,68242761313,adutchengineer
63450019546.0,63414533285,catherinebreslin,2564,63414533285,adutchengineer
63450019546.0,63263918107,joshuanewtonn,2109,63263918107,adutchengineer
63450019546.0,63414998732,pavlosnic,595,63414998732,adutchengineer
63450019546.0,63281721100,pancakeso,127,63281721100,adutchengineer
63450019546.0,63246243114,tm_lawro,1003,63246243114,adutchengineer
63450019546.0,63095012248,akshay_pachaar,539,63095012248,adutchengineer
63450019546.0,63060655285,nicktheg33k,2214,63060655285,adutchengineer
63450019546.0,63273782527,maddie.codes,3220,63273782527,adutchengineer
63450019546.0,63394397531,realsarm,977,63394397531,adutchengineer
63450019546.0,63474480386,nikthepm,266,63474480386,adutchengineer
63450019546.0,63296514672,harrikirik,116,63296514672,adutchengineer
63450019546.0,63232701751,anandcpatelmd,239,63232701751,adutchengineer
63450019546.0,63435910208,ronny.blog,596,63435910208,adutchengineer
63450019546.0,63428313274,datafrenchy,122,63428313274,adutchengineer
63450019546.0,63378489357,hanalytx,1831,63378489357,adutchengineer
63450019546.0,63081858136,nikosga1,115,63081858136,adutchengineer
63450019546.0,63649456584,adi.polak.code,2093,63649456584,adutchengineer
63450019546.0,63278530842,scobleizer,13199,63278530842,adutchengineer
63450019546.0,63405639810,lucid_voyager,1264,63405639810,adutchengineer
63450019546.0,63058684858,nick.kimel,816,63058684858,adutchengineer
63450019546.0,63451324559,sentdex,2828,63451324559,adutchengineer
63450019546.0,63156781161,jjackyliang,3370,63156781161,adutchengineer
63450019546.0,63093360918,pisithrps,132,63093360918,adutchengineer
63450019546.0,63444890485,j_smethers,287,63444890485,adutchengineer
63450019546.0,63253064516,owen_huang99,636,63253064516,adutchengineer
63450019546.0,63146102632,afiiiiiiiiiiiiiiiiiiiiiiiiiii,807,63146102632,adutchengineer
63450019546.0,63449409545,juan.f.ponce,143,63449409545,adutchengineer
63450019546.0,63480505346,hedda_roman,260,63480505346,adutchengineer
63450019546.0,63419007023,hiten,3003,63419007023,adutchengineer
63450019546.0,63435389462,theravitshow,4310,63435389462,adutchengineer
63450019546.0,63399794375,nizintk,288,63399794375,adutchengineer
63450019546.0,63409661852,frankjunyulin,1338,63409661852,adutchengineer
63450019546.0,63104334155,moorejh28,151,63104334155,adutchengineer
63450019546.0,63405149509,howell._.p,295,63405149509,adutchengineer
63450019546.0,70136490334,join.theanna,123,70136490334,adutchengineer
63450019546.0,63230676198,onthemarkdata,191,63230676198,adutchengineer
63450019546.0,63463712978,johnjac,189,63463712978,adutchengineer
63450019546.0,63204007743,kylekabasares,614,63204007743,adutchengineer
63450019546.0,63058956744,oseymour18,123,63058956744,adutchengineer
63450019546.0,63360786853,tpandalf,101,63360786853,adutchengineer
63450019546.0,63438274384,jennapederson,378,63438274384,adutchengineer
63450019546.0,63273007632,norasguidetothegalaxy,99120,63273007632,adutchengineer
63450019546.0,63101294522,shreya_varshini,165,63101294522,adutchengineer
63450019546.0,63495041471,eczachly,21309,63495041471,adutchengineer
63450019546.0,63414974202,catalinmpit,3098,63414974202,adutchengineer
63450019546.0,63203631544,tellem025,1121,63203631544,adutchengineer
63450019546.0,63447750423,tomgiles,342,63447750423,adutchengineer
63450019546.0,63482153622,supabasecom,6793,63482153622,adutchengineer
63450019546.0,63135644765,briaclemm,345,63135644765,adutchengineer
63450019546.0,63102844481,lafemmegrecque,752,63102844481,adutchengineer
63450019546.0,63262870600,georgymh,709,63262870600,adutchengineer
63450019546.0,63160173465,stevenbward,5025,63160173465,adutchengineer
63450019546.0,62863911464,nickwertzberger,168,62863911464,adutchengineer
63450019546.0,63293730862,realrileybrown,31211,63293730862,adutchengineer
63450019546.0,63436339297,jessramosdata,11549,63436339297,adutchengineer
63450019546.0,63613344044,voorhees_dnb,2305,63613344044,adutchengineer
63450019546.0,63439301712,joer3is,1013,63439301712,adutchengineer
63450019546.0,63418268497,data.story.teller,1475,63418268497,adutchengineer
63450019546.0,63417884821,datacated,916,63417884821,adutchengineer
63450019546.0,63104556005,maggienifica,1401,63104556005,adutchengineer
63450019546.0,63252218352,mariahjrogers,288,63252218352,adutchengineer
63450019546.0,63260326045,blizaine,1713,63260326045,adutchengineer
63450019546.0,63093166623,hello_nurinuri,275,63093166623,adutchengineer
63450019546.0,63096595576,kayvantirdad,224,63096595576,adutchengineer
63450019546.0,63410218708,demarkuss_day,303,63410218708,adutchengineer
63450019546.0,63457704572,mwitiderrick_,488,63457704572,adutchengineer
63450019546.0,63059862375,rapgamesamliu,136,63059862375,adutchengineer
63450019546.0,63492081393,ninasayswhat,238,63492081393,adutchengineer
63450019546.0,63241533994,arrymlany,162,63241533994,adutchengineer
63450019546.0,63104468709,za_ch8,633,63104468709,adutchengineer
63450019546.0,63300539640,timothy.laurent,162,63300539640,adutchengineer
63450019546.0,63292186336,thatwastheory,263,63292186336,adutchengineer
63450019546.0,63364115804,laurencerouesnel,839,63364115804,adutchengineer
63450019546.0,63276493159,johnweigand,107,63276493159,adutchengineer
63450019546.0,63067459220,laura_brianna,2817,63067459220,adutchengineer
63450019546.0,63265864515,zephyrzilla,252,63265864515,adutchengineer
63450019546.0,63502328988,solvingthepuzzleoflife,262,63502328988,adutchengineer
63450019546.0,63269593614,javidgy,103,63269593614,adutchengineer
63450019546.0,63429707435,datacareerjumpstart,1505,63429707435,adutchengineer
63450019546.0,63086886645,neaclarechannel,1102,63086886645,adutchengineer
63450019546.0,63050206117,jennifur.v,4461,63050206117,adutchengineer
63450019546.0,63259687100,josiasschneider,264,63259687100,adutchengineer
63450019546.0,63463076945,aniketmaurya,181,63463076945,adutchengineer
63450019546.0,63082380031,alex.ker,199,63082380031,adutchengineer
63450019546.0,63076117580,chandanahiran,5352,63076117580,adutchengineer
63450019546.0,63307032411,databricksinc,7092,63307032411,adutchengineer
63450019546.0,63125854148,bykellymax,573,63125854148,adutchengineer
63450019546.0,63147468653,kalamari95,160,63147468653,adutchengineer
63450019546.0,63250391795,zohraserhenova,345,63250391795,adutchengineer
63450019546.0,66390658267,otieno.swe,913,66390658267,adutchengineer
63450019546.0,63431226969,thesherrycode.ai,1573,63431226969,adutchengineer
63450019546.0,67203963728,mari_tuula,54299,67203963728,adutchengineer
63450019546.0,63105860317,alexcloak,310,63105860317,adutchengineer
63450019546.0,63380465813,pcalcado,1032,63380465813,adutchengineer
63450019546.0,63097050188,cmschmtt,207,63097050188,adutchengineer
63450019546.0,63268724007,sundaskhalidd,54584,63268724007,adutchengineer
63450019546.0,63302656670,saad.jorge,190,63302656670,adutchengineer
63450019546.0,63227911979,imbobwoods,373,63227911979,adutchengineer
63450019546.0,63227396317,carolinelaura,287,63227396317,adutchengineer
63450019546.0,63255599837,ron_i.am,176,63255599837,adutchengineer
63450019546.0,63300345374,alpkaancelik,185,63300345374,adutchengineer
63450019546.0,63071723871,mattzatorski,134,63071723871,adutchengineer
63450019546.0,63441117827,iegdev,409,63441117827,adutchengineer
63450019546.0,63396396347,alexis.davidson21,229,63396396347,adutchengineer
63450019546.0,63407644902,machinestein,627,63407644902,adutchengineer
63450019546.0,63638056096,sergio_soage,107,63638056096,adutchengineer
63450019546.0,63628968944,julieblackmusic,360,63628968944,adutchengineer
63450019546.0,63094457968,badburman,202,63094457968,adutchengineer
63450019546.0,63645040009,evycnelson,130,63645040009,adutchengineer
63450019546.0,63079357714,nicosquiroz,249,63079357714,adutchengineer
63450019546.0,63397317490,lizettejoan,150,63397317490,adutchengineer
63450019546.0,63271374862,itsmejun,172,63271374862,adutchengineer
63450019546.0,63440125516,hagermanhour,1142,63440125516,adutchengineer
63450019546.0,63253242657,dimitarmileski,375,63253242657,adutchengineer
63450019546.0,63162662392,dheren_s,579,63162662392,adutchengineer
63450019546.0,63084719185,oh.rosie_,142,63084719185,adutchengineer
63450019546.0,63391262959,nu.terry,373,63391262959,adutchengineer
63450019546.0,63259732396,cbrandt41,354,63259732396,adutchengineer
63450019546.0,63258701699,hammadkhann,214,63258701699,adutchengineer
63450019546.0,63301473627,arinbjornkol,185,63301473627,adutchengineer
63450019546.0,63379204146,bentossell,402,63379204146,adutchengineer
63450019546.0,63663448308,andreamichi,163,63663448308,adutchengineer
63450019546.0,63432577378,fahnub,186,63432577378,adutchengineer
63450019546.0,63449740512,lola_oyus,299,63449740512,adutchengineer
63450019546.0,63308000373,brimaster3000,120,63308000373,adutchengineer
63450019546.0,63426171464,alanpog,324,63426171464,adutchengineer
63450019546.0,63068214423,dr.rowboatapocalypse,345,63068214423,adutchengineer
63450019546.0,63092615327,strictlyjenna,215,63092615327,adutchengineer
63450019546.0,63236858628,bsaxlol,591,63236858628,adutchengineer
63450019546.0,63397430953,idandahlen,656,63397430953,adutchengineer
63450019546.0,63427636496,papablk,497,63427636496,adutchengineer
63450019546.0,63229475148,jiannegabriel,238,63229475148,adutchengineer
63450019546.0,63464205868,theteslim,157,63464205868,adutchengineer
63450019546.0,63077426624,rand.arete,803,63077426624,adutchengineer
63450019546.0,63261053983,winterfedyk,222,63261053983,adutchengineer
63450019546.0,63431063115,ognus,480,63431063115,adutchengineer
63450019546.0,63135107093,navyas_mystic_code,128,63135107093,adutchengineer
63450019546.0,63369295733,clockworkcat,628,63369295733,adutchengineer
63450019546.0,63325457228,hell_changyoon,153,63325457228,adutchengineer
63450019546.0,63465827550,calvinsrule,177,63465827550,adutchengineer
63450019546.0,63088793463,chinarhanda,195,63088793463,adutchengineer
63450019546.0,63246815067,khalile513,1202,63246815067,adutchengineer
63450019546.0,63374974923,shalmali.walimbe,110,63374974923,adutchengineer
63450019546.0,63380086774,jezzlyp,278,63380086774,adutchengineer
63450019546.0,63088473540,thecountofmehdidisco,107,63088473540,adutchengineer
63450019546.0,63031455863,clry2,2311,63031455863,adutchengineer
63450019546.0,63478243478,samaralsul,660,63478243478,adutchengineer
63450019546.0,63255996506,ilsunnyli,128,63255996506,adutchengineer
63450019546.0,63090585477,jacekdziwisz,408,63090585477,adutchengineer
63450019546.0,63365189839,geoyi.art,1569,63365189839,adutchengineer
63450019546.0,63076491674,_phineaspham_,146,63076491674,adutchengineer
63450019546.0,63139189329,super_bling_cowboy,130,63139189329,adutchengineer
63450019546.0,63414914589,patrickskinner.tech,1380,63414914589,adutchengineer
63450019546.0,63615570848,thegambill,300,63615570848,adutchengineer
63450019546.0,63275135046,h4pzzz,194,63275135046,adutchengineer
63450019546.0,63227839794,calitamania,197,63227839794,adutchengineer
63450019546.0,63639904428,cspenn,2361,63639904428,adutchengineer
63450019546.0,63327328330,natejaffee,246,63327328330,adutchengineer
63450019546.0,63049654416,yrnclndymn,232,63049654416,adutchengineer
63450019546.0,63407815813,mqdarkblue,119,63407815813,adutchengineer
63450019546.0,63422883635,dilipbhatt.ai,167,63422883635,adutchengineer
63450019546.0,63419140507,raul__ceballos,178,63419140507,adutchengineer
63450019546.0,63394519125,wanermiranda,165,63394519125,adutchengineer
63450019546.0,63440385946,w_blanchard,454,63440385946,adutchengineer
63450019546.0,63508296543,d_low_8,110,63508296543,adutchengineer
63450019546.0,63245966575,processridge,169,63245966575,adutchengineer
63450019546.0,63039925665,i_am_not_jorge,257,63039925665,adutchengineer
63450019546.0,63630232855,animadurkar,256,63630232855,adutchengineer
63450019546.0,63280172043,fedelowe,562,63280172043,adutchengineer
63450019546.0,63464139083,jsnsaji,131,63464139083,adutchengineer
63450019546.0,63324216670,alextnelson,142,63324216670,adutchengineer
63450019546.0,63464969789,jayceelewis_,584,63464969789,adutchengineer
63450019546.0,63145670993,ergestx,107,63145670993,adutchengineer
63450019546.0,63387229394,arya_akhare,461,63387229394,adutchengineer
63450019546.0,63279032292,blacmagicsmash,821,63279032292,adutchengineer
63450019546.0,63236135835,paine_jeffrey,205,63236135835,adutchengineer
63450019546.0,63388887189,rodoloco,143,63388887189,adutchengineer
63450019546.0,63390519234,brian_ready,121,63390519234,adutchengineer
63450019546.0,63421195162,zohairy,256,63421195162,adutchengineer
63450019546.0,63624296739,mrdeds,258,63624296739,adutchengineer
63450019546.0,63085413985,arnabdotorg,277,63085413985,adutchengineer
63450019546.0,63251156296,_josh.soileau,256,63251156296,adutchengineer
63450019546.0,63900497565,micaels,201,63900497565,adutchengineer
63450019546.0,63252920605,krhyyme,114,63252920605,adutchengineer
63450019546.0,63461745235,gatorsabri,2659,63461745235,adutchengineer
63450019546.0,63380694871,stephanienuesi,6569,63380694871,adutchengineer
63450019546.0,63414393159,aaronaaronteng,1453,63414393159,adutchengineer
63450019546.0,63469016212,joostschuur,184,63469016212,adutchengineer
63450019546.0,63386623805,justinmathew7,189,63386623805,adutchengineer
63450019546.0,63391671136,joeprisk,969,63391671136,adutchengineer
63450019546.0,63159373407,wanderlustzoe,315,63159373407,adutchengineer
63450019546.0,63442208929,adhanaraj,113,63442208929,adutchengineer
63450019546.0,63259526813,wildebeest3e,180,63259526813,adutchengineer
63450019546.0,63442212228,carrandrew,1120,63442212228,adutchengineer
63450019546.0,63287896710,thosiawa,157,63287896710,adutchengineer
63450019546.0,63232118400,benghis_khan_turner,202,63232118400,adutchengineer
63450019546.0,63391257860,lordyhwach_0,166,63391257860,adutchengineer
63450019546.0,63271133637,rlancaster243,102,63271133637,adutchengineer
63450019546.0,63334008085,joelkelford,343,63334008085,adutchengineer
63450019546.0,63232855713,prajwal.vijendra,170,63232855713,adutchengineer
63450019546.0,63419516493,timothyjchambers,3118,63419516493,adutchengineer
63450019546.0,63439656370,johnawilsontn,146,63439656370,adutchengineer
63450019546.0,63094318580,16888jingwen,112,63094318580,adutchengineer
63450019546.0,63130157096,zuxfoucault,249,63130157096,adutchengineer
63450019546.0,63362128409,laglad,186,63362128409,adutchengineer
63450019546.0,63123499876,shoegameallstar,1431,63123499876,adutchengineer
63450019546.0,63366494441,techcareercoachjoe,326,63366494441,adutchengineer
63450019546.0,63167518965,david.weiser,705,63167518965,adutchengineer
63450019546.0,63288254462,dkalbino,165,63288254462,adutchengineer
63450019546.0,63311921376,mithilyaganti,932,63311921376,adutchengineer
63450019546.0,63062877729,doseofted,587,63062877729,adutchengineer
63450019546.0,63079333977,pvmederos,280,63079333977,adutchengineer
63450019546.0,63609696421,xsushil,248,63609696421,adutchengineer
63450019546.0,63254310931,zanderwidjaja,565,63254310931,adutchengineer
63450019546.0,63255209632,__sukithegenius,173,63255209632,adutchengineer
63450019546.0,63136562151,pj4533,485,63136562151,adutchengineer
63450019546.0,63218935979,metamutator,470,63218935979,adutchengineer
63450019546.0,63437130023,playgrdstar,169,63437130023,adutchengineer
63450019546.0,63258702896,antiboson,1582,63258702896,adutchengineer
63450019546.0,63141747931,inspiringselfcompassion,2395,63141747931,adutchengineer
63450019546.0,63050580184,mohsin585,289,63050580184,adutchengineer
63450019546.0,63281373209,chhollenbeck,606,63281373209,adutchengineer
63450019546.0,63493394277,ronkjeffries,345,63493394277,adutchengineer
63450019546.0,63233446842,moshberm,161,63233446842,adutchengineer
63450019546.0,62861063683,slavakurilyak,2102,62861063683,adutchengineer
63450019546.0,63308466128,espernoia,101,63308466128,adutchengineer
63450019546.0,63134334184,shuyoong,1236,63134334184,adutchengineer
63450019546.0,63068494725,petewarden,204,63068494725,adutchengineer
63450019546.0,63262987490,sir_terrynce,127,63262987490,adutchengineer
63450019546.0,63390736468,rfberry,374,63390736468,adutchengineer
63450019546.0,63206799595,caseygoodhew,219,63206799595,adutchengineer
63450019546.0,63296148209,ayirpelle,323,63296148209,adutchengineer
63450019546.0,63232575070,adarshk,199,63232575070,adutchengineer
63450019546.0,63409257861,fareesh,117,63409257861,adutchengineer
63450019546.0,63066037934,mccrory.d,197,63066037934,adutchengineer
63450019546.0,63450609453,carlos.j.scott,290,63450609453,adutchengineer
63450019546.0,63069781416,mrtcnkyln,261,63069781416,adutchengineer
63236231446.0,64221904973,thats_biggie,982,64221904973,theblackfemaleengineer
63236231446.0,70250811010,__theeeone__,900,70250811010,theblackfemaleengineer
63236231446.0,69509232001,jakobjelling,168,69509232001,theblackfemaleengineer
63236231446.0,63207607896,shayforshort,231,63207607896,theblackfemaleengineer
63236231446.0,70145969840,ahsila.dev,159,70145969840,theblackfemaleengineer
63236231446.0,67312702327,phenomenally_me21,206,67312702327,theblackfemaleengineer
63236231446.0,65678766542,mindfulmomentum_coaching_llc,1322,65678766542,theblackfemaleengineer
63236231446.0,63372382642,jo_teach30,1841,63372382642,theblackfemaleengineer
63236231446.0,63078238210,elfudge42,124,63078238210,theblackfemaleengineer
63236231446.0,67574741262,hello.onthewallla,747,67574741262,theblackfemaleengineer
63236231446.0,66191263622,quandaries4me,110,66191263622,theblackfemaleengineer
63236231446.0,65110255031,lionaruc,187,65110255031,theblackfemaleengineer
63236231446.0,71049874254,dm_creativelabpro,383,71049874254,theblackfemaleengineer
63236231446.0,63603424171,weareherenciastudio,135,63603424171,theblackfemaleengineer
63236231446.0,63407637946,outthinkmedia,111,63407637946,theblackfemaleengineer
63236231446.0,71443167979,totallytech.io,1435,71443167979,theblackfemaleengineer
63236231446.0,71075057506,thelifestylestrategist,322,71075057506,theblackfemaleengineer
63236231446.0,70086220674,its_brittmick,101,70086220674,theblackfemaleengineer
63236231446.0,63197232814,faithellenlove,162,63197232814,theblackfemaleengineer
70429187510.0,63432069980,ny_til_i_die_,583,63432069980,thejasminenichelle
70429187510.0,65368658672,nikafterdark,112,65368658672,thejasminenichelle
70429187510.0,63274117259,geatpigeons,112,63274117259,thejasminenichelle
70429187510.0,63409693674,camille_sparkle,118,63409693674,thejasminenichelle
70429187510.0,63053502582,indyjcl,165,63053502582,thejasminenichelle
70429187510.0,63096474402,pj.quatro,124,63096474402,thejasminenichelle
70429187510.0,63414782841,eyedonyell,407,63414782841,thejasminenichelle
70429187510.0,63128937260,soldbyyanely,224,63128937260,thejasminenichelle
70429187510.0,63248050295,jesperdramsch,1456,63248050295,thejasminenichelle
70429187510.0,70649373512,ray.thedivine,168,70649373512,thejasminenichelle
70429187510.0,63162078800,realestatewith_jessburditt,227,63162078800,thejasminenichelle
70429187510.0,70415370595,jhosep_26z,183,70415370595,thejasminenichelle
70429187510.0,63410435628,realtorshaybrunson,229,63410435628,thejasminenichelle
70429187510.0,63084774988,gotcake_no_icing,109,63084774988,thejasminenichelle
70429187510.0,70633205182,shaunarenee84,3629,70633205182,thejasminenichelle
70429187510.0,63219532474,all.about.ese,159,63219532474,thejasminenichelle
70429187510.0,63867476710,rfeers,8103,63867476710,thejasminenichelle
70429187510.0,63253070103,loooveanni_,440,63253070103,thejasminenichelle
70429187510.0,63029399101,plscounseling,2240,63029399101,thejasminenichelle
70429187510.0,65603336861,cmg3tech,125,65603336861,thejasminenichelle
70429187510.0,63874412440,carol_loshell,105,63874412440,thejasminenichelle
70429187510.0,69625712840,msjayyho,494,69625712840,thejasminenichelle
70429187510.0,63069691019,thevahubus,1014,63069691019,thejasminenichelle
70429187510.0,63469730503,fhinspectionsatl,232,63469730503,thejasminenichelle
70429187510.0,67689393504,lasvegaslifestyle_,103,67689393504,thejasminenichelle
70429187510.0,63262554866,stewartdesignco_,208,63262554866,thejasminenichelle
70429187510.0,70223924643,linajamilah_gold,383,70223924643,thejasminenichelle
70429187510.0,63174196214,tennis_professor,175,63174196214,thejasminenichelle
70429187510.0,69636682359,seasonedstationery,1092,69636682359,thejasminenichelle
70429187510.0,63643096040,___royalsty,452,63643096040,thejasminenichelle
70429187510.0,65711382680,brash_partly,127,65711382680,thejasminenichelle
70429187510.0,69096298813,stebow60,167,69096298813,thejasminenichelle
70429187510.0,63622009036,atlintownrealestate,422,63622009036,thejasminenichelle
70429187510.0,68187681679,solasouthatl,156,68187681679,thejasminenichelle
70429187510.0,63244999424,limitless.inspections,248,63244999424,thejasminenichelle
70429187510.0,66979846514,_anniebee,260,66979846514,thejasminenichelle
70429187510.0,63245051227,milonehometeam,211,63245051227,thejasminenichelle
70429187510.0,63613968411,emperormarvis702021,246,63613968411,thejasminenichelle
70429187510.0,70941967007,tatianaimann,676,70941967007,thejasminenichelle
70429187510.0,63278605787,thelendingvillage,292,63278605787,thejasminenichelle
70429187510.0,66006935108,malibutravelbooking,196,66006935108,thejasminenichelle
70429187510.0,63656520289,jmelanindreamz,163,63656520289,thejasminenichelle
70429187510.0,63773376557,pinkmeadow1,873,63773376557,thejasminenichelle
70429187510.0,63253784950,apbtlifts,339,63253784950,thejasminenichelle
70429187510.0,68049677302,cjtrowerscomedy,688,68049677302,thejasminenichelle
70429187510.0,63458455713,only1kinglo,123,63458455713,thejasminenichelle
70429187510.0,67177286416,justejykes,108,67177286416,thejasminenichelle
70429187510.0,63270643765,the_oxymoron4,376,63270643765,thejasminenichelle
70429187510.0,68946782607,neckbone_tony,209,68946782607,thejasminenichelle
70429187510.0,63071330352,just_enlight,192,63071330352,thejasminenichelle
70429187510.0,63502544542,cam901realtor,338,63502544542,thejasminenichelle
70429187510.0,63606704518,rabbitholecuriosity,401,63606704518,thejasminenichelle
70429187510.0,63251962050,dopeschool,167,63251962050,thejasminenichelle
70429187510.0,68845799359,mrmackmajor,691,68845799359,thejasminenichelle
70429187510.0,67561728305,3kelle_,133,67561728305,thejasminenichelle
70429187510.0,63258523076,kylaaky._,466,63258523076,thejasminenichelle
70429187510.0,63990714413,miss__skc,232,63990714413,thejasminenichelle
70429187510.0,65153660265,ansel.massy.7,1063,65153660265,thejasminenichelle
70429187510.0,68091384018,jordan0air__,197,68091384018,thejasminenichelle
70429187510.0,67990658676,tankhighlyfavored,146,67990658676,thejasminenichelle
70429187510.0,63138083905,_thedreamflick,782,63138083905,thejasminenichelle
70429187510.0,63120505439,benkinghomeloans,234,63120505439,thejasminenichelle
70429187510.0,63300026554,cretia_monet,902,63300026554,thejasminenichelle
70429187510.0,63416555334,rome_the_enchanted1,227,63416555334,thejasminenichelle
70429187510.0,63389573010,hey_mary_henton,158,63389573010,thejasminenichelle
70429187510.0,63051119552,vontemathews,484,63051119552,thejasminenichelle
70429187510.0,68381837177,starrobinsonrealtor,112,68381837177,thejasminenichelle
70429187510.0,64567878273,ashaeatssoup,1315,64567878273,thejasminenichelle
70429187510.0,65838889421,thousandaire_phil,264,65838889421,thejasminenichelle
70429187510.0,63452200383,gig.tax,209,63452200383,thejasminenichelle
70429187510.0,63155615863,kristin_pep,239,63155615863,thejasminenichelle
70429187510.0,63125120049,iamgregt,442,63125120049,thejasminenichelle
70429187510.0,63266538932,thaddius_cho,446,63266538932,thejasminenichelle
70429187510.0,65785125482,frejafoxstone,281,65785125482,thejasminenichelle
70429187510.0,69536541266,tecnoose77,1052,69536541266,thejasminenichelle
70429187510.0,63279625826,tours_by_greg,860,63279625826,thejasminenichelle
70429187510.0,63281306366,radiantwellhub_,272,63281306366,thejasminenichelle
70429187510.0,67137670027,montana_tattz901,954,67137670027,thejasminenichelle
70429187510.0,63056335777,iamjennhernandez,2990,63056335777,thejasminenichelle
70429187510.0,63269972312,robertkochdesigns,360,63269972312,thejasminenichelle
70429187510.0,69559678235,eyeamjulius,219,69559678235,thejasminenichelle
70429187510.0,63482441486,_piecesofbri,179,63482441486,thejasminenichelle
70429187510.0,69504030783,ctyancy,177,69504030783,thejasminenichelle
70429187510.0,63396886235,ryanabberealtor,109,63396886235,thejasminenichelle
70429187510.0,63398260381,cindaloin,142,63398260381,thejasminenichelle
70429187510.0,63298160692,msmarshellw,486,63298160692,thejasminenichelle
70429187510.0,69427324459,theoneilgrp,213,69427324459,thejasminenichelle
70429187510.0,63399951037,sculalive,601,63399951037,thejasminenichelle
70429187510.0,63154622024,5star_realestateagent,113,63154622024,thejasminenichelle
70429187510.0,64439472547,nataliesellsutah,1918,64439472547,thejasminenichelle
70429187510.0,69414518125,mrs_parker_the_broker,225,69414518125,thejasminenichelle
70429187510.0,63093214721,letandraa_a,122,63093214721,thejasminenichelle
70429187510.0,63258245358,jordan.woods3,942,63258245358,thejasminenichelle
70429187510.0,63058822816,go_town071,203,63058822816,thejasminenichelle
70429187510.0,63290721975,dmv_p,575,63290721975,thejasminenichelle
70429187510.0,63090472327,createwealthwithkevelynjenea,338,63090472327,thejasminenichelle
70429187510.0,63075876624,__daddymac,724,63075876624,thejasminenichelle
70429187510.0,63247591546,r.warren_,667,63247591546,thejasminenichelle
70429187510.0,63239069730,nayara_valadao,224,63239069730,thejasminenichelle
70429187510.0,63455078019,queet_shontea,1014,63455078019,thejasminenichelle
70429187510.0,63274614297,hayteeola,197,63274614297,thejasminenichelle
70429187510.0,64052464765,manufebie,139,64052464765,thejasminenichelle
70429187510.0,63106896711,kaymahogany,269,63106896711,thejasminenichelle
70429187510.0,63361261482,joshuwonn,877,63361261482,thejasminenichelle
70429187510.0,68912721804,peace_love_homeloans_realty,186,68912721804,thejasminenichelle
70429187510.0,69884135924,p.ashaii,442,69884135924,thejasminenichelle
70429187510.0,63481024097,vibeswithaj_,203,63481024097,thejasminenichelle
70429187510.0,66050230345,scorpion_lover,220,66050230345,thejasminenichelle
70429187510.0,65763270578,plobo12,195,65763270578,thejasminenichelle
70429187510.0,63423829547,pokerprored,443,63423829547,thejasminenichelle
70429187510.0,65630518921,biglott_davis,258,65630518921,thejasminenichelle
70429187510.0,63222420225,annahsbeautyspot,751,63222420225,thejasminenichelle
70429187510.0,64685059601,keciadelene,139,64685059601,thejasminenichelle
70429187510.0,63251591131,ohnelleyeah,2184,63251591131,thejasminenichelle
70429187510.0,67471551711,competitiveedgeeq,314,67471551711,thejasminenichelle
70429187510.0,63049388241,_bloomingrose,302,63049388241,thejasminenichelle
70429187510.0,63406563748,qcvisuals,392,63406563748,thejasminenichelle
70429187510.0,63061604246,__jazminbriana,163,63061604246,thejasminenichelle
70429187510.0,64016863918,itserin.kay,297,64016863918,thejasminenichelle
70429187510.0,70349544027,ana.and.co.realestate,115,70349544027,thejasminenichelle
70429187510.0,63424130044,jennwiltatl,250,63424130044,thejasminenichelle
70429187510.0,70347714342,annamh___,600,70347714342,thejasminenichelle
70429187510.0,71616592848,jasminelasouriante,2655,71616592848,thejasminenichelle
70429187510.0,63037973237,g876___,315,63037973237,thejasminenichelle
70429187510.0,68903441243,amybubesrealtor,255,68903441243,thejasminenichelle
70429187510.0,63417684444,kpgretzky,679,63417684444,thejasminenichelle
70429187510.0,68690824967,imjaniyah,498,68690824967,thejasminenichelle
70429187510.0,63409357192,theegaines,612,63409357192,thejasminenichelle
70429187510.0,63182577124,dontfretcelest,340,63182577124,thejasminenichelle
70429187510.0,63423349408,calaunte,219,63423349408,thejasminenichelle
70429187510.0,64638363942,brendamercedes,317,64638363942,thejasminenichelle
70429187510.0,63305537168,liplocttt,966,63305537168,thejasminenichelle
70429187510.0,63253515204,techtualchatter,1292,63253515204,thejasminenichelle
70429187510.0,63094396217,hoodgooods,790,63094396217,thejasminenichelle
70429187510.0,63423243653,sprucingupga,143,63423243653,thejasminenichelle
70429187510.0,63363112162,theselfcareking_kenneth,9468,63363112162,thejasminenichelle
70429187510.0,63066558386,tamiasellsmichigan,304,63066558386,thejasminenichelle
70429187510.0,67715569382,badazzjunea,480,67715569382,thejasminenichelle
70429187510.0,63475907634,theshadowgrim,126,63475907634,thejasminenichelle
70429187510.0,63263291679,denisejoyhart,1102,63263291679,thejasminenichelle
70429187510.0,68138155794,wicklighter,372,68138155794,thejasminenichelle
70429187510.0,63900871942,lalonie.fox,397,63900871942,thejasminenichelle
70429187510.0,66546225042,tee__richh,110,66546225042,thejasminenichelle
70429187510.0,63451685175,chrisdaubmortgagebroker,312,63451685175,thejasminenichelle
70429187510.0,69684656727,blackbeardrell,262,69684656727,thejasminenichelle
70429187510.0,69179364246,murffresolute,169,69179364246,thejasminenichelle
70429187510.0,63494937602,the.real.ciity,244,63494937602,thejasminenichelle
70429187510.0,64166369708,benjamin_nicks,179,64166369708,thejasminenichelle
70429187510.0,68669039857,el_l_smooth_jay,175,68669039857,thejasminenichelle
70429187510.0,63259758875,unsweet_t33,1926,63259758875,thejasminenichelle
70429187510.0,67861057950,loadingdrcandy,709,67861057950,thejasminenichelle
70429187510.0,65114634967,dashboss,161,65114634967,thejasminenichelle
70429187510.0,63063062726,darian.a.d,795,63063062726,thejasminenichelle
70429187510.0,63491753528,gaboi07,120,63491753528,thejasminenichelle
70429187510.0,68715898736,_lkushi901,349,68715898736,thejasminenichelle
70429187510.0,63213255555,reginanicolecarter,3231,63213255555,thejasminenichelle
70429187510.0,67776561638,jadasymone__,232,67776561638,thejasminenichelle
70429187510.0,65855459566,_amazingjayy_,174,65855459566,thejasminenichelle
70429187510.0,63610368621,fadedfro,699,63610368621,thejasminenichelle
70429187510.0,67497029231,ayannamajor_,224,67497029231,thejasminenichelle
70429187510.0,63055047246,_kellytherealtor,337,63055047246,thejasminenichelle
70429187510.0,67450885065,amilli_m0,152,67450885065,thejasminenichelle
70429187510.0,63608616139,yanick.nb,455,63608616139,thejasminenichelle
70429187510.0,63094255257,frenchysmiles,1034,63094255257,thejasminenichelle
70429187510.0,63488219528,mscadero,1517,63488219528,thejasminenichelle
70429187510.0,63388889408,b.a.b.y.b.o.s.s_,736,63388889408,thejasminenichelle
70429187510.0,63393366379,aireljazmine,130,63393366379,thejasminenichelle
70429187510.0,63311411061,thearabnaima,434,63311411061,thejasminenichelle
70429187510.0,65067274110,talyssiasymone,1320,65067274110,thejasminenichelle
70429187510.0,63124356972,lextakesthecity,2088,63124356972,thejasminenichelle
70429187510.0,63162941487,gloria_homeloans,147,63162941487,thejasminenichelle
70429187510.0,66096550304,facelessfreedomlifestyle,1104,66096550304,thejasminenichelle
70429187510.0,70134877384,phil_belichick,216,70134877384,thejasminenichelle
70429187510.0,63058591016,dejlacole,997,63058591016,thejasminenichelle
70429187510.0,63084171539,heatherbradley.realtor,306,63084171539,thejasminenichelle
70429187510.0,63374952625,narimuvaaa,695,63374952625,thejasminenichelle
70429187510.0,63438131682,agentdooley,2695,63438131682,thejasminenichelle
70429187510.0,63030991165,thee_aldavis,344,63030991165,thejasminenichelle
70429187510.0,63435932916,bigdomo_5000,1134,63435932916,thejasminenichelle
70429187510.0,64242220905,larryrountree_realestate,221,64242220905,thejasminenichelle
70429187510.0,63372879012,lo_sackreligious,421,63372879012,thejasminenichelle
70429187510.0,66770670905,darkskintrin,243,66770670905,thejasminenichelle
70429187510.0,63258029556,_jclark06,928,63258029556,thejasminenichelle
70429187510.0,70265601678,savage___c,137,70265601678,thejasminenichelle
70429187510.0,70151437157,kerryd.sing,397,70151437157,thejasminenichelle
70429187510.0,63082719926,yourfavvnurse,146,63082719926,thejasminenichelle
70429187510.0,68669304775,gq_underated,216,68669304775,thejasminenichelle
70429187510.0,63089828771,kingkeviorr,382,63089828771,thejasminenichelle
70429187510.0,63407927793,6figgadee,1180,63407927793,thejasminenichelle
70429187510.0,63244242549,klarq_kent,604,63244242549,thejasminenichelle
70429187510.0,65474153957,shanakaychisholm,317,65474153957,thejasminenichelle
70429187510.0,68838436476,campbell_dawon,1201,68838436476,thejasminenichelle
70429187510.0,63128154542,theallenmiller,613,63128154542,thejasminenichelle
70429187510.0,63396228336,imthatbrit,293,63396228336,thejasminenichelle
70429187510.0,63291112241,mrivan83,1263,63291112241,thejasminenichelle
70429187510.0,68594876959,prodbytomcash,265,68594876959,thejasminenichelle
70429187510.0,63301301459,ichrisadams,589,63301301459,thejasminenichelle
70429187510.0,63261615843,mysoftwifelife,438,63261615843,thejasminenichelle
70429187510.0,70059419218,2goals1carl,147,70059419218,thejasminenichelle
70429187510.0,63460833650,mzomg_travelz22,217,63460833650,thejasminenichelle
70429187510.0,63421762536,duwyna_therealtor,247,63421762536,thejasminenichelle
70429187510.0,63491610839,88domo_,176,63491610839,thejasminenichelle
70429187510.0,63511608690,biigkountry_,493,63511608690,thejasminenichelle
70429187510.0,66403790371,_itbrewswell,1122,66403790371,thejasminenichelle
70429187510.0,63301610133,iamtierney,332,63301610133,thejasminenichelle
70429187510.0,63101584357,caribbeantoast,144,63101584357,thejasminenichelle
70429187510.0,63461168241,luffy_1.5_,389,63461168241,thejasminenichelle
70429187510.0,63226838261,camellia_hurt1,505,63226838261,thejasminenichelle
70429187510.0,63103956329,her_highness_markie,268,63103956329,thejasminenichelle
70429187510.0,63095166931,peytonknattsr,157,63095166931,thejasminenichelle
70429187510.0,69033753077,nameisalana,222,69033753077,thejasminenichelle
70429187510.0,69705577009,qweezymakeiteasy,1054,69705577009,thejasminenichelle
70429187510.0,69322880244,youdontknowjck,105,69322880244,thejasminenichelle
70429187510.0,63412056508,caris_iman,3250,63412056508,thejasminenichelle
70429187510.0,63439198230,ciara_sellshomes,913,63439198230,thejasminenichelle
70429187510.0,63843813923,simplybeingdiny,1387,63843813923,thejasminenichelle
70429187510.0,69714361338,brokerchristian.bpre,588,69714361338,thejasminenichelle
70429187510.0,64013270311,charles_home_improvement_llc,423,64013270311,thejasminenichelle
70429187510.0,63310776713,businessbarbieari,642,63310776713,thejasminenichelle
70429187510.0,63055062503,laurenpcrane,230,63055062503,thejasminenichelle
70429187510.0,65981502680,rocheeka_moves_u_forward,191,65981502680,thejasminenichelle
70429187510.0,67604965565,drstaciemorris,2997,67604965565,thejasminenichelle
70429187510.0,63302145762,homeswithdenisha,204,63302145762,thejasminenichelle
70429187510.0,63466620133,adonisthrax,691,63466620133,thejasminenichelle
70429187510.0,63100862173,melissaromehomerealtestate,309,63100862173,thejasminenichelle
70429187510.0,63148989146,tunedintony,5045,63148989146,thejasminenichelle
70429187510.0,63613064951,maserati_trill,510,63613064951,thejasminenichelle
70429187510.0,63402741364,toddmatic,1088,63402741364,thejasminenichelle
70429187510.0,64674629455,locd_soles,225,64674629455,thejasminenichelle
70429187510.0,67474061056,honesty_cook,2603,67474061056,thejasminenichelle
70429187510.0,63247483655,_ohmo,109,63247483655,thejasminenichelle
70429187510.0,64233043351,thetattoosavior,574,64233043351,thejasminenichelle
70429187510.0,63428395621,themobilehomeclosers,23080,63428395621,thejasminenichelle
70429187510.0,63087220100,destinee.mccullum,452,63087220100,thejasminenichelle
70429187510.0,67121028548,amy.wade.homes,153,67121028548,thejasminenichelle
70429187510.0,69411113350,tiarravstee,129,69411113350,thejasminenichelle
70429187510.0,63434073019,c0de_zero,162,63434073019,thejasminenichelle
70429187510.0,63071019526,peeteysplanet,498,63071019526,thejasminenichelle
70429187510.0,68001826961,osas_ade,176,68001826961,thejasminenichelle
70429187510.0,63887330422,_demerits,162,63887330422,thejasminenichelle
70429187510.0,63433306052,yoditdeet,1834,63433306052,thejasminenichelle
70429187510.0,63031126268,its_giso,253,63031126268,thejasminenichelle
70429187510.0,63406360868,mwangangi,153,63406360868,thejasminenichelle
70429187510.0,63400687620,this1isonme2,291,63400687620,thejasminenichelle
70429187510.0,64736382010,eryka_kane,751,64736382010,thejasminenichelle
70429187510.0,67139811712,sheissmokinghott,665,67139811712,thejasminenichelle
70429187510.0,63078146618,ddpacino,207,63078146618,thejasminenichelle
70429187510.0,63050532538,angel_peguero23,294,63050532538,thejasminenichelle
70429187510.0,69634508524,key__kelly,250,69634508524,thejasminenichelle
70429187510.0,63258682533,bwrightthere_,660,63258682533,thejasminenichelle
70429187510.0,63389342936,king__mikey1508,259,63389342936,thejasminenichelle
70429187510.0,63064150885,nikiyamsimpson,113,63064150885,thejasminenichelle
70429187510.0,63046814611,iamyunghot,745,63046814611,thejasminenichelle
70429187510.0,65431296911,cafeenoire,117,65431296911,thejasminenichelle
70429187510.0,63251537133,5starr._kayy,295,63251537133,thejasminenichelle
70429187510.0,70030014692,ace.hndrx,501,70030014692,thejasminenichelle
70429187510.0,63392799930,brianabuttonz,491,63392799930,thejasminenichelle
70429187510.0,68912976322,mrs_mesec,195,68912976322,thejasminenichelle
70429187510.0,63084614407,macdeity,188,63084614407,thejasminenichelle
70429187510.0,63411979505,youngbandit_tbm,227,63411979505,thejasminenichelle
70429187510.0,63373754677,iitzcinnamon,519,63373754677,thejasminenichelle
70429187510.0,62919718891,artisticallygiftd,800,62919718891,thejasminenichelle
70429187510.0,66799093135,510posites,407,66799093135,thejasminenichelle
70429187510.0,63505832678,crazyjt90,599,63505832678,thejasminenichelle
70429187510.0,63443418000,4e.pirahna,145,63443418000,thejasminenichelle
70429187510.0,69009114211,stayingforeign,231,69009114211,thejasminenichelle
70429187510.0,70471584013,gi_jodeci,336,70471584013,thejasminenichelle
70429187510.0,63398015021,djyounglegend215,890,63398015021,thejasminenichelle
70429187510.0,63552049932,ljk_24,252,63552049932,thejasminenichelle
70429187510.0,64854284891,kasschill,3193,64854284891,thejasminenichelle
70429187510.0,63846275431,rob.menard,672,63846275431,thejasminenichelle
70429187510.0,63364277688,mshipman98,195,63364277688,thejasminenichelle
70429187510.0,63148396636,that_lion11,265,63148396636,thejasminenichelle
70429187510.0,63467556977,actor_n,131,63467556977,thejasminenichelle
70429187510.0,64395532468,christianebhote,362,64395532468,thejasminenichelle
70429187510.0,63099806133,justtcallmedomm,317,63099806133,thejasminenichelle
70429187510.0,63419011607,naturally_dopeaf,160,63419011607,thejasminenichelle
70429187510.0,63293989953,jtrenett90,208,63293989953,thejasminenichelle
70429187510.0,63433112969,anthony.as.baptiste,180,63433112969,thejasminenichelle
70429187510.0,64837909486,js_hickerson,109,64837909486,thejasminenichelle
70429187510.0,63064759172,phenomenalnique_,343,63064759172,thejasminenichelle
70429187510.0,66914295741,_1of.0ne,162,66914295741,thejasminenichelle
70429187510.0,67243623953,sierasyara,968,67243623953,thejasminenichelle
70429187510.0,63259786837,yungesquire,196,63259786837,thejasminenichelle
70429187510.0,64294609499,coachgoods1,496,64294609499,thejasminenichelle
70429187510.0,63895889788,mic_tha_don_,212,63895889788,thejasminenichelle
70429187510.0,63094203401,el_capetone_,145,63094203401,thejasminenichelle
70429187510.0,63483255819,_whitneytherealtor_,169,63483255819,thejasminenichelle
70429187510.0,63287259256,jusmellow,330,63287259256,thejasminenichelle
70429187510.0,63048126917,candace.cobain,1236,63048126917,thejasminenichelle
70429187510.0,63429638151,coralllosa,118,63429638151,thejasminenichelle
70429187510.0,63237657332,djmilaehsanayesh,209,63237657332,thejasminenichelle
70429187510.0,64286715577,saj.o7,147,64286715577,thejasminenichelle
70429187510.0,63045854019,thechillwill,294,63045854019,thejasminenichelle
70429187510.0,66537176859,munk_solo,458,66537176859,thejasminenichelle
70429187510.0,70619609025,4lifejneal,195,70619609025,thejasminenichelle
70429187510.0,69561434417,gmoneydamoneyman,139,69561434417,thejasminenichelle
70429187510.0,65452945490,paul.duncan.509511,386,65452945490,thejasminenichelle
70429187510.0,63429906252,camsmithtrey,1349,63429906252,thejasminenichelle
70429187510.0,63158038330,iam_jrenee,1254,63158038330,thejasminenichelle
70429187510.0,63265522322,taeken1step,314,63265522322,thejasminenichelle
70429187510.0,63055270820,_.thebaddestjas._,624,63055270820,thejasminenichelle
70429187510.0,63452689097,girlmeetsriesling,355,63452689097,thejasminenichelle
70429187510.0,69752841786,bandcamp_quaker,118,69752841786,thejasminenichelle
70429187510.0,70203268336,felecia_realestate,281,70203268336,thejasminenichelle
70429187510.0,63257030003,carissasell_realestate,557,63257030003,thejasminenichelle
70429187510.0,64400087918,jellz17,157,64400087918,thejasminenichelle
70429187510.0,64919960541,robbytruckman,188,64919960541,thejasminenichelle
70429187510.0,63448487202,jlatin_,178,63448487202,thejasminenichelle
70429187510.0,65172415950,prettybrown_eee,151,65172415950,thejasminenichelle
70429187510.0,63490872845,miamor_goddess,227,63490872845,thejasminenichelle
70429187510.0,63246831930,musahgreatness,166,63246831930,thejasminenichelle
70429187510.0,63137055864,realestate.by.daye,289,63137055864,thejasminenichelle
70429187510.0,63270140276,korean_mike,422,63270140276,thejasminenichelle
70429187510.0,63453811184,_ash.will,245,63453811184,thejasminenichelle
70429187510.0,63369447841,_bigplaycartier,102,63369447841,thejasminenichelle
70429187510.0,63435513595,_caddymack,583,63435513595,thejasminenichelle
70429187510.0,63276492160,le_boujee_boheme,150,63276492160,thejasminenichelle
70429187510.0,63300971709,1dwavy,235,63300971709,thejasminenichelle
70429187510.0,63441129760,iamlexb1123,222,63441129760,thejasminenichelle
70429187510.0,63447070450,mister_briggs,271,63447070450,thejasminenichelle
70429187510.0,67650791394,muvamob,346,67650791394,thejasminenichelle
70429187510.0,63396341305,life.of.l__1906,1265,63396341305,thejasminenichelle
70429187510.0,63242566637,only1izzyy,564,63242566637,thejasminenichelle
70429187510.0,64593072671,na_boogieee,127,64593072671,thejasminenichelle
70429187510.0,67632709606,king_damian89,612,67632709606,thejasminenichelle
70429187510.0,64295893502,philiparaicesrealtor,287,64295893502,thejasminenichelle
70429187510.0,63092557154,theyknowashleyb,245,63092557154,thejasminenichelle
70429187510.0,63076121630,allthingsmonicka,429,63076121630,thejasminenichelle
70429187510.0,63041405508,nyprettychik917,199,63041405508,thejasminenichelle
70429187510.0,63381159148,buy_sell_with_exzavia,378,63381159148,thejasminenichelle
70429187510.0,69646793846,laidback_the_don,172,69646793846,thejasminenichelle
70429187510.0,63293178227,nikkinonicole,216,63293178227,thejasminenichelle
70429187510.0,63083075542,luvlucky_1,169,63083075542,thejasminenichelle
70429187510.0,66378846350,thatguyrice19,228,66378846350,thejasminenichelle
70429187510.0,63055789419,jagthegrateful,111,63055789419,thejasminenichelle
70429187510.0,65856538862,danyeee_z,113,65856538862,thejasminenichelle
70429187510.0,66448662084,totally_in_love_with_me,121,66448662084,thejasminenichelle
70429187510.0,66127226770,ynvme_79,167,66127226770,thejasminenichelle
70429187510.0,69804450340,1bagged_s550,161,69804450340,thejasminenichelle
70429187510.0,63267438535,notnice169,144,63267438535,thejasminenichelle
70429187510.0,68950300566,phenomwomen803,204,68950300566,thejasminenichelle
70429187510.0,69386322891,shahustle,308,69386322891,thejasminenichelle
70429187510.0,66578823559,aparrish312,440,66578823559,thejasminenichelle
70429187510.0,63274459546,monicakeona,269,63274459546,thejasminenichelle
70429187510.0,63394339473,nurse_myra,319,63394339473,thejasminenichelle
70429187510.0,63479436134,gorilla_graphix_atl,220,63479436134,thejasminenichelle
70429187510.0,68854109643,deesofocused83,147,68854109643,thejasminenichelle
70429187510.0,68061626789,gz_bey,146,68061626789,thejasminenichelle
70429187510.0,70373209819,blakb_gatez,247,70373209819,thejasminenichelle
70429187510.0,63386998521,thebrishow__,163,63386998521,thejasminenichelle
70429187510.0,63263601231,memphizzmarc901,421,63263601231,thejasminenichelle
70429187510.0,63256503782,dreelegend,9247,63256503782,thejasminenichelle
70429187510.0,64604995871,123motown,423,64604995871,thejasminenichelle
70429187510.0,63389565550,yeilynn,518,63389565550,thejasminenichelle
70429187510.0,69385306812,creolepeach_,183,69385306812,thejasminenichelle
70429187510.0,67018828438,darvellowens,227,67018828438,thejasminenichelle
70429187510.0,67485304008,hamm25,134,67485304008,thejasminenichelle
70429187510.0,63322316494,_jayceola,183,63322316494,thejasminenichelle
70429187510.0,65919136189,hollytherebel,1052,65919136189,thejasminenichelle
70429187510.0,63555499088,melogreen90,164,63555499088,thejasminenichelle
70429187510.0,63466275288,zfleisher_realtor,157,63466275288,thejasminenichelle
70429187510.0,65594620540,damajor90,232,65594620540,thejasminenichelle
70429187510.0,66922722915,kanyesouth,641,66922722915,thejasminenichelle
70429187510.0,67447984639,jacktownyo_no_diddy,166,67447984639,thejasminenichelle
70429187510.0,63224869889,paulwilliams_8484,155,63224869889,thejasminenichelle
coders_things,70813744901,acuacademysuccess,129,70813744901,coders_things
coders_things,63103521608,thejacobpeter,198,63103521608,coders_things
coders_things,63395238547,pathself2,3655,63395238547,coders_things
coders_things,63456867707,meikacrumbles,196,63456867707,coders_things
coders_things,63068846444,_romildo_,126,63068846444,coders_things
coders_things,70252541103,_aakrititandon_,452,70252541103,coders_things
coders_things,63436114833,edirinedewor,2713,63436114833,coders_things
coders_things,63251714568,hassan.elhawary7,189,63251714568,coders_things
coders_things,63021303247,izmaylova_alina,340,63021303247,coders_things
coders_things,63433373203,anshuka.rai,158,63433373203,coders_things
coders_things,65069152132,linda.loves.tech,959,65069152132,coders_things
coders_things,63567694549,phdaportugal,2264,63567694549,coders_things
coders_things,65164476231,imjoyee,130,65164476231,coders_things
coders_things,69790458082,_young__bett,115,69790458082,coders_things
coders_things,63037991955,janinetiger98,430,63037991955,coders_things
coders_things,63305537168,liplocttt,966,63305537168,coders_things
coders_things,63408639462,cleygram,511,63408639462,coders_things
coders_things,63425779527,melanintravelsmagic,1349,63425779527,coders_things
coders_things,63100518174,y_asir_az,237,63100518174,coders_things
coders_things,71949251961,iam_mayor042,185,71949251961,coders_things
coders_things,63025270811,johnthejames,176,63025270811,coders_things
coders_things,63250750201,al.ba7rany,811,63250750201,coders_things
coders_things,63282732263,open.ai.kr,3503,63282732263,coders_things
coders_things,63434023692,fredannan_zinyakatira,149,63434023692,coders_things
coders_things,63487329238,ryumer.g,118,63487329238,coders_things
coders_things,63450849626,andrew_f_butler,255,63450849626,coders_things
coders_things,63239191386,610lucx,121,63239191386,coders_things
63428467796.0,63399861332,timmyalbertshoes,421,63399861332,abidemidatapro
63428467796.0,63096462457,2icprinting_global,506,63096462457,abidemidatapro
63428467796.0,63427363464,tega_spencer,884,63427363464,abidemidatapro
63428467796.0,67979149760,charles.effion,3213,67979149760,abidemidatapro
63428467796.0,68280670325,tarabyte1024,207,68280670325,abidemidatapro
63428467796.0,63509216080,regaldave,245,63509216080,abidemidatapro
63428467796.0,63447882859,mhidecors,236,63447882859,abidemidatapro
63428467796.0,63495464690,hmessi5,123,63495464690,abidemidatapro
63428467796.0,63417226021,de_ralph_kvng1,123,63417226021,abidemidatapro
63428467796.0,63458824184,thebusinessactivist,302,63458824184,abidemidatapro
63428467796.0,63457315975,temidayo_matthew,142,63457315975,abidemidatapro
63428467796.0,63430238291,moonlight_magma,188,63430238291,abidemidatapro
63428467796.0,63246235916,codewithgeeks.io,893,63246235916,abidemidatapro
63428467796.0,63440220608,_tofunmiiiii,126,63440220608,abidemidatapro
63428467796.0,63854055533,codum.cc,342,63854055533,abidemidatapro
63428467796.0,63261182944,zulkeryusuf,127,63261182944,abidemidatapro
63428467796.0,63425605520,aubhd_,1060,63425605520,abidemidatapro
63428467796.0,63071298889,jesswiththeflex,291,63071298889,abidemidatapro
63428467796.0,63457384529,funmionisile,468,63457384529,abidemidatapro
63428467796.0,66264062992,_middle.child_,133,66264062992,abidemidatapro
63428467796.0,63244961403,obamaaluta001,190,63244961403,abidemidatapro
63428467796.0,63283551163,_mar.ign_,154,63283551163,abidemidatapro
63428467796.0,63264224648,rillsmart_foot_wears,162,63264224648,abidemidatapro
63428467796.0,63463754235,azara_86,144,63463754235,abidemidatapro
63428467796.0,63087939994,lesman__,127,63087939994,abidemidatapro
63428467796.0,63075692434,paulwittyy,808,63075692434,abidemidatapro
63428467796.0,63400518619,texy04,272,63400518619,abidemidatapro
63428467796.0,63391373394,postitnotesinventor,934,63391373394,abidemidatapro
63428467796.0,63412478703,pgodwinhypeangel,2240,63412478703,abidemidatapro
63428467796.0,69388678146,joseph.jibin,134,69388678146,abidemidatapro
63428467796.0,63290010247,qn_oge280,196,63290010247,abidemidatapro
63428467796.0,67539242094,krvyung,197,67539242094,abidemidatapro
63428467796.0,63297323101,oluwaseunfunmi_love,192,63297323101,abidemidatapro
63428467796.0,63271057428,margaret_unusual,151,63271057428,abidemidatapro
63428467796.0,63410668410,redra_24,346,63410668410,abidemidatapro
63428467796.0,63630944396,xellux_technologies,1933,63630944396,abidemidatapro
63428467796.0,63235805881,royalmiguel,263,63235805881,abidemidatapro
63428467796.0,63441780058,mootown4,2424,63441780058,abidemidatapro
63428467796.0,69702094704,mo.yo.sore,106,69702094704,abidemidatapro
63428467796.0,63311545825,joovenogani,124,63311545825,abidemidatapro
63428467796.0,63281333930,takalani_tt,144,63281333930,abidemidatapro
63428467796.0,63482176979,adedeji_ao1,120,63482176979,abidemidatapro
63428467796.0,63389430451,_ree_dah,156,63389430451,abidemidatapro
63428467796.0,63218991255,ms_kiky_,295,63218991255,abidemidatapro
63428467796.0,66671659093,thojae.dsp,169,66671659093,abidemidatapro
63428467796.0,63650168114,allsocialgrowthcommunity,919,63650168114,abidemidatapro
63428467796.0,67866159615,tikristilogo,255,67866159615,abidemidatapro
63428467796.0,63446692832,derinsconcept_,266,63446692832,abidemidatapro
63428467796.0,63447540024,thetomiifawole,895,63447540024,abidemidatapro
63428467796.0,68833986181,yhunng_g,106,68833986181,abidemidatapro
63428467796.0,63444948314,itunu.tech,371,63444948314,abidemidatapro
63428467796.0,63089355936,nomadic.suraj,150,63089355936,abidemidatapro
63428467796.0,63413950937,_crazydudevlog,344,63413950937,abidemidatapro
63428467796.0,63267175538,oluwasegunadedeji_,201,63267175538,abidemidatapro
63428467796.0,69306519049,lavishdcc,303,69306519049,abidemidatapro
63428467796.0,63240308261,thetechcowboy,1215,63240308261,abidemidatapro
63428467796.0,63444059240,_olufunmie____,155,63444059240,abidemidatapro
63428467796.0,63096456434,drealfato,1335,63096456434,abidemidatapro
63428467796.0,63410871387,x.u.c.c.e.s.s.f.u.l,2155,63410871387,abidemidatapro
63428467796.0,63157518716,emma.nuella6070,356,63157518716,abidemidatapro
63428467796.0,63416846047,seyiolanrewaju_,237,63416846047,abidemidatapro
63428467796.0,63330547888,ty_phili,618,63330547888,abidemidatapro
63428467796.0,64156056265,darrylstrachan,194,64156056265,abidemidatapro
63428467796.0,63434870342,godslovepangel,708,63434870342,abidemidatapro
63428467796.0,68376526615,ataime_,127,68376526615,abidemidatapro
63428467796.0,63246754287,glo_rehyah_,241,63246754287,abidemidatapro
63428467796.0,63429199314,thatboilase__,394,63429199314,abidemidatapro
63428467796.0,63468388951,e.n.i.b.e.r.r.y,225,63468388951,abidemidatapro
63428467796.0,63450337539,zeal_tech_links,921,63450337539,abidemidatapro
63428467796.0,63439241708,au.rah_,137,63439241708,abidemidatapro
63428467796.0,63241238259,titoluwa__,152,63241238259,abidemidatapro
63428467796.0,63643968070,bigmo_cha,209,63643968070,abidemidatapro
63428467796.0,63274072078,dwell_studios,224,63274072078,abidemidatapro
63428467796.0,63417506251,oh_leeve,178,63417506251,abidemidatapro
63428467796.0,63499433024,sogo.sule,478,63499433024,abidemidatapro
63428467796.0,63433683698,prospee_don,360,63433683698,abidemidatapro
63428467796.0,63435255421,kemisolaaa_,275,63435255421,abidemidatapro
63428467796.0,67831924258,sudeshna.saha_,143,67831924258,abidemidatapro
63428467796.0,63127373776,kishii.ab,189,63127373776,abidemidatapro
63428467796.0,63220174291,yelathebeast,218,63220174291,abidemidatapro
63428467796.0,63368329867,dr_lynhams,128,63368329867,abidemidatapro
63428467796.0,63625176631,ibukun_mo,186,63625176631,abidemidatapro
63428467796.0,63227731314,spicyskits,1317,63227731314,abidemidatapro
63428467796.0,63489712051,tizzyrankingfire,649,63489712051,abidemidatapro
63428467796.0,63645672385,oyetunde_kenny,220,63645672385,abidemidatapro
63428467796.0,69499942389,__hunter__pro__,210,69499942389,abidemidatapro
63428467796.0,67597131992,sergiotar_00,170,67597131992,abidemidatapro
63428467796.0,63226391613,clintonkhanya,128,63226391613,abidemidatapro
63428467796.0,63039295382,bomzydget,2930,63039295382,abidemidatapro
63428467796.0,67323781213,ogoniflavour_,315,67323781213,abidemidatapro
63428467796.0,63250179814,toplinephotography1,807,63250179814,abidemidatapro
63428467796.0,63388889408,b.a.b.y.b.o.s.s_,736,63388889408,abidemidatapro
63428467796.0,63248432692,dressmeupcutey,289,63248432692,abidemidatapro
63428467796.0,63426138815,mo.rola,147,63426138815,abidemidatapro
63428467796.0,63281538377,lifeofdymphna,134,63281538377,abidemidatapro
63428467796.0,63033254212,lifeofeskayy,146,63033254212,abidemidatapro
63428467796.0,65315865849,yunganwang,257,65315865849,abidemidatapro
63428467796.0,63266379563,don_friday_,171,63266379563,abidemidatapro
63428467796.0,63275438559,jombo.paul,396,63275438559,abidemidatapro
63428467796.0,63225103063,khnguyennn_,197,63225103063,abidemidatapro
63428467796.0,63416271555,nullpntr,1194,63416271555,abidemidatapro
63428467796.0,70132185454,triwicaksono_com,713,70132185454,abidemidatapro
63428467796.0,64633751079,taiwo_tom,103,64633751079,abidemidatapro
63428467796.0,63425367224,otun_2,797,63425367224,abidemidatapro
63428467796.0,70153960457,yeganeh.the.scientist,104,70153960457,abidemidatapro
63428467796.0,63391534546,wale_astro,1728,63391534546,abidemidatapro
63428467796.0,63274838055,iamsunjeff,629,63274838055,abidemidatapro
63428467796.0,63435175094,abidemisola,207,63435175094,abidemidatapro
63428467796.0,63505313313,_daradee_,375,63505313313,abidemidatapro
63428467796.0,63241076156,itz_maybelle,244,63241076156,abidemidatapro
63428467796.0,63084156161,micheal_ken_,312,63084156161,abidemidatapro
63428467796.0,63268470890,busayo_dorcas,336,63268470890,abidemidatapro
63428467796.0,67628990750,bi_si_,105,67628990750,abidemidatapro
63428467796.0,63421342632,olufisola_,290,63421342632,abidemidatapro
63428467796.0,62857639958,jubril_akin,103,62857639958,abidemidatapro
63428467796.0,63268066881,tia_interiordecor_,1152,63268066881,abidemidatapro
63428467796.0,63271468278,__susu._,226,63271468278,abidemidatapro
63428467796.0,64275578673,andreas_vrl,256,64275578673,abidemidatapro
63428467796.0,63070343778,oputesam,164,63070343778,abidemidatapro
63428467796.0,69530925172,megatekictacademy,337,69530925172,abidemidatapro
63428467796.0,63225199505,maryyyy_john,355,63225199505,abidemidatapro
63428467796.0,63602488980,crypt8eight,704,63602488980,abidemidatapro
63428467796.0,63145748910,iam_ddr,4653,63145748910,abidemidatapro
63428467796.0,69615570360,coach_mjones,104,69615570360,abidemidatapro
63428467796.0,63431564536,tu.mininu_,404,63431564536,abidemidatapro
63428467796.0,63093860884,fab_writer,119,63093860884,abidemidatapro
63428467796.0,69092740724,dexalted_,142,69092740724,abidemidatapro
63428467796.0,63449625621,_jesutosin,299,63449625621,abidemidatapro
63428467796.0,63264084237,william_west_iv,2882,63264084237,abidemidatapro
63428467796.0,63852678406,fra.bonac,348,63852678406,abidemidatapro
63428467796.0,63475956212,themobolaji,547,63475956212,abidemidatapro
63428467796.0,63057115515,thia__e,205,63057115515,abidemidatapro
63428467796.0,63416101671,iam_mcdee,2165,63416101671,abidemidatapro
63428467796.0,63061693106,theolawalebadewa,222,63061693106,abidemidatapro
63428467796.0,63315858933,thomothy.b,2820,63315858933,abidemidatapro
63428467796.0,63418277457,layemi_lateju1,140,63418277457,abidemidatapro
63428467796.0,63053468010,cruzy_storch,262,63053468010,abidemidatapro
63428467796.0,63248513869,_amigo8_,121,63248513869,abidemidatapro
63428467796.0,63418055187,sanskar.23,164,63418055187,abidemidatapro
63428467796.0,63612440428,oka.agatha,152,63612440428,abidemidatapro
63428467796.0,63122252886,martinsphillip,2045,63122252886,abidemidatapro
63428467796.0,63042223666,yuheng.lai,143,63042223666,abidemidatapro
63428467796.0,63461629464,youngprinz_offixxial,946,63461629464,abidemidatapro
63428467796.0,63440888792,life.of.davidson,193,63440888792,abidemidatapro
63428467796.0,63278139199,d.herard,159,63278139199,abidemidatapro
63428467796.0,63042269186,anthropos_du_theo,133,63042269186,abidemidatapro
63428467796.0,67579647099,caterinjames,104,67579647099,abidemidatapro
63428467796.0,63167231035,heryeni_1010,154,63167231035,abidemidatapro
63428467796.0,63063132574,harlabii_thenkie,174,63063132574,abidemidatapro
63428467796.0,66902789651,ebukslala,269,66902789651,abidemidatapro
63428467796.0,63468715921,shirleyxdd,176,63468715921,abidemidatapro
63428467796.0,63127909769,__dlyt,339,63127909769,abidemidatapro
63428467796.0,63271021954,stephanie_cakes_n_more,1298,63271021954,abidemidatapro
63428467796.0,63313152335,amah_michael,129,63313152335,abidemidatapro
63428467796.0,63470817782,iverralls,163,63470817782,abidemidatapro
63428467796.0,63446912642,kels_nn,359,63446912642,abidemidatapro
63428467796.0,63441873541,adedapoben,177,63441873541,abidemidatapro
63428467796.0,63138195392,thekassam,221,63138195392,abidemidatapro
63428467796.0,63612785083,dgiftedk,160,63612785083,abidemidatapro
datasciencereality,71424412390,rachelltsaiii,221,71424412390,datasciencereality
datasciencereality,63265231656,chen_we1,247,63265231656,datasciencereality
datasciencereality,64529686493,yanrenl,220,64529686493,datasciencereality
datasciencereality,63445144149,3li_jah,176,63445144149,datasciencereality
datasciencereality,63292259956,mawadaalexander,1377,63292259956,datasciencereality
datasciencereality,63267374529,dariusteow,121,63267374529,datasciencereality
datasciencereality,71191644950,raiyahaj,103,71191644950,datasciencereality
datasciencereality,72284668787,clorindamiranda,105,72284668787,datasciencereality
datasciencereality,67697920694,flukenml,166,67697920694,datasciencereality
datasciencereality,63244671572,kelennaa,148,63244671572,datasciencereality
datasciencereality,63077395611,h88129,228,63077395611,datasciencereality
datasciencereality,63459641288,robin.hood.in,125,63459641288,datasciencereality
datasciencereality,63258182530,saberdogbrand,303,63258182530,datasciencereality
datasciencereality,67651422723,mariiomateoss_,234,67651422723,datasciencereality
datasciencereality,63609696429,shin_dwon,179,63609696429,datasciencereality
datasciencereality,63518035501,davide_in_naples,141,63518035501,datasciencereality
datasciencereality,63304435032,catherine_of_alexandria,149,63304435032,datasciencereality
datasciencereality,63404404106,digbeebee,104,63404404106,datasciencereality
datasciencereality,63130550156,cinnamyspicebarbie,673,63130550156,datasciencereality
datasciencereality,63391365332,chouaib.meramria,107,63391365332,datasciencereality
datasciencereality,63437132460,rodrigophamacher,122,63437132460,datasciencereality
datasciencereality,63303817228,reyazb_18,883,63303817228,datasciencereality
datasciencereality,63566421802,luc_delattre,312,63566421802,datasciencereality
datasciencereality,63278813057,_zheyuu1120,122,63278813057,datasciencereality
datasciencereality,63427979859,akashicconsultantchhabra,689,63427979859,datasciencereality
datasciencereality,63145118923,rekaa_as,206,63145118923,datasciencereality
datasciencereality,63867492409,cristiancuda,112,63867492409,datasciencereality
datasciencereality,64619412047,franciscoperez201310,191,64619412047,datasciencereality
datasciencereality,63446283742,nadiahisham,101,63446283742,datasciencereality
datasciencereality,68983969947,rouhiiiin,147,68983969947,datasciencereality
datasciencereality,63930562371,giacomomurru_,366,63930562371,datasciencereality
64209243639.0,65175142322,sheikhusamaraeex,157,65175142322,marianatechacademy
64209243639.0,63306002364,yolkole,119,63306002364,marianatechacademy
64209243639.0,64108736900,ericgaullier,1094,64108736900,marianatechacademy
64209243639.0,63080782144,ahmed_ezzat_595,114,63080782144,marianatechacademy
64209243639.0,63480616211,rizyafitya,404,63480616211,marianatechacademy
64209243639.0,63264135085,silver_developer1,326,63264135085,marianatechacademy
64209243639.0,63239290981,_yung_mk,1188,63239290981,marianatechacademy
64209243639.0,64144280675,ethicseido,245,64144280675,marianatechacademy
64209243639.0,63950560362,zerosequencenft,573,63950560362,marianatechacademy
64209243639.0,64282526547,cat.baughman,186,64282526547,marianatechacademy
64209243639.0,64321981627,iamcheerag,174,64321981627,marianatechacademy
64209243639.0,64214229689,daniel.wengelin,376,64214229689,marianatechacademy
64209243639.0,64612602735,chc_web_dev,1159,64612602735,marianatechacademy
64209243639.0,63778320546,p_mmugica,863,63778320546,marianatechacademy
64209243639.0,63202263779,ranaasadullahzafar845,125,63202263779,marianatechacademy
64209243639.0,64059611278,boostbeammarketing,582,64059611278,marianatechacademy
64209243639.0,64622594970,jerry_on_code,1215,64622594970,marianatechacademy
64209243639.0,63100427122,rygeltech,129,63100427122,marianatechacademy
64209243639.0,63207927693,webdevmadeeasy,1303,63207927693,marianatechacademy
64209243639.0,64238857272,rakeshjungkhadk_,893,64238857272,marianatechacademy
64209243639.0,63095294104,wiznet_technology,118,63095294104,marianatechacademy
64209243639.0,63051983951,theaffiliatemind,213,63051983951,marianatechacademy
64209243639.0,63928362207,rudzzvidd,323,63928362207,marianatechacademy
64209243639.0,64599749343,ongdevlab,312,64599749343,marianatechacademy
64209243639.0,63249668186,knightblaze_1,121,63249668186,marianatechacademy
64209243639.0,64032141340,tomveugerbusiness,804,64032141340,marianatechacademy
64209243639.0,64695130754,jbsocialstudio,868,64695130754,marianatechacademy
64209243639.0,63474457551,tiltedpixelstudio,3727,63474457551,marianatechacademy
64209243639.0,63095434376,finanzerr,451,63095434376,marianatechacademy
64209243639.0,64608122620,hackzenacademia,126,64608122620,marianatechacademy
64209243639.0,63098014011,we.code_,102,63098014011,marianatechacademy
64209243639.0,64218412557,code_wizard101,528,64218412557,marianatechacademy
64209243639.0,63449606915,mrfinker,337,63449606915,marianatechacademy
64209243639.0,63125871348,nh_smart_designs,253,63125871348,marianatechacademy
64209243639.0,64094116163,millennialficouple,409,64094116163,marianatechacademy
64209243639.0,64474630830,prohorovstory,5430,64474630830,marianatechacademy
64209243639.0,67610520142,koje.development,3246,67610520142,marianatechacademy
64209243639.0,63911272926,ville.imelainen,227,63911272926,marianatechacademy
64209243639.0,67661984913,adam_ai_librae,229,67661984913,marianatechacademy
64209243639.0,64014191820,calmyourfarmgame,1000,64014191820,marianatechacademy
64209243639.0,65466273089,djay_dc,104,65466273089,marianatechacademy
64209243639.0,63127013416,ghostbusta689,313,63127013416,marianatechacademy
64209243639.0,63979228278,dailyrevelation2024,538,63979228278,marianatechacademy
64209243639.0,63435090624,01warrior_dev,361,63435090624,marianatechacademy
64209243639.0,63214527565,jcchurch,362,63214527565,marianatechacademy
64209243639.0,63167071325,aerpula_sai_teja,934,63167071325,marianatechacademy
64209243639.0,63417402086,tom.mcmull,1073,63417402086,marianatechacademy
64209243639.0,63427558118,_1marisa,153,63427558118,marianatechacademy
64209243639.0,63449646627,nevaoktavia,208,63449646627,marianatechacademy
64209243639.0,64215514714,jumarithesweet,752,64215514714,marianatechacademy
64209243639.0,65769376694,affiamoni516,202,65769376694,marianatechacademy
64209243639.0,63091702144,iskakovtimur,401,63091702144,marianatechacademy
64209243639.0,63513968309,aliencultist,677,63513968309,marianatechacademy
64209243639.0,63040006800,amos.fullstack,137,63040006800,marianatechacademy
64209243639.0,63093438565,nawabdera,282,63093438565,marianatechacademy
64209243639.0,63449475733,the7ven7,727,63449475733,marianatechacademy
64209243639.0,65649479180,affiliated.ai.24,112,65649479180,marianatechacademy
64209243639.0,64742224454,babak.abadf,127,64742224454,marianatechacademy
64209243639.0,63277679286,aimedesign_art,155,63277679286,marianatechacademy
64209243639.0,63462905982,moon9112024,593,63462905982,marianatechacademy
64209243639.0,63268674351,dkjackson271,291,63268674351,marianatechacademy
64209243639.0,63422652215,mickey5055,145,63422652215,marianatechacademy
64209243639.0,63226023226,music_ctb,2582,63226023226,marianatechacademy
64209243639.0,64026743382,9_http,107,64026743382,marianatechacademy
64209243639.0,62981142950,odyseano,211,62981142950,marianatechacademy
64209243639.0,63293964170,void_machines,243,63293964170,marianatechacademy
64209243639.0,63244556315,zackrydlangford,586,63244556315,marianatechacademy
64209243639.0,63426410302,jack_josias,378,63426410302,marianatechacademy
64209243639.0,63201339545,r.statusking3536,171,63201339545,marianatechacademy
64209243639.0,63314894351,laulaurentiu_vlad,129,63314894351,marianatechacademy
64209243639.0,63456683040,saurabhnative,969,63456683040,marianatechacademy
64209243639.0,63610568361,nethushars,118,63610568361,marianatechacademy
64209243639.0,64194428153,awesomedoglovers,3953,64194428153,marianatechacademy
64209243639.0,63372799417,bimbimbip90,181,63372799417,marianatechacademy
64209243639.0,63429539375,mr_sidd.cool,516,63429539375,marianatechacademy
64209243639.0,63466160894,gabe.labs,178,63466160894,marianatechacademy
64209243639.0,63066054710,talhajajjvi,280,63066054710,marianatechacademy
64209243639.0,64186825850,gyutae_lim.dev,368,64186825850,marianatechacademy
64209243639.0,63842383823,mauruspinguinus,121,63842383823,marianatechacademy
64209243639.0,63445689537,sheikhwahaj,101,63445689537,marianatechacademy
64209243639.0,63158303357,_ramanand_786_,114,63158303357,marianatechacademy
64209243639.0,63442620417,utkarshdev2411,877,63442620417,marianatechacademy
64209243639.0,63741777416,billionaire.hch_kch,355,63741777416,marianatechacademy
64209243639.0,63805839355,sandro.ieva,1130,63805839355,marianatechacademy
64209243639.0,63337604665,designervoid,109,63337604665,marianatechacademy
64209243639.0,63488610736,regismachado.dev,327,63488610736,marianatechacademy
64209243639.0,67133197604,prostocode1,136,67133197604,marianatechacademy
64209243639.0,63387425457,official_phaqwasi,3247,63387425457,marianatechacademy
64209243639.0,64481205190,halime.graphics,105,64481205190,marianatechacademy
64209243639.0,63288182047,rosekezy,106,63288182047,marianatechacademy
64209243639.0,63377734694,umairconsulting,166,63377734694,marianatechacademy
64209243639.0,63442283145,d._a_v._e,492,63442283145,marianatechacademy
64209243639.0,64809135088,firewareinformatica,126,64809135088,marianatechacademy
64209243639.0,63296653847,singhabhijeet_07,157,63296653847,marianatechacademy
64209243639.0,63442520829,facibussg,1026,63442520829,marianatechacademy
64209243639.0,63390638997,nbktechworld,114,63390638997,marianatechacademy
64209243639.0,63411746928,oberonus,143,63411746928,marianatechacademy
64209243639.0,63458125871,robotsocial.io,164,63458125871,marianatechacademy
64209243639.0,62848811581,randomsadi,161,62848811581,marianatechacademy
64209243639.0,64660011799,mayeddddddddddd,351,64660011799,marianatechacademy
64209243639.0,63093843599,danversflett,373,63093843599,marianatechacademy
64209243639.0,64092081068,_potato_stuff_,174,64092081068,marianatechacademy
64209243639.0,63371229256,gust.avobriones,860,63371229256,marianatechacademy
64209243639.0,64644905387,miseacademy,818,64644905387,marianatechacademy
64209243639.0,63602921330,sourcepotrob,572,63602921330,marianatechacademy
64209243639.0,67105809730,____abhishek_tiwari_,206,67105809730,marianatechacademy
64209243639.0,66374544912,worldtopcomedy,264,66374544912,marianatechacademy
64209243639.0,63299985510,guy_lehenaff,248,63299985510,marianatechacademy
64209243639.0,63566468460,gpm.gm,1068,63566468460,marianatechacademy
64209243639.0,67680609694,vlad.techlead.notes,805,67680609694,marianatechacademy
64209243639.0,63914909500,udarstudio,834,63914909500,marianatechacademy
64209243639.0,63892604140,timosuonpaa,252,63892604140,marianatechacademy
64209243639.0,62825201914,brav0_rnr,460,62825201914,marianatechacademy
64209243639.0,63412004020,thejobsearchagency,2902,63412004020,marianatechacademy
64209243639.0,63079302041,epicvrstudio,123,63079302041,marianatechacademy
64209243639.0,63321640777,oz_keisar,447,63321640777,marianatechacademy
64209243639.0,65399991495,thetruefireguy,2277,65399991495,marianatechacademy
64209243639.0,63421036347,emmpaul28,722,63421036347,marianatechacademy
64209243639.0,63052365229,madflojo,185,63052365229,marianatechacademy
64209243639.0,63475404077,vasveliyadhaval93,145,63475404077,marianatechacademy
64209243639.0,63240798866,hajan_jii,124,63240798866,marianatechacademy
64209243639.0,63310305927,beselfevident,1180,63310305927,marianatechacademy
64209243639.0,63093543508,a1740942002,352,63093543508,marianatechacademy
64209243639.0,65135544843,john.b.hicks,113,65135544843,marianatechacademy
64209243639.0,63551357044,balazsfabiahn,569,63551357044,marianatechacademy
64209243639.0,63655664464,gilmarketing_ir,122,63655664464,marianatechacademy
64209243639.0,63076563219,kaicex,645,63076563219,marianatechacademy
64209243639.0,64147082553,lorenzodalmazzo,896,64147082553,marianatechacademy
64209243639.0,63694926707,hoseinfhii,161,63694926707,marianatechacademy
64209243639.0,64342382308,datasciencewallah,187,64342382308,marianatechacademy
64209243639.0,63097387206,lukas_c_e_c,164,63097387206,marianatechacademy
64209243639.0,63560301886,cepicky__,173,63560301886,marianatechacademy
64209243639.0,63245218702,sajikuttan1997,126,63245218702,marianatechacademy
64209243639.0,63089240348,prakash0,111,63089240348,marianatechacademy
64209243639.0,63577286652,tfeiner,160,63577286652,marianatechacademy
64209243639.0,63060547236,lxxlawliet,3609,63060547236,marianatechacademy
64209243639.0,63082289989,jimdavisnet,1425,63082289989,marianatechacademy
64209243639.0,63287243959,trelawnychris,3008,63287243959,marianatechacademy
64209243639.0,64331638737,ioscribbler,1075,64331638737,marianatechacademy
64209243639.0,64154621683,o_angel98,167,64154621683,marianatechacademy
64209243639.0,63230485722,jonathankjw,312,63230485722,marianatechacademy
64209243639.0,68290389555,heybeefit,164,68290389555,marianatechacademy
64209243639.0,63088467418,smd_chalad,131,63088467418,marianatechacademy
64209243639.0,66246866268,eslamaslah,103,66246866268,marianatechacademy
64209243639.0,63421612103,edrodriguezr,1682,63421612103,marianatechacademy
64209243639.0,63434891574,ux.filippos,473,63434891574,marianatechacademy
64209243639.0,63304564956,analytiqueen,148,63304564956,marianatechacademy
64209243639.0,63418866726,_neelbhatt,108,63418866726,marianatechacademy
64209243639.0,63377613267,pharmd_gomygid,134,63377613267,marianatechacademy
64209243639.0,63885789025,209connect.california,505,63885789025,marianatechacademy
64209243639.0,67569682297,englishandtech,323,67569682297,marianatechacademy
64209243639.0,64088988962,jon_bzt,474,64088988962,marianatechacademy
64209243639.0,62966031737,sincerely_theresa,171,62966031737,marianatechacademy
64209243639.0,64563724200,projet.radial,178,64563724200,marianatechacademy
64209243639.0,63103185790,mr.sn07,233,63103185790,marianatechacademy
64209243639.0,65552778915,thesquaregrid,296,65552778915,marianatechacademy
64209243639.0,64083361148,abalache_salesforce,933,64083361148,marianatechacademy
64209243639.0,65783589570,ravurivunesh,144,65783589570,marianatechacademy
64209243639.0,63051252533,codepixls,2460,63051252533,marianatechacademy
64209243639.0,63298176283,n.jay19,163,63298176283,marianatechacademy
64209243639.0,66263360474,popalshazly,792,66263360474,marianatechacademy
64209243639.0,64630776695,kevinelong,108,64630776695,marianatechacademy
64209243639.0,63303778972,profpivec,1935,63303778972,marianatechacademy
64209243639.0,65550827270,hinata_asahina,111,65550827270,marianatechacademy
64209243639.0,64107711789,adnanminhajian,135,64107711789,marianatechacademy
64209243639.0,65168876455,andyymoraless,182,65168876455,marianatechacademy
64209243639.0,64624908031,espboards,726,64624908031,marianatechacademy
64209243639.0,63065541961,mooncatsrus,2386,63065541961,marianatechacademy
64209243639.0,63883669276,isitdarkness,199,63883669276,marianatechacademy
64209243639.0,63426661648,rapzod_,1156,63426661648,marianatechacademy
64209243639.0,63975566320,dom_tartollo,122,63975566320,marianatechacademy
64209243639.0,63387814312,frogfather63,176,63387814312,marianatechacademy
64209243639.0,63405981464,strotebook,268,63405981464,marianatechacademy
64209243639.0,63294915633,rjthomp1286,609,63294915633,marianatechacademy
64209243639.0,63869868179,michieldelaet500000,1200,63869868179,marianatechacademy
64209243639.0,63466292043,mr_vinod_.vini,196,63466292043,marianatechacademy
64209243639.0,64675359307,mimi.voynova,177,64675359307,marianatechacademy
64209243639.0,63396014345,sharry___saini,153,63396014345,marianatechacademy
64209243639.0,63218980397,jay_maheshwarii,122,63218980397,marianatechacademy
64209243639.0,63087421098,keith.ocitti,292,63087421098,marianatechacademy
64209243639.0,63429153701,iammcqwory,832,63429153701,marianatechacademy
64209243639.0,63403883676,manuvaglez,151,63403883676,marianatechacademy
64209243639.0,63294395810,macjawny,182,63294395810,marianatechacademy
64209243639.0,64405574776,sailordigital,206,64405574776,marianatechacademy
64209243639.0,64666343007,sihab.uddin.12720,261,64666343007,marianatechacademy
64209243639.0,63564029110,anamiguel858,250,63564029110,marianatechacademy
64209243639.0,63742149171,hoc.tieng.anh.moi.ngay,5488,63742149171,marianatechacademy
64209243639.0,63092679080,cristianohanselmo,125,63092679080,marianatechacademy
64209243639.0,63433265124,kirancreativ,158,63433265124,marianatechacademy
64209243639.0,64516129245,0xsyfer,566,64516129245,marianatechacademy
64209243639.0,63377525734,ryan_kneeland,113,63377525734,marianatechacademy
64209243639.0,65852237841,_captain_7_qb,210,65852237841,marianatechacademy
64209243639.0,64219068357,dezamitsvivi,269,64219068357,marianatechacademy
64209243639.0,64266116124,studionamepending,679,64266116124,marianatechacademy
64209243639.0,63443798601,_arifjan,124,63443798601,marianatechacademy
64209243639.0,63091822506,koshuang,1347,63091822506,marianatechacademy
64209243639.0,63484994541,granticusmaxly,431,63484994541,marianatechacademy
64209243639.0,65650842975,shantanu_kaushik21,117,65650842975,marianatechacademy
64209243639.0,63916867637,luxochainofficial,589,63916867637,marianatechacademy
64209243639.0,63484168231,ivan_smartly,254,63484168231,marianatechacademy
64209243639.0,63445714600,ianujvarshney,1564,63445714600,marianatechacademy
64209243639.0,63078223951,b.ik.e_fr.e.ak_2.1,130,63078223951,marianatechacademy
64209243639.0,63896379039,georgi.n.kostov,229,63896379039,marianatechacademy
64209243639.0,63120950343,parishdomi_,122,63120950343,marianatechacademy
64209243639.0,63576124083,vincenzoracca_dev,833,63576124083,marianatechacademy
64209243639.0,64618340333,cris_collectors,121,64618340333,marianatechacademy
64209243639.0,65919965081,tmon3y4real,408,65919965081,marianatechacademy
64209243639.0,65468745957,moraxshelf,133,65468745957,marianatechacademy
64209243639.0,63072665775,ohpointybirb,843,63072665775,marianatechacademy
64209243639.0,63276919731,talktogrt,383,63276919731,marianatechacademy
64209243639.0,65675012630,joenr76,131,65675012630,marianatechacademy
64209243639.0,63124923288,cristiano_web.dev,104,63124923288,marianatechacademy
64209243639.0,63107691372,nick_whitman1211,144,63107691372,marianatechacademy
64209243639.0,63439442099,neha_kule,124,63439442099,marianatechacademy
64209243639.0,63442071727,mahdisaleh.kfj,110,63442071727,marianatechacademy
64209243639.0,63295728515,prakharshikhar111,112,63295728515,marianatechacademy
64209243639.0,63442684354,goesdev,179,63442684354,marianatechacademy
64209243639.0,63306426767,kk_anushka_sandaruwan,303,63306426767,marianatechacademy
64209243639.0,64344391239,the_real_trainatm,2609,64344391239,marianatechacademy
64209243639.0,63405997999,peju_e,141,63405997999,marianatechacademy
64209243639.0,63421178252,daniquewebdesigner,133,63421178252,marianatechacademy
64209243639.0,65928669443,ckuecitq,792,65928669443,marianatechacademy
64209243639.0,63249041074,i_wardaah,144,63249041074,marianatechacademy
64209243639.0,64257897062,gravity.designer,111,64257897062,marianatechacademy
64209243639.0,63293779843,the.community.heroes,3778,63293779843,marianatechacademy
64209243639.0,63413427717,tilenfilms,223,63413427717,marianatechacademy
64209243639.0,63440221571,hixeta,175,63440221571,marianatechacademy
64209243639.0,63656161185,webworthindia,104,63656161185,marianatechacademy
64209243639.0,67059242481,gimhyojin6202,861,67059242481,marianatechacademy
64209243639.0,64171197345,simpleapi.app,1026,64171197345,marianatechacademy
64209243639.0,63411191048,imjoseitoh,310,63411191048,marianatechacademy
64209243639.0,63876612342,fromcoach.sandrobilobrk,660,63876612342,marianatechacademy
64209243639.0,63068492236,abdul__rahmman,119,63068492236,marianatechacademy
64209243639.0,63078754345,farhanmunirphotography,451,63078754345,marianatechacademy
64209243639.0,63391319456,anthony_faria,3326,63391319456,marianatechacademy
64209243639.0,63908548213,spyros.langos,754,63908548213,marianatechacademy
64209243639.0,64384623706,safiullah7,140,64384623706,marianatechacademy
64209243639.0,63284982536,samoya_.xx,305,63284982536,marianatechacademy
64209243639.0,63166726219,davomistae,213,63166726219,marianatechacademy
64209243639.0,63033806814,h0f_y,142,63033806814,marianatechacademy
64209243639.0,64265400255,josh.mcintyree,110,64265400255,marianatechacademy
64209243639.0,63372447061,laxmanndhotre,604,63372447061,marianatechacademy
64209243639.0,63883323998,webdev.abhilashrana,874,63883323998,marianatechacademy
64209243639.0,65143564694,sukrutassociates,562,65143564694,marianatechacademy
64209243639.0,63701953412,lucasswed,156,63701953412,marianatechacademy
64209243639.0,63073629333,obie_ellmoos,1138,63073629333,marianatechacademy
64209243639.0,63564701071,mitch_bataller,2120,63564701071,marianatechacademy
64209243639.0,63959570468,learning_with_u_o,277,63959570468,marianatechacademy
64209243639.0,65639748888,vahid_khan_000,106,65639748888,marianatechacademy
64209243639.0,63253083821,orlowson,123,63253083821,marianatechacademy
64209243639.0,63432207406,zachery.delong,177,63432207406,marianatechacademy
64209243639.0,64381451741,chrisnelly71,2252,64381451741,marianatechacademy
64209243639.0,63259828104,mikenol3759,141,63259828104,marianatechacademy
64209243639.0,63505673219,michaelbrooksuk,950,63505673219,marianatechacademy
64209243639.0,63559765124,anilardiccom,135,63559765124,marianatechacademy
64209243639.0,64028599163,kibibyte10,123,64028599163,marianatechacademy
64209243639.0,65920645871,kopotakkho_electronics_,465,65920645871,marianatechacademy
64209243639.0,67090192172,aaron_omedi,143,67090192172,marianatechacademy
64209243639.0,63267443069,datainger_,390,63267443069,marianatechacademy
64209243639.0,63849615279,foziaqadir8,504,63849615279,marianatechacademy
64209243639.0,63222551737,liampassion,192,63222551737,marianatechacademy
64209243639.0,65527196680,amaalnapil1,218,65527196680,marianatechacademy
64209243639.0,64814664936,samirariahi2000,5441,64814664936,marianatechacademy
64209243639.0,64128376992,ayush_r.jain,101,64128376992,marianatechacademy
64209243639.0,63086912689,abhishekmdb,292,63086912689,marianatechacademy
64209243639.0,63901890345,johanna_fng,201,63901890345,marianatechacademy
64209243639.0,64658334929,billie_bron99_music,121,64658334929,marianatechacademy
64209243639.0,63227550823,delajour,659,63227550823,marianatechacademy
64209243639.0,63431635779,peachezprogramming,2786,63431635779,marianatechacademy
64209243639.0,63067083067,shoulders_not_knees,1040,63067083067,marianatechacademy
64209243639.0,65203305658,seospecialistsujon,2147,65203305658,marianatechacademy
64209243639.0,65144617815,amadou_guiss,114,65144617815,marianatechacademy
64209243639.0,63281868810,tech_blast_webdev,218,63281868810,marianatechacademy
64209243639.0,64752355022,wright_gadgets_zimbabwe,293,64752355022,marianatechacademy
64209243639.0,66305489316,bell__games,1125,66305489316,marianatechacademy
64209243639.0,63439288531,todie.io,2265,63439288531,marianatechacademy
64209243639.0,63911096453,pabpereza,263,63911096453,marianatechacademy
64209243639.0,63460265692,farahikrambhatti,192,63460265692,marianatechacademy
64209243639.0,63388780246,datasimplifier,18087,63388780246,marianatechacademy
64209243639.0,63059804021,lumbanso7,107,63059804021,marianatechacademy
64209243639.0,63275837825,rigo_gregorio_,6565,63275837825,marianatechacademy
64209243639.0,66259573232,silvino9944,267,66259573232,marianatechacademy
64209243639.0,63061838716,bfvmansamusa630,493,63061838716,marianatechacademy
64209243639.0,67988437364,techgoddesses,648,67988437364,marianatechacademy
64209243639.0,63062099736,salman_ahmad985,130,63062099736,marianatechacademy
64209243639.0,66538546830,niilkutthiraakaas,218,66538546830,marianatechacademy
64209243639.0,63247705110,sheikhakatototv,3282,63247705110,marianatechacademy
64209243639.0,63248449618,moutansos,772,63248449618,marianatechacademy
64209243639.0,63363719353,haithemaouabed,2079,63363719353,marianatechacademy
64209243639.0,63395211321,hikenthanthony,144,63395211321,marianatechacademy
64209243639.0,64087676556,cyberfreak_1408,168,64087676556,marianatechacademy
64209243639.0,63512273908,fabiocastanho.pt,177,63512273908,marianatechacademy
64209243639.0,63615456351,rehatalyemen,629,63615456351,marianatechacademy
64209243639.0,63318200324,tarishahmed,172,63318200324,marianatechacademy
64209243639.0,63400433911,fransiskushutagalung_,105,63400433911,marianatechacademy
64209243639.0,63455520320,paulyandnukhas,540,63455520320,marianatechacademy
64209243639.0,63254454346,neris_vai,704,63254454346,marianatechacademy
64209243639.0,63224374987,aitoolskit__,127,63224374987,marianatechacademy
64209243639.0,63384512222,danielstanica10,482,63384512222,marianatechacademy
64209243639.0,64258845663,jose_raul_gil,139,64258845663,marianatechacademy
64209243639.0,63941795007,boyaniliev,162,63941795007,marianatechacademy
64209243639.0,63253082233,makefish.work,2847,63253082233,marianatechacademy
64209243639.0,63430585196,iam__sree_shanth_,153,63430585196,marianatechacademy
64209243639.0,66815179262,life_agile_coach,244,66815179262,marianatechacademy
64209243639.0,63079718752,1kingvaps,1083,63079718752,marianatechacademy
64209243639.0,68004927414,amira_riahii,158,68004927414,marianatechacademy
64209243639.0,63676599712,pepevalls96,129,63676599712,marianatechacademy
64209243639.0,64014284125,kaydeegermany,117,64014284125,marianatechacademy
64209243639.0,64041921650,officialdaleanderson,3313,64041921650,marianatechacademy
64209243639.0,63450849626,andrew_f_butler,255,63450849626,marianatechacademy
64209243639.0,63461601984,vitaliy__dyachenko,194,63461601984,marianatechacademy
64209243639.0,63244023743,ei_ikraam,699,63244023743,marianatechacademy
64209243639.0,64123689744,_msaura,135,64123689744,marianatechacademy
64209243639.0,63644408442,sakeeb.rahman,230,63644408442,marianatechacademy
64209243639.0,63780521020,attia_alii,1161,63780521020,marianatechacademy
64209243639.0,63627153394,reni.bosh,141,63627153394,marianatechacademy
64209243639.0,62972494842,elitsa_krumova,646,62972494842,marianatechacademy
64209243639.0,65499848977,_______atman_______________,102,65499848977,marianatechacademy
64209243639.0,63063269517,hectortriana1204,131,63063269517,marianatechacademy
64209243639.0,65069362043,saawan_1309_,101,65069362043,marianatechacademy
64209243639.0,63902665979,dealmeidach_,467,63902665979,marianatechacademy
64209243639.0,63094209386,liliabeee,4426,63094209386,marianatechacademy
64209243639.0,63071055566,the_david_jiang,2250,63071055566,marianatechacademy
64209243639.0,63235607691,ab_gandhi,119,63235607691,marianatechacademy
64209243639.0,63415414468,catarinax7,23426,63415414468,marianatechacademy
64209243639.0,63075131426,dev_art6403,1084,63075131426,marianatechacademy
64209243639.0,63436336449,bitorsic,101,63436336449,marianatechacademy
64209243639.0,63564340958,seyficinema,225,63564340958,marianatechacademy
64209243639.0,63764064035,mirotammi,279,63764064035,marianatechacademy
64209243639.0,63255770361,paulmoreira_,2220,63255770361,marianatechacademy
64209243639.0,63312481058,laura_k_umma,662,63312481058,marianatechacademy
64209243639.0,67754785395,intfachi,2667,67754785395,marianatechacademy
64209243639.0,65662363547,codercruising,278,65662363547,marianatechacademy
64209243639.0,63439373667,xorla__li,153,63439373667,marianatechacademy
64209243639.0,63267006065,paolozu,119,63267006065,marianatechacademy
64209243639.0,63456152975,charanthongchamrat_2,398,63456152975,marianatechacademy
64209243639.0,64813096158,nannuessle,120,64813096158,marianatechacademy
64209243639.0,64664883769,hjinfotech,231,64664883769,marianatechacademy
64209243639.0,63857582374,sincorchetes,1917,63857582374,marianatechacademy
64209243639.0,63396719207,diarahmaulia,176,63396719207,marianatechacademy
64209243639.0,63409445576,auliaamir153,377,63409445576,marianatechacademy
64209243639.0,63130739291,mohammedelmouissi1,102,63130739291,marianatechacademy
64209243639.0,63045135480,mrdanishsaleem,166,63045135480,marianatechacademy
64209243639.0,63270849468,cantiswpg,641,63270849468,marianatechacademy
64209243639.0,63941815157,juyomo,547,63941815157,marianatechacademy
64209243639.0,64767790043,andy987732,377,64767790043,marianatechacademy
64209243639.0,62862143813,aotb.podcast,3010,62862143813,marianatechacademy
64209243639.0,63387343277,james_xplore,109,63387343277,marianatechacademy
64209243639.0,63930448992,chinnavenkateshkona,162,63930448992,marianatechacademy
64209243639.0,63395644510,3alaa,117,63395644510,marianatechacademy
64209243639.0,64132452334,tiara_m17,268,64132452334,marianatechacademy
64209243639.0,63100113436,tangminhanh,342,63100113436,marianatechacademy
64209243639.0,63406851008,h3xify,285,63406851008,marianatechacademy
64209243639.0,63440188947,buddys_auto_detailing,678,63440188947,marianatechacademy
64209243639.0,65324697455,fariajuniorlopes,3037,65324697455,marianatechacademy
64209243639.0,68359898135,madeia_,153,68359898135,marianatechacademy
64209243639.0,63941481901,_____itz__pradip__mr_______,260,63941481901,marianatechacademy
64209243639.0,63104867474,refaat_alkh,1144,63104867474,marianatechacademy
64209243639.0,63063093280,crucialj,396,63063093280,marianatechacademy
64209243639.0,63080897879,chantebennettt,256,63080897879,marianatechacademy
64209243639.0,66175110713,yorlysoro,110,66175110713,marianatechacademy
64209243639.0,63427579409,arthur._.kings,172,63427579409,marianatechacademy
64209243639.0,63443842320,p39mom,129,63443842320,marianatechacademy
64209243639.0,65556183138,moyousryabouelhoda,205,65556183138,marianatechacademy
64209243639.0,65573318388,astua_29,141,65573318388,marianatechacademy
64209243639.0,63059054208,ahmad_pedram_ahmadi,136,63059054208,marianatechacademy
64209243639.0,63603512903,laxmi.pant_10,147,63603512903,marianatechacademy
64209243639.0,63262869573,lorenzodanzieri,1561,63262869573,marianatechacademy
64209243639.0,63059286452,quantumbeingnow,1574,63059286452,marianatechacademy
64209243639.0,63469092535,data_barbs,917,63469092535,marianatechacademy
64209243639.0,63046180504,christiansotelo,296,63046180504,marianatechacademy
64209243639.0,63846663696,dann_iielll_,3058,63846663696,marianatechacademy
64209243639.0,65777917527,trung.ger.many,173,65777917527,marianatechacademy
64209243639.0,63278830065,andrea.fsy,378,63278830065,marianatechacademy
64209243639.0,63361105260,siincerity,638,63361105260,marianatechacademy
64209243639.0,65882970676,marco.mendao,342,65882970676,marianatechacademy
64209243639.0,63507768605,leordalben,101,63507768605,marianatechacademy
64209243639.0,63907253425,colasnaudi,646,63907253425,marianatechacademy
64209243639.0,64964184723,mathias_boje_,240,64964184723,marianatechacademy
64209243639.0,63435926560,hanaan.me,141,63435926560,marianatechacademy
64209243639.0,63558245174,niwre.cc,681,63558245174,marianatechacademy
64209243639.0,63323576636,sidiyoussef_amarzou,122,63323576636,marianatechacademy
64209243639.0,63906354120,bruno.grou,243,63906354120,marianatechacademy
64209243639.0,63312505982,snapsteel_1on1,816,63312505982,marianatechacademy
64209243639.0,64651964044,anushrya.s,441,64651964044,marianatechacademy
64209243639.0,63371858368,hisgracespeak_,114,63371858368,marianatechacademy
64209243639.0,63251043060,louis.builds.ai.agents,228,63251043060,marianatechacademy
64209243639.0,63402757319,__aldo_m87,121,63402757319,marianatechacademy
64209243639.0,63230883494,vubiz,1046,63230883494,marianatechacademy
64209243639.0,65152870877,bonafidejuridischmaatwerk,156,65152870877,marianatechacademy
64209243639.0,64325687826,sheldon_ouma_004,470,64325687826,marianatechacademy
64209243639.0,63261687502,hugoinnovus,288,63261687502,marianatechacademy
64209243639.0,63388186701,honoredcodes,206,63388186701,marianatechacademy
64209243639.0,63628088910,traveleira,2632,63628088910,marianatechacademy
64209243639.0,63278670573,luc_constantin,801,63278670573,marianatechacademy
64209243639.0,63248659002,barazbay,192,63248659002,marianatechacademy
64209243639.0,63461267640,neeksxla,537,63461267640,marianatechacademy
64209243639.0,63085341103,mahdi_fersi,113,63085341103,marianatechacademy
64209243639.0,63255443259,xxprincesshayley29xx,669,63255443259,marianatechacademy
64209243639.0,63473683043,diethercalica,708,63473683043,marianatechacademy
64209243639.0,63311298967,mojo2o,176,63311298967,marianatechacademy
64209243639.0,63067772274,junjaeu_,290,63067772274,marianatechacademy
64209243639.0,65190830827,el_vis.75,111,65190830827,marianatechacademy
64209243639.0,64656470576,koszula2502,226,64656470576,marianatechacademy
64209243639.0,63236822489,sourabh_verma.05,107,63236822489,marianatechacademy
64209243639.0,63384295750,vatchethorossian,152,63384295750,marianatechacademy
64209243639.0,63413774615,jenshen89,106,63413774615,marianatechacademy
64209243639.0,66569478914,unik_unni,150,66569478914,marianatechacademy
64209243639.0,63873223499,_chronos_42,153,63873223499,marianatechacademy
64209243639.0,66858107774,iagogspr,164,66858107774,marianatechacademy
64209243639.0,65809957944,dianalee_ai,159,65809957944,marianatechacademy
64209243639.0,63571157377,piakiviranta,960,63571157377,marianatechacademy
64209243639.0,63067654230,namelesssnerd,200,63067654230,marianatechacademy
64209243639.0,63218276935,rahmahamada669,150,63218276935,marianatechacademy
64209243639.0,63634104748,nico_creates,156,63634104748,marianatechacademy
64209243639.0,63036183915,kiranraje_2803,131,63036183915,marianatechacademy
64209243639.0,63393855239,fatmee.islam,1777,63393855239,marianatechacademy
64209243639.0,63261318666,merenwenz,415,63261318666,marianatechacademy
64209243639.0,64432615197,aya_mourrou,7286,64432615197,marianatechacademy
64209243639.0,63438855378,mehrad_25s,1731,63438855378,marianatechacademy
64209243639.0,64423462181,__doraadoo7,183,64423462181,marianatechacademy
64209243639.0,64562300039,khaled_dado,139,64562300039,marianatechacademy
64209243639.0,63479538931,enugala,173,63479538931,marianatechacademy
64209243639.0,63282487234,gaston.alvare,397,63282487234,marianatechacademy
64209243639.0,64624142709,yosoyelcore,203,64624142709,marianatechacademy
64209243639.0,64028254385,travelcodingninja,3877,64028254385,marianatechacademy
64209243639.0,63242583145,hanacodesxo,337,63242583145,marianatechacademy
64209243639.0,63515355508,monikagoossens,370,63515355508,marianatechacademy
64209243639.0,63232727802,thehoopersvoice,1641,63232727802,marianatechacademy
64209243639.0,63245889758,underratedcoder,883,63245889758,marianatechacademy
64209243639.0,63104118765,markhorner,2748,63104118765,marianatechacademy
64209243639.0,66522272512,winbuzzer,615,66522272512,marianatechacademy
64209243639.0,63483976725,kajalldream,20543,63483976725,marianatechacademy
64209243639.0,63477584781,gusgitapurnama,1022,63477584781,marianatechacademy
64209243639.0,63162615339,jimmyxan27,333,63162615339,marianatechacademy
64209243639.0,63276372571,mlt.picz,221,63276372571,marianatechacademy
64209243639.0,63490177745,nastaran_motiee,203,63490177745,marianatechacademy
64209243639.0,67405781533,saklabhshivaji,428,67405781533,marianatechacademy
64209243639.0,64024955970,sotiris.glastris,108,64024955970,marianatechacademy
64209243639.0,63429430701,abdiwho,694,63429430701,marianatechacademy
64209243639.0,63086506125,_ag23__,269,63086506125,marianatechacademy
64209243639.0,63256450297,divash_tuladhar,131,63256450297,marianatechacademy
64209243639.0,63096284280,hossaimdmosharaf,5334,63096284280,marianatechacademy
64209243639.0,63053390469,themujerpoderosa,176,63053390469,marianatechacademy
64209243639.0,63407243792,null_value_user,118,63407243792,marianatechacademy
64209243639.0,63505525112,elogeeloscott,113,63505525112,marianatechacademy
64209243639.0,63298533586,krzyvy,134,63298533586,marianatechacademy
64209243639.0,63053860582,wilsworld54,1034,63053860582,marianatechacademy
64209243639.0,63717937015,lisy_model,4003,63717937015,marianatechacademy
64209243639.0,63472913286,edlinkiii,267,63472913286,marianatechacademy
64209243639.0,64911655999,j.codesfullstack,3505,64911655999,marianatechacademy
64209243639.0,65282753385,iamgbutovf,262,65282753385,marianatechacademy
64209243639.0,65126686102,akanxaaa_._,117,65126686102,marianatechacademy
64209243639.0,63876269851,croitorgheorghita,1503,63876269851,marianatechacademy
64209243639.0,63375830625,ivalin_visaipalagai,678,63375830625,marianatechacademy
64209243639.0,63050655331,yash_makavana,250,63050655331,marianatechacademy
64209243639.0,63251737750,ouijesuist,2561,63251737750,marianatechacademy
64209243639.0,63070884277,joeyseye,2773,63070884277,marianatechacademy
64209243639.0,63891565515,meroni.dev,503,63891565515,marianatechacademy
64209243639.0,64652961388,wenghebero,1006,64652961388,marianatechacademy
64209243639.0,63408694069,atanas.dim,164,63408694069,marianatechacademy
64209243639.0,63277356319,akii_j_chauhan,107,63277356319,marianatechacademy
64209243639.0,63448851706,mathzdev,512,63448851706,marianatechacademy
64209243639.0,63037471008,iamvatsalpatel,151,63037471008,marianatechacademy
64209243639.0,63402908701,haseeb_anwarrr,107,63402908701,marianatechacademy
64209243639.0,63457912826,alanabeautyuk,198,63457912826,marianatechacademy
64209243639.0,64885736498,julianamenesesh,107,64885736498,marianatechacademy
64209243639.0,64103325195,imported_collexion,1895,64103325195,marianatechacademy
64209243639.0,63299400324,hamoutyy_,288,63299400324,marianatechacademy
64209243639.0,63262241104,abhinavjha2812,157,63262241104,marianatechacademy
64209243639.0,64100257679,exnihilo.creations,10162,64100257679,marianatechacademy
64209243639.0,63427366412,g_furnieles,116,63427366412,marianatechacademy
64209243639.0,63309800356,alansaldivar87,324,63309800356,marianatechacademy
64209243639.0,64099276673,dj_tempox,907,64099276673,marianatechacademy
64209243639.0,64574266715,borjitadelatorre,490,64574266715,marianatechacademy
64209243639.0,63432198215,ldvidh,134,63432198215,marianatechacademy
64209243639.0,63399164021,opnotmusic,894,63399164021,marianatechacademy
64209243639.0,63096823032,aubreyallenthomas,362,63096823032,marianatechacademy
64209243639.0,63927293467,ivanovicmarko5,123,63927293467,marianatechacademy
64209243639.0,64870097777,braydon.ww,168,64870097777,marianatechacademy
64209243639.0,63409439989,neji_benzarti_,324,63409439989,marianatechacademy
64209243639.0,63443789225,amrizarkasih,1089,63443789225,marianatechacademy
64209243639.0,63429179340,superadvicenz,1652,63429179340,marianatechacademy
64209243639.0,64638689446,weasttechnology,154,64638689446,marianatechacademy
64209243639.0,63144820793,shino_0910tw,122,63144820793,marianatechacademy
64209243639.0,63908465327,gianpav91,223,63908465327,marianatechacademy
64209243639.0,64616826114,rahuddev,414,64616826114,marianatechacademy
64209243639.0,63133553540,_gby.a,108,63133553540,marianatechacademy
64209243639.0,63048527331,rm.mvs,143,63048527331,marianatechacademy
64209243639.0,64687748089,filip_strozik,431,64687748089,marianatechacademy
64209243639.0,63915865369,grizzlycharly,243,63915865369,marianatechacademy
64209243639.0,63100950929,3ddiie_,451,63100950929,marianatechacademy
64209243639.0,63323494375,faustinoalexandre,121,63323494375,marianatechacademy
64209243639.0,63978291437,franciscoj_williams,144,63978291437,marianatechacademy
64209243639.0,63147903021,faustoposso_,141,63147903021,marianatechacademy
64209243639.0,63285947660,seth.nuzum,2049,63285947660,marianatechacademy
64209243639.0,63472136811,iammedorri,188,63472136811,marianatechacademy
64209243639.0,63446928740,manuella_azzi,3876,63446928740,marianatechacademy
64209243639.0,63444274582,_taaaatx,145,63444274582,marianatechacademy
64209243639.0,63079011554,michaelkisanga,151,63079011554,marianatechacademy
64209243639.0,63129629221,cidcleyschmitt,263,63129629221,marianatechacademy
64209243639.0,63876360726,tonywhocodes,145,63876360726,marianatechacademy
64209243639.0,63224325553,stephenarice,158,63224325553,marianatechacademy
64209243639.0,63257280715,mohamedwahba10,138,63257280715,marianatechacademy
64209243639.0,63720978902,iamadagostino,250,63720978902,marianatechacademy
64209243639.0,64130016358,angelmolinalaguna,641,64130016358,marianatechacademy
64209243639.0,63944598111,albertomur1996,170,63944598111,marianatechacademy
64209243639.0,63385123939,kish_ml,867,63385123939,marianatechacademy
64209243639.0,65137830208,radka_hassaine,172,65137830208,marianatechacademy
64209243639.0,63390607275,theprinceshanto,1278,63390607275,marianatechacademy
64209243639.0,63433316240,mydog_is_eraser,261,63433316240,marianatechacademy
64209243639.0,64573633531,coder_life98,142,64573633531,marianatechacademy
64209243639.0,63087363851,akash.marketing_,4743,63087363851,marianatechacademy
64209243639.0,63470648531,majorbenbo,367,63470648531,marianatechacademy
64209243639.0,63615570848,thegambill,300,63615570848,marianatechacademy
64209243639.0,64407165628,manglam_shubham,136,64407165628,marianatechacademy
64209243639.0,63130366979,soniia.g2,188,63130366979,marianatechacademy
64209243639.0,63294650670,habibasherif_04,255,63294650670,marianatechacademy
64209243639.0,63277741249,pro2exceliacrypto,25170,63277741249,marianatechacademy
64209243639.0,66359836547,nehakevat336,466,66359836547,marianatechacademy
64209243639.0,63097134937,angellroyal,134,63097134937,marianatechacademy
64209243639.0,63104300726,5heraar,856,63104300726,marianatechacademy
64209243639.0,63239374462,tamerlzein,141,63239374462,marianatechacademy
64209243639.0,63100880722,angelmayma,149,63100880722,marianatechacademy
64209243639.0,64006172394,rubenoliveira.27,1279,64006172394,marianatechacademy
64209243639.0,63247234305,at.landis,228,63247234305,marianatechacademy
64209243639.0,63539862872,joakpapa,354,63539862872,marianatechacademy
64209243639.0,63276957909,abi_prosper,131,63276957909,marianatechacademy
64209243639.0,63899258531,jayrowithay,124,63899258531,marianatechacademy
64209243639.0,63443230716,_m0ns_,108,63443230716,marianatechacademy
64209243639.0,63237298058,willwalton.1,537,63237298058,marianatechacademy
64209243639.0,63029046699,stefania_galazzo,122,63029046699,marianatechacademy
64209243639.0,63232670261,gheyath_alobaidi,164,63232670261,marianatechacademy
64209243639.0,63805776733,cyberjednorog,226,63805776733,marianatechacademy
64209243639.0,63678391809,niun68,558,63678391809,marianatechacademy
64209243639.0,63085628848,shkofaraj,102,63085628848,marianatechacademy
64209243639.0,63717993012,jo__ca,163,63717993012,marianatechacademy
64209243639.0,63519921170,hwsiu147,179,63519921170,marianatechacademy
64209243639.0,68309919562,anokyemiller,298,68309919562,marianatechacademy
64209243639.0,63575323173,empereursdd,1112,63575323173,marianatechacademy
64209243639.0,63099129614,dimitarslezenkovski,146,63099129614,marianatechacademy
64209243639.0,63399069242,beulah.the.elephant,136,63399069242,marianatechacademy
64209243639.0,67581745055,sufia_silva,136,67581745055,marianatechacademy
64209243639.0,63237302647,house0fsuccess,1793,63237302647,marianatechacademy
64209243639.0,63392062349,itawaiian,217,63392062349,marianatechacademy
64209243639.0,64595397654,dapcaso,289,64595397654,marianatechacademy
64209243639.0,63947503207,h9mde_,156,63947503207,marianatechacademy
64209243639.0,63341714571,hold_up,215,63341714571,marianatechacademy
64209243639.0,66495960258,marketaempire,704,66495960258,marianatechacademy
64209243639.0,63410607506,tweekdev,1674,63410607506,marianatechacademy
64209243639.0,68035590993,milo_xylotto,104,68035590993,marianatechacademy
64209243639.0,63277007224,nazareno.lazarte,3133,63277007224,marianatechacademy
64209243639.0,63408141325,kj_teck,134,63408141325,marianatechacademy
64209243639.0,63142692881,el_goold,180,63142692881,marianatechacademy
64209243639.0,63284867775,santiarano,310,63284867775,marianatechacademy
64209243639.0,63858430629,krysienka321,494,63858430629,marianatechacademy
64209243639.0,63475530135,junghoonkay,245,63475530135,marianatechacademy
64209243639.0,63623576824,aveshostgh,1986,63623576824,marianatechacademy
64209243639.0,63432800904,geemoni,392,63432800904,marianatechacademy
64209243639.0,64722305395,mothwa__,149,64722305395,marianatechacademy
64209243639.0,63280169375,__ash.iq__,103,63280169375,marianatechacademy
64209243639.0,63177995858,daleyjaz,210,63177995858,marianatechacademy
64209243639.0,63685266714,msabotti,140,63685266714,marianatechacademy
64209243639.0,63446498907,roarjmckay,1229,63446498907,marianatechacademy
64209243639.0,63075997568,ettiennevdmerwe,108,63075997568,marianatechacademy
64209243639.0,63447775058,dadp007,237,63447775058,marianatechacademy
64209243639.0,63257956522,enguerranmeens,648,63257956522,marianatechacademy
64209243639.0,63438666804,samson__ola,154,63438666804,marianatechacademy
64209243639.0,64598168804,mattfiford,909,64598168804,marianatechacademy
64209243639.0,67014105888,shahid_anwar001,1084,67014105888,marianatechacademy
64209243639.0,63383959938,bapc__,212,63383959938,marianatechacademy
64209243639.0,63335752195,berbery54,114,63335752195,marianatechacademy
64209243639.0,63449802451,_.icahgnexxi._,355,63449802451,marianatechacademy
64209243639.0,63435795618,sl535336,119,63435795618,marianatechacademy
64209243639.0,63057358068,attihha,871,63057358068,marianatechacademy
64209243639.0,65575825033,untalyei,183,65575825033,marianatechacademy
64209243639.0,66353662840,diogosousavc,128,66353662840,marianatechacademy
64209243639.0,63069495716,jemessonlima,170,63069495716,marianatechacademy
64209243639.0,63243292672,alex_milo27,124,63243292672,marianatechacademy
64209243639.0,63403560628,boscamarius,287,63403560628,marianatechacademy
64209243639.0,63410115617,dezz_known,155,63410115617,marianatechacademy
64209243639.0,63569803588,pexanhlacay,1968,63569803588,marianatechacademy
64209243639.0,63128605665,dezintegro,3017,63128605665,marianatechacademy
64209243639.0,63423300241,mohammad_albdiwi_,136,63423300241,marianatechacademy
64209243639.0,63441544514,leo.yang.77777,5188,63441544514,marianatechacademy
64209243639.0,63840009573,elmiloudi.hassan,560,63840009573,marianatechacademy
64209243639.0,63281125211,dr.leandro_,1206,63281125211,marianatechacademy
64209243639.0,63281021490,itsmora__,275,63281021490,marianatechacademy
64209243639.0,63082964086,rufiknows.jc,131,63082964086,marianatechacademy
64209243639.0,63446425066,ronniekasule_,316,63446425066,marianatechacademy
64209243639.0,64700477067,debbbbonair,108,64700477067,marianatechacademy
64209243639.0,63412267957,_ishalt_,290,63412267957,marianatechacademy
64209243639.0,63270203980,patrickrodrigues__,201,63270203980,marianatechacademy
64209243639.0,63081749161,rose.margauxx,1201,63081749161,marianatechacademy
64209243639.0,63264126201,aloisio_s.a,171,63264126201,marianatechacademy
64209243639.0,63389038800,calbundy,304,63389038800,marianatechacademy
64209243639.0,63394176284,marcelloj.silva,175,63394176284,marianatechacademy
64209243639.0,64325757191,meunomeemarii,115,64325757191,marianatechacademy
64209243639.0,63229121742,sarahlonegro,115,63229121742,marianatechacademy
64209243639.0,63295536324,reugabszy,1202,63295536324,marianatechacademy
64209243639.0,63383158547,dheerajkr.777,569,63383158547,marianatechacademy
64209243639.0,63224476184,rick.haines.965,101,63224476184,marianatechacademy
64209243639.0,64612354641,lorenzini_jp,157,64612354641,marianatechacademy
64209243639.0,63424868063,nikolay_osnach,441,63424868063,marianatechacademy
64209243639.0,63441186507,titecurtis,121,63441186507,marianatechacademy
64209243639.0,63990407893,yelygalindo,168,63990407893,marianatechacademy
64209243639.0,63435486090,theahmedabdelhafeez,145,63435486090,marianatechacademy
64209243639.0,63428212531,siddanth_adiga,171,63428212531,marianatechacademy
64209243639.0,63361583526,hellenic_tv,727,63361583526,marianatechacademy
64209243639.0,65915824001,thisisdrabo,677,65915824001,marianatechacademy
64209243639.0,64659843294,juand99,145,64659843294,marianatechacademy
64209243639.0,63735217124,sebastiankindermann_design,355,63735217124,marianatechacademy
64209243639.0,63478929220,el_amigo_monti,159,63478929220,marianatechacademy
64209243639.0,63084509635,dietrickk_c,300,63084509635,marianatechacademy
64209243639.0,63515315605,elodieweberconsulting,342,63515315605,marianatechacademy
64209243639.0,63921686575,askelyserobi,940,63921686575,marianatechacademy
64209243639.0,63068058924,freedom_prof,242,63068058924,marianatechacademy
64209243639.0,63234475046,tarusheebhalla,155,63234475046,marianatechacademy
64209243639.0,63438348661,aeesha.s,168,63438348661,marianatechacademy
64209243639.0,63231647124,edgeriffs,269,63231647124,marianatechacademy
64209243639.0,64427367563,iamvishv_,104,64427367563,marianatechacademy
64209243639.0,64575230281,launchboxdesign,137,64575230281,marianatechacademy
64209243639.0,63945416931,saliou_011ze,202,63945416931,marianatechacademy
64209243639.0,63470448229,ryannn.yy,107,63470448229,marianatechacademy
64209243639.0,63474764177,ndungu_jay,185,63474764177,marianatechacademy
64209243639.0,63578979418,edodichiara,179,63578979418,marianatechacademy
64209243639.0,63857653532,timtogram,671,63857653532,marianatechacademy
64209243639.0,63245842279,diego.sk07,118,63245842279,marianatechacademy
64209243639.0,64051034446,thomas1801,222,64051034446,marianatechacademy
64209243639.0,63468523781,ezequ14s,174,63468523781,marianatechacademy
64209243639.0,63450637960,ambodian,181,63450637960,marianatechacademy
64209243639.0,63276543584,verheerender,243,63276543584,marianatechacademy
64209243639.0,63850437895,boatware3,195,63850437895,marianatechacademy
64209243639.0,63442238853,jakovljevic__m__,168,63442238853,marianatechacademy
64209243639.0,64039374449,travissmith_efc,1052,64039374449,marianatechacademy
64209243639.0,63075342683,marwan_9h,175,63075342683,marianatechacademy
64209243639.0,63866462174,giulio_capriotti_jr_,166,63866462174,marianatechacademy
64209243639.0,63928078780,ux_lucas_broken_sink,174,63928078780,marianatechacademy
64209243639.0,63416204879,yelard67,236,63416204879,marianatechacademy
64209243639.0,63252989456,jstuart555,467,63252989456,marianatechacademy
64209243639.0,63913517907,yasmiinenasri,146,63913517907,marianatechacademy
64209243639.0,66928859231,lilyjohnasson,244,66928859231,marianatechacademy
64209243639.0,63136599358,amitoujpannu1965,106,63136599358,marianatechacademy
64209243639.0,66051719743,joseale_dev,203,66051719743,marianatechacademy
64209243639.0,63063684697,andeveloper_,213,63063684697,marianatechacademy
64209243639.0,63613520479,_hey_stran_ger_,514,63613520479,marianatechacademy
64209243639.0,63086584690,archie_tim,1326,63086584690,marianatechacademy
64209243639.0,63423105982,m.prowler,106,63423105982,marianatechacademy
64209243639.0,64920161731,shouryabose07,172,64920161731,marianatechacademy
64209243639.0,62814139263,nassim_kebabssa,142,62814139263,marianatechacademy
64209243639.0,63218022897,hulisani__m,166,63218022897,marianatechacademy
64209243639.0,63292572644,cmdrdm,165,63292572644,marianatechacademy
64209243639.0,63050246535,nik_hill_insta,137,63050246535,marianatechacademy
64209243639.0,66274885761,ntvxh3,139,66274885761,marianatechacademy
64209243639.0,63124878084,redduin,244,63124878084,marianatechacademy
64209243639.0,63056540598,iamdineshkokare,104,63056540598,marianatechacademy
64209243639.0,63038582216,ppopernack,2872,63038582216,marianatechacademy
64209243639.0,66136818971,sorcererofsoundx,210,66136818971,marianatechacademy
64209243639.0,63077534179,ramymedhat25,308,63077534179,marianatechacademy
64209243639.0,63094118929,ty502.eth,169,63094118929,marianatechacademy
64209243639.0,63160294271,masboy74,230,63160294271,marianatechacademy
64209243639.0,64589580337,andrevilela90,106,64589580337,marianatechacademy
64209243639.0,63462513915,divina_bm,587,63462513915,marianatechacademy
64209243639.0,63102414946,aguirrejeison,152,63102414946,marianatechacademy
64209243639.0,63404872407,honeyyyyyxs,235,63404872407,marianatechacademy
64209243639.0,63267568482,surtada_nao_demoste_amor,1878,63267568482,marianatechacademy
64209243639.0,63258711926,sherizle,387,63258711926,marianatechacademy
64209243639.0,63422286230,d13gof,226,63422286230,marianatechacademy
64209243639.0,63449086076,justin.diiaz,101,63449086076,marianatechacademy
64209243639.0,63076406835,demoaccount12_6_6,11701,63076406835,marianatechacademy
64209243639.0,63436254241,keenethery,840,63436254241,marianatechacademy
64209243639.0,63446977507,theofficialloz,374,63446977507,marianatechacademy
64209243639.0,63387711872,zakyalhamzah,233,63387711872,marianatechacademy
64209243639.0,64430172408,didier.digital,1341,64430172408,marianatechacademy
64209243639.0,63478696092,rashheed01,346,63478696092,marianatechacademy
64209243639.0,65587567018,abdelhammied,190,65587567018,marianatechacademy
64209243639.0,63064858705,bigeazi520,485,63064858705,marianatechacademy
64209243639.0,63418380992,kerosene.snd,354,63418380992,marianatechacademy
64209243639.0,66028727527,pascal_chiremba,151,66028727527,marianatechacademy
64209243639.0,64033305534,icii101,125,64033305534,marianatechacademy
64209243639.0,63434236999,jau_lani,118,63434236999,marianatechacademy
64209243639.0,65849661308,daianeschroeder1,177,65849661308,marianatechacademy
64209243639.0,63103193120,ibtokin,115,63103193120,marianatechacademy
64209243639.0,63378150177,majd.aryan,104,63378150177,marianatechacademy
64209243639.0,63499856219,russell_links_official,1477,63499856219,marianatechacademy
64209243639.0,65951000685,dahcodey,126,65951000685,marianatechacademy
64209243639.0,64748475014,hyaib,107,64748475014,marianatechacademy
64209243639.0,63339674856,mhmmdaswin_,129,63339674856,marianatechacademy
64209243639.0,63430452054,dlabrahantes,189,63430452054,marianatechacademy
64209243639.0,65542045126,elena_tyurina95,876,65542045126,marianatechacademy
64209243639.0,63410219286,farendraofficial,2903,63410219286,marianatechacademy
64209243639.0,63329936437,felipecarrasco.28,232,63329936437,marianatechacademy
64209243639.0,66322204095,_sincerelylayla,127,66322204095,marianatechacademy
64209243639.0,63378911248,oneninefive2,432,63378911248,marianatechacademy
64209243639.0,63561452684,_samuelsan95_,114,63561452684,marianatechacademy
64209243639.0,63870141396,castellanovito,185,63870141396,marianatechacademy
64209243639.0,63486825654,__vanhelsing,139,63486825654,marianatechacademy
64209243639.0,63104565377,andresmmujica,981,63104565377,marianatechacademy
64209243639.0,63065447614,stephendoesstuff,2286,63065447614,marianatechacademy
64209243639.0,64236533796,sebas.tama,220,64236533796,marianatechacademy
64209243639.0,63245867648,vishal_kondi_21,183,63245867648,marianatechacademy
64209243639.0,63096035548,hasanalawi,117,63096035548,marianatechacademy
64209243639.0,63376686827,repeat9999,160,63376686827,marianatechacademy
64209243639.0,63073948333,motokoninja,285,63073948333,marianatechacademy
64209243639.0,63450857730,svatantrata_samarthak,309,63450857730,marianatechacademy
64209243639.0,63861245533,m4rkgrech,117,63861245533,marianatechacademy
64209243639.0,64604706442,rox_visualinstincts,2585,64604706442,marianatechacademy
64209243639.0,63266697361,thalitabritocontadora,481,63266697361,marianatechacademy
64209243639.0,67768539319,okte,2129,67768539319,marianatechacademy
64209243639.0,63384127923,tiim_dev,156,63384127923,marianatechacademy
64209243639.0,63265882454,ma7moudalagamy,509,63265882454,marianatechacademy
64209243639.0,63514940754,maggettoandrea,188,63514940754,marianatechacademy
64209243639.0,63132555362,rishu1185,232,63132555362,marianatechacademy
64209243639.0,63076662429,bharathjinka09,111,63076662429,marianatechacademy
64209243639.0,63274040975,raetoya420,586,63274040975,marianatechacademy
64209243639.0,64116812945,ambcommy,316,64116812945,marianatechacademy
64209243639.0,63554982478,mocanu.marian.28,125,63554982478,marianatechacademy
64209243639.0,65451217755,eniolorunfe_gangan,123,65451217755,marianatechacademy
64209243639.0,63047191674,mfordattty,1591,63047191674,marianatechacademy
64209243639.0,63127406769,hafizsupreme718,125,63127406769,marianatechacademy
64209243639.0,63246724227,tan.mapu,156,63246724227,marianatechacademy
64209243639.0,63247196562,nazmulhasanahidbd,963,63247196562,marianatechacademy
64209243639.0,69872698938,jayezike,117,69872698938,marianatechacademy
64209243639.0,63465083979,widiraspitoutomo,123,63465083979,marianatechacademy
64209243639.0,63260518110,ananthprem,105,63260518110,marianatechacademy
64209243639.0,63466780951,adir.sl,1270,63466780951,marianatechacademy
64209243639.0,63084188424,kr3nk1,136,63084188424,marianatechacademy
theshyamofficial,63223263983,babygirl5656,303,63223263983,theshyamofficial
theshyamofficial,69527679406,kirit_m_29_,188,69527679406,theshyamofficial
theshyamofficial,69386740073,everisamting_vanuatu,207,69386740073,theshyamofficial
theshyamofficial,62809942056,harishbhai_bhuriya,238,62809942056,theshyamofficial
theshyamofficial,66966588427,syorai.zadran,193,66966588427,theshyamofficial
theshyamofficial,63272435032,amirtharaj_raja,116,63272435032,theshyamofficial
theshyamofficial,63466793658,_saucington45,173,63466793658,theshyamofficial
theshyamofficial,69603850086,_raihan_aju,104,69603850086,theshyamofficial
theshyamofficial,63251724144,oonuryyavuzz,101,63251724144,theshyamofficial
theshyamofficial,63403827550,sailorsdaughter_59,107,63403827550,theshyamofficial
theshyamofficial,63297358486,azad.mohd,103,63297358486,theshyamofficial
theshyamofficial,63294337479,solitude_king_3.0,267,63294337479,theshyamofficial
theshyamofficial,69416606878,alan.murickan,218,69416606878,theshyamofficial
theshyamofficial,63563021544,lettres_ouvertes_,354,63563021544,theshyamofficial
theshyamofficial,63131071768,s_mahmud_niloy,3432,63131071768,theshyamofficial
theshyamofficial,65694563296,best_architectureintheworld,351,65694563296,theshyamofficial
theshyamofficial,64080899630,sokorelos,150,64080899630,theshyamofficial
theshyamofficial,63079950978,beingsannyasi,891,63079950978,theshyamofficial
theshyamofficial,63385605746,amo.alziadi,312,63385605746,theshyamofficial
theshyamofficial,68992378555,your_og_doctor,412,68992378555,theshyamofficial
theshyamofficial,68210605385,baddieebillionaire,2339,68210605385,theshyamofficial
theshyamofficial,63278041170,i_parth_joshi,142,63278041170,theshyamofficial
theshyamofficial,63412548560,minayalx,241,63412548560,theshyamofficial
theshyamofficial,65818858619,paulo_vianna7,300,65818858619,theshyamofficial
theshyamofficial,63285651788,kylejones1095,313,63285651788,theshyamofficial
theshyamofficial,69006264607,laur_17._,118,69006264607,theshyamofficial
theshyamofficial,63049516594,_akash_kanani,138,63049516594,theshyamofficial
theshyamofficial,68111123439,yelebala94,117,68111123439,theshyamofficial
theshyamofficial,69256366950,karencarlen,147,69256366950,theshyamofficial
theshyamofficial,65930645217,wolfbr2021,635,65930645217,theshyamofficial
theshyamofficial,63306394054,top10tenchannel,2998,63306394054,theshyamofficial
theshyamofficial,63269892808,mda.jet.1,124,63269892808,theshyamofficial
theshyamofficial,63468776926,alfredopasta99,120,63468776926,theshyamofficial
theshyamofficial,65126420177,amohchristin,462,65126420177,theshyamofficial
theshyamofficial,63058358957,isiluvs,109,63058358957,theshyamofficial
theshyamofficial,63304216979,cspence478,455,63304216979,theshyamofficial
theshyamofficial,63050615095,lizetteme,136,63050615095,theshyamofficial
theshyamofficial,63375399140,azfarfahmi,202,63375399140,theshyamofficial
theshyamofficial,63301403155,hartik_consalt_001,171,63301403155,theshyamofficial
theshyamofficial,63276031377,ianshukr,137,63276031377,theshyamofficial
theshyamofficial,63471699392,harricutty,182,63471699392,theshyamofficial
theshyamofficial,63435748111,prahlad,180,63435748111,theshyamofficial
theshyamofficial,68131175048,franciscosalasroche,747,68131175048,theshyamofficial
theshyamofficial,69033397378,sermao_,136,69033397378,theshyamofficial
theshyamofficial,63242299210,_eni_ola_ni_mi,163,63242299210,theshyamofficial
70293035407.0,63237653649,arjunragu_,164,63237653649,danie.aisolutions
70293035407.0,63285027607,profhaddad,130,63285027607,danie.aisolutions
70293035407.0,63424543281,b1tchiko_deulritze_sujigawara,121,63424543281,danie.aisolutions
70293035407.0,71325507388,hatamu.san,203,71325507388,danie.aisolutions
70293035407.0,70427234767,tinztwinshub,224,70427234767,danie.aisolutions
70293035407.0,65928032281,lenkahones,191,65928032281,danie.aisolutions
70293035407.0,63419719618,raytray4,1455,63419719618,danie.aisolutions
70293035407.0,63309672898,lartpreneur,223,63309672898,danie.aisolutions
70293035407.0,62952053717,jerrywilsonsitompul,158,62952053717,danie.aisolutions
70293035407.0,63267633579,sriramchandramouli,124,63267633579,danie.aisolutions
70293035407.0,63277418993,sofrlowi,454,63277418993,danie.aisolutions
70293035407.0,63304872676,technicalasthavi,477,63304872676,danie.aisolutions
70293035407.0,63088982085,ellieinstem,9113,63088982085,danie.aisolutions
70293035407.0,66531872472,unclejobs.ai,3467,66531872472,danie.aisolutions
70293035407.0,67142320502,bossup.ai,237,67142320502,danie.aisolutions
70293035407.0,63407060017,nitesh.tmrkr,101,63407060017,danie.aisolutions
70293035407.0,63105080823,esperonovaa,117,63105080823,danie.aisolutions
70293035407.0,63362668760,klyn_borah,358,63362668760,danie.aisolutions
70293035407.0,63075242775,johnnythegeek,114,63075242775,danie.aisolutions
70293035407.0,64230602560,hansen_liang.617,132,64230602560,danie.aisolutions
70293035407.0,65571350671,jesther.tech.corner,112,65571350671,danie.aisolutions
70293035407.0,63218180814,vdstoan,132,63218180814,danie.aisolutions
70293035407.0,63217447793,ahmad_shah_bd,124,63217447793,danie.aisolutions
70293035407.0,63372071889,jjongsta__,111,63372071889,danie.aisolutions
70293035407.0,63060492864,sidgore,166,63060492864,danie.aisolutions
70293035407.0,63414782841,eyedonyell,407,63414782841,danie.aisolutions
70293035407.0,63296252069,justmalhar,170,63296252069,danie.aisolutions
70293035407.0,63429004276,krishna_sai__21,150,63429004276,danie.aisolutions
70293035407.0,70114314147,abdul_kader18,131,70114314147,danie.aisolutions
70293035407.0,63434046076,usamah127,120,63434046076,danie.aisolutions
70293035407.0,63453357913,oh_fufu,160,63453357913,danie.aisolutions
70293035407.0,63387425457,official_phaqwasi,3247,63387425457,danie.aisolutions
70293035407.0,63262079706,dhanush_nehru,579,63262079706,danie.aisolutions
70293035407.0,70415370595,jhosep_26z,183,70415370595,danie.aisolutions
70293035407.0,68030268675,codeeattravelrepeat,327,68030268675,danie.aisolutions
70293035407.0,63305987157,_therealnova,139,63305987157,danie.aisolutions
70293035407.0,63094124676,adam_casto_,145,63094124676,danie.aisolutions
70293035407.0,68848931276,__sagar_shah__,106,68848931276,danie.aisolutions
70293035407.0,67474431580,michal_the_dev,798,67474431580,danie.aisolutions
70293035407.0,63064989734,sanavardi,131,63064989734,danie.aisolutions
70293035407.0,69731704050,lumeaparintilor,122,69731704050,danie.aisolutions
70293035407.0,63162550314,chameli_r_,166,63162550314,danie.aisolutions
70293035407.0,68680116605,ours.universe420,4198,68680116605,danie.aisolutions
70293035407.0,63251135383,__.dark.fantasy_._,125,63251135383,danie.aisolutions
70293035407.0,67768539319,okte,2129,67768539319,danie.aisolutions
70293035407.0,63452652780,rivub03,206,63452652780,danie.aisolutions
70293035407.0,63975131555,ciker001,184,63975131555,danie.aisolutions
70293035407.0,63090923857,ewizard2_0,216,63090923857,danie.aisolutions
70293035407.0,66911958187,quinterooscar,139,66911958187,danie.aisolutions
70293035407.0,63476411048,kerinoxio,106,63476411048,danie.aisolutions
70293035407.0,63216342576,stefanus_adri,220,63216342576,danie.aisolutions
70293035407.0,63264658892,varun_rajpal,153,63264658892,danie.aisolutions
70293035407.0,71221617219,teacher_ezekiel,121,71221617219,danie.aisolutions
70293035407.0,70184052133,psbeautysupply,1813,70184052133,danie.aisolutions
70293035407.0,63416530454,nahiddotai,2870,63416530454,danie.aisolutions
70293035407.0,63407604434,stories_bang,204,63407604434,danie.aisolutions
70293035407.0,69533015509,claire.dan.lyu,591,69533015509,danie.aisolutions
70293035407.0,63424158255,itsmaynerd,182,63424158255,danie.aisolutions
70293035407.0,63427927848,dakshisdaksh,324,63427927848,danie.aisolutions
70293035407.0,63258476195,lesgars_,106,63258476195,danie.aisolutions
70293035407.0,70207347559,it_vturbo,165,70207347559,danie.aisolutions
70293035407.0,70880097462,web_devlopers,210,70880097462,danie.aisolutions
70293035407.0,64607736284,shxmrvck,107,64607736284,danie.aisolutions
70293035407.0,70815987207,coding.con.louie,139,70815987207,danie.aisolutions
70293035407.0,63474291578,masamin.id,331,63474291578,danie.aisolutions
70293035407.0,63378966873,nseari,130,63378966873,danie.aisolutions
70293035407.0,63021383173,joenandez,1493,63021383173,danie.aisolutions
70293035407.0,63613961151,suvekpawar,141,63613961151,danie.aisolutions
70293035407.0,63498919173,nav.johl,213,63498919173,danie.aisolutions
70293035407.0,66553009107,mryashb,139,66553009107,danie.aisolutions
70293035407.0,63070525920,clachetrassy,134,63070525920,danie.aisolutions
70293035407.0,63043613321,saadahlokman,118,63043613321,danie.aisolutions
70293035407.0,70246883187,kufre.frank,134,70246883187,danie.aisolutions
70293035407.0,63413058504,nicivini_dev,119,63413058504,danie.aisolutions
70293035407.0,63283105499,joshuab1922,134,63283105499,danie.aisolutions
70293035407.0,63097348807,htjimcheng119,125,63097348807,danie.aisolutions
70293035407.0,67591893691,abnormal.kait,301,67591893691,danie.aisolutions
70293035407.0,63059820075,andiswanzama_,264,63059820075,danie.aisolutions
70293035407.0,63095904989,danixgxd,150,63095904989,danie.aisolutions
70293035407.0,63078802955,pablopusiol,109,63078802955,danie.aisolutions
70293035407.0,63318737619,_ibrahimsheba,186,63318737619,danie.aisolutions
70293035407.0,63167679407,abdelrahmanlila,103,63167679407,danie.aisolutions
70293035407.0,66082803268,_hoaithung,110,66082803268,danie.aisolutions
70293035407.0,63437253893,its.aiexpertbro7,138,63437253893,danie.aisolutions
70293035407.0,63039831133,andrewc_95,273,63039831133,danie.aisolutions
70293035407.0,63257816713,raghavendra_since_1998,106,63257816713,danie.aisolutions
70293035407.0,62820462590,booellvi,127,62820462590,danie.aisolutions
70293035407.0,63100854608,ldriverc,102,63100854608,danie.aisolutions
70293035407.0,63609496825,arjieparjie,166,63609496825,danie.aisolutions
70293035407.0,64683117623,mikal__olsen,232,64683117623,danie.aisolutions
70293035407.0,63087823679,adeidei,113,63087823679,danie.aisolutions
70293035407.0,63438465302,scottxdavies,246,63438465302,danie.aisolutions
70293035407.0,63448319313,412e4a,105,63448319313,danie.aisolutions
70293035407.0,63088876509,so.odeep,161,63088876509,danie.aisolutions
70293035407.0,63461179284,beya_ji,106,63461179284,danie.aisolutions
70293035407.0,65562063769,minhinaustralia,213,65562063769,danie.aisolutions
70293035407.0,63027431933,mikaelacaron,4090,63027431933,danie.aisolutions
70293035407.0,63470865650,seyzart,395,63470865650,danie.aisolutions
70293035407.0,63923089309,zakuwatorka,1542,63923089309,danie.aisolutions
70293035407.0,63099090134,lansky.tech,168,63099090134,danie.aisolutions
70293035407.0,63132308337,joelcuy_17,264,63132308337,danie.aisolutions
70293035407.0,63874972076,julia.federizo,155,63874972076,danie.aisolutions
70293035407.0,63021975019,aaadil.exe,102,63021975019,danie.aisolutions
70293035407.0,63276763474,phanphan96,146,63276763474,danie.aisolutions
70293035407.0,63143548735,hoang.thepessimist,162,63143548735,danie.aisolutions
70293035407.0,63292498282,jerid616,310,63292498282,danie.aisolutions
70293035407.0,63413895604,rebecacarrillojj,2022,63413895604,danie.aisolutions
70293035407.0,63274472468,aleemshah110,139,63274472468,danie.aisolutions
70293035407.0,64675359307,mimi.voynova,177,64675359307,danie.aisolutions
70293035407.0,70228142921,juniorcorona1,125,70228142921,danie.aisolutions
70293035407.0,63606736341,moneynosleep__,331,63606736341,danie.aisolutions
70293035407.0,63398343187,irwanrzn,300,63398343187,danie.aisolutions
70293035407.0,63488610564,tailuan_nguyen,161,63488610564,danie.aisolutions
70293035407.0,63417573474,izzuddinrzli,249,63417573474,danie.aisolutions
70293035407.0,63466378825,_.alex_christopher._,188,63466378825,danie.aisolutions
70293035407.0,63438830362,jing.yen03,119,63438830362,danie.aisolutions
70293035407.0,67613878297,lulu_lehmann_,219,67613878297,danie.aisolutions
70293035407.0,63086307687,anth0nyhak1m,153,63086307687,danie.aisolutions
70293035407.0,63425980282,will_novus,219,63425980282,danie.aisolutions
70293035407.0,63433009884,marvelignite,109,63433009884,danie.aisolutions
70293035407.0,66500297698,tiziano.iaco,122,66500297698,danie.aisolutions
70293035407.0,63451417212,nurimbe1ov,242,63451417212,danie.aisolutions
70293035407.0,69625333032,mannatmkm,128,69625333032,danie.aisolutions
70293035407.0,63424628764,yosoysamayra,101,63424628764,danie.aisolutions
70293035407.0,63933061128,young_correntino,829,63933061128,danie.aisolutions
70293035407.0,63090749034,holaitiskim,123,63090749034,danie.aisolutions
70293035407.0,63893209143,sadnesswong,107,63893209143,danie.aisolutions
70293035407.0,63282906665,rakshak.bm,104,63282906665,danie.aisolutions
70293035407.0,63198685291,capoeira_paquistao,118,63198685291,danie.aisolutions
70293035407.0,63660376425,davinchi876,202,63660376425,danie.aisolutions
70293035407.0,63062339167,e.tcg,339,63062339167,danie.aisolutions
70293035407.0,63407917139,rizkitama25.id,129,63407917139,danie.aisolutions
70293035407.0,63120701094,nathansudds,219,63120701094,danie.aisolutions
70293035407.0,63054462597,abdulanl,101,63054462597,danie.aisolutions
70293035407.0,63291669151,itssimply.vee,1335,63291669151,danie.aisolutions
70293035407.0,63297505426,daveemmanuel,167,63297505426,danie.aisolutions
70293035407.0,63448918056,viniciusmedivh,991,63448918056,danie.aisolutions
70293035407.0,63321917004,susheelmulberry,187,63321917004,danie.aisolutions
70293035407.0,63472873663,singhakanksha221b,829,63472873663,danie.aisolutions
70293035407.0,63305281631,shubhayan.me,146,63305281631,danie.aisolutions
70293035407.0,63241132111,sabi_mechanic,105,63241132111,danie.aisolutions
70293035407.0,63071927854,chungpaochicken,109,63071927854,danie.aisolutions
70293035407.0,69536026319,dorame_ritika,120,69536026319,danie.aisolutions
70293035407.0,66751495655,viragdiana4,171,66751495655,danie.aisolutions
70293035407.0,63460363175,ronalddpinho,199,63460363175,danie.aisolutions
70293035407.0,63478041691,0laday0,208,63478041691,danie.aisolutions
70293035407.0,63404575276,arturordzzz,204,63404575276,danie.aisolutions
70293035407.0,65608703446,nadcota,167,65608703446,danie.aisolutions
70293035407.0,63631888924,albicodes,14140,63631888924,danie.aisolutions
70293035407.0,67370089484,jehnaejasmine_phd,263,67370089484,danie.aisolutions
70293035407.0,63452329128,____dm35,104,63452329128,danie.aisolutions
70293035407.0,63317760271,asrulsaniariesandy,126,63317760271,danie.aisolutions
70293035407.0,63243232488,bucklajean,774,63243232488,danie.aisolutions
70293035407.0,63260214159,briomax1,148,63260214159,danie.aisolutions
70293035407.0,63678391809,niun68,558,63678391809,danie.aisolutions
70293035407.0,63413958383,aadii0408,385,63413958383,danie.aisolutions
70293035407.0,63214583236,jaka_ong,225,63214583236,danie.aisolutions
70293035407.0,63442358013,fadelfarr,120,63442358013,danie.aisolutions
70293035407.0,63398692505,ediith__mtz,212,63398692505,danie.aisolutions
70293035407.0,63096308317,oussema.khl,194,63096308317,danie.aisolutions
70293035407.0,63503537436,hellyn7,137,63503537436,danie.aisolutions
70293035407.0,64768287212,nekhai_tse_stanetsia,164,64768287212,danie.aisolutions
70293035407.0,66872925910,glnrmdan,263,66872925910,danie.aisolutions
70293035407.0,65762858615,ismariarosa,157,65762858615,danie.aisolutions
70293035407.0,65130158033,nh.quynf,382,65130158033,danie.aisolutions
70293035407.0,63449958867,mi_dun,179,63449958867,danie.aisolutions
70293035407.0,63312872392,itenji,645,63312872392,danie.aisolutions
70293035407.0,63105734530,aashir.gajjar,128,63105734530,danie.aisolutions
70293035407.0,63388171811,monyca._.hap,117,63388171811,danie.aisolutions
70293035407.0,63268282448,zoshua_93,103,63268282448,danie.aisolutions
70293035407.0,67237720672,phd.mami,148,67237720672,danie.aisolutions
70293035407.0,63075159034,mariabelentirasol2023,1137,63075159034,danie.aisolutions
70293035407.0,70183957157,jakeclifford1.0,200,70183957157,danie.aisolutions
70293035407.0,63036231799,raphael_vincenti,110,63036231799,danie.aisolutions
70293035407.0,69031102581,samisdataa,186,69031102581,danie.aisolutions
70293035407.0,71048944434,positive_attitude__,2385,71048944434,danie.aisolutions
70293035407.0,68054715047,sam.imhaus,227,68054715047,danie.aisolutions
70293035407.0,63451564020,valderlanioj,135,63451564020,danie.aisolutions
70293035407.0,63433532576,solomon_padayattil,154,63433532576,danie.aisolutions
70293035407.0,63217813810,helrabelo,122,63217813810,danie.aisolutions
70293035407.0,63374148770,diblacksmith,106,63374148770,danie.aisolutions
70293035407.0,63143300904,medeiros1776,186,63143300904,danie.aisolutions
70293035407.0,63423212771,rafadpacheco,244,63423212771,danie.aisolutions
70293035407.0,66353525515,widiahaizu,192,66353525515,danie.aisolutions
70293035407.0,70453990032,davidacannan,436,70453990032,danie.aisolutions
70293035407.0,63076030830,julie.goat,153,63076030830,danie.aisolutions
70293035407.0,63445327050,dlwlgh96,128,63445327050,danie.aisolutions
70293035407.0,63028910140,tango.charlie_,121,63028910140,danie.aisolutions
70293035407.0,63248148309,kartikayudhap,149,63248148309,danie.aisolutions
70293035407.0,63141330986,little_unsteady___,170,63141330986,danie.aisolutions
70293035407.0,69726685238,genereyes1701,358,69726685238,danie.aisolutions
70293035407.0,63464045365,agathasilalahi,127,63464045365,danie.aisolutions
70293035407.0,63446972243,ig_kiranj,116,63446972243,danie.aisolutions
70293035407.0,63293929277,juwonthetechie,2861,63293929277,danie.aisolutions
70293035407.0,63243283617,crismejia1275,118,63243283617,danie.aisolutions
70293035407.0,63048356435,doctordilanka,178,63048356435,danie.aisolutions
70293035407.0,63405149509,howell._.p,295,63405149509,danie.aisolutions
70293035407.0,63082954270,___hommie,167,63082954270,danie.aisolutions
70293035407.0,63405620812,janicejtt,107,63405620812,danie.aisolutions
70293035407.0,69617834976,ntokozokate,188,69617834976,danie.aisolutions
70293035407.0,63026927414,katiecai_,160,63026927414,danie.aisolutions
70293035407.0,63141116642,lam_dv,257,63141116642,danie.aisolutions
70293035407.0,63481563041,steffi.chan_,236,63481563041,danie.aisolutions
70293035407.0,69918671888,zarina_131824,792,69918671888,danie.aisolutions
70293035407.0,63079357714,nicosquiroz,249,63079357714,danie.aisolutions
70293035407.0,63447231096,jvalebar,177,63447231096,danie.aisolutions
70293035407.0,63571467703,andreapalmieri00,127,63571467703,danie.aisolutions
70293035407.0,70897602951,c.bernaleon,114,70897602951,danie.aisolutions
70293035407.0,63148069264,jo_savage_shi,119,63148069264,danie.aisolutions
70293035407.0,63262870600,georgymh,709,63262870600,danie.aisolutions
70293035407.0,71136155276,pablourib,156,71136155276,danie.aisolutions
70293035407.0,63097100639,dylantneal,641,63097100639,danie.aisolutions
70293035407.0,63225103063,khnguyennn_,197,63225103063,danie.aisolutions
70293035407.0,63246484305,my.ngtr,604,63246484305,danie.aisolutions
70293035407.0,63281868810,tech_blast_webdev,218,63281868810,danie.aisolutions
70293035407.0,68712918521,heybara,826,68712918521,danie.aisolutions
70293035407.0,69818008326,mahek_mishra,286,69818008326,danie.aisolutions
70293035407.0,64182172194,laiitiismael,202,64182172194,danie.aisolutions
70293035407.0,63451660017,amour.tu_1934,200,63451660017,danie.aisolutions
70293035407.0,63097679575,natanaelmaia,142,63097679575,danie.aisolutions
70293035407.0,63230417962,tomsoderlund,379,63230417962,danie.aisolutions
70293035407.0,63229118542,brolag,218,63229118542,danie.aisolutions
70293035407.0,63446249137,manuelcarrasco2013,138,63446249137,danie.aisolutions
70293035407.0,65179945512,guipuglia,137,65179945512,danie.aisolutions
70293035407.0,68299871637,obscure.marlin,291,68299871637,danie.aisolutions
70293035407.0,67764504580,donurry,208,67764504580,danie.aisolutions
70293035407.0,63265568076,kayverly3,491,63265568076,danie.aisolutions
70293035407.0,69701438430,hoyajuan,178,69701438430,danie.aisolutions
70293035407.0,65371425727,linvanessa_,183,65371425727,danie.aisolutions
70293035407.0,63125552745,emberlynletsgo,135,63125552745,danie.aisolutions
70293035407.0,65371803590,hieulee77,153,65371803590,danie.aisolutions
70293035407.0,63443081102,shubh_basu,132,63443081102,danie.aisolutions
70293035407.0,63283899671,thee.philosopher,121,63283899671,danie.aisolutions
70293035407.0,70088345058,haithamoon,116,70088345058,danie.aisolutions
70293035407.0,63370554058,joaovbeutler,137,63370554058,danie.aisolutions
70293035407.0,63067228370,greatgabsb,215,63067228370,danie.aisolutions
70293035407.0,63403560628,boscamarius,287,63403560628,danie.aisolutions
70293035407.0,63842964294,michelle_d_geminigoddess1980,122,63842964294,danie.aisolutions
70293035407.0,63085937898,__marvelous__.py,151,63085937898,danie.aisolutions
70293035407.0,63472652372,yoongkiatttt_,198,63472652372,danie.aisolutions
70293035407.0,63628788406,cassioaalves,121,63628788406,danie.aisolutions
70293035407.0,63536485796,marcus_kanash,110,63536485796,danie.aisolutions
70293035407.0,63285758359,leslie.sirora,154,63285758359,danie.aisolutions
70293035407.0,63421052320,tahinah_,192,63421052320,danie.aisolutions
70293035407.0,63265863886,amir.aidun,6269,63265863886,danie.aisolutions
70293035407.0,69402547104,rafeeqce,367,69402547104,danie.aisolutions
70293035407.0,63080179336,suciaidadahhar,138,63080179336,danie.aisolutions
70293035407.0,63276247704,mayaisxyz,194,63276247704,danie.aisolutions
70293035407.0,63127544445,techgoddess,118,63127544445,danie.aisolutions
70293035407.0,65102552054,tristantylo,129,65102552054,danie.aisolutions
70293035407.0,64275578673,andreas_vrl,256,64275578673,danie.aisolutions
70293035407.0,69273779417,marianamelx,103,69273779417,danie.aisolutions
70293035407.0,63472616066,phasouza1,343,63472616066,danie.aisolutions
70293035407.0,63264203994,wsg_benniek,498,63264203994,danie.aisolutions
70293035407.0,67175167445,kangheong,162,67175167445,danie.aisolutions
70293035407.0,63447180969,sbarraez,164,63447180969,danie.aisolutions
70293035407.0,63465035791,peteradealabi,111,63465035791,danie.aisolutions
70293035407.0,63315858933,thomothy.b,2820,63315858933,danie.aisolutions
70293035407.0,63212663621,richsch,102,63212663621,danie.aisolutions
70293035407.0,63207262900,lindarazrhmt,117,63207262900,danie.aisolutions
70293035407.0,64004568156,bbbbvve_,496,64004568156,danie.aisolutions
70293035407.0,68112870252,lifetime_adventure9,117,68112870252,danie.aisolutions
70293035407.0,63077852081,mario.no.sekai,141,63077852081,danie.aisolutions
70293035407.0,63078035316,_andrewfree,146,63078035316,danie.aisolutions
70293035407.0,65106006045,linkid91,5668,65106006045,danie.aisolutions
70293035407.0,66970425873,koutrasakis,116,66970425873,danie.aisolutions
70293035407.0,65715859105,iamanxnth,180,65715859105,danie.aisolutions
70293035407.0,63056046718,kevintakano,211,63056046718,danie.aisolutions
70293035407.0,63431414106,xlxricoxlx,225,63431414106,danie.aisolutions
70293035407.0,63134700919,richard_b_stone,186,63134700919,danie.aisolutions
70293035407.0,63608040953,hichem__s,125,63608040953,danie.aisolutions
70293035407.0,63490106851,monica.mxm,121,63490106851,danie.aisolutions
70293035407.0,63051367187,zulhilmihamdun,562,63051367187,danie.aisolutions
70293035407.0,69699556872,gustavomatosrodrigues,153,69699556872,danie.aisolutions
70293035407.0,63089826967,nazzsam_,105,63089826967,danie.aisolutions
70293035407.0,64264777693,farid.gif,364,64264777693,danie.aisolutions
70293035407.0,63451686963,mr_decentvisuals,199,63451686963,danie.aisolutions
70293035407.0,63484185150,j0ebee_,346,63484185150,danie.aisolutions
70293035407.0,63141197599,dova22,123,63141197599,danie.aisolutions
70293035407.0,63622176187,conniedelfinpascual,108,63622176187,danie.aisolutions
70293035407.0,63414983340,brayckner,104,63414983340,danie.aisolutions
70293035407.0,63050094417,douglasdrumond.tech,113,63050094417,danie.aisolutions
70293035407.0,63391573924,yitrokurniawan,122,63391573924,danie.aisolutions
70293035407.0,63073589097,mo_emad_04,171,63073589097,danie.aisolutions
70293035407.0,63267840407,primus_yshu,492,63267840407,danie.aisolutions
70293035407.0,63091760955,fernando.0s,108,63091760955,danie.aisolutions
70293035407.0,63234550565,ozzyman1987,121,63234550565,danie.aisolutions
70293035407.0,67163782008,madamsinaga,153,67163782008,danie.aisolutions
70293035407.0,63655128170,wei.li523,102,63655128170,danie.aisolutions
70293035407.0,64228065320,noelndj,582,64228065320,danie.aisolutions
70293035407.0,63469107690,abldi,108,63469107690,danie.aisolutions
70293035407.0,63435936557,kriston.dev,593,63435936557,danie.aisolutions
70293035407.0,63240454461,gunjankhut,123,63240454461,danie.aisolutions
70293035407.0,63490122218,flutterby_chic,166,63490122218,danie.aisolutions
70293035407.0,63411332473,lutherking1_1_,177,63411332473,danie.aisolutions
70293035407.0,63238759923,hajaaribrahim,154,63238759923,danie.aisolutions
70293035407.0,63099177123,lifeisgreatestforsure,104,63099177123,danie.aisolutions
70293035407.0,65046015893,pending.chan,148,65046015893,danie.aisolutions
70293035407.0,63003183492,franny_indata,437,63003183492,danie.aisolutions
70293035407.0,68381946879,anitalucchesi,470,68381946879,danie.aisolutions
70293035407.0,66434688783,fpineda94,153,66434688783,danie.aisolutions
70293035407.0,70845503490,guy_garnier_collages,1587,70845503490,danie.aisolutions
70293035407.0,63377655406,tokirosa,104,63377655406,danie.aisolutions
70293035407.0,63260746264,bluquartz2,101,63260746264,danie.aisolutions
70293035407.0,63631184576,kamo_devv,109,63631184576,danie.aisolutions
70293035407.0,63297760359,akshay_rakheja,104,63297760359,danie.aisolutions
70293035407.0,63386341418,bernhardhust,104,63386341418,danie.aisolutions
70293035407.0,63627944807,pebakke,184,63627944807,danie.aisolutions
70293035407.0,63086516809,timchann124,121,63086516809,danie.aisolutions
70293035407.0,63250402955,jhsolorzanouio,827,63250402955,danie.aisolutions
70293035407.0,63081414785,virginiaxrm,181,63081414785,danie.aisolutions
70293035407.0,63394310082,jonathasbarboza,158,63394310082,danie.aisolutions
70293035407.0,63628488160,mohdshawalsidek,125,63628488160,danie.aisolutions
63310777769.0,67036773813,stacidblack,114,67036773813,mlssfshn
63310777769.0,69029504312,l0dservices,239,69029504312,mlssfshn
63310777769.0,63400405482,handmade_market_ks,114,63400405482,mlssfshn
63310777769.0,63140923891,magpiegemstones,580,63140923891,mlssfshn
63310777769.0,69484926672,debrinak,135,69484926672,mlssfshn
63310777769.0,63365039751,thebigbeeclub,110,63365039751,mlssfshn
63310777769.0,64091700024,creativityisspirituality,107,64091700024,mlssfshn
63310777769.0,63465676707,homeecmel,772,63465676707,mlssfshn
63310777769.0,62733316539,princecaspian1969,488,62733316539,mlssfshn
63310777769.0,70235176970,_brittanyannwalker,164,70235176970,mlssfshn
63310777769.0,67965317305,reclectic_goods,166,67965317305,mlssfshn
63310777769.0,65091553286,createinict,313,65091553286,mlssfshn
63310777769.0,63459523636,specseyewear,254,63459523636,mlssfshn
63310777769.0,63099414733,beautybynazss,151,63099414733,mlssfshn
63310777769.0,63275430942,femailler,188,63275430942,mlssfshn
63310777769.0,69471439810,nakatsubyjna,229,69471439810,mlssfshn
63310777769.0,67516697731,jesimika.p.wright,191,67516697731,mlssfshn
63310777769.0,63059046463,thecindykelly,343,63059046463,mlssfshn
63310777769.0,63141518480,gaypostmalone,169,63141518480,mlssfshn
63310777769.0,63413356770,_ophelion,146,63413356770,mlssfshn
63310777769.0,66843199191,texdedhed,141,66843199191,mlssfshn
63310777769.0,63468961083,roguepuppet,111,63468961083,mlssfshn
63310777769.0,65674939197,outdoorfabricexpert_zenda,117,65674939197,mlssfshn
63310777769.0,66163914968,shopadamo1987,190,66163914968,mlssfshn
63310777769.0,63244495820,anthonydelossantosaustin,156,63244495820,mlssfshn
63310777769.0,70142447317,lisawaltonartist,1233,70142447317,mlssfshn
63310777769.0,63504600501,foodhubks,443,63504600501,mlssfshn
63310777769.0,63290757412,imnogeniusbutuhhh,247,63290757412,mlssfshn
63310777769.0,62381474421,misstralynza,198,62381474421,mlssfshn
63310777769.0,63445686661,dugettiwestern,170,63445686661,mlssfshn
63310777769.0,63981993353,revaprilkling,224,63981993353,mlssfshn
63310777769.0,67926895261,shalottlilly,659,67926895261,mlssfshn
63310777769.0,63565266889,rudylee_jr,115,63565266889,mlssfshn
63310777769.0,71712442490,accentlightinginc,324,71712442490,mlssfshn
63310777769.0,63388119295,ictartscouncil,360,63388119295,mlssfshn
63310777769.0,63226419487,cerlyn_shepu,208,63226419487,mlssfshn
63310777769.0,63159389423,fabesflowstate,156,63159389423,mlssfshn
63310777769.0,63060668180,soyuz11,727,63060668180,mlssfshn
63310777769.0,65399114468,dr.wherewolf,269,65399114468,mlssfshn
63310777769.0,64365173714,houstonfashionweek,320,64365173714,mlssfshn
63310777769.0,63105718161,vmoraconsulting,292,63105718161,mlssfshn
63310777769.0,63469987491,polychromelion,125,63469987491,mlssfshn
63310777769.0,70397776588,vasquezacademy,151,70397776588,mlssfshn
63310777769.0,63515320330,ktkartist,159,63515320330,mlssfshn
63310777769.0,63335936784,salinaartcenter,417,63335936784,mlssfshn
63310777769.0,63543046501,leosculptur,12485,63543046501,mlssfshn
63310777769.0,63388734815,quiannaspider,138,63388734815,mlssfshn
63310777769.0,63046013984,mermaidsoncapecod,1136,63046013984,mlssfshn
63310777769.0,63454763700,serenityspringswellness,571,63454763700,mlssfshn
63310777769.0,63047374579,jaketreat.art,602,63047374579,mlssfshn
63310777769.0,63146039024,hollyhoodphotography,138,63146039024,mlssfshn
63310777769.0,68270174895,mpartstudio1,280,68270174895,mlssfshn
63310777769.0,63268986575,eekcarlos,170,63268986575,mlssfshn
63310777769.0,63476032718,merrowmachine,423,63476032718,mlssfshn
63310777769.0,63431914185,m.rae.c96921,115,63431914185,mlssfshn
63310777769.0,63446328990,sarazafar,247,63446328990,mlssfshn
63310777769.0,63395798476,santafefashionweeknm,912,63395798476,mlssfshn
63310777769.0,63137078613,michael_quintanilla,578,63137078613,mlssfshn
63310777769.0,63025814663,gogogadgettes,1141,63025814663,mlssfshn
63310777769.0,63400124075,jkdesignict,283,63400124075,mlssfshn
63310777769.0,63252196119,tallgrassfilm,1212,63252196119,mlssfshn
63310777769.0,66387745181,melanyimbrechts,134,66387745181,mlssfshn
63310777769.0,63088290974,nicolelabrydesign,1502,63088290974,mlssfshn
63310777769.0,64666639767,taniapemar,304,64666639767,mlssfshn
63310777769.0,63242958573,nata_vladi_art,1074,63242958573,mlssfshn
63310777769.0,63098283355,erinrosesellsrealestate,1150,63098283355,mlssfshn
63310777769.0,63310400899,bridelyboutique,448,63310400899,mlssfshn
63310777769.0,63473498405,cece_hayat,243,63473498405,mlssfshn
63310777769.0,65192920015,texasinsider,379,65192920015,mlssfshn
63310777769.0,63080394633,outandaboutatx,2683,63080394633,mlssfshn
63310777769.0,63958374304,colorsforhealing,849,63958374304,mlssfshn
63310777769.0,63436052381,paxtaru,344,63436052381,mlssfshn
63310777769.0,68096746573,gabeinfashion,126,68096746573,mlssfshn
63310777769.0,67018029044,theworkroomict,1823,67018029044,mlssfshn
63310777769.0,63372838950,afrayedupcycling,5217,63372838950,mlssfshn
63310777769.0,69876705117,latoyachenelle,1512,69876705117,mlssfshn
63310777769.0,63446188449,wellamade,190,63446188449,mlssfshn
63310777769.0,64057658231,sukainakubba,385,64057658231,mlssfshn
63310777769.0,63068109128,familytoobullylitters,196,63068109128,mlssfshn
63310777769.0,68288923417,birdzu0,2094,68288923417,mlssfshn
63310777769.0,63253236014,coquettenatalie,1032,63253236014,mlssfshn
63310777769.0,63440963466,wilhelmina1972,308,63440963466,mlssfshn
63310777769.0,63121564597,dubaicontent.pro,3683,63121564597,mlssfshn
63310777769.0,63209599122,heathermarusiak,322,63209599122,mlssfshn
63310777769.0,63052468816,clintmaliq,991,63052468816,mlssfshn
63310777769.0,64481406496,alisonkingart,5362,64481406496,mlssfshn
63310777769.0,63096922320,hnbatikart,1313,63096922320,mlssfshn
63310777769.0,63459641423,danyiamarie,3288,63459641423,mlssfshn
63310777769.0,68972885774,katherine_berkeley_art,112,68972885774,mlssfshn
63310777769.0,63482201244,domiijo,111,63482201244,mlssfshn
63310777769.0,63056652841,rolypolyrecords,1545,63056652841,mlssfshn
63310777769.0,65718059804,ashleyhaverman,529,65718059804,mlssfshn
63310777769.0,63299584721,studio62harrison,240,63299584721,mlssfshn
63310777769.0,63445820218,2twody2,304,63445820218,mlssfshn
63310777769.0,63018351829,deanadamswrites,606,63018351829,mlssfshn
63310777769.0,63623136685,goddessofbadroads,683,63623136685,mlssfshn
63310777769.0,63273901001,ivonnekinser,559,63273901001,mlssfshn
63310777769.0,65540166647,berthasparadise512,477,65540166647,mlssfshn
63310777769.0,62861119635,marquetta_atkins,319,62861119635,mlssfshn
63310777769.0,64621648232,thesourcingdistrict,426,64621648232,mlssfshn
63310777769.0,63420079338,mina3est,314,63420079338,mlssfshn
63310777769.0,63615408502,vincausa,6236,63615408502,mlssfshn
63310777769.0,70208839385,keenes.biz,155,70208839385,mlssfshn
63310777769.0,67487581383,rarebirdart,265,67487581383,mlssfshn
63310777769.0,63290024533,lunahairstudio,235,63290024533,mlssfshn
63310777769.0,63064035377,hillinternationalexprealty,236,63064035377,mlssfshn
63310777769.0,70824850684,iamreneestjames,153,70824850684,mlssfshn
63310777769.0,63513064000,shaychiced,261,63513064000,mlssfshn
63310777769.0,68310925044,kerri.hummingbird,362,68310925044,mlssfshn
63310777769.0,63230214643,art_grase_work,2118,63230214643,mlssfshn
63310777769.0,63228235210,superdumb,561,63228235210,mlssfshn
63310777769.0,63154822686,hopeperkinsart,343,63154822686,mlssfshn
63310777769.0,63486441174,melanieladdington,1249,63486441174,mlssfshn
63310777769.0,63444578281,bonafide_nikole,244,63444578281,mlssfshn
63310777769.0,63390629227,danalaruepark,325,63390629227,mlssfshn
63310777769.0,63508544230,davidwaynereed,680,63508544230,mlssfshn
63310777769.0,63071326454,monikahouse.events,642,63071326454,mlssfshn
63310777769.0,63323128998,chipcharles,678,63323128998,mlssfshn
63310777769.0,63319042227,krisdaviphotography,792,63319042227,mlssfshn
63310777769.0,63412181815,ilonkadesigns,290,63412181815,mlssfshn
63310777769.0,63454491970,langdon813,477,63454491970,mlssfshn
63310777769.0,63467059292,ocamposbenz,537,63467059292,mlssfshn
63310777769.0,63415643090,richarddiazdeleon,382,63415643090,mlssfshn
63310777769.0,63126317539,pennycandy,187,63126317539,mlssfshn
63310777769.0,63465114759,officialjessicadarling,420,63465114759,mlssfshn
63310777769.0,63312722709,bigsisterstudio,552,63312722709,mlssfshn
63310777769.0,63236541649,thegingerleigh,1792,63236541649,mlssfshn
63310777769.0,63105000330,adtade,165,63105000330,mlssfshn
63310777769.0,63945077266,smutville_vintage,894,63945077266,mlssfshn
63310777769.0,64089537281,gabriel_lagon,864,64089537281,mlssfshn
63310777769.0,63435152453,victorquinterosmarquina,279,63435152453,mlssfshn
63310777769.0,63232207729,andrewjstephens,163,63232207729,mlssfshn
63310777769.0,63034871806,adamstracee,156,63034871806,mlssfshn
63310777769.0,63411869265,c.g.w.g,231,63411869265,mlssfshn
63310777769.0,63265039244,kcfringe,757,63265039244,mlssfshn
63310777769.0,63422334593,sdotatx,560,63422334593,mlssfshn
63310777769.0,66857655628,trevino_amanda,262,66857655628,mlssfshn
63310777769.0,63434781924,ash___silva,221,63434781924,mlssfshn
63310777769.0,63058542649,isewvinyl,425,63058542649,mlssfshn
63310777769.0,63362510938,pegvessels,145,63362510938,mlssfshn
63310777769.0,67584100380,puppettnoisemaker,340,67584100380,mlssfshn
63458931542.0,66904357858,arjun._.812,107,66904357858,codingmermaid.ai
63458931542.0,63318257215,victoraularmtg,239,63318257215,codingmermaid.ai
63458931542.0,72066878811,sojumain,1596,72066878811,codingmermaid.ai
63458931542.0,63414782841,eyedonyell,407,63414782841,codingmermaid.ai
63458931542.0,63296252069,justmalhar,170,63296252069,codingmermaid.ai
63458931542.0,63407541701,tedsan,537,63407541701,codingmermaid.ai
63458931542.0,71318341725,crestinnovation,321,71318341725,codingmermaid.ai
nicy.nithya,63471610745,nicole_essays,124,63471610745,nicy.nithya
nicy.nithya,63446933922,b_s_akash_yadav,106,63446933922,nicy.nithya
nicy.nithya,63397934593,omkarn_2127,206,63397934593,nicy.nithya
nicy.nithya,63411973374,guru_foundation_007,456,63411973374,nicy.nithya
nicy.nithya,62952101837,rekha_solanki_patolavala,105,62952101837,nicy.nithya
nicy.nithya,63377900294,nathaneo_j,892,63377900294,nicy.nithya
nicy.nithya,63457252950,hunglethanh,143,63457252950,nicy.nithya
nicy.nithya,66762804148,malikrishi1606,116,66762804148,nicy.nithya
nicy.nithya,63300180256,jusbrea.mamax2,136,63300180256,nicy.nithya
nicy.nithya,68238913014,deeper_than_the_see,137,68238913014,nicy.nithya
nicy.nithya,68927363440,roguecurrents,1828,68927363440,nicy.nithya
nicy.nithya,68917487799,davidburm,150,68917487799,nicy.nithya
nicy.nithya,63250855396,lebon_chirha,168,63250855396,nicy.nithya
nicy.nithya,63449068331,theskyadav16,111,63449068331,nicy.nithya
nicy.nithya,63103381310,shravan.acharya7,181,63103381310,nicy.nithya
nicy.nithya,66875772437,get_fit_with_sudha,552,66875772437,nicy.nithya
nicy.nithya,63105142533,_.sarahhrt._,146,63105142533,nicy.nithya
nicy.nithya,63451347196,luminous_spark1,461,63451347196,nicy.nithya
nicy.nithya,63231109748,trinadh__t,210,63231109748,nicy.nithya
nicy.nithya,63100670504,iwantinteriorem,184,63100670504,nicy.nithya
nicy.nithya,63295946775,judes_paranjothi,321,63295946775,nicy.nithya
nicy.nithya,70245049457,_flight_of_icarus,122,70245049457,nicy.nithya
nicy.nithya,67988259239,pranesh_official,139,67988259239,nicy.nithya
nicy.nithya,68734586964,rohityogeofficial,504,68734586964,nicy.nithya
nicy.nithya,69539524934,manideep_pellimari,101,69539524934,nicy.nithya
nicy.nithya,63388780246,datasimplifier,18088,63388780246,nicy.nithya
nicy.nithya,63379214613,sravanik_9,137,63379214613,nicy.nithya
nicy.nithya,67880040792,rahuljha_1908,101,67880040792,nicy.nithya
nicy.nithya,65789238968,naveeennnn._nani,197,65789238968,nicy.nithya
nicy.nithya,63402311975,coveloper,319,63402311975,nicy.nithya
nicy.nithya,69787844053,tech.tourist,103,69787844053,nicy.nithya
nicy.nithya,63522590254,zuridomonique,217,63522590254,nicy.nithya
nicy.nithya,67999091918,shwithi.reddy,163,67999091918,nicy.nithya
nicy.nithya,63449763681,srustivijayakumar,128,63449763681,nicy.nithya
nicy.nithya,63473068822,yokesh.sankar,237,63473068822,nicy.nithya
nicy.nithya,63445731334,rutwik_karra,133,63445731334,nicy.nithya
nicy.nithya,63252679550,ausieefernandes87,165,63252679550,nicy.nithya
nicy.nithya,64053810405,filipebastos06,388,64053810405,nicy.nithya
nicy.nithya,63043607664,nk07522,248,63043607664,nicy.nithya
nicy.nithya,63035719853,shivacharan_9,224,63035719853,nicy.nithya
nicy.nithya,63215519115,_venkateswar_bapuram,358,63215519115,nicy.nithya
nicy.nithya,63484792131,zainabbkamrann,188,63484792131,nicy.nithya
nicy.nithya,65056350055,arunmeo,127,65056350055,nicy.nithya
nicy.nithya,63069940482,_socallednightingale_,400,63069940482,nicy.nithya
nicy.nithya,63459046115,itsbharath_insta,128,63459046115,nicy.nithya
nicy.nithya,63423622920,soundarya_abirami,211,63423622920,nicy.nithya
nicy.nithya,63419142322,shayronie,179,63419142322,nicy.nithya
nicy.nithya,63624952020,kavyafatwani4,314,63624952020,nicy.nithya
nicy.nithya,68299871637,obscure.marlin,291,68299871637,nicy.nithya
nicy.nithya,63216661873,priyavaswani_23,252,63216661873,nicy.nithya
nicy.nithya,63100913175,thessyrainn,812,63100913175,nicy.nithya
nicy.nithya,69780884130,anusunshine,170,69780884130,nicy.nithya
nicy.nithya,63481560271,dr.advaith,4894,63481560271,nicy.nithya
nicy.nithya,64724636450,gnanalekhana,196,64724636450,nicy.nithya
nicy.nithya,63638336385,teeeaaarbeee,1344,63638336385,nicy.nithya
nicy.nithya,62884102862,_bohemiangvs_,297,62884102862,nicy.nithya
nicy.nithya,63290454571,notbhavaniii,141,63290454571,nicy.nithya
nicy.nithya,63602601479,skinn._.glow,11833,63602601479,nicy.nithya
nicy.nithya,70698254511,anirudh_raj_kaushik,136,70698254511,nicy.nithya
nicy.nithya,63218535209,purvaaa.19,206,63218535209,nicy.nithya
nicy.nithya,63443045305,dekaylashay,1466,63443045305,nicy.nithya
nicy.nithya,63301648434,theokeowodaniels,585,63301648434,nicy.nithya
nicy.nithya,63278416675,azimahamzah,144,63278416675,nicy.nithya
nicy.nithya,69664391874,kondababu27,101,69664391874,nicy.nithya
nicy.nithya,63445404101,chrisakorlie,111,63445404101,nicy.nithya
nicy.nithya,70293193099,mugondunguceo,107,70293193099,nicy.nithya
nicy.nithya,69465188286,mrvinny_official,104,69465188286,nicy.nithya
nicy.nithya,63630360369,_rxshhh.__u,299,63630360369,nicy.nithya
nicy.nithya,63130317233,marge_dapo,249,63130317233,nicy.nithya
nicy.nithya,63231603534,santadohude,172,63231603534,nicy.nithya
nicy.nithya,63077379326,madhankodumudi,187,63077379326,nicy.nithya
nicy.nithya,69682785217,vijaykonakondla,103,69682785217,nicy.nithya
nicy.nithya,63411894850,m_s_kamal_7,273,63411894850,nicy.nithya
nicy.nithya,63137868354,suhas_madupuri,118,63137868354,nicy.nithya
nicy.nithya,69444939302,_deep_n_not_than_anything,441,69444939302,nicy.nithya
nicy.nithya,72005337544,trojan_bae_,142,72005337544,nicy.nithya
nicy.nithya,63120347292,syifaahassan,245,63120347292,nicy.nithya
68951649566.0,65363877952,pasperfection,306,65363877952,mlepath
68951649566.0,63444873029,reznikib,1660,63444873029,mlepath
68951649566.0,63285454611,mark_r_vickers,1546,63285454611,mlepath
68951649566.0,67142320502,bossup.ai,237,67142320502,mlepath
68951649566.0,63368741254,scottinallcaps,193,63368741254,mlepath
68951649566.0,63243414943,tedunderwoodillinois,1178,63243414943,mlepath
68951649566.0,66387357748,weichun0127,160,66387357748,mlepath
68951649566.0,63407611042,shyidonofficial,1452,63407611042,mlepath
68951649566.0,63262748409,mshonle,218,63262748409,mlepath
68951649566.0,63144437965,sreekar__ravipati,117,63144437965,mlepath
68951649566.0,68342256165,thegateofnanna666,130,68342256165,mlepath
68951649566.0,63061940703,shafiranoh,247,63061940703,mlepath
68951649566.0,63244340088,mriduldey01,140,63244340088,mlepath
68951649566.0,63106819698,codewithgandhi,2244,63106819698,mlepath
68951649566.0,63317664331,gregbouraoui,135,63317664331,mlepath
68951649566.0,63425980282,will_novus,219,63425980282,mlepath
68951649566.0,62855351917,onemancipher,221,62855351917,mlepath
68951649566.0,63240425829,peterfreese,691,63240425829,mlepath
68951649566.0,63267035988,akhildereddy,145,63267035988,mlepath
68951649566.0,63501680814,threaderinchief,199,63501680814,mlepath
68951649566.0,63145695363,mahotei0,632,63145695363,mlepath
68951649566.0,63238211094,ant.huni,291,63238211094,mlepath
68951649566.0,63048591863,socaseinpoint,281,63048591863,mlepath
68951649566.0,67988437364,techgoddesses,648,67988437364,mlepath
68951649566.0,63450917672,andersonchen_7,310,63450917672,mlepath
68951649566.0,63399166213,jexarjexson,173,63399166213,mlepath
68951649566.0,63290180280,sundar.jeyaraman,282,63290180280,mlepath
68951649566.0,63250975744,retroyeti,1621,63250975744,mlepath
68951649566.0,63397719153,origbycode,118,63397719153,mlepath
68951649566.0,63086868309,rishabhstha,125,63086868309,mlepath
68951649566.0,63482242728,srotriyo_sengupta,214,63482242728,mlepath
68951649566.0,63500753694,sibidei,110,63500753694,mlepath
68951649566.0,69453228129,kumxr_997,109,69453228129,mlepath
68951649566.0,63262870600,georgymh,709,63262870600,mlepath
68951649566.0,63422938495,waikinl,293,63422938495,mlepath
68951649566.0,63379934932,romanow.lesha,226,63379934932,mlepath
68951649566.0,63260433762,kevinshje,136,63260433762,mlepath
68951649566.0,65168876455,andyymoraless,182,65168876455,mlepath
68951649566.0,70807745056,discus_peterson,103,70807745056,mlepath
68951649566.0,63317177970,dhrumil_2408,206,63317177970,mlepath
68951649566.0,63929791095,apbesselman,113,63929791095,mlepath
68951649566.0,63060878670,bodyofcode,343,63060878670,mlepath
68951649566.0,63410309660,kingartie,123,63410309660,mlepath
68951649566.0,63389925344,chihyu.yeh,125,63389925344,mlepath
68951649566.0,63092628184,blam_blam_lam,546,63092628184,mlepath
68951649566.0,63421484644,marksimi,266,63421484644,mlepath
68951649566.0,64900641437,santiagoarcelus,212,64900641437,mlepath
68951649566.0,63615570848,thegambill,300,63615570848,mlepath
68951649566.0,63033903514,syavatkar,139,63033903514,mlepath
68951649566.0,63258701699,hammadkhann,214,63258701699,mlepath
68951649566.0,63053773390,ramarduk,161,63053773390,mlepath
68951649566.0,71378157350,somyaa_aggarwal,108,71378157350,mlepath
68951649566.0,63399252814,sofili1986,112,63399252814,mlepath
68951649566.0,63290573718,sunilraju,155,63290573718,mlepath
68951649566.0,66908994419,evelyn_chen92,290,66908994419,mlepath
68951649566.0,63085078568,vitbyst,120,63085078568,mlepath
68951649566.0,63527985637,longmanyo,103,63527985637,mlepath
63088982085.0,69305206384,mhurtado00,172,69305206384,ellieinstem
paulabartabajo,65363877952,pasperfection,306,65363877952,paulabartabajo
paulabartabajo,63414782841,eyedonyell,407,63414782841,paulabartabajo
paulabartabajo,63418215995,whighsmith,628,63418215995,paulabartabajo
paulabartabajo,63312153676,abrar_chek_teh,159,63312153676,paulabartabajo
paulabartabajo,63422701898,sirnoel32,293,63422701898,paulabartabajo
paulabartabajo,63937947656,canut__,106,63937947656,paulabartabajo
paulabartabajo,63099022952,bluemoon_szfh,167,63099022952,paulabartabajo
paulabartabajo,63433009884,marvelignite,109,63433009884,paulabartabajo
paulabartabajo,63410997612,toniedoan,112,63410997612,paulabartabajo
paulabartabajo,63120761039,sean.327,388,63120761039,paulabartabajo
paulabartabajo,63448079153,walkfromayiti,518,63448079153,paulabartabajo
paulabartabajo,65306952064,ansonchan0325,352,65306952064,paulabartabajo
paulabartabajo,63297657376,toallthecars,122,63297657376,paulabartabajo
paulabartabajo,63398790878,seancitheanalyst,389,63398790878,paulabartabajo
paulabartabajo,63451881382,__gatare__,401,63451881382,paulabartabajo
paulabartabajo,63422798025,amartalpur,124,63422798025,paulabartabajo
paulabartabajo,70358470781,luwa_vi,474,70358470781,paulabartabajo
paulabartabajo,63130535515,dapidos,161,63130535515,paulabartabajo
paulabartabajo,66776117863,nfizamj,180,66776117863,paulabartabajo
paulabartabajo,70245049457,_flight_of_icarus,122,70245049457,paulabartabajo
paulabartabajo,70835406511,phenomenal_petite,135,70835406511,paulabartabajo
paulabartabajo,63273483986,sean.leesj,273,63273483986,paulabartabajo
paulabartabajo,63261363685,dayahlii,110,63261363685,paulabartabajo
paulabartabajo,63633752450,billy_foodie_0922,153,63633752450,paulabartabajo
paulabartabajo,63301808411,boon_loong,177,63301808411,paulabartabajo
paulabartabajo,65442516556,moomoomoolai,116,65442516556,paulabartabajo
paulabartabajo,63451786433,doyen,135,63451786433,paulabartabajo
paulabartabajo,67142320502,bossup.ai,237,67142320502,paulabartabajo
paulabartabajo,69528729334,trimmerchile,165,69528729334,paulabartabajo
paulabartabajo,70023217771,themilo_,124,70023217771,paulabartabajo
paulabartabajo,63315298968,boydsteve25,137,63315298968,paulabartabajo
paulabartabajo,71718161584,fra_church,265,71718161584,paulabartabajo
paulabartabajo,63060132802,4aditya09,124,63060132802,paulabartabajo
paulabartabajo,63087194261,oi2lam4,135,63087194261,paulabartabajo
paulabartabajo,63458915246,pratapaadii,106,63458915246,paulabartabajo
paulabartabajo,63242458724,dmontiel_1,125,63242458724,paulabartabajo
63065373077.0,63447125008,raju.hukare.79,297,63447125008,franaltomare
63065373077.0,63854869214,ildalca,930,63854869214,franaltomare
63065373077.0,63722560729,discoveringveneto,360,63722560729,franaltomare
63065373077.0,65648766239,cinnamongirl17,210,65648766239,franaltomare
63065373077.0,64086352259,maniscalcoantonio1975,108,64086352259,franaltomare
63065373077.0,65337976462,onzogram,108,65337976462,franaltomare
63065373077.0,63536119293,robert___de___neer,219,63536119293,franaltomare
63065373077.0,71121202240,chiaracarabellese,136,71121202240,franaltomare
63065373077.0,63847095574,lastellarossadelkinotto,219,63847095574,franaltomare
63065373077.0,71478835490,gianluca_marchesini_maba_sagl,163,71478835490,franaltomare
63065373077.0,64007825240,oh_no_its_carchy,199,64007825240,franaltomare
63065373077.0,63572998122,ire.thelionqueen,377,63572998122,franaltomare
63065373077.0,71560911073,graziellarossi49,1588,71560911073,franaltomare
63065373077.0,63580571477,roberta_raeli,315,63580571477,franaltomare
arif.codes,63446737678,matish_aslan,125,63446737678,arif.codes
64092120574.0,70392442793,tuazia.real,619,70392442793,sara_piga
64092120574.0,63903646063,formulainversa,220,63903646063,sara_piga
64092120574.0,69953694457,massimo.ost,174,69953694457,sara_piga
64092120574.0,69725588407,mariotarasini,123,69725588407,sara_piga
64092120574.0,69618573232,efisiomarcia,111,69618573232,sara_piga
64092120574.0,63248805348,marco_muraa,120,63248805348,sara_piga
64092120574.0,68741733811,botton_andrea,163,68741733811,sara_piga
64092120574.0,68566873102,daniel__ka,646,68566873102,sara_piga
64092120574.0,63853223176,_michele_caredda,336,63853223176,sara_piga
64092120574.0,67383190296,werneck.michael,130,67383190296,sara_piga
64092120574.0,67096370359,ojoaodasmagicas,457,67096370359,sara_piga
64092120574.0,64596799689,emilianovincenzotoppi,159,64596799689,sara_piga
64092120574.0,66318721913,apolloriegomagic,210,66318721913,sara_piga
64092120574.0,66298971566,michael98sound,123,66298971566,sara_piga
64092120574.0,66277490357,angelomiloud,174,66277490357,sara_piga
64092120574.0,65334897895,federico.silv,608,65334897895,sara_piga
64092120574.0,63763952163,_pier_87_,941,63763952163,sara_piga
64092120574.0,63707477095,capoandre0,272,63707477095,sara_piga
64092120574.0,63695407299,dionisioloiacono,979,63695407299,sara_piga
64092120574.0,63703015805,mariatina.greco,541,63703015805,sara_piga
64092120574.0,63894882774,stefanomari1606,179,63894882774,sara_piga
64092120574.0,64459727054,marmy_alfry,261,64459727054,sara_piga
64092120574.0,63698540612,oigresrevrsd_,332,63698540612,sara_piga
64092120574.0,63259969745,gabrieledoria_,271,63259969745,sara_piga
64092120574.0,63522632362,scarpa.marco,214,63522632362,sara_piga
64092120574.0,63544244448,ilenia.utzeri,112,63544244448,sara_piga
64092120574.0,63879806510,michele_dp,1670,63879806510,sara_piga
64092120574.0,63861132957,fechuli,301,63861132957,sara_piga
64092120574.0,63871437191,fabio.me98,139,63871437191,sara_piga
64092120574.0,63886762592,nicolongram,104,63886762592,sara_piga
64092120574.0,63866484509,chiaradea13,3717,63866484509,sara_piga
64092120574.0,63903673870,elisak_7,673,63903673870,sara_piga
64092120574.0,63574147595,luca.marke,556,63574147595,sara_piga
64092120574.0,63878387878,clauuubasso,1286,63878387878,sara_piga
64092120574.0,63774960453,vaga__bond_,131,63774960453,sara_piga
64092120574.0,63873723820,haukr777,635,63873723820,sara_piga
64092120574.0,63275604331,alessandro_lastrina,115,63275604331,sara_piga
64092120574.0,63905434374,mattiamei__,1395,63905434374,sara_piga
64092120574.0,64201020505,umberto.dr,1389,64201020505,sara_piga
64092120574.0,63868316734,_sara.apicella_,188,63868316734,sara_piga
64092120574.0,63880507134,blk_gf,243,63880507134,sara_piga
64092120574.0,63706822962,_maiono,169,63706822962,sara_piga
64092120574.0,63884308228,jk13t,127,63884308228,sara_piga
64092120574.0,64464848862,anastasiasantarossa,652,64464848862,sara_piga
64092120574.0,63226712992,dott.stefanopisu,282,63226712992,sara_piga
64092120574.0,63223961320,iervolinomatteo73,199,63223961320,sara_piga
64092120574.0,64003615503,gabrielecupelli,212,64003615503,sara_piga
64092120574.0,64615905170,wirklichkeitsverkaeufer,139,64615905170,sara_piga
64092120574.0,63568587677,alessandro_frau_85,289,63568587677,sara_piga
64092120574.0,63080306771,gabs_01,199,63080306771,sara_piga
64092120574.0,63872382627,ali.loddo,185,63872382627,sara_piga
64092120574.0,63264886064,felice.depinto,263,63264886064,sara_piga
64092120574.0,63857205262,44caats,132,63857205262,sara_piga
64092120574.0,63523403267,khadija.ezzahrany,187,63523403267,sara_piga
64092120574.0,63876355687,riccardomascolo_,3041,63876355687,sara_piga
64092120574.0,63570603924,vincenzo_volpe__,139,63570603924,sara_piga
64092120574.0,63230330012,iam.maarco_,1737,63230330012,sara_piga
64092120574.0,62982511557,carola_monti,431,62982511557,sara_piga
64092120574.0,63704750095,davide_westside,266,63704750095,sara_piga
64092120574.0,63267616652,carnovale.jpg,144,63267616652,sara_piga
64092120574.0,63705292513,giovanni___bianco,263,63705292513,sara_piga
64092120574.0,63938678666,willserpaa_,106,63938678666,sara_piga
64092120574.0,62980551588,marialuigia.mh,116,62980551588,sara_piga
64092120574.0,63921529175,favagrossafederico,140,63921529175,sara_piga
herhustle._,71718804644,rhoeseanaaaa,246,71718804644,herhustle._
herhustle._,72166145681,medini_v,101,72166145681,herhustle._
herhustle._,63258975352,elenii.harris,155,63258975352,herhustle._
herhustle._,63499569800,_jessicah20,146,63499569800,herhustle._
herhustle._,63959049449,ifee._,107,63959049449,herhustle._
herhustle._,64344500707,nadiaallyb,158,64344500707,herhustle._
herhustle._,63420390217,sharrmi.raj,1143,63420390217,herhustle._
herhustle._,62926503808,_kayygoldenn,820,62926503808,herhustle._
herhustle._,63049909959,bouthainaael,117,63049909959,herhustle._
herhustle._,72249723298,badasstinbasher_and_chef,107,72249723298,herhustle._
herhustle._,72148601422,therealbiztrapmom,220,72148601422,herhustle._
herhustle._,63314816739,shazee_tee,291,63314816739,herhustle._
herhustle._,72083415023,samemahoney,168,72083415023,herhustle._
herhustle._,70635198980,its_andi_2u,125,70635198980,herhustle._
herhustle._,63264207675,shain4_,183,63264207675,herhustle._
herhustle._,70408982778,shahebaaz661,256,70408982778,herhustle._
herhustle._,68263157398,kier_stennn,459,68263157398,herhustle._
herhustle._,63846531969,doac.04,113,63846531969,herhustle._
herhustle._,68203526279,tonywide8,101,68203526279,herhustle._
herhustle._,67061009423,joao.matiass,276,67061009423,herhustle._
herhustle._,63468522568,aking__,414,63468522568,herhustle._
herhustle._,63228053296,miralahmedd_,104,63228053296,herhustle._
herhustle._,63286842950,lovee_lost,1065,63286842950,herhustle._
herhustle._,63252453803,nikkamineth,135,63252453803,herhustle._
herhustle._,66405032830,_wanodya.utami_,152,66405032830,herhustle._
herhustle._,63683902907,metosie,123,63683902907,herhustle._
herhustle._,63445773081,justfresheee,18149,63445773081,herhustle._
herhustle._,63143398424,shazi_thabiso,115,63143398424,herhustle._
herhustle._,63363603816,espressomariatini,142,63363603816,herhustle._
herhustle._,66446490640,thepassivewealthmindset,223,66446490640,herhustle._
adut,63872837385,orsola_vitagliano1,460,63872837385,adut
adut,64887591999,erikalucca_,179,64887591999,adut
adut,68271760286,valhalla_beerpub,203,68271760286,adut
adut,67485824174,michiamanonenne,200,67485824174,adut
adut,66371361936,m_a_h_a_k_a_s_h,103,66371361936,adut
adut,63910937910,aria_jezabel,462,63910937910,adut
adut,65502473627,dubidubidabadabam,599,65502473627,adut
adut,63553518343,fedecare81,3643,63553518343,adut
adut,64387128040,elisssj,1046,64387128040,adut
adut,63572356070,lacquasantiera,698,63572356070,adut
adut,63930569011,iulusianualis,1224,63930569011,adut
adut,63266404823,piccirilloomariannaa,3704,63266404823,adut
adut,63250425390,tbaibi_mehdi,185,63250425390,adut
adut,64509737744,greit206,109,64509737744,adut
adut,63842286708,stellanonesiste,4081,63842286708,adut
adut,63893082934,alex_franini,478,63893082934,adut
adut,63729912865,iolanda_1988_,3437,63729912865,adut
adut,64267996877,_.gaaab._,1331,64267996877,adut
adut,63509650369,aless.frn_,498,63509650369,adut
adut,63873917138,eleonora.grando,1975,63873917138,adut
adut,63263838416,aantoniapagliucaa,4664,63263838416,adut
adut,63883276578,denn06.exe,1018,63883276578,adut
adut,63879623187,gianm_depas_,1080,63879623187,adut
adut,63889450860,idoloridelgiovanenetzer,1599,63889450860,adut
adut,63971578765,real_gabrielemerenda,169,63971578765,adut
adut,63855238292,biancaelena__stan,719,63855238292,adut
adut,63851694262,tommasogaggiotti,2788,63851694262,adut
adut,63532426708,me.as.polly,3109,63532426708,adut
adut,64346461691,valentinanic,9932,64346461691,adut
adut,63756920128,g_barletta,131,63756920128,adut
adut,63541303884,amaliacipolla,1323,63541303884,adut
adut,63863839079,bacarotechofficial,181,63863839079,adut
adut,64025666835,antonellamarinoactress,1943,64025666835,adut
adut,63230962641,j.e.i._,1609,63230962641,adut
adut,63542679610,chiaraiann__,1142,63542679610,adut
adut,64007651058,cicciogambino79,559,64007651058,adut
adut,63756340714,foodiesconnectita,666,63756340714,adut
adut,63557812393,sabb.fans,376,63557812393,adut
adut,63274244544,just.ladyme,8365,63274244544,adut
adut,64155161048,__margesimpson__,1243,64155161048,adut
adut,63901620835,no_life_no_begin,1137,63901620835,adut
adut,63686006607,delillovincenzo,3330,63686006607,adut
adut,63268289262,_sofian_200,1156,63268289262,adut
adut,63263981384,aldo.sangiovanni_,506,63263981384,adut
adut,63860229651,gibbo__etto,552,63860229651,adut
adut,63976707005,lacoscia__vic,585,63976707005,adut
adut,63264133348,alesseno9,2858,63264133348,adut
adut,63536085806,vanillasflower,3079,63536085806,adut
adut,63901289806,mary_silvestri96,9419,63901289806,adut
adut,63695325187,saraayaqine,6708,63695325187,adut
adut,63868622733,elio.d_prvtssm,1917,63868622733,adut
adut,63953785229,ad.easysolution,108,63953785229,adut
adut,63924633039,maryrose_97,251,63924633039,adut
adut,63255622230,claudiapiombo,1090,63255622230,adut
adut,63841903327,marckdev,510,63841903327,adut
adut,63724710463,artf4_official,175,63724710463,adut
adut,63912211562,monica_resta,372,63912211562,adut
adut,63236089948,ssarapanzerii,2014,63236089948,adut
adut,63944354751,g.giuliaaaaq,561,63944354751,adut
adut,63549031280,puzzascr0to,1552,63549031280,adut
adut,63268110225,iamssyria,1186,63268110225,adut
adut,63926969292,salvo.gentile02_,253,63926969292,adut
adut,63271521784,creepycrawlyplague,288,63271521784,adut
adut,63714757199,alee__scarola,548,63714757199,adut
adut,63535711790,haelmikk,1334,63535711790,adut
adut,63881579483,gaiolinaa,2421,63881579483,adut
adut,63560014221,jessicaangelinii_,1199,63560014221,adut
adut,63878477940,ehicris,3378,63878477940,adut
adut,63394493196,smdigiuseppe,967,63394493196,adut
adut,63778936027,eleonoraa.castello,1410,63778936027,adut
adut,63689374202,_ssamm._,692,63689374202,adut
adut,63858237916,alessandro.manzella002,1214,63858237916,adut
adut,63566724243,_rosibruno_,1891,63566724243,adut
adut,63552391925,ericagentilezza,1565,63552391925,adut
adut,63761200261,_.__.lorenzoo.__,809,63761200261,adut
adut,63561551166,giorgiaspatola_,3572,63561551166,adut
adut,63791160004,giusy.nardo,1081,63791160004,adut
adut,63885637099,giuliacapitani_,2793,63885637099,adut
adut,63852239176,iamfedericaokay,2447,63852239176,adut
adut,63850295925,_eelisabettaa.__,450,63850295925,adut
adut,63884126247,aangelinzzz,674,63884126247,adut
adut,63942568714,zoccofrancescoo,615,63942568714,adut
adut,63252624158,marty_didonna,5605,63252624158,adut
adut,63581325766,falcidaniele,641,63581325766,adut
adut,63439850569,mymodelsinfo,1751,63439850569,adut
adut,63910995092,el_checco10,356,63910995092,adut
adut,63928890767,gaiabanchetti_05_priv,152,63928890767,adut
adut,63872725902,mik_la1993,158,63872725902,adut
adut,63241692340,am1gda,4892,63241692340,adut
adut,63229843862,wrld.ada,1470,63229843862,adut
adut,63524837887,farenz.m,1197,63524837887,adut
adut,63843702517,mattia_magno.93,1364,63843702517,adut
adut,63705321140,denise.chicca,23881,63705321140,adut
adut,63550628448,alessio.ottaviani.art,3257,63550628448,adut
adut,63276429379,benedettogiulii,1212,63276429379,adut
adut,63256318634,ant09d,1175,63256318634,adut
adut,63425577707,danilotardanico24,296,63425577707,adut
adut,63882659487,alepapy87,1980,63882659487,adut
adut,63542356904,luca__ausilio,409,63542356904,adut
adut,63937993672,noemi_dagostini_,3998,63937993672,adut
adut,63241516738,ceryl__s,9071,63241516738,adut
adut,63744960883,ludovica_mecozzi_,536,63744960883,adut
adut,62983903000,tommasomello,2890,62983903000,adut
adut,63773944374,martina.dipinto,2221,63773944374,adut
adut,63539447088,nalienla,720,63539447088,adut
adut,63691541123,_elisarubino_,893,63691541123,adut
adut,62981310092,_francescaduca,3267,62981310092,adut
adut,63246889845,elisaascioti,362,63246889845,adut
adut,63875222270,france_marte00,444,63875222270,adut
adut,63890828640,enrico.onnis,172,63890828640,adut
adut,63572845741,jsn114,1162,63572845741,adut
adut,63527743857,marcopracuccii,1554,63527743857,adut
adut,63855333547,sjmona._,5399,63855333547,adut
adut,63551349345,valeriosantii,500,63551349345,adut
adut,63851486544,dzevianti.my,119,63851486544,adut
adut,63751017006,ale_nappo,102,63751017006,adut
adut,63861638260,clarissepupillo,791,63861638260,adut
adut,63930528657,_.martabernardo._,1127,63930528657,adut
adut,63581499948,giulia.bordoniii,216,63581499948,adut
adut,63267003302,onlygab__,223,63267003302,adut
adut,63708413146,valentinaquila_,2131,63708413146,adut
adut,63905611603,marco.saba___,1220,63905611603,adut
adut,63283414195,_marinapezzella_,1350,63283414195,adut
adut,63702054758,giada.srtr,1257,63702054758,adut
adut,63242316546,marika.camm,745,63242316546,adut
adut,63919362462,alessio_previti,3218,63919362462,adut
adut,62989358344,annientatrice,3807,62989358344,adut
adut,63860437371,mancusito_,1911,63860437371,adut
adut,62997758488,_andreazhupa_,1263,62997758488,adut
adut,63916337252,giadalleone,2223,63916337252,adut
adut,63508906062,valerie.vapi06,2458,63508906062,adut
adut,63751376643,__m.manal_,345,63751376643,adut
adut,63557863188,ba.bype,3525,63557863188,adut
adut,63582674609,dani.brcr,1516,63582674609,adut
adut,63220800042,alessio_caldarelli,4888,63220800042,adut
adut,63713218843,_ary__7,1304,63713218843,adut
adut,63902770744,_taerijn_,1372,63902770744,adut
adut,63248581091,giorgiadallacquaa,2237,63248581091,adut
adut,63687093360,camillacamuffo,1213,63687093360,adut
adut,63701335261,matteo_volpone,3980,63701335261,adut
adut,63918665070,christian.pellizzari,1211,63918665070,adut
adut,63853421391,camillabarberisss,1099,63853421391,adut
adut,63547535306,ledenisur,766,63547535306,adut
adut,63541191399,rachelefalco_official,434,63541191399,adut
adut,63551630170,_nick_foden,3089,63551630170,adut
adut,63692582752,p4blask,1739,63692582752,adut
adut,63913353569,indiagray._,1729,63913353569,adut
adut,63925200107,claatapuc,1110,63925200107,adut
adut,63862165502,dievecii,364,63862165502,adut
adut,63561087275,auroraa.leonee,1393,63561087275,adut
adut,63896467079,francescoabib_,3916,63896467079,adut
adut,63733992955,stefanomosss,1851,63733992955,adut
adut,63875645516,esterstrazz,453,63875645516,adut
adut,64082920418,_cristinabattaglia,425,64082920418,adut
adut,63724041046,earvy_,1164,63724041046,adut
adut,63871270149,444.leda,1309,63871270149,adut
adut,63533572498,maritaatorraco,2939,63533572498,adut
adut,63562414431,s4raaax_,1920,63562414431,adut
adut,63222208203,lorencohykaa,1042,63222208203,adut
adut,63877901292,elisa.callonii,642,63877901292,adut
adut,63581004800,francescacaroppi_,1940,63581004800,adut
adut,63570028790,fabiobattiston00,1531,63570028790,adut
adut,63853182861,carminepiccirillo_,796,63853182861,adut
adut,63578581292,chiaraa.mazzon,2132,63578581292,adut
adut,63532495700,alessio_tramacere,1196,63532495700,adut
adut,63256266488,_.pinkiepie23._,2192,63256266488,adut
adut,63555559139,rebeccamatoni,3822,63555559139,adut
adut,63869893378,mikymolino,726,63869893378,adut
adut,63869014205,hysni_9,1071,63869014205,adut
adut,62992862702,mario.__.dauria,1340,62992862702,adut
adut,63552311231,giorgia.dellanna,900,63552311231,adut
