user_pk,follower_pk,follower_username,follower_count,thread_user_pk,thread_username,thread_follower_pk,thread_follower_username
63310777769.0,,,0.0,63310777769.0,mlssfshn,63265641554.0,dirt_floor_record_production
904559.0,,,0.0,904559.0,shelli1370,63133854921.0,mooncatkait
35151563205.0,,,0.0,35151563205.0,julie.rockwell_author,70097694048.0,acourtofwordsandletters
71051793074.0,,,0.0,71051793074.0,morgan_sperry_writes,64338268138.0,notions.of.nobody
328766914.0,,,0.0,328766914.0,bringinguptheberneys,64638297934.0,juliedmissen_author
353435293.0,,,0.0,353435293.0,stepphyroff,52748805672.0,nick_bookworm
353435293.0,,,0.0,353435293.0,stepphyroff,69670770373.0,isitsowithgavinbuckle
353435293.0,,,0.0,353435293.0,stepphyroff,58444618383.0,justreaditalreadypod
39366804113.0,,,0.0,39366804113.0,deb_createsfunandluvskindness,70428705305.0,mistydudley42
31410547.0,,,0.0,31410547.0,istolethecatspjs,63043437031.0,jennisimonis_author
63488392374.0,,,0.0,63488392374.0,wafmichael,2907929476.0,jessicamap
35705345720.0,,,0.0,35705345720.0,john.st.clair.56,26832928275.0,stardustparadox
70834502504.0,,,0.0,70834502504.0,rcuthbertson.writes,64338268138.0,notions.of.nobody
70834502504.0,,,0.0,70834502504.0,rcuthbertson.writes,71459492115.0,mwheatleywriter
70834502504.0,,,0.0,70834502504.0,rcuthbertson.writes,65401730120.0,jmelea_author
70834502504.0,,,0.0,70834502504.0,rcuthbertson.writes,71051793074.0,morgan_sperry_writes
70834502504.0,,,0.0,70834502504.0,rcuthbertson.writes,71324892320.0,officialsrscinema
70834502504.0,,,0.0,70834502504.0,rcuthbertson.writes,65172073819.0,eluminora
70834502504.0,,,0.0,70834502504.0,rcuthbertson.writes,68361680457.0,marcushawke
70834502504.0,,,0.0,70834502504.0,rcuthbertson.writes,70854790498.0,knovelprotocol
63426158397.0,,,0.0,63426158397.0,lmorris_writer,63943005455.0,poetry_by_ed
1961097326.0,,,0.0,1961097326.0,firexxlily,63612363814.0,beckywrightauthor
1961097326.0,,,0.0,1961097326.0,firexxlily,2907929476.0,jessicamap
69162290076.0,,,0.0,69162290076.0,camgayfantasyreader,69670770373.0,isitsowithgavinbuckle
69162290076.0,,,0.0,69162290076.0,camgayfantasyreader,51621989079.0,johnjbooks
69162290076.0,,,0.0,69162290076.0,camgayfantasyreader,4318110380.0,jmayson11
64338268138.0,,,0.0,64338268138.0,notions.of.nobody,63368302898.0,kidgillis
55594923444.0,,,0.0,55594923444.0,contentcrateuk,65256461753.0,mysticminerals_teri
71459492115.0,,,0.0,71459492115.0,mwheatleywriter,65401730120.0,jmelea_author
71459492115.0,,,0.0,71459492115.0,mwheatleywriter,71622882094.0,thebookbattleaxe
63400902173.0,,,0.0,63400902173.0,carrieauthor,68011718036.0,josh.mccluskey.796
63400902173.0,,,0.0,63400902173.0,carrieauthor,58502338308.0,juliefearnwriter
49631430094.0,,,0.0,49631430094.0,lisaamooreauthor,70854888684.0,vineetvermaauthor
49631430094.0,,,0.0,49631430094.0,lisaamooreauthor,65172073819.0,eluminora
62971506123.0,,,0.0,62971506123.0,wanderingdeerpoet,69382603522.0,nicknacknyuknyuknyuk
62971506123.0,,,0.0,62971506123.0,wanderingdeerpoet,68354062924.0,theofficialoddaly
63078643124.0,,,0.0,63078643124.0,indiemusicwomen,65175018549.0,airamfmofficial
63078643124.0,,,0.0,63078643124.0,indiemusicwomen,63223710605.0,bookish.baddie
69884012575.0,,,0.0,69884012575.0,ninjasouthside,71865395601.0,hatsunechastity
69884012575.0,,,0.0,69884012575.0,ninjasouthside,69054533247.0,sugar.y.spite
69884012575.0,,,0.0,69884012575.0,ninjasouthside,63995732074.0,tanjalin
69884012575.0,,,0.0,69884012575.0,ninjasouthside,69638162998.0,actuallyelastigirl
69884012575.0,,,0.0,69884012575.0,ninjasouthside,64516644874.0,zen_doe42
69884012575.0,,,0.0,69884012575.0,ninjasouthside,63367833785.0,villainchrisk
30273655584.0,,,0.0,30273655584.0,chenellebremont,63307928336.0,septimusbrown
7572394349.0,,,0.0,7572394349.0,michelleleighmiller_author,63428870110.0,bob_b_1961
7572394349.0,,,0.0,7572394349.0,michelleleighmiller_author,63400902173.0,carrieauthor
63428878626.0,,,0.0,63428878626.0,theconstantvoice,1748581171.0,luna13darke
63428878626.0,,,0.0,63428878626.0,theconstantvoice,58003483903.0,ursus_art_eva_mout
63428878626.0,,,0.0,63428878626.0,theconstantvoice,11327211724.0,emilygrayauthor
63428878626.0,,,0.0,63428878626.0,theconstantvoice,68361680457.0,marcushawke
63428878626.0,,,0.0,63428878626.0,theconstantvoice,65961806408.0,ellenreadauthor
63428878626.0,,,0.0,63428878626.0,theconstantvoice,63041743712.0,hollys_book_nook
63428878626.0,,,0.0,63428878626.0,theconstantvoice,3662105709.0,jjswrites
63428878626.0,,,0.0,63428878626.0,theconstantvoice,63411132135.0,bumble_and_brush
63428878626.0,,,0.0,63428878626.0,theconstantvoice,63612363814.0,beckywrightauthor
63428878626.0,,,0.0,63428878626.0,theconstantvoice,7212635043.0,manylittlewords
63428878626.0,,,0.0,63428878626.0,theconstantvoice,1961097326.0,firexxlily
63428878626.0,,,0.0,63428878626.0,theconstantvoice,2907929476.0,jessicamap
63428878626.0,,,0.0,63428878626.0,theconstantvoice,1901636778.0,loli_santanelli
63428878626.0,,,0.0,63428878626.0,theconstantvoice,3092444516.0,fairestskyebooks
63428878626.0,,,0.0,63428878626.0,theconstantvoice,3081080225.0,contraryreader
63428878626.0,,,0.0,63428878626.0,theconstantvoice,63400902173.0,carrieauthor
63428878626.0,,,0.0,63428878626.0,theconstantvoice,63457360430.0,princesssudi
63428878626.0,,,0.0,63428878626.0,theconstantvoice,63125879808.0,jjdoborwrites
63428878626.0,,,0.0,63428878626.0,theconstantvoice,63079986020.0,katerinasanders
63428878626.0,,,0.0,63428878626.0,theconstantvoice,63488392374.0,wafmichael
63428878626.0,,,0.0,63428878626.0,theconstantvoice,63308616858.0,danafraedrich
63428878626.0,,,0.0,63428878626.0,theconstantvoice,63316161624.0,stevegriffin.author
63428878626.0,,,0.0,63428878626.0,theconstantvoice,62863447280.0,julieemovon_author
63428878626.0,,,0.0,63428878626.0,theconstantvoice,5885013.0,ddrosche
63428878626.0,,,0.0,63428878626.0,theconstantvoice,63251473081.0,asholdfieldauthor
63428878626.0,,,0.0,63428878626.0,theconstantvoice,7848499447.0,theliteraryhooker
63428878626.0,,,0.0,63428878626.0,theconstantvoice,63104253787.0,dlgillis20
32978511983.0,,,0.0,32978511983.0,rosejfairchild,63067940437.0,brittanyannreads
32978511983.0,,,0.0,32978511983.0,rosejfairchild,71452042928.0,jamesfahyauthor_real
32978511983.0,,,0.0,32978511983.0,rosejfairchild,70171962998.0,reeselandrypoetry
32978511983.0,,,0.0,32978511983.0,rosejfairchild,63381245915.0,jameswritesurprisingly
32978511983.0,,,0.0,32978511983.0,rosejfairchild,64146307072.0,i_s_o_l_d_e_
32978511983.0,,,0.0,32978511983.0,rosejfairchild,63474134685.0,woodscourtbooks
32978511983.0,,,0.0,32978511983.0,rosejfairchild,63316161624.0,stevegriffin.author
32978511983.0,,,0.0,32978511983.0,rosejfairchild,63251473081.0,asholdfieldauthor
65254475722.0,,,0.0,65254475722.0,topvaluebooks,70171962998.0,reeselandrypoetry
65254475722.0,,,0.0,65254475722.0,topvaluebooks,63763248422.0,curious_lit_corner
65254475722.0,,,0.0,65254475722.0,topvaluebooks,62863447280.0,julieemovon_author
65254475722.0,,,0.0,65254475722.0,topvaluebooks,63405163526.0,importedhorror
65254475722.0,,,0.0,65254475722.0,topvaluebooks,66284232818.0,finishracks
65254475722.0,,,0.0,65254475722.0,topvaluebooks,63421263906.0,jenna_mcleod_author_
51621989079.0,,,0.0,51621989079.0,johnjbooks,69162290076.0,camgayfantasyreader
51621989079.0,,,0.0,51621989079.0,johnjbooks,35317585106.0,spillthepage
51621989079.0,,,0.0,51621989079.0,johnjbooks,63130769286.0,theinstantreader
259674468.0,,,0.0,259674468.0,real_phoenix_writes,67991755319.0,reese_hc
259674468.0,,,0.0,259674468.0,real_phoenix_writes,63458177781.0,kristenthompson22
259674468.0,,,0.0,259674468.0,real_phoenix_writes,63412603181.0,hollisbischoff
259674468.0,,,0.0,259674468.0,real_phoenix_writes,70139825260.0,euniverse1959
259674468.0,,,0.0,259674468.0,real_phoenix_writes,6811596909.0,helmansarah
259674468.0,,,0.0,259674468.0,real_phoenix_writes,70257240661.0,crunchygoodness
259674468.0,,,0.0,259674468.0,real_phoenix_writes,70815600788.0,_aja.james
259674468.0,,,0.0,259674468.0,real_phoenix_writes,63278336644.0,natkoho
259674468.0,,,0.0,259674468.0,real_phoenix_writes,69576523404.0,honeybee_bythesea
259674468.0,,,0.0,259674468.0,real_phoenix_writes,71901903657.0,poetryoracle
259674468.0,,,0.0,259674468.0,real_phoenix_writes,63601610018.0,erinspiegel
259674468.0,,,0.0,259674468.0,real_phoenix_writes,2119330595.0,jennifersusanko
259674468.0,,,0.0,259674468.0,real_phoenix_writes,3284486724.0,lovemilliefalcon86
259674468.0,,,0.0,259674468.0,real_phoenix_writes,1530430330.0,leclairmiranda
259674468.0,,,0.0,259674468.0,real_phoenix_writes,63323722497.0,bevd1959
259674468.0,,,0.0,259674468.0,real_phoenix_writes,69653661216.0,southern.blacksheep.refuge
259674468.0,,,0.0,259674468.0,real_phoenix_writes,63635088246.0,sunsing
259674468.0,,,0.0,259674468.0,real_phoenix_writes,63647336340.0,pwwroa
259674468.0,,,0.0,259674468.0,real_phoenix_writes,4697593274.0,thesandwichedcaregiver
259674468.0,,,0.0,259674468.0,real_phoenix_writes,63432879768.0,ms_mausi
259674468.0,,,0.0,259674468.0,real_phoenix_writes,70854888684.0,vineetvermaauthor
259674468.0,,,0.0,259674468.0,real_phoenix_writes,3473774856.0,dalton.laurie
259674468.0,,,0.0,259674468.0,real_phoenix_writes,8227953134.0,caliginousneed
259674468.0,,,0.0,259674468.0,real_phoenix_writes,63102401975.0,stylishluckycharm
259674468.0,,,0.0,259674468.0,real_phoenix_writes,70382111375.0,bonnies5945
259674468.0,,,0.0,259674468.0,real_phoenix_writes,63126653816.0,matthewdalbertson
259674468.0,,,0.0,259674468.0,real_phoenix_writes,70250491922.0,britnbrown_86
259674468.0,,,0.0,259674468.0,real_phoenix_writes,63457360430.0,princesssudi
259674468.0,,,0.0,259674468.0,real_phoenix_writes,63474617901.0,ryan_reads_and_writes
259674468.0,,,0.0,259674468.0,real_phoenix_writes,71905872492.0,emma_woodhouse_books
259674468.0,,,0.0,259674468.0,real_phoenix_writes,71452042928.0,jamesfahyauthor_real
259674468.0,,,0.0,259674468.0,real_phoenix_writes,63249857818.0,chrissie.munday
259674468.0,,,0.0,259674468.0,real_phoenix_writes,70737503315.0,rayray.creates.empires__
259674468.0,,,0.0,259674468.0,real_phoenix_writes,63378474258.0,carlosriveraauthor
259674468.0,,,0.0,259674468.0,real_phoenix_writes,64146307072.0,i_s_o_l_d_e_
259674468.0,,,0.0,259674468.0,real_phoenix_writes,233667994.0,kimfrase73
259674468.0,,,0.0,259674468.0,real_phoenix_writes,31279882.0,kperm
259674468.0,,,0.0,259674468.0,real_phoenix_writes,63043437031.0,jennisimonis_author
259674468.0,,,0.0,259674468.0,real_phoenix_writes,63091461877.0,sp00pkittn
259674468.0,,,0.0,259674468.0,real_phoenix_writes,63426714633.0,that_bookworm_guy
259674468.0,,,0.0,259674468.0,real_phoenix_writes,68927363440.0,roguecurrents
259674468.0,,,0.0,259674468.0,real_phoenix_writes,4987065836.0,lancebell5627
259674468.0,,,0.0,259674468.0,real_phoenix_writes,62863447280.0,julieemovon_author
259674468.0,,,0.0,259674468.0,real_phoenix_writes,68334934711.0,gokulnb740
259674468.0,,,0.0,259674468.0,real_phoenix_writes,37576462605.0,katherineshawwrites
65961806408.0,,,0.0,65961806408.0,ellenreadauthor,7319907568.0,melanieasmithauthor
65961806408.0,,,0.0,65961806408.0,ellenreadauthor,3092444516.0,fairestskyebooks
65961806408.0,,,0.0,65961806408.0,ellenreadauthor,3662105709.0,jjswrites
65961806408.0,,,0.0,65961806408.0,ellenreadauthor,5525387211.0,lexiebookish
65961806408.0,,,0.0,65961806408.0,ellenreadauthor,7572394349.0,michelleleighmiller_author
65961806408.0,,,0.0,65961806408.0,ellenreadauthor,63403268534.0,christinerwriter
65961806408.0,,,0.0,65961806408.0,ellenreadauthor,63381245915.0,jameswritesurprisingly
65961806408.0,,,0.0,65961806408.0,ellenreadauthor,63316161624.0,stevegriffin.author
65961806408.0,,,0.0,65961806408.0,ellenreadauthor,63400902173.0,carrieauthor
65961806408.0,,,0.0,65961806408.0,ellenreadauthor,63428878626.0,theconstantvoice
65961806408.0,,,0.0,65961806408.0,ellenreadauthor,63079986020.0,katerinasanders
65961806408.0,,,0.0,65961806408.0,ellenreadauthor,63612363814.0,beckywrightauthor
65961806408.0,,,0.0,65961806408.0,ellenreadauthor,63125879808.0,jjdoborwrites
65961806408.0,,,0.0,65961806408.0,ellenreadauthor,63251473081.0,asholdfieldauthor
62863447280.0,,,0.0,62863447280.0,julieemovon_author,71452042928.0,jamesfahyauthor_real
62863447280.0,,,0.0,62863447280.0,julieemovon_author,46842625840.0,thereadingnoodle
62863447280.0,,,0.0,62863447280.0,julieemovon_author,71792368481.0,authorj.m.barber
62863447280.0,,,0.0,62863447280.0,julieemovon_author,71673628951.0,j.d.suarezm_author
62863447280.0,,,0.0,62863447280.0,julieemovon_author,70244829779.0,mykhaylo1604
62863447280.0,,,0.0,62863447280.0,julieemovon_author,63463796828.0,kisses_from_a_killjoy_
62863447280.0,,,0.0,62863447280.0,julieemovon_author,71528921629.0,fierytenderness.writes
62863447280.0,,,0.0,62863447280.0,julieemovon_author,67360712488.0,windsorharmreduction.oat
62863447280.0,,,0.0,62863447280.0,julieemovon_author,63223710605.0,bookish.baddie
62863447280.0,,,0.0,62863447280.0,julieemovon_author,69681848802.0,leptir1313
62863447280.0,,,0.0,62863447280.0,julieemovon_author,63317505259.0,mykolasoo
62863447280.0,,,0.0,62863447280.0,julieemovon_author,63048413263.0,jennyrw29
62863447280.0,,,0.0,62863447280.0,julieemovon_author,63426714633.0,that_bookworm_guy
62863447280.0,,,0.0,62863447280.0,julieemovon_author,69037342636.0,everlyclaireauthor
62863447280.0,,,0.0,62863447280.0,julieemovon_author,6830875496.0,jenniferwellsbull
62863447280.0,,,0.0,62863447280.0,julieemovon_author,63440057399.0,robby.moto
62863447280.0,,,0.0,62863447280.0,julieemovon_author,63043437031.0,jennisimonis_author
62863447280.0,,,0.0,62863447280.0,julieemovon_author,67989824415.0,stephenonmars
62863447280.0,,,0.0,62863447280.0,julieemovon_author,68011718036.0,josh.mccluskey.796
62863447280.0,,,0.0,62863447280.0,julieemovon_author,44110252585.0,l.a.barnitz
62863447280.0,,,0.0,62863447280.0,julieemovon_author,66317169056.0,vickiandloki
62863447280.0,,,0.0,62863447280.0,julieemovon_author,65254475722.0,topvaluebooks
62863447280.0,,,0.0,62863447280.0,julieemovon_author,63763248422.0,curious_lit_corner
62863447280.0,,,0.0,62863447280.0,julieemovon_author,64492365397.0,fuckits420247365
62863447280.0,,,0.0,62863447280.0,julieemovon_author,68334934711.0,gokulnb740
62863447280.0,,,0.0,62863447280.0,julieemovon_author,63378474258.0,carlosriveraauthor
62863447280.0,,,0.0,62863447280.0,julieemovon_author,48733744379.0,marywritesshit
62863447280.0,,,0.0,62863447280.0,julieemovon_author,63370822871.0,neil_writer
62863447280.0,,,0.0,62863447280.0,julieemovon_author,67888609550.0,ronahanson
62863447280.0,,,0.0,62863447280.0,julieemovon_author,63405163526.0,importedhorror
62863447280.0,,,0.0,62863447280.0,julieemovon_author,64338268138.0,notions.of.nobody
62863447280.0,,,0.0,62863447280.0,julieemovon_author,63381245915.0,jameswritesurprisingly
62863447280.0,,,0.0,62863447280.0,julieemovon_author,63818760791.0,sally_k
63104253787.0,,,0.0,63104253787.0,dlgillis20,71452042928.0,jamesfahyauthor_real
63104253787.0,,,0.0,63104253787.0,dlgillis20,1711916996.0,liz.avalos18
63104253787.0,,,0.0,63104253787.0,dlgillis20,1748581171.0,luna13darke
63104253787.0,,,0.0,63104253787.0,dlgillis20,68361680457.0,marcushawke
63104253787.0,,,0.0,63104253787.0,dlgillis20,2907929476.0,jessicamap
63104253787.0,,,0.0,63104253787.0,dlgillis20,63612363814.0,beckywrightauthor
63104253787.0,,,0.0,63104253787.0,dlgillis20,1961097326.0,firexxlily
63104253787.0,,,0.0,63104253787.0,dlgillis20,3081080225.0,contraryreader
63104253787.0,,,0.0,63104253787.0,dlgillis20,48733744379.0,marywritesshit
63104253787.0,,,0.0,63104253787.0,dlgillis20,63488392374.0,wafmichael
63104253787.0,,,0.0,63104253787.0,dlgillis20,7310326280.0,darkromancesun
63104253787.0,,,0.0,63104253787.0,dlgillis20,63428878626.0,theconstantvoice
67487534881.0,,,0.0,67487534881.0,aileen_b_kelleher,71452042928.0,jamesfahyauthor_real
67487534881.0,,,0.0,67487534881.0,aileen_b_kelleher,66769627005.0,exileonmainst_
68334934711.0,,,0.0,68334934711.0,gokulnb740,70854888684.0,vineetvermaauthor
68334934711.0,,,0.0,68334934711.0,gokulnb740,63242244277.0,festivalhorror
68334934711.0,,,0.0,68334934711.0,gokulnb740,70832977069.0,samwest_writer
68334934711.0,,,0.0,68334934711.0,gokulnb740,71452042928.0,jamesfahyauthor_real
68334934711.0,,,0.0,68334934711.0,gokulnb740,62971506123.0,wanderingdeerpoet
68334934711.0,,,0.0,68334934711.0,gokulnb740,70171962998.0,reeselandrypoetry
68334934711.0,,,0.0,68334934711.0,gokulnb740,28410033579.0,columbusmontgomery
68334934711.0,,,0.0,68334934711.0,gokulnb740,71673628951.0,j.d.suarezm_author
68334934711.0,,,0.0,68334934711.0,gokulnb740,65539594727.0,ab__theresajessica__130
68334934711.0,,,0.0,68334934711.0,gokulnb740,69681848802.0,leptir1313
68334934711.0,,,0.0,68334934711.0,gokulnb740,67840257186.0,randallbc777
68334934711.0,,,0.0,68334934711.0,gokulnb740,70383034771.0,coastalyarnworx
68334934711.0,,,0.0,68334934711.0,gokulnb740,68670971537.0,acacia_kamille
68334934711.0,,,0.0,68334934711.0,gokulnb740,69858622841.0,igakoncka
68334934711.0,,,0.0,68334934711.0,gokulnb740,68883347165.0,prime_of_the_day
68334934711.0,,,0.0,68334934711.0,gokulnb740,64530287411.0,mike_likes_books
68334934711.0,,,0.0,68334934711.0,gokulnb740,63310626224.0,jackiesstrength73
68334934711.0,,,0.0,68334934711.0,gokulnb740,63043437031.0,jennisimonis_author
68334934711.0,,,0.0,68334934711.0,gokulnb740,68927363440.0,roguecurrents
68334934711.0,,,0.0,68334934711.0,gokulnb740,67989824415.0,stephenonmars
68334934711.0,,,0.0,68334934711.0,gokulnb740,63763248422.0,curious_lit_corner
68334934711.0,,,0.0,68334934711.0,gokulnb740,63364836741.0,thekatelynmattson
68334934711.0,,,0.0,68334934711.0,gokulnb740,63374341688.0,jandrucci
68334934711.0,,,0.0,68334934711.0,gokulnb740,65254475722.0,topvaluebooks
68334934711.0,,,0.0,68334934711.0,gokulnb740,64492365397.0,fuckits420247365
68334934711.0,,,0.0,68334934711.0,gokulnb740,44110252585.0,l.a.barnitz
68334934711.0,,,0.0,68334934711.0,gokulnb740,68011718036.0,josh.mccluskey.796
68334934711.0,,,0.0,68334934711.0,gokulnb740,144096233.0,cheyenneberandi
68334934711.0,,,0.0,68334934711.0,gokulnb740,63405163526.0,importedhorror
68334934711.0,,,0.0,68334934711.0,gokulnb740,67888609550.0,ronahanson
68334934711.0,,,0.0,68334934711.0,gokulnb740,3029592674.0,briantreber
68334934711.0,,,0.0,68334934711.0,gokulnb740,62863447280.0,julieemovon_author
65172073819.0,,,0.0,65172073819.0,eluminora,62971506123.0,wanderingdeerpoet
65172073819.0,,,0.0,65172073819.0,eluminora,71457788782.0,dresdengreene
65172073819.0,,,0.0,65172073819.0,eluminora,64144937919.0,mrdershewrte
63249857818.0,,,0.0,63249857818.0,chrissie.munday,71452042928.0,jamesfahyauthor_real
63249857818.0,,,0.0,63249857818.0,chrissie.munday,68783505215.0,lmshb2024
14538034.0,,,0.0,14538034.0,nutwood_books,71452042928.0,jamesfahyauthor_real
14538034.0,,,0.0,14538034.0,nutwood_books,71719201699.0,ceilingsintheireyes
1917695018.0,,,0.0,1917695018.0,elishabuggwrites,71905872492.0,emma_woodhouse_books
1917695018.0,,,0.0,1917695018.0,elishabuggwrites,71452042928.0,jamesfahyauthor_real
58444618383.0,,,0.0,58444618383.0,justreaditalreadypod,51621989079.0,johnjbooks
292160403.0,,,0.0,292160403.0,chris.reads.a.lot,46342147.0,tone_of_tomes
292160403.0,,,0.0,292160403.0,chris.reads.a.lot,71452042928.0,jamesfahyauthor_real
292160403.0,,,0.0,292160403.0,chris.reads.a.lot,59089043051.0,jeremeyhwrites
37576462605.0,,,0.0,37576462605.0,katherineshawwrites,70854888684.0,vineetvermaauthor
26832928275.0,,,0.0,26832928275.0,stardustparadox,63275831139.0,_hellorachelle_
26832928275.0,,,0.0,26832928275.0,stardustparadox,63663320254.0,glmmom
3092444516.0,,,0.0,3092444516.0,fairestskyebooks,65961806408.0,ellenreadauthor
3092444516.0,,,0.0,3092444516.0,fairestskyebooks,2907929476.0,jessicamap
71734281145.0,,,0.0,71734281145.0,emilyhigginsauthor,64638297934.0,juliedmissen_author
71734281145.0,,,0.0,71734281145.0,emilyhigginsauthor,71673628951.0,j.d.suarezm_author
63475451080.0,,,0.0,63475451080.0,joedonnewrites,71719201699.0,ceilingsintheireyes
51372100338.0,,,0.0,51372100338.0,bookish.creatur,46342147.0,tone_of_tomes
51372100338.0,,,0.0,51372100338.0,bookish.creatur,71452042928.0,jamesfahyauthor_real
63439018971.0,,,0.0,63439018971.0,yetanotherlizzie,364607407.0,juliangert
64724186446.0,,,0.0,64724186446.0,christina.hyun,65401730120.0,jmelea_author
52748805672.0,,,0.0,52748805672.0,nick_bookworm,63130769286.0,theinstantreader
57669444046.0,,,0.0,57669444046.0,jadeford_writing,63317505259.0,mykolasoo
5885013.0,,,0.0,5885013.0,ddrosche,71452042928.0,jamesfahyauthor_real
63067940437.0,,,0.0,63067940437.0,brittanyannreads,71452042928.0,jamesfahyauthor_real
52626726110.0,,,0.0,52626726110.0,itscrisandherbooks,8044017738.0,seanwatkinauthor
7200085624.0,,,0.0,7200085624.0,knittinjen,63218343120.0,philip_j_waters_author
71528921629.0,,,0.0,71528921629.0,fierytenderness.writes,71905872492.0,emma_woodhouse_books
35317585106.0,,,0.0,35317585106.0,spillthepage,64118306600.0,rdaetha
46342147.0,,,0.0,46342147.0,tone_of_tomes,63426714633.0,that_bookworm_guy
63612363814.0,,,0.0,63612363814.0,beckywrightauthor,63763248422.0,curious_lit_corner
63612363814.0,,,0.0,63612363814.0,beckywrightauthor,7319907568.0,melanieasmithauthor
63612363814.0,,,0.0,63612363814.0,beckywrightauthor,8182295052.0,author_cmmccann
59089043051.0,,,0.0,59089043051.0,jeremeyhwrites,11327211724.0,emilygrayauthor
40375196930.0,,,0.0,40375196930.0,grannywenlock,71452042928.0,jamesfahyauthor_real
30800024.0,,,0.0,30800024.0,phoenix_faie,71452042928.0,jamesfahyauthor_real
30800024.0,,,0.0,30800024.0,phoenix_faie,63477475775.0,perksofbeingabookworm01
7319907568.0,,,0.0,7319907568.0,melanieasmithauthor,7572394349.0,michelleleighmiller_author
7319907568.0,,,0.0,7319907568.0,melanieasmithauthor,63242244277.0,festivalhorror
69776609011.0,,,0.0,69776609011.0,melissaboreal_art,71719201699.0,ceilingsintheireyes
63251473081.0,,,0.0,63251473081.0,asholdfieldauthor,70854888684.0,vineetvermaauthor
64530287411.0,,,0.0,64530287411.0,mike_likes_books,64624525083.0,allthestarsaredeadonyt
63032431059.0,,,0.0,63032431059.0,mamahunley,71452042928.0,jamesfahyauthor_real
69463407924.0,,,0.0,69463407924.0,christinepriestly_author,71452042928.0,jamesfahyauthor_real
1748581171.0,,,0.0,1748581171.0,luna13darke,5885013.0,ddrosche
62858039663.0,,,0.0,62858039663.0,ruthelaine877,70378304565.0,jkhilsinger
70097694048.0,,,0.0,70097694048.0,acourtofwordsandletters,71905872492.0,emma_woodhouse_books
63381245915.0,,,0.0,63381245915.0,jameswritesurprisingly,63474134685.0,woodscourtbooks
5614360050.0,,,0.0,5614360050.0,revannaalls,14538034.0,nutwood_books
68361680457.0,,,0.0,68361680457.0,marcushawke,70257240661.0,crunchygoodness
31569603.0,,,0.0,31569603.0,infactscott,70835039381.0,nomadsmobilebookstore
69670770373.0,,,0.0,69670770373.0,isitsowithgavinbuckle,69162290076.0,camgayfantasyreader
293611996.0,,,0.0,293611996.0,starfish1005,71452042928.0,jamesfahyauthor_real
71622882094.0,,,0.0,71622882094.0,thebookbattleaxe,63474617901.0,ryan_reads_and_writes
65401730120.0,,,0.0,65401730120.0,jmelea_author,71905872492.0,emma_woodhouse_books
65401730120.0,,,0.0,65401730120.0,jmelea_author,71459492115.0,mwheatleywriter
375072891.0,,,0.0,375072891.0,brendafh1,71452042928.0,jamesfahyauthor_real
7212635043.0,,,0.0,7212635043.0,manylittlewords,71905872492.0,emma_woodhouse_books
2101899166.0,,,0.0,2101899166.0,protokun,71452042928.0,jamesfahyauthor_real
64638297934.0,,,0.0,64638297934.0,juliedmissen_author,71734281145.0,emilyhigginsauthor
64638297934.0,,,0.0,64638297934.0,juliedmissen_author,63450476734.0,donnatracywriter
64638297934.0,,,0.0,64638297934.0,juliedmissen_author,63368302898.0,kidgillis
71719201699.0,,,0.0,71719201699.0,ceilingsintheireyes,69776609011.0,melissaboreal_art
71719201699.0,,,0.0,71719201699.0,ceilingsintheireyes,71850818855.0,aether.and.ink.stories
63474134685.0,,,0.0,63474134685.0,woodscourtbooks,64146307072.0,i_s_o_l_d_e_
63474134685.0,,,0.0,63474134685.0,woodscourtbooks,63407719556.0,shanlscott
63209663474.0,,,0.0,63209663474.0,christopherjameswrites,71452042928.0,jamesfahyauthor_real
63209663474.0,,,0.0,63209663474.0,christopherjameswrites,71719201699.0,ceilingsintheireyes
63209663474.0,,,0.0,63209663474.0,christopherjameswrites,63043437031.0,jennisimonis_author
71905872492.0,,,0.0,71905872492.0,emma_woodhouse_books,63450476734.0,donnatracywriter
63406347938.0,,,0.0,63406347938.0,thefarplaces,70382111375.0,bonnies5945
144096233.0,,,0.0,144096233.0,cheyenneberandi,63043437031.0,jennisimonis_author
63995732074.0,,,0.0,63995732074.0,tanjalin,63310626224.0,jackiesstrength73
63995732074.0,,,0.0,63995732074.0,tanjalin,69884012575.0,ninjasouthside
1531944471.0,,,0.0,1531944471.0,ljaldon,70835039381.0,nomadsmobilebookstore
65179808360.0,,,0.0,65179808360.0,depanamearome,63894194641.0,massimilianomangione
63130769286.0,,,0.0,63130769286.0,theinstantreader,35317585106.0,spillthepage
63246667437.0,,,0.0,63246667437.0,iamthecritic,71452042928.0,jamesfahyauthor_real
63364836741.0,,,0.0,63364836741.0,thekatelynmattson,63004270624.0,idrenalion
63403268534.0,,,0.0,63403268534.0,christinerwriter,68924691463.0,katycataclysm
63125879808.0,,,0.0,63125879808.0,jjdoborwrites,48253350641.0,daisyandthegirl
63125879808.0,,,0.0,63125879808.0,jjdoborwrites,64338268138.0,notions.of.nobody
3538200844.0,,,0.0,3538200844.0,purplecat42,69738739472.0,confusedmummy
63079986020.0,,,0.0,63079986020.0,katerinasanders,63612363814.0,beckywrightauthor
63079986020.0,,,0.0,63079986020.0,katerinasanders,3092444516.0,fairestskyebooks
63079986020.0,,,0.0,63079986020.0,katerinasanders,2907929476.0,jessicamap
71673628951.0,,,0.0,71673628951.0,j.d.suarezm_author,66498375768.0,swiftie__society
71673628951.0,,,0.0,71673628951.0,j.d.suarezm_author,63368302898.0,kidgillis
15151856700.0,,,0.0,15151856700.0,josephellis_author,64146307072.0,i_s_o_l_d_e_
15151856700.0,,,0.0,15151856700.0,josephellis_author,71459492115.0,mwheatleywriter
15151856700.0,,,0.0,15151856700.0,josephellis_author,63272371412.0,sjr.reads.books
341023988.0,,,0.0,341023988.0,dogoodpuzzler,66629251487.0,animal6025bear
341023988.0,,,0.0,341023988.0,dogoodpuzzler,63367833785.0,villainchrisk
49313285609.0,,,0.0,49313285609.0,ari.luna111,67634922319.0,emmaraeeee_
62404125839.0,,,0.0,62404125839.0,bersion_ibiza,63434618598.0,fawngoodwine
68892698026.0,,,0.0,68892698026.0,muhammadyaseen8483,58192408097.0,garciaperezgsw
68892698026.0,,,0.0,68892698026.0,muhammadyaseen8483,67941898985.0,rasel_0500333723
68892698026.0,,,0.0,68892698026.0,muhammadyaseen8483,70113547412.0,djconejoblas
68892698026.0,,,0.0,68892698026.0,muhammadyaseen8483,71159793401.0,gaspareduardocastrochavez
68892698026.0,,,0.0,68892698026.0,muhammadyaseen8483,70248155205.0,abdulkarim82hamad
68892698026.0,,,0.0,68892698026.0,muhammadyaseen8483,70249944954.0,afzal.7x
68892698026.0,,,0.0,68892698026.0,muhammadyaseen8483,71425528372.0,maryanncasipongmaglaque
66133584020.0,,,0.0,66133584020.0,liyah_icyy,66040494497.0,shennifer.xx
66133584020.0,,,0.0,66133584020.0,liyah_icyy,66498624070.0,awalharuna999
66133584020.0,,,0.0,66133584020.0,liyah_icyy,64600348460.0,msandreacamille
66133584020.0,,,0.0,66133584020.0,liyah_icyy,65707012628.0,chelseabearx
66133584020.0,,,0.0,66133584020.0,liyah_icyy,65741261625.0,_christina_marisa_
66133584020.0,,,0.0,66133584020.0,liyah_icyy,64985081219.0,fabfivebriggs
66133584020.0,,,0.0,66133584020.0,liyah_icyy,63088054048.0,borntobeweiiird
66133584020.0,,,0.0,66133584020.0,liyah_icyy,63394798056.0,ms.tiffanykt.1
66133584020.0,,,0.0,66133584020.0,liyah_icyy,63160598669.0,vinib_isme
66133584020.0,,,0.0,66133584020.0,liyah_icyy,65937755147.0,lilybradleyyy
63206095148.0,,,0.0,63206095148.0,littlefieldkoch,63259006501.0,fineswine2023
63206095148.0,,,0.0,63206095148.0,littlefieldkoch,63064470626.0,macgregor7894
65618532244.0,,,0.0,65618532244.0,superwife64_,69230487741.0,high_foreign_chick
2178033784.0,,,0.0,2178033784.0,1kplynn,63425495558.0,mackmyke9018
71901903657.0,,,0.0,71901903657.0,poetryoracle,63368302898.0,kidgillis
70826384825.0,,,0.0,70826384825.0,anna_r_v.2,71616592848.0,jasminelasouriante
63481825052.0,,,0.0,63481825052.0,elana_mcdougall_author,57422746293.0,dox1965
63481825052.0,,,0.0,63481825052.0,elana_mcdougall_author,63488865722.0,macpuffins
63230013706.0,,,0.0,63230013706.0,notgoingbacklisa,63126164675.0,_iamclimp
1834986434.0,,,0.0,1834986434.0,1downbadswiftie3,63859891710.0,helen_taylors_version
1834986434.0,,,0.0,1834986434.0,1downbadswiftie3,63400759207.0,gootie14
66502113246.0,,,0.0,66502113246.0,millennialhobbitauthor,70248155205.0,abdulkarim82hamad
1960913204.0,,,0.0,1960913204.0,johnm.bostock,63506553232.0,michael_ekin
5996355820.0,,,0.0,5996355820.0,nancyconnollypergolizzi,63474617901.0,ryan_reads_and_writes
69867258797.0,,,0.0,69867258797.0,noturmomsbookrecs,65189344964.0,mujerebonita
69867258797.0,,,0.0,69867258797.0,noturmomsbookrecs,63090245861.0,booklovejess
62403161120.0,,,0.0,62403161120.0,reine.writes.stuff,20478530.0,peggytran
4200586928.0,,,0.0,4200586928.0,susan.straughn,67706841256.0,williamsoklahoma77
52807349383.0,,,0.0,52807349383.0,palomablanca00000,69162290076.0,camgayfantasyreader
52807349383.0,,,0.0,52807349383.0,palomablanca00000,63086999261.0,heyitskimberlyn_
5368912086.0,,,0.0,5368912086.0,alicarver2,262458324.0,_mindorbit
5368912086.0,,,0.0,5368912086.0,alicarver2,70475799275.0,sarbjeetkaure9370
5368912086.0,,,0.0,5368912086.0,alicarver2,63308335051.0,madwoman222
5368912086.0,,,0.0,5368912086.0,alicarver2,65741261625.0,_christina_marisa_
5368912086.0,,,0.0,5368912086.0,alicarver2,1597445999.0,won_yong_____78
5368912086.0,,,0.0,5368912086.0,alicarver2,64808081760.0,huma_nity911
5368912086.0,,,0.0,5368912086.0,alicarver2,63062717707.0,kathrynaylabarnes
5368912086.0,,,0.0,5368912086.0,alicarver2,63421916347.0,hellcatbetty
5368912086.0,,,0.0,5368912086.0,alicarver2,1697714543.0,hollownaw
5368912086.0,,,0.0,5368912086.0,alicarver2,180827593.0,torturedpoet_22
1619499696.0,,,0.0,1619499696.0,mari_mallet,67706841256.0,williamsoklahoma77
1619499696.0,,,0.0,1619499696.0,mari_mallet,3029592674.0,briantreber
7310326280.0,,,0.0,7310326280.0,darkromancesun,63655416292.0,its_jannat_world_09
7310326280.0,,,0.0,7310326280.0,darkromancesun,60093415798.0,kat_geez_crochet
7310326280.0,,,0.0,7310326280.0,darkromancesun,67920197644.0,idreamofnuggets
68690827301.0,,,0.0,68690827301.0,professordebwebb,66311329919.0,laaye47
146237335.0,,,0.0,146237335.0,jrrezvani,63452102730.0,frankafusco
65831907615.0,,,0.0,65831907615.0,captureit.rememberit_13,63218343120.0,philip_j_waters_author
65831907615.0,,,0.0,65831907615.0,captureit.rememberit_13,63262926322.0,redi96_
66124654010.0,,,0.0,66124654010.0,mistyrp99,63093313536.0,marshalmallowplays
65485163285.0,,,0.0,65485163285.0,livingashepardlife,66898758338.0,p3ac3_yo
63498687781.0,,,0.0,63498687781.0,amazing_doggos_,63859891710.0,helen_taylors_version
63092480764.0,,,0.0,63092480764.0,mamafoxof3,5621456.0,mellionaire
63092480764.0,,,0.0,63092480764.0,mamafoxof3,4658731.0,nesticos
63092480764.0,,,0.0,63092480764.0,mamafoxof3,63062717707.0,kathrynaylabarnes
63092480764.0,,,0.0,63092480764.0,mamafoxof3,63086999261.0,heyitskimberlyn_
70571399872.0,,,0.0,70571399872.0,terryblackmon,10705698543.0,resistrebelrevolt
70571399872.0,,,0.0,70571399872.0,terryblackmon,66617946965.0,annoliver067
39669062434.0,,,0.0,39669062434.0,saltybrieeze,64808081760.0,huma_nity911
39669062434.0,,,0.0,39669062434.0,saltybrieeze,19115354.0,kan0060
60287521537.0,,,0.0,60287521537.0,cynthia.dominique.2023,175480177.0,gabreyman
10705698543.0,,,0.0,10705698543.0,resistrebelrevolt,63145924328.0,cinyateatime
10705698543.0,,,0.0,10705698543.0,resistrebelrevolt,10942677.0,alibubbalicious
63260201671.0,,,0.0,63260201671.0,hexotica,63417295960.0,dreylasoul
63260201671.0,,,0.0,63260201671.0,hexotica,64503820848.0,damaraprian
68183711568.0,,,0.0,68183711568.0,datrottiegrl,63402886359.0,dawn8957
774163551.0,,,0.0,774163551.0,teehee1665,63472211925.0,thesquee
66282668976.0,,,0.0,66282668976.0,6mare8,63472211925.0,thesquee
69576523404.0,,,0.0,69576523404.0,honeybee_bythesea,63439428867.0,amandajo424
58538846414.0,,,0.0,58538846414.0,linzeyevans,64808081760.0,huma_nity911
58538846414.0,,,0.0,58538846414.0,linzeyevans,63281400865.0,destination_swiftie
70413050971.0,,,0.0,70413050971.0,triciadee18,64343718875.0,tracey.curtis.507
70413050971.0,,,0.0,70413050971.0,triciadee18,63439428867.0,amandajo424
63465155635.0,,,0.0,63465155635.0,melissaharran,3045337873.0,pasandotiempo
63465155635.0,,,0.0,63465155635.0,melissaharran,63126653816.0,matthewdalbertson
63465155635.0,,,0.0,63465155635.0,melissaharran,64808081760.0,huma_nity911
63465155635.0,,,0.0,63465155635.0,melissaharran,63263291679.0,denisejoyhart
63465155635.0,,,0.0,63465155635.0,melissaharran,14106260.0,henri37
54268891792.0,,,0.0,54268891792.0,wellredmegs,67840257186.0,randallbc777
17855326.0,,,0.0,17855326.0,jamie_lee_93,4041659106.0,bummbee1988
60433307285.0,,,0.0,60433307285.0,ts_swiftie_1989_13,63098530218.0,forevermadie22
60433307285.0,,,0.0,60433307285.0,ts_swiftie_1989_13,63093313536.0,marshalmallowplays
60433307285.0,,,0.0,60433307285.0,ts_swiftie_1989_13,63508672522.0,emilyngoff
60433307285.0,,,0.0,60433307285.0,ts_swiftie_1989_13,1486138221.0,lfcmel
60433307285.0,,,0.0,60433307285.0,ts_swiftie_1989_13,63120793284.0,lexxxinstereo
60433307285.0,,,0.0,60433307285.0,ts_swiftie_1989_13,65022928022.0,houseofswordcastle
60433307285.0,,,0.0,60433307285.0,ts_swiftie_1989_13,63062717707.0,kathrynaylabarnes
60433307285.0,,,0.0,60433307285.0,ts_swiftie_1989_13,63296921181.0,doritycreekgirl
60093415798.0,,,0.0,60093415798.0,kat_geez_crochet,15703842.0,shari_archinoff
60093415798.0,,,0.0,60093415798.0,kat_geez_crochet,63508672522.0,emilyngoff
60093415798.0,,,0.0,60093415798.0,kat_geez_crochet,22999388.0,nomoremrniceswiftie
1443236293.0,,,0.0,1443236293.0,warriorgoddessinez,63474617901.0,ryan_reads_and_writes
63281400865.0,,,0.0,63281400865.0,destination_swiftie,3045337873.0,pasandotiempo
63281400865.0,,,0.0,63281400865.0,destination_swiftie,63262926322.0,redi96_
1522559816.0,,,0.0,1522559816.0,jane_reads,70571399872.0,terryblackmon
1522559816.0,,,0.0,1522559816.0,jane_reads,63472211925.0,thesquee
50486203.0,,,0.0,50486203.0,ashcottonmiller87,66498375768.0,swiftie__society
50486203.0,,,0.0,50486203.0,ashcottonmiller87,63098530218.0,forevermadie22
50486203.0,,,0.0,50486203.0,ashcottonmiller87,53673718625.0,audrey_haypark
50486203.0,,,0.0,50486203.0,ashcottonmiller87,22999388.0,nomoremrniceswiftie
47582931709.0,,,0.0,47582931709.0,ashlundcoaching,25891331.0,elizabethlewis.co
44938072056.0,,,0.0,44938072056.0,pushtaylorsversion,63308335051.0,madwoman222
45690427540.0,,,0.0,45690427540.0,meg_hansolo52,46125352730.0,jicsimae
45690427540.0,,,0.0,45690427540.0,meg_hansolo52,65117085178.0,lifewith_kierra
45690427540.0,,,0.0,45690427540.0,meg_hansolo52,64600348460.0,msandreacamille
3016411809.0,,,0.0,3016411809.0,shree_sai_associates_s,63778044865.0,miyoshi3951
2283717906.0,,,0.0,2283717906.0,kasatgdblaw,63279665625.0,roger_lawler
1597445999.0,,,0.0,1597445999.0,won_yong_____78,65619394124.0,darbenstine
32703468602.0,,,0.0,32703468602.0,yarnlover29,70638918091.0,mercurygq1
32703468602.0,,,0.0,32703468602.0,yarnlover29,65189344964.0,mujerebonita
1697714543.0,,,0.0,1697714543.0,hollownaw,65741261625.0,_christina_marisa_
1697714543.0,,,0.0,1697714543.0,hollownaw,66498375768.0,swiftie__society
30542633519.0,,,0.0,30542633519.0,rubyissleeping1,53673718625.0,audrey_haypark
30542633519.0,,,0.0,30542633519.0,rubyissleeping1,65619394124.0,darbenstine
30542633519.0,,,0.0,30542633519.0,rubyissleeping1,199292581.0,nikkisrandoms
30542633519.0,,,0.0,30542633519.0,rubyissleeping1,65117085178.0,lifewith_kierra
30542633519.0,,,0.0,30542633519.0,rubyissleeping1,1603373156.0,bookishswiftie04
30542633519.0,,,0.0,30542633519.0,rubyissleeping1,1452469360.0,brynley.edens
30542633519.0,,,0.0,30542633519.0,rubyissleeping1,66280683644.0,balieiro_milton
64329143889.0,,,0.0,64329143889.0,swiftiefootball,5621456.0,mellionaire
1523630705.0,,,0.0,1523630705.0,_the.bolter,48742128.0,ticaleur
1523630705.0,,,0.0,1523630705.0,_the.bolter,13104575.0,radicalkid87
2119330595.0,,,0.0,2119330595.0,jennifersusanko,63402886359.0,dawn8957
674902975.0,,,0.0,674902975.0,27ladybentley_ii,67920197644.0,idreamofnuggets
63247647288.0,,,0.0,63247647288.0,susan.lynn28,63070418078.0,state_of_grace123
63247647288.0,,,0.0,63247647288.0,susan.lynn28,63400759207.0,gootie14
4427127038.0,,,0.0,4427127038.0,territavares_64,69576523404.0,honeybee_bythesea
4427127038.0,,,0.0,4427127038.0,territavares_64,67706841256.0,williamsoklahoma77
4427127038.0,,,0.0,4427127038.0,territavares_64,65858606709.0,the.mrs.stovall
7973322097.0,,,0.0,7973322097.0,chicago_girlatheart,63230013706.0,notgoingbacklisa
6575705536.0,,,0.0,6575705536.0,cathyhagansmith,67840257186.0,randallbc777
6575705536.0,,,0.0,6575705536.0,cathyhagansmith,1431445436.0,colleen_beaton72
313765497.0,,,0.0,313765497.0,notstephwallace,63272152246.0,tracieverett
313765497.0,,,0.0,313765497.0,notstephwallace,68645733938.0,waxpen
69805130086.0,,,0.0,69805130086.0,xxjustanothergirl91,63450540425.0,thatspookybabe99
4310686408.0,,,0.0,4310686408.0,rkpinon,63037798945.0,rybrock
3418353530.0,,,0.0,3418353530.0,donnametler,51228479846.0,cjmanahan.nm_afa
63431343374.0,,,0.0,63431343374.0,pattiwfreeport,70571399872.0,terryblackmon
63431343374.0,,,0.0,63431343374.0,pattiwfreeport,69772213557.0,brendadunphy08
63431343374.0,,,0.0,63431343374.0,pattiwfreeport,67840257186.0,randallbc777
63431343374.0,,,0.0,63431343374.0,pattiwfreeport,63439428867.0,amandajo424
362543852.0,,,0.0,362543852.0,fiona_from_hell_86,66096550304.0,facelessfreedomlifestyle
63420013585.0,,,0.0,63420013585.0,brooks.mistyd,70885080637.0,luminalytics
57712798669.0,,,0.0,57712798669.0,the_bookdragons_library,63317505259.0,mykolasoo
51278116767.0,,,0.0,51278116767.0,karma_is_my_boyfriend13,22999388.0,nomoremrniceswiftie
51278116767.0,,,0.0,51278116767.0,karma_is_my_boyfriend13,65117085178.0,lifewith_kierra
5909955314.0,,,0.0,5909955314.0,aurorastands,10942677.0,alibubbalicious
70053600951.0,,,0.0,70053600951.0,mrm_9186,63402886359.0,dawn8957
50010540748.0,,,0.0,50010540748.0,merajmeraj1334,1475575595.0,project_female_rage_2025
6336337.0,,,0.0,6336337.0,lizstelow,64343718875.0,tracey.curtis.507
63049175428.0,,,0.0,63049175428.0,kathyjlindberg,63439428867.0,amandajo424
63049175428.0,,,0.0,63049175428.0,kathyjlindberg,2889776486.0,golampi
60420736343.0,,,0.0,60420736343.0,dreamland_roots,144193549.0,dawnmsuiter
60420736343.0,,,0.0,60420736343.0,dreamland_roots,63070418078.0,state_of_grace123
65947129996.0,,,0.0,65947129996.0,spacekitty91,63272152246.0,tracieverett
65947129996.0,,,0.0,65947129996.0,spacekitty91,63308335051.0,madwoman222
65947129996.0,,,0.0,65947129996.0,spacekitty91,65619394124.0,darbenstine
65947129996.0,,,0.0,65947129996.0,spacekitty91,66293359095.0,softwarekangofficial
65947129996.0,,,0.0,65947129996.0,spacekitty91,61138073750.0,ella_taylorsversion_
65947129996.0,,,0.0,65947129996.0,spacekitty91,1603373156.0,bookishswiftie04
65947129996.0,,,0.0,65947129996.0,spacekitty91,66280683644.0,balieiro_milton
465705504.0,,,0.0,465705504.0,cheryladxo,63606016743.0,kristenmcknight
3644308450.0,,,0.0,3644308450.0,cathy___nd,1821266193.0,lapetiteemme
3770774527.0,,,0.0,3770774527.0,andgow19,63247575820.0,jonnieleigh71
25767506.0,,,0.0,25767506.0,sayruhjane9213,60439393122.0,nikita.eris
25767506.0,,,0.0,25767506.0,sayruhjane9213,22999388.0,nomoremrniceswiftie
10344728541.0,,,0.0,10344728541.0,taylor_ann1228,63308335051.0,madwoman222
63138717398.0,,,0.0,63138717398.0,kking1967,63448900787.0,leslieeh2023
63457664804.0,,,0.0,63457664804.0,shannonambroson,63412603181.0,hollisbischoff
1026306042.0,,,0.0,1026306042.0,loripat54,47837033.0,sparklewithsteph
65226424220.0,,,0.0,65226424220.0,deedeekehoe,8543984698.0,missusmoyer
63094901701.0,,,0.0,63094901701.0,my_only_angel_1991,31988094918.0,missanya_af
31988094918.0,,,0.0,31988094918.0,missanya_af,629870654.0,scli_xoxo
31988094918.0,,,0.0,31988094918.0,missanya_af,5858317481.0,naneve713
31988094918.0,,,0.0,31988094918.0,missanya_af,63094901701.0,my_only_angel_1991
629870654.0,,,0.0,629870654.0,scli_xoxo,31988094918.0,missanya_af
5858317481.0,,,0.0,5858317481.0,naneve713,31988094918.0,missanya_af
65693250882.0,,,0.0,65693250882.0,bookaddictaw,66491416556.0,evol_rellik
63555322048.0,,,0.0,63555322048.0,kyliesaurus_rex,63416447568.0,bensmomada
8543984698.0,,,0.0,8543984698.0,missusmoyer,44812325999.0,orbitalrock99
8543984698.0,,,0.0,8543984698.0,missusmoyer,5489267446.0,lori_sorenson29
8543984698.0,,,0.0,8543984698.0,missusmoyer,2440872332.0,gamingtildawn
8543984698.0,,,0.0,8543984698.0,missusmoyer,65226424220.0,deedeekehoe
63242244277.0,,,0.0,63242244277.0,festivalhorror,71051793074.0,morgan_sperry_writes
184490644.0,,,0.0,184490644.0,angelk_73,67840257186.0,randallbc777
63888361280.0,,,0.0,63888361280.0,jensbooks247,63032431059.0,mamahunley
63888361280.0,,,0.0,63888361280.0,jensbooks247,70372433394.0,mrsdvspompom
63888361280.0,,,0.0,63888361280.0,jensbooks247,5687595610.0,lj_murrayofficial
1495348902.0,,,0.0,1495348902.0,alohakarina,14995902.0,missjayemay
2878430412.0,,,0.0,2878430412.0,thatgirl_juanita,58233712941.0,witchy_helen_
4658731.0,,,0.0,4658731.0,nesticos,65117085178.0,lifewith_kierra
181507307.0,,,0.0,181507307.0,arickaash,67706841256.0,williamsoklahoma77
181507307.0,,,0.0,181507307.0,arickaash,258601604.0,gina.pomerico
63030559769.0,,,0.0,63030559769.0,jillsy516,25221956.0,bibitty
3593495677.0,,,0.0,3593495677.0,tomoehser,67706841256.0,williamsoklahoma77
3593495677.0,,,0.0,3593495677.0,tomoehser,63086999261.0,heyitskimberlyn_
3593495677.0,,,0.0,3593495677.0,tomoehser,70182821619.0,javaskrrt
46429609122.0,,,0.0,46429609122.0,lazy.creativity,41959289916.0,piecesofme_art
19115354.0,,,0.0,19115354.0,kan0060,64685242307.0,phoenixcorndog
19115354.0,,,0.0,19115354.0,kan0060,65931786948.0,h3artst0per
19115354.0,,,0.0,19115354.0,kan0060,53065151.0,rohanwinehouse
64377758915.0,,,0.0,64377758915.0,cat_tivella27,63400759207.0,gootie14
68819190847.0,,,0.0,68819190847.0,growmyyoga,63412603181.0,hollisbischoff
65022928022.0,,,0.0,65022928022.0,houseofswordcastle,63308335051.0,madwoman222
60409298714.0,,,0.0,60409298714.0,gnomeinthecove,238042135.0,karenlassus
63093313536.0,,,0.0,63093313536.0,marshalmallowplays,60093415798.0,kat_geez_crochet
63093313536.0,,,0.0,63093313536.0,marshalmallowplays,65931786948.0,h3artst0per
63093313536.0,,,0.0,63093313536.0,marshalmallowplays,2314813608.0,dreamyeyedrose
63093313536.0,,,0.0,63093313536.0,marshalmallowplays,70244829779.0,mykhaylo1604
63093313536.0,,,0.0,63093313536.0,marshalmallowplays,69772213557.0,brendadunphy08
3694894478.0,,,0.0,3694894478.0,meowcii,60093415798.0,kat_geez_crochet
3694894478.0,,,0.0,3694894478.0,meowcii,65619394124.0,darbenstine
3694894478.0,,,0.0,3694894478.0,meowcii,4673296955.0,brokenchainz.music
18546970686.0,,,0.0,18546970686.0,parentcoachcindy,1664761765.0,stephsprenger
52397934057.0,,,0.0,52397934057.0,melindajohnson6816,54268891792.0,wellredmegs
67706841256.0,,,0.0,67706841256.0,williamsoklahoma77,70225760115.0,sutton.tina
67706841256.0,,,0.0,67706841256.0,williamsoklahoma77,4427127038.0,territavares_64
67706841256.0,,,0.0,67706841256.0,williamsoklahoma77,53065151.0,rohanwinehouse
67706841256.0,,,0.0,67706841256.0,williamsoklahoma77,3593495677.0,tomoehser
56263847323.0,,,0.0,56263847323.0,wrentaylorwrites,70854888684.0,vineetvermaauthor
56263847323.0,,,0.0,56263847323.0,wrentaylorwrites,5992000993.0,chefjaredarnold
63419196050.0,,,0.0,63419196050.0,icecreamcastles_99,23118167597.0,thankuspirit777
63419196050.0,,,0.0,63419196050.0,icecreamcastles_99,63308335051.0,madwoman222
63419196050.0,,,0.0,63419196050.0,icecreamcastles_99,63120793284.0,lexxxinstereo
63419196050.0,,,0.0,63419196050.0,icecreamcastles_99,30260298241.0,alora_jen90
427635900.0,,,0.0,427635900.0,bluehikes,68369186728.0,officialsterlingmasters
145111657.0,,,0.0,145111657.0,andrea_uth,67706841256.0,williamsoklahoma77
66091782398.0,,,0.0,66091782398.0,poets.made.of.ash,63423876041.0,mackieatmyhouse
66091782398.0,,,0.0,66091782398.0,poets.made.of.ash,28668060925.0,maddybarnham
66091782398.0,,,0.0,66091782398.0,poets.made.of.ash,63308335051.0,madwoman222
63123720072.0,,,0.0,63123720072.0,miguel_reflexologista_df,63778044865.0,miyoshi3951
63943005455.0,,,0.0,63943005455.0,poetry_by_ed,63249130328.0,axl_warpshaft
63943005455.0,,,0.0,63943005455.0,poetry_by_ed,66769627005.0,exileonmainst_
63943005455.0,,,0.0,63943005455.0,poetry_by_ed,71673628951.0,j.d.suarezm_author
63943005455.0,,,0.0,63943005455.0,poetry_by_ed,63376646951.0,luchaaavandross
63943005455.0,,,0.0,63943005455.0,poetry_by_ed,63255770361.0,paulmoreira_
24079099695.0,,,0.0,24079099695.0,thepaigeroane,996937859.0,ourinspiredlives
24079099695.0,,,0.0,24079099695.0,thepaigeroane,61352552325.0,ericsson5944
24079099695.0,,,0.0,24079099695.0,thepaigeroane,25891331.0,elizabethlewis.co
63266605793.0,,,0.0,63266605793.0,lauramarie2020,63098530218.0,forevermadie22
63266605793.0,,,0.0,63266605793.0,lauramarie2020,22999388.0,nomoremrniceswiftie
63266605793.0,,,0.0,63266605793.0,lauramarie2020,65619394124.0,darbenstine
6020766949.0,,,0.0,6020766949.0,untetheredbutterfly0130,63308335051.0,madwoman222
6020766949.0,,,0.0,6020766949.0,untetheredbutterfly0130,1697714543.0,hollownaw
65135985488.0,,,0.0,65135985488.0,miniknitti,66497808807.0,mckenzievlad_thepoet
65135985488.0,,,0.0,65135985488.0,miniknitti,66091782398.0,poets.made.of.ash
65135985488.0,,,0.0,65135985488.0,miniknitti,63436512338.0,madwoman1028
65135985488.0,,,0.0,65135985488.0,miniknitti,15703842.0,shari_archinoff
65135985488.0,,,0.0,65135985488.0,miniknitti,63120793284.0,lexxxinstereo
65135985488.0,,,0.0,65135985488.0,miniknitti,70383034771.0,coastalyarnworx
1262706128.0,,,0.0,1262706128.0,ljonelll,63086999261.0,heyitskimberlyn_
44329347.0,,,0.0,44329347.0,pamela_a_munson,1431445436.0,colleen_beaton72
9840286200.0,,,0.0,9840286200.0,hak091391,63378474258.0,carlosriveraauthor
65531140265.0,,,0.0,65531140265.0,aussiemom65,63070418078.0,state_of_grace123
65531140265.0,,,0.0,65531140265.0,aussiemom65,53673718625.0,audrey_haypark
65531140265.0,,,0.0,65531140265.0,aussiemom65,65741261625.0,_christina_marisa_
65531140265.0,,,0.0,65531140265.0,aussiemom65,65078223711.0,brittney_harding
65531140265.0,,,0.0,65531140265.0,aussiemom65,65619394124.0,darbenstine
65531140265.0,,,0.0,65531140265.0,aussiemom65,63069659062.0,gokhand.44
65531140265.0,,,0.0,65531140265.0,aussiemom65,66699946578.0,carl.molinaro
65531140265.0,,,0.0,65531140265.0,aussiemom65,65022928022.0,houseofswordcastle
65531140265.0,,,0.0,65531140265.0,aussiemom65,64808081760.0,huma_nity911
65531140265.0,,,0.0,65531140265.0,aussiemom65,65926866152.0,zackgrossmusic
65531140265.0,,,0.0,65531140265.0,aussiemom65,46125352730.0,jicsimae
64808081760.0,,,0.0,64808081760.0,huma_nity911,63465155635.0,melissaharran
64808081760.0,,,0.0,64808081760.0,huma_nity911,64685242307.0,phoenixcorndog
63481482965.0,,,0.0,63481482965.0,jackietully6,63218343120.0,philip_j_waters_author
63481482965.0,,,0.0,63481482965.0,jackietully6,63308335051.0,madwoman222
63481482965.0,,,0.0,63481482965.0,jackietully6,65741261625.0,_christina_marisa_
1054282682.0,,,0.0,1054282682.0,mom_of_the_herd,67706841256.0,williamsoklahoma77
5718633463.0,,,0.0,5718633463.0,reinvention.no.9,10705698543.0,resistrebelrevolt
5718633463.0,,,0.0,5718633463.0,reinvention.no.9,63431974034.0,mfbsorensen
5718633463.0,,,0.0,5718633463.0,reinvention.no.9,7453917524.0,sarahmonticue
63090245861.0,,,0.0,63090245861.0,booklovejess,69867258797.0,noturmomsbookrecs
63090245861.0,,,0.0,63090245861.0,booklovejess,64955405982.0,milesonpaper_
43697918513.0,,,0.0,43697918513.0,cindyjsaunders75,24631321019.0,lori.cunningham.148
53065151.0,,,0.0,53065151.0,rohanwinehouse,63266605793.0,lauramarie2020
53065151.0,,,0.0,53065151.0,rohanwinehouse,63859891710.0,helen_taylors_version
1770151855.0,,,0.0,1770151855.0,wendmb_67,70408325989.0,kerri.cavlovic
1770151855.0,,,0.0,1770151855.0,wendmb_67,63086999261.0,heyitskimberlyn_
66498375768.0,,,0.0,66498375768.0,swiftie__society,69366324553.0,cjrttla
63634867266.0,,,0.0,63634867266.0,author_chmaddington,71673628951.0,j.d.suarezm_author
209356680.0,,,0.0,209356680.0,dacrazykatlady,63423876041.0,mackieatmyhouse
209356680.0,,,0.0,209356680.0,dacrazykatlady,63093313536.0,marshalmallowplays
591473936.0,,,0.0,591473936.0,robineringibson,67706841256.0,williamsoklahoma77
65937755147.0,,,0.0,65937755147.0,lilybradleyyy,64985081219.0,fabfivebriggs
144193549.0,,,0.0,144193549.0,dawnmsuiter,63093313536.0,marshalmallowplays
144193549.0,,,0.0,144193549.0,dawnmsuiter,208876078.0,hilaryemma
10085716.0,,,0.0,10085716.0,its.beege,67706841256.0,williamsoklahoma77
1673151900.0,,,0.0,1673151900.0,mrsjexis,3878736571.0,lizzyliz_1995
1673151900.0,,,0.0,1673151900.0,mrsjexis,1495348902.0,alohakarina
1673151900.0,,,0.0,1673151900.0,mrsjexis,53673718625.0,audrey_haypark
1673151900.0,,,0.0,1673151900.0,mrsjexis,60439393122.0,nikita.eris
1673151900.0,,,0.0,1673151900.0,mrsjexis,65619394124.0,darbenstine
1673151900.0,,,0.0,1673151900.0,mrsjexis,199292581.0,nikkisrandoms
1673151900.0,,,0.0,1673151900.0,mrsjexis,63400759207.0,gootie14
1673151900.0,,,0.0,1673151900.0,mrsjexis,65117085178.0,lifewith_kierra
1673151900.0,,,0.0,1673151900.0,mrsjexis,1597445999.0,won_yong_____78
1673151900.0,,,0.0,1673151900.0,mrsjexis,66280683644.0,balieiro_milton
1673151900.0,,,0.0,1673151900.0,mrsjexis,65931786948.0,h3artst0per
1673151900.0,,,0.0,1673151900.0,mrsjexis,66498624070.0,awalharuna999
1673151900.0,,,0.0,1673151900.0,mrsjexis,46125352730.0,jicsimae
1673151900.0,,,0.0,1673151900.0,mrsjexis,19115354.0,kan0060
39413763.0,,,0.0,39413763.0,mandalevelsup,63070418078.0,state_of_grace123
39413763.0,,,0.0,39413763.0,mandalevelsup,226077609.0,meetmeatmdnght
39413763.0,,,0.0,39413763.0,mandalevelsup,1597445999.0,won_yong_____78
39413763.0,,,0.0,39413763.0,mandalevelsup,65931786948.0,h3artst0per
39413763.0,,,0.0,39413763.0,mandalevelsup,65022928022.0,houseofswordcastle
39413763.0,,,0.0,39413763.0,mandalevelsup,65831907615.0,captureit.rememberit_13
39413763.0,,,0.0,39413763.0,mandalevelsup,257703489.0,rachel.tries.her.best
39413763.0,,,0.0,39413763.0,mandalevelsup,71890648772.0,thepinkfirehawk
39413763.0,,,0.0,39413763.0,mandalevelsup,63470524206.0,affaqrana
39413763.0,,,0.0,39413763.0,mandalevelsup,48742128.0,ticaleur
39413763.0,,,0.0,39413763.0,mandalevelsup,1495348902.0,alohakarina
39413763.0,,,0.0,39413763.0,mandalevelsup,63272152246.0,tracieverett
39413763.0,,,0.0,39413763.0,mandalevelsup,63943005455.0,poetry_by_ed
70004707201.0,,,0.0,70004707201.0,solosmom70,63086999261.0,heyitskimberlyn_
4426934.0,,,0.0,4426934.0,alliwithasmile,66498375768.0,swiftie__society
4426934.0,,,0.0,4426934.0,alliwithasmile,63052836871.0,kaitlynpaige64
4426934.0,,,0.0,4426934.0,alliwithasmile,226077609.0,meetmeatmdnght
4426934.0,,,0.0,4426934.0,alliwithasmile,63498687781.0,amazing_doggos_
4426934.0,,,0.0,4426934.0,alliwithasmile,70223924643.0,linajamilah_gold
4426934.0,,,0.0,4426934.0,alliwithasmile,65831907615.0,captureit.rememberit_13
62579322026.0,,,0.0,62579322026.0,nettsnook,1834986434.0,1downbadswiftie3
62579322026.0,,,0.0,62579322026.0,nettsnook,22999388.0,nomoremrniceswiftie
40508795.0,,,0.0,40508795.0,browning_jennifer_rn,64332677385.0,lindsay.villandry
40508795.0,,,0.0,40508795.0,browning_jennifer_rn,51278116767.0,karma_is_my_boyfriend13
2235630636.0,,,0.0,2235630636.0,meganedixon,65831907615.0,captureit.rememberit_13
49560191.0,,,0.0,49560191.0,mngarwood,63230883494.0,vubiz
211519955.0,,,0.0,211519955.0,skyflowerkristamichelle,70440826177.0,silverpan
1338281383.0,,,0.0,1338281383.0,enitsirkm,65741261625.0,_christina_marisa_
1338281383.0,,,0.0,1338281383.0,enitsirkm,66498375768.0,swiftie__society
9383015597.0,,,0.0,9383015597.0,rachjgillett,53673718625.0,audrey_haypark
9383015597.0,,,0.0,9383015597.0,rachjgillett,3878736571.0,lizzyliz_1995
9383015597.0,,,0.0,9383015597.0,rachjgillett,65140051300.0,tmartin_333
7689038744.0,,,0.0,7689038744.0,wobegon74,63070418078.0,state_of_grace123
7689038744.0,,,0.0,7689038744.0,wobegon74,46125352730.0,jicsimae
7689038744.0,,,0.0,7689038744.0,wobegon74,366069713.0,kaushikdowerah
7689038744.0,,,0.0,7689038744.0,wobegon74,8637011815.0,the.mindfulpalette
7689038744.0,,,0.0,7689038744.0,wobegon74,17855326.0,jamie_lee_93
7689038744.0,,,0.0,7689038744.0,wobegon74,65931786948.0,h3artst0per
7689038744.0,,,0.0,7689038744.0,wobegon74,63457664804.0,shannonambroson
63508672522.0,,,0.0,63508672522.0,emilyngoff,63093313536.0,marshalmallowplays
24841946337.0,,,0.0,24841946337.0,brittanyirene326,44834197.0,linda_champion_driver
63406372979.0,,,0.0,63406372979.0,audreylovesparis,68304093828.0,mjkwho3
48161660446.0,,,0.0,48161660446.0,catherine.salter97,63308335051.0,madwoman222
335690912.0,,,0.0,335690912.0,foodiehiker3,63037798945.0,rybrock
44617189441.0,,,0.0,44617189441.0,thelitbulb,50591278538.0,heyswillsy
177497871.0,,,0.0,177497871.0,amikate1,64808081760.0,huma_nity911
177497871.0,,,0.0,177497871.0,amikate1,63430301929.0,sirona7
63562437816.0,,,0.0,63562437816.0,hausbeckmiller,67840257186.0,randallbc777
63562437816.0,,,0.0,63562437816.0,hausbeckmiller,65189344964.0,mujerebonita
65619394124.0,,,0.0,65619394124.0,darbenstine,63052836871.0,kaitlynpaige64
65619394124.0,,,0.0,65619394124.0,darbenstine,66498375768.0,swiftie__society
65619394124.0,,,0.0,65619394124.0,darbenstine,226077609.0,meetmeatmdnght
65619394124.0,,,0.0,65619394124.0,darbenstine,64808081760.0,huma_nity911
65619394124.0,,,0.0,65619394124.0,darbenstine,66280683644.0,balieiro_milton
65619394124.0,,,0.0,65619394124.0,darbenstine,209356680.0,dacrazykatlady
231896890.0,,,0.0,231896890.0,callmeassyla,30260298241.0,alora_jen90
231896890.0,,,0.0,231896890.0,callmeassyla,63457664804.0,shannonambroson
231896890.0,,,0.0,231896890.0,callmeassyla,262458324.0,_mindorbit
231896890.0,,,0.0,231896890.0,callmeassyla,262284329.0,shangie84
231896890.0,,,0.0,231896890.0,callmeassyla,64377758915.0,cat_tivella27
6233330506.0,,,0.0,6233330506.0,helbigtracy,63247575820.0,jonnieleigh71
63129614244.0,,,0.0,63129614244.0,thestoryofvarun,44110252585.0,l.a.barnitz
260898839.0,,,0.0,260898839.0,declanrabbit,63323722497.0,bevd1959
48776585413.0,,,0.0,48776585413.0,dianesorensen.bb,50043161358.0,mother_plus_podcast
48776585413.0,,,0.0,48776585413.0,dianesorensen.bb,63086999261.0,heyitskimberlyn_
48776585413.0,,,0.0,48776585413.0,dianesorensen.bb,247965341.0,confidentteenteacher
63062717707.0,,,0.0,63062717707.0,kathrynaylabarnes,70610167581.0,the_dragon_in_the_mountain
63062717707.0,,,0.0,63062717707.0,kathrynaylabarnes,45690427540.0,meg_hansolo52
63062717707.0,,,0.0,63062717707.0,kathrynaylabarnes,39366804113.0,deb_createsfunandluvskindness
49054779815.0,,,0.0,49054779815.0,rgwilliamsonmusic,70571399872.0,terryblackmon
49054779815.0,,,0.0,49054779815.0,rgwilliamsonmusic,63143238313.0,debmeister221
2466274254.0,,,0.0,2466274254.0,cartersporks,4041659106.0,bummbee1988
63335405037.0,,,0.0,63335405037.0,e_soultravelling,66497808807.0,mckenzievlad_thepoet
63335405037.0,,,0.0,63335405037.0,e_soultravelling,40508795.0,browning_jennifer_rn
63335405037.0,,,0.0,63335405037.0,e_soultravelling,63414059120.0,alyssanashart
63335405037.0,,,0.0,63335405037.0,e_soultravelling,19115354.0,kan0060
7039742675.0,,,0.0,7039742675.0,dangtien_13,63508672522.0,emilyngoff
50488222543.0,,,0.0,50488222543.0,triodesigncollaborative,1664761765.0,stephsprenger
64568300613.0,,,0.0,64568300613.0,leticiacampos.art,238766804.0,shawnsalmen
15483915.0,,,0.0,15483915.0,dcredhead137,63457664804.0,shannonambroson
65250326371.0,,,0.0,65250326371.0,krisj_mysteryb,67706841256.0,williamsoklahoma77
69772213557.0,,,0.0,69772213557.0,brendadunphy08,70633205182.0,shaunarenee84
69772213557.0,,,0.0,69772213557.0,brendadunphy08,63279607705.0,shariwhaley1964
63048413263.0,,,0.0,63048413263.0,jennyrw29,69576523404.0,honeybee_bythesea
1970463696.0,,,0.0,1970463696.0,heatherc1229,70571399872.0,terryblackmon
4041659106.0,,,0.0,4041659106.0,bummbee1988,53673718625.0,audrey_haypark
65305122098.0,,,0.0,65305122098.0,never.been.anatural,31311785356.0,lolbodd
65305122098.0,,,0.0,65305122098.0,never.been.anatural,65741261625.0,_christina_marisa_
1365261717.0,,,0.0,1365261717.0,catmosher,1431445436.0,colleen_beaton72
2225409603.0,,,0.0,2225409603.0,queenofcuriosity,226077609.0,meetmeatmdnght
2225409603.0,,,0.0,2225409603.0,queenofcuriosity,66091782398.0,poets.made.of.ash
2314813608.0,,,0.0,2314813608.0,dreamyeyedrose,63098530218.0,forevermadie22
2314813608.0,,,0.0,2314813608.0,dreamyeyedrose,63281400865.0,destination_swiftie
2314813608.0,,,0.0,2314813608.0,dreamyeyedrose,63859891710.0,helen_taylors_version
2314813608.0,,,0.0,2314813608.0,dreamyeyedrose,22999388.0,nomoremrniceswiftie
11938370.0,,,0.0,11938370.0,kimberleyk23,226077609.0,meetmeatmdnght
11938370.0,,,0.0,11938370.0,kimberleyk23,15483915.0,dcredhead137
13065250.0,,,0.0,13065250.0,imelleblack,63086999261.0,heyitskimberlyn_
66284232818.0,,,0.0,66284232818.0,finishracks,64955405982.0,milesonpaper_
15017382870.0,,,0.0,15017382870.0,lmp.secure,66096550304.0,facelessfreedomlifestyle
15017382870.0,,,0.0,15017382870.0,lmp.secure,63086999261.0,heyitskimberlyn_
3245924.0,,,0.0,3245924.0,rockandrollmama,63457915902.0,russvoteblue
3245924.0,,,0.0,3245924.0,rockandrollmama,71890648772.0,thepinkfirehawk
64985081219.0,,,0.0,64985081219.0,fabfivebriggs,36572297346.0,kennethchideradaniel
367818200.0,,,0.0,367818200.0,laurajanedunlap,63297525252.0,mich321
367818200.0,,,0.0,367818200.0,laurajanedunlap,25221956.0,bibitty
63083361898.0,,,0.0,63083361898.0,bellafortunate,70383034771.0,coastalyarnworx
69455210540.0,,,0.0,69455210540.0,michellemadonnawellness,5552570151.0,amberlynnboz
63259926432.0,,,0.0,63259926432.0,stephofimp,63412603181.0,hollisbischoff
58473916182.0,,,0.0,58473916182.0,hannah.brixton,63124229665.0,patriciadeddy
60439393122.0,,,0.0,60439393122.0,nikita.eris,65140051300.0,tmartin_333
1603373156.0,,,0.0,1603373156.0,bookishswiftie04,69548373902.0,theadhdinfj
63299922692.0,,,0.0,63299922692.0,cakeer14,5687595610.0,lj_murrayofficial
247965341.0,,,0.0,247965341.0,confidentteenteacher,58233712941.0,witchy_helen_
247965341.0,,,0.0,247965341.0,confidentteenteacher,43697918513.0,cindyjsaunders75
247965341.0,,,0.0,247965341.0,confidentteenteacher,29628875300.0,_annerajoo_
15703842.0,,,0.0,15703842.0,shari_archinoff,63279607705.0,shariwhaley1964
15703842.0,,,0.0,15703842.0,shari_archinoff,63440599934.0,jessicavauthor
15703842.0,,,0.0,15703842.0,shari_archinoff,63038582216.0,ppopernack
15703842.0,,,0.0,15703842.0,shari_archinoff,63126653816.0,matthewdalbertson
15703842.0,,,0.0,15703842.0,shari_archinoff,63088302232.0,enigma956
15703842.0,,,0.0,15703842.0,shari_archinoff,63306164313.0,tottenhamphilly778
15703842.0,,,0.0,15703842.0,shari_archinoff,65020874839.0,claracianferotti
15703842.0,,,0.0,15703842.0,shari_archinoff,65175018549.0,airamfmofficial
15703842.0,,,0.0,15703842.0,shari_archinoff,1603373156.0,bookishswiftie04
15703842.0,,,0.0,15703842.0,shari_archinoff,65105811120.0,sias6281
15703842.0,,,0.0,15703842.0,shari_archinoff,66040494497.0,shennifer.xx
15703842.0,,,0.0,15703842.0,shari_archinoff,7453917524.0,sarahmonticue
15703842.0,,,0.0,15703842.0,shari_archinoff,65022928022.0,houseofswordcastle
15703842.0,,,0.0,15703842.0,shari_archinoff,63086999261.0,heyitskimberlyn_
15703842.0,,,0.0,15703842.0,shari_archinoff,64685242307.0,phoenixcorndog
15703842.0,,,0.0,15703842.0,shari_archinoff,63281400865.0,destination_swiftie
15703842.0,,,0.0,15703842.0,shari_archinoff,63453933862.0,ruthsmor
15703842.0,,,0.0,15703842.0,shari_archinoff,60093415798.0,kat_geez_crochet
15703842.0,,,0.0,15703842.0,shari_archinoff,1474257304.0,shauna_na_na_na
15703842.0,,,0.0,15703842.0,shari_archinoff,65135985488.0,miniknitti
15703842.0,,,0.0,15703842.0,shari_archinoff,63067940437.0,brittanyannreads
15703842.0,,,0.0,15703842.0,shari_archinoff,46125352730.0,jicsimae
15703842.0,,,0.0,15703842.0,shari_archinoff,2466274254.0,cartersporks
15703842.0,,,0.0,15703842.0,shari_archinoff,64808081760.0,huma_nity911
15703842.0,,,0.0,15703842.0,shari_archinoff,60439393122.0,nikita.eris
15703842.0,,,0.0,15703842.0,shari_archinoff,62579322026.0,nettsnook
15703842.0,,,0.0,15703842.0,shari_archinoff,199292581.0,nikkisrandoms
15703842.0,,,0.0,15703842.0,shari_archinoff,65117085178.0,lifewith_kierra
15703842.0,,,0.0,15703842.0,shari_archinoff,63888361280.0,jensbooks247
15703842.0,,,0.0,15703842.0,shari_archinoff,53673718625.0,audrey_haypark
15703842.0,,,0.0,15703842.0,shari_archinoff,262284329.0,shangie84
15703842.0,,,0.0,15703842.0,shari_archinoff,263655858.0,mara_beyea11
41959289916.0,,,0.0,41959289916.0,piecesofme_art,63086999261.0,heyitskimberlyn_
41959289916.0,,,0.0,41959289916.0,piecesofme_art,46429609122.0,lazy.creativity
68369186728.0,,,0.0,68369186728.0,officialsterlingmasters,1530430330.0,leclairmiranda
68369186728.0,,,0.0,68369186728.0,officialsterlingmasters,65858606709.0,the.mrs.stovall
68369186728.0,,,0.0,68369186728.0,officialsterlingmasters,69694212877.0,candii_pants89
68369186728.0,,,0.0,68369186728.0,officialsterlingmasters,67620712016.0,baba.yaga.bentley
68369186728.0,,,0.0,68369186728.0,officialsterlingmasters,70192730916.0,sarahtonin26
68369186728.0,,,0.0,68369186728.0,officialsterlingmasters,10942677.0,alibubbalicious
68369186728.0,,,0.0,68369186728.0,officialsterlingmasters,71324892320.0,officialsrscinema
68369186728.0,,,0.0,68369186728.0,officialsterlingmasters,63481825052.0,elana_mcdougall_author
68369186728.0,,,0.0,68369186728.0,officialsterlingmasters,63086999261.0,heyitskimberlyn_
68369186728.0,,,0.0,68369186728.0,officialsterlingmasters,2232319361.0,pettskow
68369186728.0,,,0.0,68369186728.0,officialsterlingmasters,69638162998.0,actuallyelastigirl
68369186728.0,,,0.0,68369186728.0,officialsterlingmasters,643508714.0,ncgrits01
68369186728.0,,,0.0,68369186728.0,officialsterlingmasters,273399623.0,iamsuzyn
68369186728.0,,,0.0,68369186728.0,officialsterlingmasters,69488580456.0,strlslvr987
68369186728.0,,,0.0,68369186728.0,officialsterlingmasters,47420763.0,superrhardcorre
68369186728.0,,,0.0,68369186728.0,officialsterlingmasters,17577257.0,gemgal7
68369186728.0,,,0.0,68369186728.0,officialsterlingmasters,427635900.0,bluehikes
68369186728.0,,,0.0,68369186728.0,officialsterlingmasters,471440035.0,sweeneytodd13666
68369186728.0,,,0.0,68369186728.0,officialsterlingmasters,246446497.0,luvmybucs2000
33674007862.0,,,0.0,33674007862.0,bo_pediatriaycrianza,63086999261.0,heyitskimberlyn_
64343718875.0,,,0.0,64343718875.0,tracey.curtis.507,7973322097.0,chicago_girlatheart
64343718875.0,,,0.0,64343718875.0,tracey.curtis.507,70882468447.0,sarahlynnfreitas
64343718875.0,,,0.0,64343718875.0,tracey.curtis.507,71088883267.0,_tori.parker_
64343718875.0,,,0.0,64343718875.0,tracey.curtis.507,273399623.0,iamsuzyn
64343718875.0,,,0.0,64343718875.0,tracey.curtis.507,69530616876.0,tammisheafer
64343718875.0,,,0.0,64343718875.0,tracey.curtis.507,20873589.0,nmizoo23
64343718875.0,,,0.0,64343718875.0,tracey.curtis.507,70737503315.0,rayray.creates.empires__
64343718875.0,,,0.0,64343718875.0,tracey.curtis.507,16196970.0,nikki_mz21
64343718875.0,,,0.0,64343718875.0,tracey.curtis.507,63123446385.0,kimberlymajernik
64343718875.0,,,0.0,64343718875.0,tracey.curtis.507,63652216159.0,christine_3251
64343718875.0,,,0.0,64343718875.0,tracey.curtis.507,5519810490.0,a_fishcalledrhonda
64343718875.0,,,0.0,64343718875.0,tracey.curtis.507,63481825052.0,elana_mcdougall_author
64343718875.0,,,0.0,64343718875.0,tracey.curtis.507,1558942092.0,marvelous.mz.gaggini
64343718875.0,,,0.0,64343718875.0,tracey.curtis.507,68905675499.0,officialdavidbasile
64343718875.0,,,0.0,64343718875.0,tracey.curtis.507,233667994.0,kimfrase73
64343718875.0,,,0.0,64343718875.0,tracey.curtis.507,67920197644.0,idreamofnuggets
64343718875.0,,,0.0,64343718875.0,tracey.curtis.507,63456480500.0,katyeshorkey
64343718875.0,,,0.0,64343718875.0,tracey.curtis.507,837151356.0,rae0035
64343718875.0,,,0.0,64343718875.0,tracey.curtis.507,6336337.0,lizstelow
64343718875.0,,,0.0,64343718875.0,tracey.curtis.507,199539352.0,mycalindy
64343718875.0,,,0.0,64343718875.0,tracey.curtis.507,70413050971.0,triciadee18
64343718875.0,,,0.0,64343718875.0,tracey.curtis.507,3418353530.0,donnametler
64343718875.0,,,0.0,64343718875.0,tracey.curtis.507,63439428867.0,amandajo424
64343718875.0,,,0.0,64343718875.0,tracey.curtis.507,1431445436.0,colleen_beaton72
64343718875.0,,,0.0,64343718875.0,tracey.curtis.507,68822662345.0,its.addie13
64343718875.0,,,0.0,64343718875.0,tracey.curtis.507,70260714052.0,jaymehaase77
64343718875.0,,,0.0,64343718875.0,tracey.curtis.507,69455210540.0,michellemadonnawellness
64343718875.0,,,0.0,64343718875.0,tracey.curtis.507,69772213557.0,brendadunphy08
64343718875.0,,,0.0,64343718875.0,tracey.curtis.507,70571399872.0,terryblackmon
64343718875.0,,,0.0,64343718875.0,tracey.curtis.507,69805130086.0,xxjustanothergirl91
64343718875.0,,,0.0,64343718875.0,tracey.curtis.507,3927473098.0,barklaysmom
64343718875.0,,,0.0,64343718875.0,tracey.curtis.507,200220352.0,darci3m
64343718875.0,,,0.0,64343718875.0,tracey.curtis.507,8168284087.0,spnc.rr03
64343718875.0,,,0.0,64343718875.0,tracey.curtis.507,63086999261.0,heyitskimberlyn_
12527880073.0,,,0.0,12527880073.0,coachmegandevito,50001689656.0,sissoolife
12527880073.0,,,0.0,12527880073.0,coachmegandevito,63428870110.0,bob_b_1961
12527880073.0,,,0.0,12527880073.0,coachmegandevito,63086999261.0,heyitskimberlyn_
12527880073.0,,,0.0,12527880073.0,coachmegandevito,4041659106.0,bummbee1988
12527880073.0,,,0.0,12527880073.0,coachmegandevito,199292581.0,nikkisrandoms
12527880073.0,,,0.0,12527880073.0,coachmegandevito,53673718625.0,audrey_haypark
12527880073.0,,,0.0,12527880073.0,coachmegandevito,63416203260.0,justkellykellykellykelly
12527880073.0,,,0.0,12527880073.0,coachmegandevito,66091782398.0,poets.made.of.ash
12527880073.0,,,0.0,12527880073.0,coachmegandevito,1906192430.0,helenthacker
12527880073.0,,,0.0,12527880073.0,coachmegandevito,64695130754.0,jbsocialstudio
12527880073.0,,,0.0,12527880073.0,coachmegandevito,30260298241.0,alora_jen90
12527880073.0,,,0.0,12527880073.0,coachmegandevito,64985081219.0,fabfivebriggs
12527880073.0,,,0.0,12527880073.0,coachmegandevito,64808081760.0,huma_nity911
63609944070.0,,,0.0,63609944070.0,cassiecichocki,63387685848.0,trea_christopher
63609944070.0,,,0.0,63609944070.0,cassiecichocki,65600755236.0,dhindsa5076
63609944070.0,,,0.0,63609944070.0,cassiecichocki,63093961089.0,loveyourwifewell
63609944070.0,,,0.0,63609944070.0,cassiecichocki,63888361280.0,jensbooks247
63609944070.0,,,0.0,63609944070.0,cassiecichocki,61455488381.0,loriannyde.jesus
63609944070.0,,,0.0,63609944070.0,cassiecichocki,59201936087.0,krymkrym6807
63609944070.0,,,0.0,63609944070.0,cassiecichocki,31311785356.0,lolbodd
63609944070.0,,,0.0,63609944070.0,cassiecichocki,63520528199.0,tzanosnikos
63609944070.0,,,0.0,63609944070.0,cassiecichocki,66498375768.0,swiftie__society
63609944070.0,,,0.0,63609944070.0,cassiecichocki,4041659106.0,bummbee1988
63609944070.0,,,0.0,63609944070.0,cassiecichocki,388267302.0,jenniferwilliams88
63609944070.0,,,0.0,63609944070.0,cassiecichocki,60263077214.0,kalfi_nourhen
63609944070.0,,,0.0,63609944070.0,cassiecichocki,3009476810.0,ericatrek
63609944070.0,,,0.0,63609944070.0,cassiecichocki,65788096345.0,the_mini_manager
63609944070.0,,,0.0,63609944070.0,cassiecichocki,1286957434.0,blazwura
63609944070.0,,,0.0,63609944070.0,cassiecichocki,7689038744.0,wobegon74
63609944070.0,,,0.0,63609944070.0,cassiecichocki,8168284087.0,spnc.rr03
63609944070.0,,,0.0,63609944070.0,cassiecichocki,64377758915.0,cat_tivella27
63609944070.0,,,0.0,63609944070.0,cassiecichocki,66040494497.0,shennifer.xx
63609944070.0,,,0.0,63609944070.0,cassiecichocki,63281400865.0,destination_swiftie
63609944070.0,,,0.0,63609944070.0,cassiecichocki,45690427540.0,meg_hansolo52
63609944070.0,,,0.0,63609944070.0,cassiecichocki,199292581.0,nikkisrandoms
63609944070.0,,,0.0,63609944070.0,cassiecichocki,3694894478.0,meowcii
63609944070.0,,,0.0,63609944070.0,cassiecichocki,51278116767.0,karma_is_my_boyfriend13
63609944070.0,,,0.0,63609944070.0,cassiecichocki,40508795.0,browning_jennifer_rn
63609944070.0,,,0.0,63609944070.0,cassiecichocki,48742128.0,ticaleur
63609944070.0,,,0.0,63609944070.0,cassiecichocki,17855326.0,jamie_lee_93
63609944070.0,,,0.0,63609944070.0,cassiecichocki,65078223711.0,brittney_harding
63609944070.0,,,0.0,63609944070.0,cassiecichocki,63455337245.0,arashariya2025
63609944070.0,,,0.0,63609944070.0,cassiecichocki,63421916347.0,hellcatbetty
63609944070.0,,,0.0,63609944070.0,cassiecichocki,63297525252.0,mich321
63609944070.0,,,0.0,63609944070.0,cassiecichocki,231896890.0,callmeassyla
63609944070.0,,,0.0,63609944070.0,cassiecichocki,2466274254.0,cartersporks
63609944070.0,,,0.0,63609944070.0,cassiecichocki,66497808807.0,mckenzievlad_thepoet
63609944070.0,,,0.0,63609944070.0,cassiecichocki,263655858.0,mara_beyea11
63609944070.0,,,0.0,63609944070.0,cassiecichocki,65619394124.0,darbenstine
63609944070.0,,,0.0,63609944070.0,cassiecichocki,65379274726.0,futuriste0
63609944070.0,,,0.0,63609944070.0,cassiecichocki,25221956.0,bibitty
63609944070.0,,,0.0,63609944070.0,cassiecichocki,1448404784.0,mrs_emilou
63609944070.0,,,0.0,63609944070.0,cassiecichocki,41627457.0,boykindawg
63609944070.0,,,0.0,63609944070.0,cassiecichocki,62579322026.0,nettsnook
63609944070.0,,,0.0,63609944070.0,cassiecichocki,63129614244.0,thestoryofvarun
63609944070.0,,,0.0,63609944070.0,cassiecichocki,25778284676.0,_alyssasimpsonx
63609944070.0,,,0.0,63609944070.0,cassiecichocki,46125352730.0,jicsimae
63609944070.0,,,0.0,63609944070.0,cassiecichocki,64808081760.0,huma_nity911
63609944070.0,,,0.0,63609944070.0,cassiecichocki,8637011815.0,the.mindfulpalette
63609944070.0,,,0.0,63609944070.0,cassiecichocki,34555296.0,c_angell
63609944070.0,,,0.0,63609944070.0,cassiecichocki,3008732698.0,shannonthomas
63609944070.0,,,0.0,63609944070.0,cassiecichocki,63086999261.0,heyitskimberlyn_
63609944070.0,,,0.0,63609944070.0,cassiecichocki,44114052.0,tracyanne90
63609944070.0,,,0.0,63609944070.0,cassiecichocki,63457664804.0,shannonambroson
63609944070.0,,,0.0,63609944070.0,cassiecichocki,63400759207.0,gootie14
63609944070.0,,,0.0,63609944070.0,cassiecichocki,65146157119.0,troyerlayne
63609944070.0,,,0.0,63609944070.0,cassiecichocki,53673718625.0,audrey_haypark
63609944070.0,,,0.0,63609944070.0,cassiecichocki,15443402.0,accio_jencat
63609944070.0,,,0.0,63609944070.0,cassiecichocki,65117085178.0,lifewith_kierra
63609944070.0,,,0.0,63609944070.0,cassiecichocki,63308335051.0,madwoman222
63609944070.0,,,0.0,63609944070.0,cassiecichocki,63436512338.0,madwoman1028
63609944070.0,,,0.0,63609944070.0,cassiecichocki,63446105154.0,mmarianaaa_
63609944070.0,,,0.0,63609944070.0,cassiecichocki,65741261625.0,_christina_marisa_
63609944070.0,,,0.0,63609944070.0,cassiecichocki,63105746416.0,s.arahtonin
63609944070.0,,,0.0,63609944070.0,cassiecichocki,65926866152.0,zackgrossmusic
63609944070.0,,,0.0,63609944070.0,cassiecichocki,44719959229.0,kaelichae
63609944070.0,,,0.0,63609944070.0,cassiecichocki,63453933862.0,ruthsmor
63609944070.0,,,0.0,63609944070.0,cassiecichocki,63416203260.0,justkellykellykellykelly
63609944070.0,,,0.0,63609944070.0,cassiecichocki,60439393122.0,nikita.eris
63609944070.0,,,0.0,63609944070.0,cassiecichocki,63098530218.0,forevermadie22
63609944070.0,,,0.0,63609944070.0,cassiecichocki,63070418078.0,state_of_grace123
63609944070.0,,,0.0,63609944070.0,cassiecichocki,5525652488.0,melindacarmen_
63609944070.0,,,0.0,63609944070.0,cassiecichocki,65020874839.0,claracianferotti
63609944070.0,,,0.0,63609944070.0,cassiecichocki,4426934.0,alliwithasmile
63609944070.0,,,0.0,63609944070.0,cassiecichocki,64332677385.0,lindsay.villandry
3008732698.0,,,0.0,3008732698.0,shannonthomas,63218343120.0,philip_j_waters_author
65926866152.0,,,0.0,65926866152.0,zackgrossmusic,63460213473.0,sojournerweaver
65926866152.0,,,0.0,65926866152.0,zackgrossmusic,1603373156.0,bookishswiftie04
65926866152.0,,,0.0,65926866152.0,zackgrossmusic,63308335051.0,madwoman222
65926866152.0,,,0.0,65926866152.0,zackgrossmusic,64685242307.0,phoenixcorndog
65926866152.0,,,0.0,65926866152.0,zackgrossmusic,8637011815.0,the.mindfulpalette
65926866152.0,,,0.0,65926866152.0,zackgrossmusic,65140051300.0,tmartin_333
65926866152.0,,,0.0,65926866152.0,zackgrossmusic,7689038744.0,wobegon74
65926866152.0,,,0.0,65926866152.0,zackgrossmusic,64377758915.0,cat_tivella27
65926866152.0,,,0.0,65926866152.0,zackgrossmusic,65531140265.0,aussiemom65
65926866152.0,,,0.0,65926866152.0,zackgrossmusic,65619394124.0,darbenstine
65926866152.0,,,0.0,65926866152.0,zackgrossmusic,63421916347.0,hellcatbetty
65926866152.0,,,0.0,65926866152.0,zackgrossmusic,65741261625.0,_christina_marisa_
65926866152.0,,,0.0,65926866152.0,zackgrossmusic,66497808807.0,mckenzievlad_thepoet
65926866152.0,,,0.0,65926866152.0,zackgrossmusic,62579322026.0,nettsnook
65926866152.0,,,0.0,65926866152.0,zackgrossmusic,15443402.0,accio_jencat
65926866152.0,,,0.0,65926866152.0,zackgrossmusic,63086999261.0,heyitskimberlyn_
65926866152.0,,,0.0,65926866152.0,zackgrossmusic,1452469360.0,brynley.edens
65926866152.0,,,0.0,65926866152.0,zackgrossmusic,60420736343.0,dreamland_roots
65926866152.0,,,0.0,65926866152.0,zackgrossmusic,30542633519.0,rubyissleeping1
65926866152.0,,,0.0,65926866152.0,zackgrossmusic,7453917524.0,sarahmonticue
65926866152.0,,,0.0,65926866152.0,zackgrossmusic,1834986434.0,1downbadswiftie3
65926866152.0,,,0.0,65926866152.0,zackgrossmusic,3644308450.0,cathy___nd
65926866152.0,,,0.0,65926866152.0,zackgrossmusic,63297525252.0,mich321
65926866152.0,,,0.0,65926866152.0,zackgrossmusic,63098530218.0,forevermadie22
65926866152.0,,,0.0,65926866152.0,zackgrossmusic,61416871202.0,brianmblack48
65926866152.0,,,0.0,65926866152.0,zackgrossmusic,1495348902.0,alohakarina
65926866152.0,,,0.0,65926866152.0,zackgrossmusic,40508795.0,browning_jennifer_rn
65926866152.0,,,0.0,65926866152.0,zackgrossmusic,50486203.0,ashcottonmiller87
65926866152.0,,,0.0,65926866152.0,zackgrossmusic,3878736571.0,lizzyliz_1995
65926866152.0,,,0.0,65926866152.0,zackgrossmusic,199292581.0,nikkisrandoms
65926866152.0,,,0.0,65926866152.0,zackgrossmusic,63120793284.0,lexxxinstereo
65926866152.0,,,0.0,65926866152.0,zackgrossmusic,65931786948.0,h3artst0per
65926866152.0,,,0.0,65926866152.0,zackgrossmusic,65117085178.0,lifewith_kierra
65926866152.0,,,0.0,65926866152.0,zackgrossmusic,21820146307.0,billyhorca15
65926866152.0,,,0.0,65926866152.0,zackgrossmusic,1697714543.0,hollownaw
65926866152.0,,,0.0,65926866152.0,zackgrossmusic,63416203260.0,justkellykellykellykelly
65926866152.0,,,0.0,65926866152.0,zackgrossmusic,63137978796.0,mrmikeymonster
65926866152.0,,,0.0,65926866152.0,zackgrossmusic,1673151900.0,mrsjexis
65926866152.0,,,0.0,65926866152.0,zackgrossmusic,22999388.0,nomoremrniceswiftie
65926866152.0,,,0.0,65926866152.0,zackgrossmusic,63281400865.0,destination_swiftie
65926866152.0,,,0.0,65926866152.0,zackgrossmusic,64376414989.0,morgancapasso
65926866152.0,,,0.0,65926866152.0,zackgrossmusic,7600603865.0,purefirebeats
28208031286.0,,,0.0,28208031286.0,gen_x_swiftie,70244829779.0,mykhaylo1604
28208031286.0,,,0.0,28208031286.0,gen_x_swiftie,6429044665.0,daphne.berry.77
28208031286.0,,,0.0,28208031286.0,gen_x_swiftie,63453933862.0,ruthsmor
28208031286.0,,,0.0,28208031286.0,gen_x_swiftie,64329143889.0,swiftiefootball
28208031286.0,,,0.0,28208031286.0,gen_x_swiftie,25221956.0,bibitty
28208031286.0,,,0.0,28208031286.0,gen_x_swiftie,63508672522.0,emilyngoff
28208031286.0,,,0.0,28208031286.0,gen_x_swiftie,19115354.0,kan0060
28208031286.0,,,0.0,28208031286.0,gen_x_swiftie,63389431195.0,shineyrays
28208031286.0,,,0.0,28208031286.0,gen_x_swiftie,7358467.0,g8ralexis
28208031286.0,,,0.0,28208031286.0,gen_x_swiftie,65831907615.0,captureit.rememberit_13
28208031286.0,,,0.0,28208031286.0,gen_x_swiftie,63070418078.0,state_of_grace123
28208031286.0,,,0.0,28208031286.0,gen_x_swiftie,144193549.0,dawnmsuiter
28208031286.0,,,0.0,28208031286.0,gen_x_swiftie,66280683644.0,balieiro_milton
28208031286.0,,,0.0,28208031286.0,gen_x_swiftie,63086999261.0,heyitskimberlyn_
28208031286.0,,,0.0,28208031286.0,gen_x_swiftie,64377758915.0,cat_tivella27
28208031286.0,,,0.0,28208031286.0,gen_x_swiftie,63410479194.0,cassieannemoore
28208031286.0,,,0.0,28208031286.0,gen_x_swiftie,65022928022.0,houseofswordcastle
28208031286.0,,,0.0,28208031286.0,gen_x_swiftie,63436512338.0,madwoman1028
28208031286.0,,,0.0,28208031286.0,gen_x_swiftie,53673718625.0,audrey_haypark
28208031286.0,,,0.0,28208031286.0,gen_x_swiftie,39413763.0,mandalevelsup
28208031286.0,,,0.0,28208031286.0,gen_x_swiftie,48742128.0,ticaleur
28208031286.0,,,0.0,28208031286.0,gen_x_swiftie,63281400865.0,destination_swiftie
28208031286.0,,,0.0,28208031286.0,gen_x_swiftie,33216501.0,strongheather
263147477.0,,,0.0,263147477.0,csimonton1234,63086999261.0,heyitskimberlyn_
9171161844.0,,,0.0,9171161844.0,chayilmediapublishing,68380458367.0,purrfectly_digital
9171161844.0,,,0.0,9171161844.0,chayilmediapublishing,63867812221.0,andrei.butnarasu
9171161844.0,,,0.0,9171161844.0,chayilmediapublishing,66039396680.0,harley_hon
9171161844.0,,,0.0,9171161844.0,chayilmediapublishing,269453214.0,lady______________
9171161844.0,,,0.0,9171161844.0,chayilmediapublishing,63286189826.0,itschargonzalez
9171161844.0,,,0.0,9171161844.0,chayilmediapublishing,45287290086.0,kass.toncm
61138073750.0,,,0.0,61138073750.0,ella_taylorsversion_,66498375768.0,swiftie__society
61138073750.0,,,0.0,61138073750.0,ella_taylorsversion_,70244829779.0,mykhaylo1604
61138073750.0,,,0.0,61138073750.0,ella_taylorsversion_,70418019161.0,spyridont
61138073750.0,,,0.0,61138073750.0,ella_taylorsversion_,60093415798.0,kat_geez_crochet
61138073750.0,,,0.0,61138073750.0,ella_taylorsversion_,63859891710.0,helen_taylors_version
61138073750.0,,,0.0,61138073750.0,ella_taylorsversion_,65931786948.0,h3artst0per
61138073750.0,,,0.0,61138073750.0,ella_taylorsversion_,63266605793.0,lauramarie2020
61138073750.0,,,0.0,61138073750.0,ella_taylorsversion_,144193549.0,dawnmsuiter
61138073750.0,,,0.0,61138073750.0,ella_taylorsversion_,63508672522.0,emilyngoff
61138073750.0,,,0.0,61138073750.0,ella_taylorsversion_,7039742675.0,dangtien_13
61138073750.0,,,0.0,61138073750.0,ella_taylorsversion_,63247647288.0,susan.lynn28
61138073750.0,,,0.0,61138073750.0,ella_taylorsversion_,1286957434.0,blazwura
61138073750.0,,,0.0,61138073750.0,ella_taylorsversion_,63421916347.0,hellcatbetty
61138073750.0,,,0.0,61138073750.0,ella_taylorsversion_,63297525252.0,mich321
61138073750.0,,,0.0,61138073750.0,ella_taylorsversion_,63272152246.0,tracieverett
61138073750.0,,,0.0,61138073750.0,ella_taylorsversion_,63086999261.0,heyitskimberlyn_
61138073750.0,,,0.0,61138073750.0,ella_taylorsversion_,2314813608.0,dreamyeyedrose
61138073750.0,,,0.0,61138073750.0,ella_taylorsversion_,63263531582.0,justjan465
61138073750.0,,,0.0,61138073750.0,ella_taylorsversion_,63254457816.0,officealpooja007
61138073750.0,,,0.0,61138073750.0,ella_taylorsversion_,65831907615.0,captureit.rememberit_13
61138073750.0,,,0.0,61138073750.0,ella_taylorsversion_,35089636993.0,jannielovepoetry
61138073750.0,,,0.0,61138073750.0,ella_taylorsversion_,66347880302.0,hatfieldbillyjoe447
61138073750.0,,,0.0,61138073750.0,ella_taylorsversion_,44114052.0,tracyanne90
61138073750.0,,,0.0,61138073750.0,ella_taylorsversion_,61416871202.0,brianmblack48
61138073750.0,,,0.0,61138073750.0,ella_taylorsversion_,262458324.0,_mindorbit
61138073750.0,,,0.0,61138073750.0,ella_taylorsversion_,1951810535.0,andreasruckdeschel
61138073750.0,,,0.0,61138073750.0,ella_taylorsversion_,53393462507.0,jordystar31
61138073750.0,,,0.0,61138073750.0,ella_taylorsversion_,65020874839.0,claracianferotti
61138073750.0,,,0.0,61138073750.0,ella_taylorsversion_,63098530218.0,forevermadie22
61138073750.0,,,0.0,61138073750.0,ella_taylorsversion_,64685242307.0,phoenixcorndog
61138073750.0,,,0.0,61138073750.0,ella_taylorsversion_,65947129996.0,spacekitty91
61138073750.0,,,0.0,61138073750.0,ella_taylorsversion_,65022928022.0,houseofswordcastle
61138073750.0,,,0.0,61138073750.0,ella_taylorsversion_,65146157119.0,troyerlayne
61138073750.0,,,0.0,61138073750.0,ella_taylorsversion_,59201936087.0,krymkrym6807
61138073750.0,,,0.0,61138073750.0,ella_taylorsversion_,1474257304.0,shauna_na_na_na
61138073750.0,,,0.0,61138073750.0,ella_taylorsversion_,65619394124.0,darbenstine
61138073750.0,,,0.0,61138073750.0,ella_taylorsversion_,28668060925.0,maddybarnham
61138073750.0,,,0.0,61138073750.0,ella_taylorsversion_,2466274254.0,cartersporks
61138073750.0,,,0.0,61138073750.0,ella_taylorsversion_,63400759207.0,gootie14
61138073750.0,,,0.0,61138073750.0,ella_taylorsversion_,63281400865.0,destination_swiftie
61138073750.0,,,0.0,61138073750.0,ella_taylorsversion_,1649226326.0,meg_scribbs17
61138073750.0,,,0.0,61138073750.0,ella_taylorsversion_,9383015597.0,rachjgillett
61138073750.0,,,0.0,61138073750.0,ella_taylorsversion_,22999388.0,nomoremrniceswiftie
61138073750.0,,,0.0,61138073750.0,ella_taylorsversion_,63052836871.0,kaitlynpaige64
61138073750.0,,,0.0,61138073750.0,ella_taylorsversion_,4041659106.0,bummbee1988
61138073750.0,,,0.0,61138073750.0,ella_taylorsversion_,262284329.0,shangie84
61138073750.0,,,0.0,61138073750.0,ella_taylorsversion_,63888361280.0,jensbooks247
61138073750.0,,,0.0,61138073750.0,ella_taylorsversion_,19115354.0,kan0060
61138073750.0,,,0.0,61138073750.0,ella_taylorsversion_,20263409.0,twinkle.tam
61138073750.0,,,0.0,61138073750.0,ella_taylorsversion_,65305122098.0,never.been.anatural
61138073750.0,,,0.0,61138073750.0,ella_taylorsversion_,65117085178.0,lifewith_kierra
61138073750.0,,,0.0,61138073750.0,ella_taylorsversion_,3694894478.0,meowcii
61138073750.0,,,0.0,61138073750.0,ella_taylorsversion_,208779775.0,beautyrunningwild
61138073750.0,,,0.0,61138073750.0,ella_taylorsversion_,64377758915.0,cat_tivella27
61138073750.0,,,0.0,61138073750.0,ella_taylorsversion_,65140051300.0,tmartin_333
61138073750.0,,,0.0,61138073750.0,ella_taylorsversion_,63070418078.0,state_of_grace123
61138073750.0,,,0.0,61138073750.0,ella_taylorsversion_,263655858.0,mara_beyea11
61138073750.0,,,0.0,61138073750.0,ella_taylorsversion_,199292581.0,nikkisrandoms
61138073750.0,,,0.0,61138073750.0,ella_taylorsversion_,50486203.0,ashcottonmiller87
61138073750.0,,,0.0,61138073750.0,ella_taylorsversion_,64808081760.0,huma_nity911
61138073750.0,,,0.0,61138073750.0,ella_taylorsversion_,63416203260.0,justkellykellykellykelly
49118101.0,,,0.0,49118101.0,heatherchauvin_,24631321019.0,lori.cunningham.148
49118101.0,,,0.0,49118101.0,heatherchauvin_,13065250.0,imelleblack
49118101.0,,,0.0,49118101.0,heatherchauvin_,48776585413.0,dianesorensen.bb
49118101.0,,,0.0,49118101.0,heatherchauvin_,637860995.0,jessicapats
49118101.0,,,0.0,49118101.0,heatherchauvin_,1197566037.0,br_busby
49118101.0,,,0.0,49118101.0,heatherchauvin_,25628715.0,racheal.cook
49118101.0,,,0.0,49118101.0,heatherchauvin_,294552366.0,christinaslaback
49118101.0,,,0.0,49118101.0,heatherchauvin_,13416051.0,brookerozzie
49118101.0,,,0.0,49118101.0,heatherchauvin_,1836387820.0,ashmcdonald
49118101.0,,,0.0,49118101.0,heatherchauvin_,47582931709.0,ashlundcoaching
49118101.0,,,0.0,49118101.0,heatherchauvin_,11416740.0,richellefredson
49118101.0,,,0.0,49118101.0,heatherchauvin_,63086999261.0,heyitskimberlyn_
49118101.0,,,0.0,49118101.0,heatherchauvin_,247965341.0,confidentteenteacher
49118101.0,,,0.0,49118101.0,heatherchauvin_,2005313830.0,ericalwinter
49118101.0,,,0.0,49118101.0,heatherchauvin_,29628875300.0,_annerajoo_
49118101.0,,,0.0,49118101.0,heatherchauvin_,25891331.0,elizabethlewis.co
64259683494.0,,,0.0,64259683494.0,naomielewo,57899181321.0,geftalker
64259683494.0,,,0.0,64259683494.0,naomielewo,63778044865.0,miyoshi3951
64259683494.0,,,0.0,64259683494.0,naomielewo,61336722799.0,mike_cooler21
64259683494.0,,,0.0,64259683494.0,naomielewo,3016411809.0,shree_sai_associates_s
64259683494.0,,,0.0,64259683494.0,naomielewo,63385901862.0,ivette1t
43816568.0,,,0.0,43816568.0,mollyrasanen,58233712941.0,witchy_helen_
43816568.0,,,0.0,43816568.0,mollyrasanen,25891331.0,elizabethlewis.co
43816568.0,,,0.0,43816568.0,mollyrasanen,2133260319.0,allison.elizabeth._
43816568.0,,,0.0,43816568.0,mollyrasanen,4704154442.0,ashleyrodrigueswellness
43816568.0,,,0.0,43816568.0,mollyrasanen,63086999261.0,heyitskimberlyn_
12982408.0,,,0.0,12982408.0,sydneydelucchi,46040615.0,stylishlysocial
12982408.0,,,0.0,12982408.0,sydneydelucchi,63470524206.0,affaqrana
12982408.0,,,0.0,12982408.0,sydneydelucchi,51521494165.0,shayanmohammadi229
12982408.0,,,0.0,12982408.0,sydneydelucchi,65600755236.0,dhindsa5076
12982408.0,,,0.0,12982408.0,sydneydelucchi,65909049108.0,amazon_product_deal
12982408.0,,,0.0,12982408.0,sydneydelucchi,63044191571.0,crotonmark
12982408.0,,,0.0,12982408.0,sydneydelucchi,63093961089.0,loveyourwifewell
12982408.0,,,0.0,12982408.0,sydneydelucchi,65619394124.0,darbenstine
12982408.0,,,0.0,12982408.0,sydneydelucchi,3878736571.0,lizzyliz_1995
12982408.0,,,0.0,12982408.0,sydneydelucchi,65379274726.0,futuriste0
12982408.0,,,0.0,12982408.0,sydneydelucchi,62579322026.0,nettsnook
12982408.0,,,0.0,12982408.0,sydneydelucchi,62403161120.0,reine.writes.stuff
12982408.0,,,0.0,12982408.0,sydneydelucchi,633309819.0,erikastroup86
12982408.0,,,0.0,12982408.0,sydneydelucchi,46125352730.0,jicsimae
12982408.0,,,0.0,12982408.0,sydneydelucchi,262284329.0,shangie84
12982408.0,,,0.0,12982408.0,sydneydelucchi,63067940437.0,brittanyannreads
12982408.0,,,0.0,12982408.0,sydneydelucchi,199292581.0,nikkisrandoms
12982408.0,,,0.0,12982408.0,sydneydelucchi,63416203260.0,justkellykellykellykelly
12982408.0,,,0.0,12982408.0,sydneydelucchi,47483104899.0,uncommongrace25
12982408.0,,,0.0,12982408.0,sydneydelucchi,263655858.0,mara_beyea11
12982408.0,,,0.0,12982408.0,sydneydelucchi,53673718625.0,audrey_haypark
12982408.0,,,0.0,12982408.0,sydneydelucchi,39413763.0,mandalevelsup
12982408.0,,,0.0,12982408.0,sydneydelucchi,63297525252.0,mich321
12982408.0,,,0.0,12982408.0,sydneydelucchi,15443402.0,accio_jencat
12982408.0,,,0.0,12982408.0,sydneydelucchi,65926866152.0,zackgrossmusic
12982408.0,,,0.0,12982408.0,sydneydelucchi,60439393122.0,nikita.eris
12982408.0,,,0.0,12982408.0,sydneydelucchi,1448404784.0,mrs_emilou
12982408.0,,,0.0,12982408.0,sydneydelucchi,64808081760.0,huma_nity911
12982408.0,,,0.0,12982408.0,sydneydelucchi,63421263906.0,jenna_mcleod_author_
12982408.0,,,0.0,12982408.0,sydneydelucchi,65117085178.0,lifewith_kierra
12982408.0,,,0.0,12982408.0,sydneydelucchi,65020874839.0,claracianferotti
12982408.0,,,0.0,12982408.0,sydneydelucchi,65741261625.0,_christina_marisa_
12982408.0,,,0.0,12982408.0,sydneydelucchi,63400759207.0,gootie14
12982408.0,,,0.0,12982408.0,sydneydelucchi,63070418078.0,state_of_grace123
12982408.0,,,0.0,12982408.0,sydneydelucchi,64608113603.0,jharless__
12982408.0,,,0.0,12982408.0,sydneydelucchi,11938370.0,kimberleyk23
12982408.0,,,0.0,12982408.0,sydneydelucchi,2466274254.0,cartersporks
12982408.0,,,0.0,12982408.0,sydneydelucchi,257703489.0,rachel.tries.her.best
12982408.0,,,0.0,12982408.0,sydneydelucchi,63052836871.0,kaitlynpaige64
12982408.0,,,0.0,12982408.0,sydneydelucchi,1243392795.0,tdale313
12982408.0,,,0.0,12982408.0,sydneydelucchi,227496556.0,ohcrystalo
12982408.0,,,0.0,12982408.0,sydneydelucchi,63468376629.0,annebarringer
12982408.0,,,0.0,12982408.0,sydneydelucchi,48836837582.0,kcwreads
12982408.0,,,0.0,12982408.0,sydneydelucchi,63129614244.0,thestoryofvarun
12982408.0,,,0.0,12982408.0,sydneydelucchi,63068917394.0,wsig
12982408.0,,,0.0,12982408.0,sydneydelucchi,4426934.0,alliwithasmile
12982408.0,,,0.0,12982408.0,sydneydelucchi,1486138221.0,lfcmel
12982408.0,,,0.0,12982408.0,sydneydelucchi,63086999261.0,heyitskimberlyn_
12982408.0,,,0.0,12982408.0,sydneydelucchi,209356680.0,dacrazykatlady
12982408.0,,,0.0,12982408.0,sydneydelucchi,3644308450.0,cathy___nd
12982408.0,,,0.0,12982408.0,sydneydelucchi,30542633519.0,rubyissleeping1
12982408.0,,,0.0,12982408.0,sydneydelucchi,63098530218.0,forevermadie22
12982408.0,,,0.0,12982408.0,sydneydelucchi,63090245861.0,booklovejess
12982408.0,,,0.0,12982408.0,sydneydelucchi,63281400865.0,destination_swiftie
12982408.0,,,0.0,12982408.0,sydneydelucchi,1836387820.0,ashmcdonald
63410479194.0,,,0.0,63410479194.0,cassieannemoore,63064839081.0,whatifbarackorhillarydidit
63410479194.0,,,0.0,63410479194.0,cassieannemoore,1589821445.0,sshrubbs
63410479194.0,,,0.0,63410479194.0,cassieannemoore,66876532774.0,rock.philip
63410479194.0,,,0.0,63410479194.0,cassieannemoore,69548373902.0,theadhdinfj
63410479194.0,,,0.0,63410479194.0,cassieannemoore,70382111375.0,bonnies5945
63410479194.0,,,0.0,63410479194.0,cassieannemoore,63367833785.0,villainchrisk
63410479194.0,,,0.0,63410479194.0,cassieannemoore,71850818855.0,aether.and.ink.stories
63410479194.0,,,0.0,63410479194.0,cassieannemoore,63120793284.0,lexxxinstereo
63410479194.0,,,0.0,63410479194.0,cassieannemoore,67991755319.0,reese_hc
63410479194.0,,,0.0,63410479194.0,cassieannemoore,63018679930.0,elwoodpdowd2
63410479194.0,,,0.0,63410479194.0,cassieannemoore,63126653816.0,matthewdalbertson
63410479194.0,,,0.0,63410479194.0,cassieannemoore,63383172164.0,r.a.s.chimp.rob
63410479194.0,,,0.0,63410479194.0,cassieannemoore,71890648772.0,thepinkfirehawk
63410479194.0,,,0.0,63410479194.0,cassieannemoore,63230341872.0,pageistherage
63410479194.0,,,0.0,63410479194.0,cassieannemoore,63488865722.0,macpuffins
63410479194.0,,,0.0,63410479194.0,cassieannemoore,1530430330.0,leclairmiranda
63410479194.0,,,0.0,63410479194.0,cassieannemoore,67978606130.0,tomnicholsgmail.com_
63410479194.0,,,0.0,63410479194.0,cassieannemoore,68960609395.0,f.amir.e.2
63410479194.0,,,0.0,63410479194.0,cassieannemoore,69792190729.0,nattileigh
63410479194.0,,,0.0,63410479194.0,cassieannemoore,63601610018.0,erinspiegel
63410479194.0,,,0.0,63410479194.0,cassieannemoore,63070418078.0,state_of_grace123
63410479194.0,,,0.0,63410479194.0,cassieannemoore,63493832145.0,liz_can_fly
63410479194.0,,,0.0,63410479194.0,cassieannemoore,63323722497.0,bevd1959
63410479194.0,,,0.0,63410479194.0,cassieannemoore,63647336340.0,pwwroa
63410479194.0,,,0.0,63410479194.0,cassieannemoore,229562098.0,daverau
63410479194.0,,,0.0,63410479194.0,cassieannemoore,70815600788.0,_aja.james
63410479194.0,,,0.0,63410479194.0,cassieannemoore,6057648739.0,joanstoutenborough
63410479194.0,,,0.0,63410479194.0,cassieannemoore,65803918074.0,vycette
63410479194.0,,,0.0,63410479194.0,cassieannemoore,15483915.0,dcredhead137
63410479194.0,,,0.0,63410479194.0,cassieannemoore,70248155205.0,abdulkarim82hamad
63410479194.0,,,0.0,63410479194.0,cassieannemoore,63093313536.0,marshalmallowplays
63410479194.0,,,0.0,63410479194.0,cassieannemoore,5621456.0,mellionaire
63410479194.0,,,0.0,63410479194.0,cassieannemoore,199382204.0,rabbicy
63410479194.0,,,0.0,63410479194.0,cassieannemoore,2967068315.0,tonyblonie
63410479194.0,,,0.0,63410479194.0,cassieannemoore,63086999261.0,heyitskimberlyn_
63410479194.0,,,0.0,63410479194.0,cassieannemoore,9840286200.0,hak091391
63410479194.0,,,0.0,63410479194.0,cassieannemoore,594724809.0,hannahh.0113
63410479194.0,,,0.0,63410479194.0,cassieannemoore,63090245861.0,booklovejess
63410479194.0,,,0.0,63410479194.0,cassieannemoore,7039742675.0,dangtien_13
63410479194.0,,,0.0,63410479194.0,cassieannemoore,63098596474.0,elainarae2k
63410479194.0,,,0.0,63410479194.0,cassieannemoore,65831907615.0,captureit.rememberit_13
63410479194.0,,,0.0,63410479194.0,cassieannemoore,144193549.0,dawnmsuiter
63410479194.0,,,0.0,63410479194.0,cassieannemoore,1603373156.0,bookishswiftie04
63410479194.0,,,0.0,63410479194.0,cassieannemoore,9493529313.0,jeintheop
63410479194.0,,,0.0,63410479194.0,cassieannemoore,63264521405.0,_nasymal
63410479194.0,,,0.0,63410479194.0,cassieannemoore,63254457816.0,officealpooja007
63410479194.0,,,0.0,63410479194.0,cassieannemoore,61416871202.0,brianmblack48
63410479194.0,,,0.0,63410479194.0,cassieannemoore,63943005455.0,poetry_by_ed
63410479194.0,,,0.0,63410479194.0,cassieannemoore,66280683644.0,balieiro_milton
63410479194.0,,,0.0,63410479194.0,cassieannemoore,63129614244.0,thestoryofvarun
63410479194.0,,,0.0,63410479194.0,cassieannemoore,65020874839.0,claracianferotti
63410479194.0,,,0.0,63410479194.0,cassieannemoore,63888361280.0,jensbooks247
63410479194.0,,,0.0,63410479194.0,cassieannemoore,65947129996.0,spacekitty91
63410479194.0,,,0.0,63410479194.0,cassieannemoore,63266605793.0,lauramarie2020
63410479194.0,,,0.0,63410479194.0,cassieannemoore,367818200.0,laurajanedunlap
63410479194.0,,,0.0,63410479194.0,cassieannemoore,65022928022.0,houseofswordcastle
63410479194.0,,,0.0,63410479194.0,cassieannemoore,63052836871.0,kaitlynpaige64
63410479194.0,,,0.0,63410479194.0,cassieannemoore,61138073750.0,ella_taylorsversion_
63410479194.0,,,0.0,63410479194.0,cassieannemoore,3878736571.0,lizzyliz_1995
63410479194.0,,,0.0,63410479194.0,cassieannemoore,22999388.0,nomoremrniceswiftie
63410479194.0,,,0.0,63410479194.0,cassieannemoore,65619394124.0,darbenstine
63410479194.0,,,0.0,63410479194.0,cassieannemoore,64808081760.0,huma_nity911
63410479194.0,,,0.0,63410479194.0,cassieannemoore,4041659106.0,bummbee1988
63410479194.0,,,0.0,63410479194.0,cassieannemoore,39413763.0,mandalevelsup
63410479194.0,,,0.0,63410479194.0,cassieannemoore,63070311372.0,tiffanypep
63410479194.0,,,0.0,63410479194.0,cassieannemoore,7689038744.0,wobegon74
63410479194.0,,,0.0,63410479194.0,cassieannemoore,3694894478.0,meowcii
63410479194.0,,,0.0,63410479194.0,cassieannemoore,64332677385.0,lindsay.villandry
63410479194.0,,,0.0,63410479194.0,cassieannemoore,63463848550.0,alberto_roman83
63410479194.0,,,0.0,63410479194.0,cassieannemoore,63098530218.0,forevermadie22
63410479194.0,,,0.0,63410479194.0,cassieannemoore,63281400865.0,destination_swiftie
63410479194.0,,,0.0,63410479194.0,cassieannemoore,33216501.0,strongheather
63410479194.0,,,0.0,63410479194.0,cassieannemoore,63843145317.0,lyliana1277
63410479194.0,,,0.0,63410479194.0,cassieannemoore,63468376629.0,annebarringer
28668060925.0,,,0.0,28668060925.0,maddybarnham,2466274254.0,cartersporks
28668060925.0,,,0.0,28668060925.0,maddybarnham,4693244864.0,abdo_ak_98
28668060925.0,,,0.0,28668060925.0,maddybarnham,66091782398.0,poets.made.of.ash
28668060925.0,,,0.0,28668060925.0,maddybarnham,45946009988.0,abri1martinez
28668060925.0,,,0.0,28668060925.0,maddybarnham,65707012628.0,chelseabearx
28668060925.0,,,0.0,28668060925.0,maddybarnham,1603373156.0,bookishswiftie04
28668060925.0,,,0.0,28668060925.0,maddybarnham,61138073750.0,ella_taylorsversion_
28668060925.0,,,0.0,28668060925.0,maddybarnham,63098530218.0,forevermadie22
28668060925.0,,,0.0,28668060925.0,maddybarnham,63888361280.0,jensbooks247
28668060925.0,,,0.0,28668060925.0,maddybarnham,63436512338.0,madwoman1028
28668060925.0,,,0.0,28668060925.0,maddybarnham,63086999261.0,heyitskimberlyn_
1077666238.0,,,0.0,1077666238.0,_candeus,70834202911.0,wickedbooksandtales
1077666238.0,,,0.0,1077666238.0,_candeus,63102401975.0,stylishluckycharm
1077666238.0,,,0.0,1077666238.0,_candeus,66124654010.0,mistyrp99
1077666238.0,,,0.0,1077666238.0,_candeus,229562098.0,daverau
1077666238.0,,,0.0,1077666238.0,_candeus,5552570151.0,amberlynnboz
1077666238.0,,,0.0,1077666238.0,_candeus,63412603181.0,hollisbischoff
1077666238.0,,,0.0,1077666238.0,_candeus,63381245915.0,jameswritesurprisingly
1077666238.0,,,0.0,1077666238.0,_candeus,63004270624.0,idrenalion
1077666238.0,,,0.0,1077666238.0,_candeus,67991755319.0,reese_hc
1077666238.0,,,0.0,1077666238.0,_candeus,5909955314.0,aurorastands
1077666238.0,,,0.0,1077666238.0,_candeus,51228479846.0,cjmanahan.nm_afa
1077666238.0,,,0.0,1077666238.0,_candeus,63459158103.0,flycurran
1077666238.0,,,0.0,1077666238.0,_candeus,3927473098.0,barklaysmom
1077666238.0,,,0.0,1077666238.0,_candeus,63086999261.0,heyitskimberlyn_
40160303320.0,,,0.0,40160303320.0,bossmummas_,45287290086.0,kass.toncm
68235013110.0,,,0.0,68235013110.0,sassifiedmoni,64219829722.0,richay.bikhari
49125022257.0,,,0.0,49125022257.0,spamacc9435,6336337.0,lizstelow
49125022257.0,,,0.0,49125022257.0,spamacc9435,63625112019.0,teia888
49125022257.0,,,0.0,49125022257.0,spamacc9435,176967549.0,juzbcuzithasntbindunb4
49125022257.0,,,0.0,49125022257.0,spamacc9435,63086999261.0,heyitskimberlyn_
6830875496.0,,,0.0,6830875496.0,jenniferwellsbull,71901903657.0,poetryoracle
6830875496.0,,,0.0,6830875496.0,jenniferwellsbull,63412603181.0,hollisbischoff
6830875496.0,,,0.0,6830875496.0,jenniferwellsbull,65104537869.0,free.spirit.academy
6830875496.0,,,0.0,6830875496.0,jenniferwellsbull,67706841256.0,williamsoklahoma77
6830875496.0,,,0.0,6830875496.0,jenniferwellsbull,63086999261.0,heyitskimberlyn_
6830875496.0,,,0.0,6830875496.0,jenniferwellsbull,233667994.0,kimfrase73
6830875496.0,,,0.0,6830875496.0,jenniferwellsbull,62863447280.0,julieemovon_author
63088302232.0,,,0.0,63088302232.0,enigma956,69772213557.0,brendadunphy08
63088302232.0,,,0.0,63088302232.0,enigma956,63086999261.0,heyitskimberlyn_
63490768176.0,,,0.0,63490768176.0,kyle.ireton.phd,63086999261.0,heyitskimberlyn_
63490768176.0,,,0.0,63490768176.0,kyle.ireton.phd,63251958501.0,hellodavidryan
1836387820.0,,,0.0,1836387820.0,ashmcdonald,25891331.0,elizabethlewis.co
1836387820.0,,,0.0,1836387820.0,ashmcdonald,2133260319.0,allison.elizabeth._
1836387820.0,,,0.0,1836387820.0,ashmcdonald,24079099695.0,thepaigeroane
1836387820.0,,,0.0,1836387820.0,ashmcdonald,217951381.0,shelaghghering
1836387820.0,,,0.0,1836387820.0,ashmcdonald,4704154442.0,ashleyrodrigueswellness
1836387820.0,,,0.0,1836387820.0,ashmcdonald,294552366.0,christinaslaback
1836387820.0,,,0.0,1836387820.0,ashmcdonald,996937859.0,ourinspiredlives
1836387820.0,,,0.0,1836387820.0,ashmcdonald,63086999261.0,heyitskimberlyn_
1836387820.0,,,0.0,1836387820.0,ashmcdonald,43816568.0,mollyrasanen
1836387820.0,,,0.0,1836387820.0,ashmcdonald,63134347882.0,durtehaz
1836387820.0,,,0.0,1836387820.0,ashmcdonald,1906192430.0,helenthacker
1836387820.0,,,0.0,1836387820.0,ashmcdonald,47582931709.0,ashlundcoaching
1836387820.0,,,0.0,1836387820.0,ashmcdonald,13416051.0,brookerozzie
63232829953.0,,,0.0,63232829953.0,kansas_independent,63086999261.0,heyitskimberlyn_
63232829953.0,,,0.0,63232829953.0,kansas_independent,69772213557.0,brendadunphy08
13416051.0,,,0.0,13416051.0,brookerozzie,48776585413.0,dianesorensen.bb
13416051.0,,,0.0,13416051.0,brookerozzie,637860995.0,jessicapats
13416051.0,,,0.0,13416051.0,brookerozzie,29628875300.0,_annerajoo_
13416051.0,,,0.0,13416051.0,brookerozzie,49118101.0,heatherchauvin_
13416051.0,,,0.0,13416051.0,brookerozzie,25891331.0,elizabethlewis.co
13416051.0,,,0.0,13416051.0,brookerozzie,247965341.0,confidentteenteacher
13416051.0,,,0.0,13416051.0,brookerozzie,4704154442.0,ashleyrodrigueswellness
13416051.0,,,0.0,13416051.0,brookerozzie,294552366.0,christinaslaback
13416051.0,,,0.0,13416051.0,brookerozzie,63086999261.0,heyitskimberlyn_
13416051.0,,,0.0,13416051.0,brookerozzie,47582931709.0,ashlundcoaching
13416051.0,,,0.0,13416051.0,brookerozzie,1836387820.0,ashmcdonald
65858606709.0,,,0.0,65858606709.0,the.mrs.stovall,63102401975.0,stylishluckycharm
65858606709.0,,,0.0,65858606709.0,the.mrs.stovall,63431437800.0,thisone777
65858606709.0,,,0.0,65858606709.0,the.mrs.stovall,66455073682.0,pattyvond
65858606709.0,,,0.0,65858606709.0,the.mrs.stovall,181156648.0,cspoone67
65858606709.0,,,0.0,65858606709.0,the.mrs.stovall,67556301664.0,pc4ny
65858606709.0,,,0.0,65858606709.0,the.mrs.stovall,63279607705.0,shariwhaley1964
65858606709.0,,,0.0,65858606709.0,the.mrs.stovall,71890648772.0,thepinkfirehawk
65858606709.0,,,0.0,65858606709.0,the.mrs.stovall,69296714937.0,sacajungirl
65858606709.0,,,0.0,65858606709.0,the.mrs.stovall,63421795015.0,charleneschlegel68
65858606709.0,,,0.0,65858606709.0,the.mrs.stovall,68369186728.0,officialsterlingmasters
65858606709.0,,,0.0,65858606709.0,the.mrs.stovall,60524551813.0,james_david_walley
65858606709.0,,,0.0,65858606709.0,the.mrs.stovall,28087714568.0,willowbassett
65858606709.0,,,0.0,65858606709.0,the.mrs.stovall,70408325989.0,kerri.cavlovic
65858606709.0,,,0.0,65858606709.0,the.mrs.stovall,69548373902.0,theadhdinfj
65858606709.0,,,0.0,65858606709.0,the.mrs.stovall,70428705305.0,mistydudley42
65858606709.0,,,0.0,65858606709.0,the.mrs.stovall,27896728.0,cambro_obscura
65858606709.0,,,0.0,65858606709.0,the.mrs.stovall,63276982828.0,d.j._unsubscribed_
65858606709.0,,,0.0,65858606709.0,the.mrs.stovall,69738739472.0,confusedmummy
65858606709.0,,,0.0,65858606709.0,the.mrs.stovall,63303296660.0,beckandthemat
65858606709.0,,,0.0,65858606709.0,the.mrs.stovall,5552570151.0,amberlynnboz
65858606709.0,,,0.0,65858606709.0,the.mrs.stovall,63375291103.0,jkt0105
65858606709.0,,,0.0,65858606709.0,the.mrs.stovall,9226363627.0,savoie_paul
65858606709.0,,,0.0,65858606709.0,the.mrs.stovall,64343718875.0,tracey.curtis.507
65858606709.0,,,0.0,65858606709.0,the.mrs.stovall,70171962998.0,reeselandrypoetry
65858606709.0,,,0.0,65858606709.0,the.mrs.stovall,68578784615.0,handcraftedbyyoungoldthings
65858606709.0,,,0.0,65858606709.0,the.mrs.stovall,1800156906.0,jp_huskie
65858606709.0,,,0.0,65858606709.0,the.mrs.stovall,4318110380.0,jmayson11
65858606709.0,,,0.0,65858606709.0,the.mrs.stovall,63436156100.0,marciemeow
65858606709.0,,,0.0,65858606709.0,the.mrs.stovall,5909955314.0,aurorastands
65858606709.0,,,0.0,65858606709.0,the.mrs.stovall,4427127038.0,territavares_64
65858606709.0,,,0.0,65858606709.0,the.mrs.stovall,63086999261.0,heyitskimberlyn_
68778698792.0,,,0.0,68778698792.0,realdjalphabeats,63367253444.0,rock_bodum
50043161358.0,,,0.0,50043161358.0,mother_plus_podcast,48776585413.0,dianesorensen.bb
50043161358.0,,,0.0,50043161358.0,mother_plus_podcast,1664761765.0,stephsprenger
50043161358.0,,,0.0,50043161358.0,mother_plus_podcast,294552366.0,christinaslaback
50043161358.0,,,0.0,50043161358.0,mother_plus_podcast,63086999261.0,heyitskimberlyn_
50043161358.0,,,0.0,50043161358.0,mother_plus_podcast,18546970686.0,parentcoachcindy
50043161358.0,,,0.0,50043161358.0,mother_plus_podcast,5802271944.0,cherkretz_thefocusedmindset
50043161358.0,,,0.0,50043161358.0,mother_plus_podcast,50488222543.0,triodesigncollaborative
1800156906.0,,,0.0,1800156906.0,jp_huskie,63086999261.0,heyitskimberlyn_
1800156906.0,,,0.0,1800156906.0,jp_huskie,65858606709.0,the.mrs.stovall
67840257186.0,,,0.0,67840257186.0,randallbc777,63307569360.0,cosmicd56
67840257186.0,,,0.0,67840257186.0,randallbc777,69382603522.0,nicknacknyuknyuknyuk
67840257186.0,,,0.0,67840257186.0,randallbc777,63279607705.0,shariwhaley1964
67840257186.0,,,0.0,67840257186.0,randallbc777,1530430330.0,leclairmiranda
67840257186.0,,,0.0,67840257186.0,randallbc777,63497016145.0,zipstraw
67840257186.0,,,0.0,67840257186.0,randallbc777,68334934711.0,gokulnb740
67840257186.0,,,0.0,67840257186.0,randallbc777,63281903705.0,ceeceemcee
67840257186.0,,,0.0,67840257186.0,randallbc777,70382111375.0,bonnies5945
67840257186.0,,,0.0,67840257186.0,randallbc777,70737503315.0,rayray.creates.empires__
67840257186.0,,,0.0,67840257186.0,randallbc777,56072078793.0,el_kabong_ii
67840257186.0,,,0.0,67840257186.0,randallbc777,67620712016.0,baba.yaga.bentley
67840257186.0,,,0.0,67840257186.0,randallbc777,67159038925.0,king._kohli_fan
67840257186.0,,,0.0,67840257186.0,randallbc777,63242244277.0,festivalhorror
67840257186.0,,,0.0,67840257186.0,randallbc777,65841135042.0,mzscout3
67840257186.0,,,0.0,67840257186.0,randallbc777,184693730.0,cjnichols11
67840257186.0,,,0.0,67840257186.0,randallbc777,199842484.0,terri_lynn7
67840257186.0,,,0.0,67840257186.0,randallbc777,64685242307.0,phoenixcorndog
67840257186.0,,,0.0,67840257186.0,randallbc777,3594831437.0,waltgekko
67840257186.0,,,0.0,67840257186.0,randallbc777,68888471404.0,debikillian
67840257186.0,,,0.0,67840257186.0,randallbc777,70834202911.0,wickedbooksandtales
67840257186.0,,,0.0,67840257186.0,randallbc777,70428705305.0,mistydudley42
67840257186.0,,,0.0,67840257186.0,randallbc777,68822662345.0,its.addie13
67840257186.0,,,0.0,67840257186.0,randallbc777,54268891792.0,wellredmegs
67840257186.0,,,0.0,67840257186.0,randallbc777,70815600788.0,_aja.james
67840257186.0,,,0.0,67840257186.0,randallbc777,4103274607.0,mommaduck1952
67840257186.0,,,0.0,67840257186.0,randallbc777,1026306042.0,loripat54
67840257186.0,,,0.0,67840257186.0,randallbc777,63233794888.0,xamphetanina
67840257186.0,,,0.0,67840257186.0,randallbc777,41648051526.0,commander.jan
67840257186.0,,,0.0,67840257186.0,randallbc777,63652216159.0,christine_3251
67840257186.0,,,0.0,67840257186.0,randallbc777,233667994.0,kimfrase73
67840257186.0,,,0.0,67840257186.0,randallbc777,20873589.0,nmizoo23
67840257186.0,,,0.0,67840257186.0,randallbc777,1603373156.0,bookishswiftie04
67840257186.0,,,0.0,67840257186.0,randallbc777,52397934057.0,melindajohnson6816
67840257186.0,,,0.0,67840257186.0,randallbc777,70564289374.0,satyr_john
67840257186.0,,,0.0,67840257186.0,randallbc777,62733316539.0,princecaspian1969
67840257186.0,,,0.0,67840257186.0,randallbc777,6336337.0,lizstelow
67840257186.0,,,0.0,67840257186.0,randallbc777,70250491922.0,britnbrown_86
67840257186.0,,,0.0,67840257186.0,randallbc777,69772213557.0,brendadunphy08
67840257186.0,,,0.0,67840257186.0,randallbc777,63086999261.0,heyitskimberlyn_
67840257186.0,,,0.0,67840257186.0,randallbc777,70571399872.0,terryblackmon
67840257186.0,,,0.0,67840257186.0,randallbc777,63562437816.0,hausbeckmiller
67840257186.0,,,0.0,67840257186.0,randallbc777,6575705536.0,cathyhagansmith
67840257186.0,,,0.0,67840257186.0,randallbc777,6233330506.0,helbigtracy
67840257186.0,,,0.0,67840257186.0,randallbc777,184490644.0,angelk_73
67840257186.0,,,0.0,67840257186.0,randallbc777,69366324553.0,cjrttla
67840257186.0,,,0.0,67840257186.0,randallbc777,69805130086.0,xxjustanothergirl91
67840257186.0,,,0.0,67840257186.0,randallbc777,68540281382.0,rpgregory87
67840257186.0,,,0.0,67840257186.0,randallbc777,64128275608.0,sueishere1955
67840257186.0,,,0.0,67840257186.0,randallbc777,68670971537.0,acacia_kamille
67840257186.0,,,0.0,67840257186.0,randallbc777,58022550147.0,hinkypunkemporium
67840257186.0,,,0.0,67840257186.0,randallbc777,67924453501.0,sickchickkie
67840257186.0,,,0.0,67840257186.0,randallbc777,67593054329.0,teiwapotts
67840257186.0,,,0.0,67840257186.0,randallbc777,63037798945.0,rybrock
67840257186.0,,,0.0,67840257186.0,randallbc777,335690912.0,foodiehiker3
68888471404.0,,,0.0,68888471404.0,debikillian,63430302725.0,mccarty.billie
68888471404.0,,,0.0,68888471404.0,debikillian,67706841256.0,williamsoklahoma77
68888471404.0,,,0.0,68888471404.0,debikillian,63086999261.0,heyitskimberlyn_
68888471404.0,,,0.0,68888471404.0,debikillian,1287389742.0,steveofpa
68888471404.0,,,0.0,68888471404.0,debikillian,67840257186.0,randallbc777
68888471404.0,,,0.0,68888471404.0,debikillian,63461420504.0,heathergay2
1475575595.0,,,0.0,1475575595.0,project_female_rage_2025,63277804295.0,the_maverick_mind_resist
1475575595.0,,,0.0,1475575595.0,project_female_rage_2025,3095718903.0,jemesouviens
1475575595.0,,,0.0,1475575595.0,project_female_rage_2025,63308335051.0,madwoman222
1475575595.0,,,0.0,1475575595.0,project_female_rage_2025,50010540748.0,merajmeraj1334
1475575595.0,,,0.0,1475575595.0,project_female_rage_2025,63416203260.0,justkellykellykellykelly
1475575595.0,,,0.0,1475575595.0,project_female_rage_2025,63436512338.0,madwoman1028
1475575595.0,,,0.0,1475575595.0,project_female_rage_2025,63086999261.0,heyitskimberlyn_
1475575595.0,,,0.0,1475575595.0,project_female_rage_2025,51278116767.0,karma_is_my_boyfriend13
1475575595.0,,,0.0,1475575595.0,project_female_rage_2025,65140051300.0,tmartin_333
1475575595.0,,,0.0,1475575595.0,project_female_rage_2025,64808081760.0,huma_nity911
1475575595.0,,,0.0,1475575595.0,project_female_rage_2025,1474257304.0,shauna_na_na_na
1475575595.0,,,0.0,1475575595.0,project_female_rage_2025,263655858.0,mara_beyea11
1475575595.0,,,0.0,1475575595.0,project_female_rage_2025,65078223711.0,brittney_harding
1475575595.0,,,0.0,1475575595.0,project_female_rage_2025,46125352730.0,jicsimae
1475575595.0,,,0.0,1475575595.0,project_female_rage_2025,63070418078.0,state_of_grace123
1475575595.0,,,0.0,1475575595.0,project_female_rage_2025,1452469360.0,brynley.edens
1475575595.0,,,0.0,1475575595.0,project_female_rage_2025,313765497.0,notstephwallace
1475575595.0,,,0.0,1475575595.0,project_female_rage_2025,65117085178.0,lifewith_kierra
63278375088.0,,,0.0,63278375088.0,the_ideas_girl,63086999261.0,heyitskimberlyn_
5558234.0,,,0.0,5558234.0,tthornhill,69772213557.0,brendadunphy08
5558234.0,,,0.0,5558234.0,tthornhill,63247647288.0,susan.lynn28
5558234.0,,,0.0,5558234.0,tthornhill,69488580456.0,strlslvr987
5558234.0,,,0.0,5558234.0,tthornhill,63086999261.0,heyitskimberlyn_
5558234.0,,,0.0,5558234.0,tthornhill,63306164313.0,tottenhamphilly778
66617946965.0,,,0.0,66617946965.0,annoliver067,70571399872.0,terryblackmon
66617946965.0,,,0.0,66617946965.0,annoliver067,69772213557.0,brendadunphy08
66617946965.0,,,0.0,66617946965.0,annoliver067,69614032057.0,zozomadre505
66617946965.0,,,0.0,66617946965.0,annoliver067,63481825052.0,elana_mcdougall_author
66617946965.0,,,0.0,66617946965.0,annoliver067,63086999261.0,heyitskimberlyn_
257976484.0,,,0.0,257976484.0,eamcdm,70815600788.0,_aja.james
257976484.0,,,0.0,257976484.0,eamcdm,69772213557.0,brendadunphy08
257976484.0,,,0.0,257976484.0,eamcdm,2967068315.0,tonyblonie
257976484.0,,,0.0,257976484.0,eamcdm,63143238313.0,debmeister221
257976484.0,,,0.0,257976484.0,eamcdm,65835444819.0,rabitt.marketing
257976484.0,,,0.0,257976484.0,eamcdm,63086999261.0,heyitskimberlyn_
42074400.0,,,0.0,42074400.0,laurflamand,63426714633.0,that_bookworm_guy
63308335051.0,,,0.0,63308335051.0,madwoman222,3045337873.0,pasandotiempo
63308335051.0,,,0.0,63308335051.0,madwoman222,66997649864.0,invisible_spoonie
63308335051.0,,,0.0,63308335051.0,madwoman222,23118167597.0,thankuspirit777
63308335051.0,,,0.0,63308335051.0,madwoman222,15483915.0,dcredhead137
63308335051.0,,,0.0,63308335051.0,madwoman222,3245924.0,rockandrollmama
63308335051.0,,,0.0,63308335051.0,madwoman222,63092480764.0,mamafoxof3
63308335051.0,,,0.0,63308335051.0,madwoman222,63435239020.0,wazcher
63308335051.0,,,0.0,63308335051.0,madwoman222,63457541609.0,ladydi0410
63308335051.0,,,0.0,63308335051.0,madwoman222,60093415798.0,kat_geez_crochet
63308335051.0,,,0.0,63308335051.0,madwoman222,8480632966.0,mxamphd
63308335051.0,,,0.0,63308335051.0,madwoman222,14705752632.0,goldendaisies7
63308335051.0,,,0.0,63308335051.0,madwoman222,10705698543.0,resistrebelrevolt
63308335051.0,,,0.0,63308335051.0,madwoman222,68310941633.0,jthomas_lol
63308335051.0,,,0.0,63308335051.0,madwoman222,7718397742.0,beth_hockaday
63308335051.0,,,0.0,63308335051.0,madwoman222,63066220801.0,pvcollinsphotos
63308335051.0,,,0.0,63308335051.0,madwoman222,7308378352.0,maggie.stegmangarcia
63308335051.0,,,0.0,63308335051.0,madwoman222,65931786948.0,h3artst0per
63308335051.0,,,0.0,63308335051.0,madwoman222,63450540425.0,thatspookybabe99
63308335051.0,,,0.0,63308335051.0,madwoman222,25221956.0,bibitty
63308335051.0,,,0.0,63308335051.0,madwoman222,63297525252.0,mich321
63308335051.0,,,0.0,63308335051.0,madwoman222,65022928022.0,houseofswordcastle
63308335051.0,,,0.0,63308335051.0,madwoman222,1475575595.0,project_female_rage_2025
63308335051.0,,,0.0,63308335051.0,madwoman222,4103274607.0,mommaduck1952
63308335051.0,,,0.0,63308335051.0,madwoman222,63138717398.0,kking1967
63308335051.0,,,0.0,63308335051.0,madwoman222,48161660446.0,catherine.salter97
63308335051.0,,,0.0,63308335051.0,madwoman222,63419196050.0,icecreamcastles_99
63308335051.0,,,0.0,63308335051.0,madwoman222,63412603181.0,hollisbischoff
63308335051.0,,,0.0,63308335051.0,madwoman222,44938072056.0,pushtaylorsversion
63308335051.0,,,0.0,63308335051.0,madwoman222,62849413260.0,falicitteerose
63308335051.0,,,0.0,63308335051.0,madwoman222,63453933862.0,ruthsmor
63308335051.0,,,0.0,63308335051.0,madwoman222,63414059120.0,alyssanashart
63308335051.0,,,0.0,63308335051.0,madwoman222,9493529313.0,jeintheop
63308335051.0,,,0.0,63308335051.0,madwoman222,63481482965.0,jackietully6
63308335051.0,,,0.0,63308335051.0,madwoman222,65831907615.0,captureit.rememberit_13
63308335051.0,,,0.0,63308335051.0,madwoman222,65619394124.0,darbenstine
63308335051.0,,,0.0,63308335051.0,madwoman222,63272152246.0,tracieverett
63308335051.0,,,0.0,63308335051.0,madwoman222,206502157.0,hillary_chen90
63308335051.0,,,0.0,63308335051.0,madwoman222,61416871202.0,brianmblack48
63308335051.0,,,0.0,63308335051.0,madwoman222,208779775.0,beautyrunningwild
63308335051.0,,,0.0,63308335051.0,madwoman222,65020874839.0,claracianferotti
63308335051.0,,,0.0,63308335051.0,madwoman222,63093961089.0,loveyourwifewell
63308335051.0,,,0.0,63308335051.0,madwoman222,65707012628.0,chelseabearx
63308335051.0,,,0.0,63308335051.0,madwoman222,63030559769.0,jillsy516
63308335051.0,,,0.0,63308335051.0,madwoman222,63498687781.0,amazing_doggos_
63308335051.0,,,0.0,63308335051.0,madwoman222,6020766949.0,untetheredbutterfly0130
63308335051.0,,,0.0,63308335051.0,madwoman222,65947129996.0,spacekitty91
63308335051.0,,,0.0,63308335051.0,madwoman222,64377758915.0,cat_tivella27
63308335051.0,,,0.0,63308335051.0,madwoman222,1495348902.0,alohakarina
63308335051.0,,,0.0,63308335051.0,madwoman222,40508795.0,browning_jennifer_rn
63308335051.0,,,0.0,63308335051.0,madwoman222,41436282.0,gwennypink
63308335051.0,,,0.0,63308335051.0,madwoman222,22999388.0,nomoremrniceswiftie
63308335051.0,,,0.0,63308335051.0,madwoman222,63070418078.0,state_of_grace123
63308335051.0,,,0.0,63308335051.0,madwoman222,63457664804.0,shannonambroson
63308335051.0,,,0.0,63308335051.0,madwoman222,63888361280.0,jensbooks247
63308335051.0,,,0.0,63308335051.0,madwoman222,19115354.0,kan0060
63308335051.0,,,0.0,63308335051.0,madwoman222,1523630705.0,_the.bolter
63308335051.0,,,0.0,63308335051.0,madwoman222,8884061.0,cutmeupjenny
63308335051.0,,,0.0,63308335051.0,madwoman222,65117085178.0,lifewith_kierra
63308335051.0,,,0.0,63308335051.0,madwoman222,63086999261.0,heyitskimberlyn_
63308335051.0,,,0.0,63308335051.0,madwoman222,1603373156.0,bookishswiftie04
63308335051.0,,,0.0,63308335051.0,madwoman222,55819841211.0,mohamedalzrka5
63308335051.0,,,0.0,63308335051.0,madwoman222,63421916347.0,hellcatbetty
63308335051.0,,,0.0,63308335051.0,madwoman222,63315058721.0,gwensaschasversion
63308335051.0,,,0.0,63308335051.0,madwoman222,63097541651.0,violent_skully
63308335051.0,,,0.0,63308335051.0,madwoman222,66091782398.0,poets.made.of.ash
63308335051.0,,,0.0,63308335051.0,madwoman222,17855326.0,jamie_lee_93
63308335051.0,,,0.0,63308335051.0,madwoman222,367818200.0,laurajanedunlap
63308335051.0,,,0.0,63308335051.0,madwoman222,13104575.0,radicalkid87
63308335051.0,,,0.0,63308335051.0,madwoman222,48742128.0,ticaleur
63308335051.0,,,0.0,63308335051.0,madwoman222,63296921181.0,doritycreekgirl
63308335051.0,,,0.0,63308335051.0,madwoman222,64808081760.0,huma_nity911
63308335051.0,,,0.0,63308335051.0,madwoman222,65926866152.0,zackgrossmusic
63308335051.0,,,0.0,63308335051.0,madwoman222,3878736571.0,lizzyliz_1995
63308335051.0,,,0.0,63308335051.0,madwoman222,66498624070.0,awalharuna999
63308335051.0,,,0.0,63308335051.0,madwoman222,53673718625.0,audrey_haypark
63308335051.0,,,0.0,63308335051.0,madwoman222,262284329.0,shangie84
63308335051.0,,,0.0,63308335051.0,madwoman222,1697714543.0,hollownaw
63308335051.0,,,0.0,63308335051.0,madwoman222,313765497.0,notstephwallace
63308335051.0,,,0.0,63308335051.0,madwoman222,63416203260.0,justkellykellykellykelly
63308335051.0,,,0.0,63308335051.0,madwoman222,65078223711.0,brittney_harding
63308335051.0,,,0.0,63308335051.0,madwoman222,63323061396.0,paigethevampireslayer
63308335051.0,,,0.0,63308335051.0,madwoman222,33216501.0,strongheather
5687595610.0,,,0.0,5687595610.0,lj_murrayofficial,66876532774.0,rock.philip
5687595610.0,,,0.0,5687595610.0,lj_murrayofficial,6830875496.0,jenniferwellsbull
5687595610.0,,,0.0,5687595610.0,lj_murrayofficial,68304093828.0,mjkwho3
5687595610.0,,,0.0,5687595610.0,lj_murrayofficial,7462124268.0,bradshawreggina
5687595610.0,,,0.0,5687595610.0,lj_murrayofficial,70933498936.0,jef1959
5687595610.0,,,0.0,5687595610.0,lj_murrayofficial,71890648772.0,thepinkfirehawk
5687595610.0,,,0.0,5687595610.0,lj_murrayofficial,70382111375.0,bonnies5945
5687595610.0,,,0.0,5687595610.0,lj_murrayofficial,69548373902.0,theadhdinfj
5687595610.0,,,0.0,5687595610.0,lj_murrayofficial,63412603181.0,hollisbischoff
5687595610.0,,,0.0,5687595610.0,lj_murrayofficial,63158437498.0,chazngg
5687595610.0,,,0.0,5687595610.0,lj_murrayofficial,63064839081.0,whatifbarackorhillarydidit
5687595610.0,,,0.0,5687595610.0,lj_murrayofficial,70408325989.0,kerri.cavlovic
5687595610.0,,,0.0,5687595610.0,lj_murrayofficial,64808081760.0,huma_nity911
5687595610.0,,,0.0,5687595610.0,lj_murrayofficial,69576523404.0,honeybee_bythesea
5687595610.0,,,0.0,5687595610.0,lj_murrayofficial,63052836871.0,kaitlynpaige64
5687595610.0,,,0.0,5687595610.0,lj_murrayofficial,69772213557.0,brendadunphy08
5687595610.0,,,0.0,5687595610.0,lj_murrayofficial,63299922692.0,cakeer14
5687595610.0,,,0.0,5687595610.0,lj_murrayofficial,70815600788.0,_aja.james
5687595610.0,,,0.0,5687595610.0,lj_murrayofficial,14705752632.0,goldendaisies7
5687595610.0,,,0.0,5687595610.0,lj_murrayofficial,53065151.0,rohanwinehouse
5687595610.0,,,0.0,5687595610.0,lj_murrayofficial,427442100.0,shedoredos
5687595610.0,,,0.0,5687595610.0,lj_murrayofficial,63086999261.0,heyitskimberlyn_
68178582730.0,,,0.0,68178582730.0,theamwalsh,33216501.0,strongheather
68178582730.0,,,0.0,68178582730.0,theamwalsh,67706841256.0,williamsoklahoma77
68178582730.0,,,0.0,68178582730.0,theamwalsh,63086999261.0,heyitskimberlyn_
258601604.0,,,0.0,258601604.0,gina.pomerico,63086999261.0,heyitskimberlyn_
258601604.0,,,0.0,258601604.0,gina.pomerico,64685242307.0,phoenixcorndog
258601604.0,,,0.0,258601604.0,gina.pomerico,41436282.0,gwennypink
258601604.0,,,0.0,258601604.0,gina.pomerico,63296921181.0,doritycreekgirl
258601604.0,,,0.0,258601604.0,gina.pomerico,65117085178.0,lifewith_kierra
227496556.0,,,0.0,227496556.0,ohcrystalo,64808081760.0,huma_nity911
227496556.0,,,0.0,227496556.0,ohcrystalo,63086999261.0,heyitskimberlyn_
227496556.0,,,0.0,227496556.0,ohcrystalo,63133854921.0,mooncatkait
59650457906.0,,,0.0,59650457906.0,haipurr,67840257186.0,randallbc777
59650457906.0,,,0.0,59650457906.0,haipurr,63086999261.0,heyitskimberlyn_
59650457906.0,,,0.0,59650457906.0,haipurr,63230013706.0,notgoingbacklisa
69223384898.0,,,0.0,69223384898.0,cpeterson15,56263847323.0,wrentaylorwrites
69223384898.0,,,0.0,69223384898.0,cpeterson15,70815600788.0,_aja.james
69223384898.0,,,0.0,69223384898.0,cpeterson15,63086999261.0,heyitskimberlyn_
69223384898.0,,,0.0,69223384898.0,cpeterson15,63439428867.0,amandajo424
2245116.0,,,0.0,2245116.0,katievanbruntauthor,70854888684.0,vineetvermaauthor
2245116.0,,,0.0,2245116.0,katievanbruntauthor,70854790498.0,knovelprotocol
2245116.0,,,0.0,2245116.0,katievanbruntauthor,70815600788.0,_aja.james
2245116.0,,,0.0,2245116.0,katievanbruntauthor,71792368481.0,authorj.m.barber
2245116.0,,,0.0,2245116.0,katievanbruntauthor,63043437031.0,jennisimonis_author
2245116.0,,,0.0,2245116.0,katievanbruntauthor,70835039381.0,nomadsmobilebookstore
2245116.0,,,0.0,2245116.0,katievanbruntauthor,70171962998.0,reeselandrypoetry
2245116.0,,,0.0,2245116.0,katievanbruntauthor,63242244277.0,festivalhorror
2245116.0,,,0.0,2245116.0,katievanbruntauthor,63450476734.0,donnatracywriter
2245116.0,,,0.0,2245116.0,katievanbruntauthor,63477475775.0,perksofbeingabookworm01
2245116.0,,,0.0,2245116.0,katievanbruntauthor,67989824415.0,stephenonmars
2245116.0,,,0.0,2245116.0,katievanbruntauthor,68087996979.0,wisconsin_transplant
2245116.0,,,0.0,2245116.0,katievanbruntauthor,5525387211.0,lexiebookish
2245116.0,,,0.0,2245116.0,katievanbruntauthor,63440599934.0,jessicavauthor
2245116.0,,,0.0,2245116.0,katievanbruntauthor,63129614244.0,thestoryofvarun
2245116.0,,,0.0,2245116.0,katievanbruntauthor,65669088982.0,treep_ng
2245116.0,,,0.0,2245116.0,katievanbruntauthor,65398772528.0,alexidewriter
2245116.0,,,0.0,2245116.0,katievanbruntauthor,66280683644.0,balieiro_milton
2245116.0,,,0.0,2245116.0,katievanbruntauthor,63152517622.0,helenhensell
2245116.0,,,0.0,2245116.0,katievanbruntauthor,64146307072.0,i_s_o_l_d_e_
2245116.0,,,0.0,2245116.0,katievanbruntauthor,66769627005.0,exileonmainst_
2245116.0,,,0.0,2245116.0,katievanbruntauthor,66629442689.0,emily.the.story.seeker
2245116.0,,,0.0,2245116.0,katievanbruntauthor,63310626224.0,jackiesstrength73
2245116.0,,,0.0,2245116.0,katievanbruntauthor,63499994118.0,rachelrosatoauthor
2245116.0,,,0.0,2245116.0,katievanbruntauthor,64930856032.0,beemraj.bhagwandin6
2245116.0,,,0.0,2245116.0,katievanbruntauthor,63421916347.0,hellcatbetty
2245116.0,,,0.0,2245116.0,katievanbruntauthor,58473916182.0,hannah.brixton
2245116.0,,,0.0,2245116.0,katievanbruntauthor,63086999261.0,heyitskimberlyn_
52523764905.0,,,0.0,52523764905.0,jeanettefinke2022,63086999261.0,heyitskimberlyn_
11365413.0,,,0.0,11365413.0,april_skinner,63070418078.0,state_of_grace123
11365413.0,,,0.0,11365413.0,april_skinner,65619394124.0,darbenstine
11365413.0,,,0.0,11365413.0,april_skinner,65022928022.0,houseofswordcastle
11365413.0,,,0.0,11365413.0,april_skinner,33216501.0,strongheather
11365413.0,,,0.0,11365413.0,april_skinner,63086999261.0,heyitskimberlyn_
636692511.0,,,0.0,636692511.0,carolinacarrascopalza,58233712941.0,witchy_helen_
37665665.0,,,0.0,37665665.0,_allimeyers,58233712941.0,witchy_helen_
37665665.0,,,0.0,37665665.0,_allimeyers,40375196930.0,grannywenlock
37665665.0,,,0.0,37665665.0,_allimeyers,63086999261.0,heyitskimberlyn_
5372399636.0,,,0.0,5372399636.0,lsilvagni55,63086999261.0,heyitskimberlyn_
35089636993.0,,,0.0,35089636993.0,jannielovepoetry,63093961089.0,loveyourwifewell
35089636993.0,,,0.0,35089636993.0,jannielovepoetry,63089628759.0,nancygoreckianderson
35089636993.0,,,0.0,35089636993.0,jannielovepoetry,63281400865.0,destination_swiftie
35089636993.0,,,0.0,35089636993.0,jannielovepoetry,63086999261.0,heyitskimberlyn_
35089636993.0,,,0.0,35089636993.0,jannielovepoetry,66498375768.0,swiftie__society
35089636993.0,,,0.0,35089636993.0,jannielovepoetry,66091782398.0,poets.made.of.ash
35089636993.0,,,0.0,35089636993.0,jannielovepoetry,53673718625.0,audrey_haypark
35089636993.0,,,0.0,35089636993.0,jannielovepoetry,65931786948.0,h3artst0per
35089636993.0,,,0.0,35089636993.0,jannielovepoetry,263655858.0,mara_beyea11
35089636993.0,,,0.0,35089636993.0,jannielovepoetry,1452469360.0,brynley.edens
35089636993.0,,,0.0,35089636993.0,jannielovepoetry,313765497.0,notstephwallace
35089636993.0,,,0.0,35089636993.0,jannielovepoetry,63416203260.0,justkellykellykellykelly
35089636993.0,,,0.0,35089636993.0,jannielovepoetry,63297525252.0,mich321
35089636993.0,,,0.0,35089636993.0,jannielovepoetry,3878736571.0,lizzyliz_1995
35089636993.0,,,0.0,35089636993.0,jannielovepoetry,65117085178.0,lifewith_kierra
35089636993.0,,,0.0,35089636993.0,jannielovepoetry,9383015597.0,rachjgillett
35089636993.0,,,0.0,35089636993.0,jannielovepoetry,21820146307.0,billyhorca15
35089636993.0,,,0.0,35089636993.0,jannielovepoetry,40508795.0,browning_jennifer_rn
35089636993.0,,,0.0,35089636993.0,jannielovepoetry,61416871202.0,brianmblack48
35089636993.0,,,0.0,35089636993.0,jannielovepoetry,66280683644.0,balieiro_milton
35089636993.0,,,0.0,35089636993.0,jannielovepoetry,5525652488.0,melindacarmen_
35089636993.0,,,0.0,35089636993.0,jannielovepoetry,1579907408.0,rafaelpaulinoferreira
35089636993.0,,,0.0,35089636993.0,jannielovepoetry,60420736343.0,dreamland_roots
35089636993.0,,,0.0,35089636993.0,jannielovepoetry,63137978796.0,mrmikeymonster
35089636993.0,,,0.0,35089636993.0,jannielovepoetry,1486138221.0,lfcmel
35089636993.0,,,0.0,35089636993.0,jannielovepoetry,22999388.0,nomoremrniceswiftie
35089636993.0,,,0.0,35089636993.0,jannielovepoetry,3009476810.0,ericatrek
35089636993.0,,,0.0,35089636993.0,jannielovepoetry,65020874839.0,claracianferotti
35089636993.0,,,0.0,35089636993.0,jannielovepoetry,63098530218.0,forevermadie22
8440050016.0,,,0.0,8440050016.0,dennisj._benard,63086999261.0,heyitskimberlyn_
65614274728.0,,,0.0,65614274728.0,digamber.singh.14224,69230487741.0,high_foreign_chick
65614274728.0,,,0.0,65614274728.0,digamber.singh.14224,63655416292.0,its_jannat_world_09
1664761765.0,,,0.0,1664761765.0,stephsprenger,50043161358.0,mother_plus_podcast
1664761765.0,,,0.0,1664761765.0,stephsprenger,18546970686.0,parentcoachcindy
1664761765.0,,,0.0,1664761765.0,stephsprenger,63086999261.0,heyitskimberlyn_
8637011815.0,,,0.0,8637011815.0,the.mindfulpalette,64377758915.0,cat_tivella27
8637011815.0,,,0.0,8637011815.0,the.mindfulpalette,65738131699.0,ada_948219
8637011815.0,,,0.0,8637011815.0,the.mindfulpalette,209356680.0,dacrazykatlady
8637011815.0,,,0.0,8637011815.0,the.mindfulpalette,63308335051.0,madwoman222
8637011815.0,,,0.0,8637011815.0,the.mindfulpalette,65619394124.0,darbenstine
8637011815.0,,,0.0,8637011815.0,the.mindfulpalette,28668060925.0,maddybarnham
8637011815.0,,,0.0,8637011815.0,the.mindfulpalette,64808081760.0,huma_nity911
8637011815.0,,,0.0,8637011815.0,the.mindfulpalette,63098530218.0,forevermadie22
8637011815.0,,,0.0,8637011815.0,the.mindfulpalette,65530766087.0,daniavelle
8637011815.0,,,0.0,8637011815.0,the.mindfulpalette,63436512338.0,madwoman1028
8637011815.0,,,0.0,8637011815.0,the.mindfulpalette,1495348902.0,alohakarina
8637011815.0,,,0.0,8637011815.0,the.mindfulpalette,1697714543.0,hollownaw
8637011815.0,,,0.0,8637011815.0,the.mindfulpalette,65788096345.0,the_mini_manager
8637011815.0,,,0.0,8637011815.0,the.mindfulpalette,231896890.0,callmeassyla
8637011815.0,,,0.0,8637011815.0,the.mindfulpalette,65926866152.0,zackgrossmusic
8637011815.0,,,0.0,8637011815.0,the.mindfulpalette,40508795.0,browning_jennifer_rn
8637011815.0,,,0.0,8637011815.0,the.mindfulpalette,7689038744.0,wobegon74
8637011815.0,,,0.0,8637011815.0,the.mindfulpalette,63888361280.0,jensbooks247
8637011815.0,,,0.0,8637011815.0,the.mindfulpalette,13104575.0,radicalkid87
8637011815.0,,,0.0,8637011815.0,the.mindfulpalette,63421916347.0,hellcatbetty
8637011815.0,,,0.0,8637011815.0,the.mindfulpalette,63086999261.0,heyitskimberlyn_
8637011815.0,,,0.0,8637011815.0,the.mindfulpalette,65741261625.0,_christina_marisa_
8637011815.0,,,0.0,8637011815.0,the.mindfulpalette,63416203260.0,justkellykellykellykelly
8637011815.0,,,0.0,8637011815.0,the.mindfulpalette,262458324.0,_mindorbit
8637011815.0,,,0.0,8637011815.0,the.mindfulpalette,64685242307.0,phoenixcorndog
8637011815.0,,,0.0,8637011815.0,the.mindfulpalette,5525652488.0,melindacarmen_
8637011815.0,,,0.0,8637011815.0,the.mindfulpalette,63062717707.0,kathrynaylabarnes
8637011815.0,,,0.0,8637011815.0,the.mindfulpalette,263655858.0,mara_beyea11
8637011815.0,,,0.0,8637011815.0,the.mindfulpalette,46125352730.0,jicsimae
8637011815.0,,,0.0,8637011815.0,the.mindfulpalette,63457664804.0,shannonambroson
5472626544.0,,,0.0,5472626544.0,reniedesign,63436512338.0,madwoman1028
5472626544.0,,,0.0,5472626544.0,reniedesign,63086999261.0,heyitskimberlyn_
5472626544.0,,,0.0,5472626544.0,reniedesign,66091782398.0,poets.made.of.ash
5472626544.0,,,0.0,5472626544.0,reniedesign,7453917524.0,sarahmonticue
5472626544.0,,,0.0,5472626544.0,reniedesign,1834986434.0,1downbadswiftie3
5472626544.0,,,0.0,5472626544.0,reniedesign,63070418078.0,state_of_grace123
6637555.0,,,0.0,6637555.0,lolawhiskey,65693063382.0,fredwinter27
6637555.0,,,0.0,6637555.0,lolawhiskey,58233712941.0,witchy_helen_
6637555.0,,,0.0,6637555.0,lolawhiskey,63086999261.0,heyitskimberlyn_
58584468859.0,,,0.0,58584468859.0,createwithnatasha.co,63086999261.0,heyitskimberlyn_
58584468859.0,,,0.0,58584468859.0,createwithnatasha.co,65548150344.0,phamvanthinh16042005
58584468859.0,,,0.0,58584468859.0,createwithnatasha.co,25778284676.0,_alyssasimpsonx
63416203260.0,,,0.0,63416203260.0,justkellykellykellykelly,64377758915.0,cat_tivella27
63416203260.0,,,0.0,63416203260.0,justkellykellykellykelly,65931786948.0,h3artst0per
63416203260.0,,,0.0,63416203260.0,justkellykellykellykelly,66498375768.0,swiftie__society
63416203260.0,,,0.0,63416203260.0,justkellykellykellykelly,65022928022.0,houseofswordcastle
63416203260.0,,,0.0,63416203260.0,justkellykellykellykelly,65146157119.0,troyerlayne
63416203260.0,,,0.0,63416203260.0,justkellykellykellykelly,63457541609.0,ladydi0410
63416203260.0,,,0.0,63416203260.0,justkellykellykellykelly,45690427540.0,meg_hansolo52
63416203260.0,,,0.0,63416203260.0,justkellykellykellykelly,63460213473.0,sojournerweaver
63416203260.0,,,0.0,63416203260.0,justkellykellykellykelly,63272152246.0,tracieverett
63416203260.0,,,0.0,63416203260.0,justkellykellykellykelly,63257400219.0,ghoststrats
63416203260.0,,,0.0,63416203260.0,justkellykellykellykelly,61416871202.0,brianmblack48
63416203260.0,,,0.0,63416203260.0,justkellykellykellykelly,63387685848.0,trea_christopher
63416203260.0,,,0.0,63416203260.0,justkellykellykellykelly,65831907615.0,captureit.rememberit_13
63416203260.0,,,0.0,63416203260.0,justkellykellykellykelly,63089628759.0,nancygoreckianderson
63416203260.0,,,0.0,63416203260.0,justkellykellykellykelly,308224795.0,kayleave
63416203260.0,,,0.0,63416203260.0,justkellykellykellykelly,50905455849.0,drangelinesimeus
63416203260.0,,,0.0,63416203260.0,justkellykellykellykelly,487925841.0,jeninchiostro
63416203260.0,,,0.0,63416203260.0,justkellykellykellykelly,63498687781.0,amazing_doggos_
63416203260.0,,,0.0,63416203260.0,justkellykellykellykelly,189944351.0,kitroo87
63416203260.0,,,0.0,63416203260.0,justkellykellykellykelly,1649226326.0,meg_scribbs17
63416203260.0,,,0.0,63416203260.0,justkellykellykellykelly,65803918074.0,vycette
63416203260.0,,,0.0,63416203260.0,justkellykellykellykelly,1475575595.0,project_female_rage_2025
63416203260.0,,,0.0,63416203260.0,justkellykellykellykelly,30542633519.0,rubyissleeping1
63416203260.0,,,0.0,63416203260.0,justkellykellykellykelly,63409658883.0,laurathefones
63416203260.0,,,0.0,63416203260.0,justkellykellykellykelly,65788096345.0,the_mini_manager
63416203260.0,,,0.0,63416203260.0,justkellykellykellykelly,17855326.0,jamie_lee_93
63416203260.0,,,0.0,63416203260.0,justkellykellykellykelly,13104575.0,radicalkid87
63416203260.0,,,0.0,63416203260.0,justkellykellykellykelly,63062717707.0,kathrynaylabarnes
63416203260.0,,,0.0,63416203260.0,justkellykellykellykelly,1603373156.0,bookishswiftie04
63416203260.0,,,0.0,63416203260.0,justkellykellykellykelly,63297525252.0,mich321
63416203260.0,,,0.0,63416203260.0,justkellykellykellykelly,631874857.0,appledawn_434
63416203260.0,,,0.0,63416203260.0,justkellykellykellykelly,3694894478.0,meowcii
63416203260.0,,,0.0,63416203260.0,justkellykellykellykelly,41436282.0,gwennypink
63416203260.0,,,0.0,63416203260.0,justkellykellykellykelly,65140051300.0,tmartin_333
63416203260.0,,,0.0,63416203260.0,justkellykellykellykelly,64685242307.0,phoenixcorndog
63416203260.0,,,0.0,63416203260.0,justkellykellykellykelly,5368912086.0,alicarver2
63416203260.0,,,0.0,63416203260.0,justkellykellykellykelly,44938072056.0,pushtaylorsversion
63416203260.0,,,0.0,63416203260.0,justkellykellykellykelly,64808081760.0,huma_nity911
63416203260.0,,,0.0,63416203260.0,justkellykellykellykelly,63635088246.0,sunsing
63416203260.0,,,0.0,63416203260.0,justkellykellykellykelly,63052836871.0,kaitlynpaige64
63416203260.0,,,0.0,63416203260.0,justkellykellykellykelly,51278116767.0,karma_is_my_boyfriend13
63416203260.0,,,0.0,63416203260.0,justkellykellykellykelly,2466274254.0,cartersporks
63416203260.0,,,0.0,63416203260.0,justkellykellykellykelly,13464962.0,melon.collie.court
63416203260.0,,,0.0,63416203260.0,justkellykellykellykelly,65379274726.0,futuriste0
63416203260.0,,,0.0,63416203260.0,justkellykellykellykelly,62579322026.0,nettsnook
63416203260.0,,,0.0,63416203260.0,justkellykellykellykelly,66497808807.0,mckenzievlad_thepoet
63416203260.0,,,0.0,63416203260.0,justkellykellykellykelly,208779775.0,beautyrunningwild
63416203260.0,,,0.0,63416203260.0,justkellykellykellykelly,63400759207.0,gootie14
63416203260.0,,,0.0,63416203260.0,justkellykellykellykelly,8637011815.0,the.mindfulpalette
63416203260.0,,,0.0,63416203260.0,justkellykellykellykelly,5621456.0,mellionaire
63416203260.0,,,0.0,63416203260.0,justkellykellykellykelly,63481482965.0,jackietully6
63416203260.0,,,0.0,63416203260.0,justkellykellykellykelly,66498624070.0,awalharuna999
63416203260.0,,,0.0,63416203260.0,justkellykellykellykelly,4658731.0,nesticos
63416203260.0,,,0.0,63416203260.0,justkellykellykellykelly,63079825619.0,kateshelty
63416203260.0,,,0.0,63416203260.0,justkellykellykellykelly,60433307285.0,ts_swiftie_1989_13
63416203260.0,,,0.0,63416203260.0,justkellykellykellykelly,44114052.0,tracyanne90
63416203260.0,,,0.0,63416203260.0,justkellykellykellykelly,63086999261.0,heyitskimberlyn_
63416203260.0,,,0.0,63416203260.0,justkellykellykellykelly,1697714543.0,hollownaw
63416203260.0,,,0.0,63416203260.0,justkellykellykellykelly,50486203.0,ashcottonmiller87
63416203260.0,,,0.0,63416203260.0,justkellykellykellykelly,64624525083.0,allthestarsaredeadonyt
63416203260.0,,,0.0,63416203260.0,justkellykellykellykelly,63315058721.0,gwensaschasversion
63416203260.0,,,0.0,63416203260.0,justkellykellykellykelly,63508672522.0,emilyngoff
63416203260.0,,,0.0,63416203260.0,justkellykellykellykelly,63281400865.0,destination_swiftie
63416203260.0,,,0.0,63416203260.0,justkellykellykellykelly,367818200.0,laurajanedunlap
63416203260.0,,,0.0,63416203260.0,justkellykellykellykelly,63888361280.0,jensbooks247
63416203260.0,,,0.0,63416203260.0,justkellykellykellykelly,53673718625.0,audrey_haypark
63416203260.0,,,0.0,63416203260.0,justkellykellykellykelly,63453933862.0,ruthsmor
63416203260.0,,,0.0,63416203260.0,justkellykellykellykelly,66280683644.0,balieiro_milton
63416203260.0,,,0.0,63416203260.0,justkellykellykellykelly,8884061.0,cutmeupjenny
63416203260.0,,,0.0,63416203260.0,justkellykellykellykelly,63247647288.0,susan.lynn28
63416203260.0,,,0.0,63416203260.0,justkellykellykellykelly,576352882.0,jessicaa_dmr
63416203260.0,,,0.0,63416203260.0,justkellykellykellykelly,63419196050.0,icecreamcastles_99
63416203260.0,,,0.0,63416203260.0,justkellykellykellykelly,60439393122.0,nikita.eris
63416203260.0,,,0.0,63416203260.0,justkellykellykellykelly,65741261625.0,_christina_marisa_
63416203260.0,,,0.0,63416203260.0,justkellykellykellykelly,262284329.0,shangie84
63416203260.0,,,0.0,63416203260.0,justkellykellykellykelly,63308335051.0,madwoman222
63416203260.0,,,0.0,63416203260.0,justkellykellykellykelly,1452469360.0,brynley.edens
63416203260.0,,,0.0,63416203260.0,justkellykellykellykelly,15443402.0,accio_jencat
63416203260.0,,,0.0,63416203260.0,justkellykellykellykelly,35089636993.0,jannielovepoetry
63416203260.0,,,0.0,63416203260.0,justkellykellykellykelly,7841474726.0,mom_the_savage1
63416203260.0,,,0.0,63416203260.0,justkellykellykellykelly,1834986434.0,1downbadswiftie3
63416203260.0,,,0.0,63416203260.0,justkellykellykellykelly,20263409.0,twinkle.tam
63416203260.0,,,0.0,63416203260.0,justkellykellykellykelly,3008732698.0,shannonthomas
63416203260.0,,,0.0,63416203260.0,justkellykellykellykelly,65531140265.0,aussiemom65
63416203260.0,,,0.0,63416203260.0,justkellykellykellykelly,3644308450.0,cathy___nd
63416203260.0,,,0.0,63416203260.0,justkellykellykellykelly,63129614244.0,thestoryofvarun
63416203260.0,,,0.0,63416203260.0,justkellykellykellykelly,1338281383.0,enitsirkm
63416203260.0,,,0.0,63416203260.0,justkellykellykellykelly,1495348902.0,alohakarina
63416203260.0,,,0.0,63416203260.0,justkellykellykellykelly,633309819.0,erikastroup86
63416203260.0,,,0.0,63416203260.0,justkellykellykellykelly,180827593.0,torturedpoet_22
63416203260.0,,,0.0,63416203260.0,justkellykellykellykelly,40508795.0,browning_jennifer_rn
63416203260.0,,,0.0,63416203260.0,justkellykellykellykelly,199292581.0,nikkisrandoms
63416203260.0,,,0.0,63416203260.0,justkellykellykellykelly,1579907408.0,rafaelpaulinoferreira
63416203260.0,,,0.0,63416203260.0,justkellykellykellykelly,60093415798.0,kat_geez_crochet
63416203260.0,,,0.0,63416203260.0,justkellykellykellykelly,63070418078.0,state_of_grace123
63416203260.0,,,0.0,63416203260.0,justkellykellykellykelly,61138073750.0,ella_taylorsversion_
63416203260.0,,,0.0,63416203260.0,justkellykellykellykelly,63859891710.0,helen_taylors_version
63416203260.0,,,0.0,63416203260.0,justkellykellykellykelly,63436512338.0,madwoman1028
63416203260.0,,,0.0,63416203260.0,justkellykellykellykelly,263655858.0,mara_beyea11
63416203260.0,,,0.0,63416203260.0,justkellykellykellykelly,19115354.0,kan0060
63416203260.0,,,0.0,63416203260.0,justkellykellykellykelly,63266605793.0,lauramarie2020
63416203260.0,,,0.0,63416203260.0,justkellykellykellykelly,63093313536.0,marshalmallowplays
63416203260.0,,,0.0,63416203260.0,justkellykellykellykelly,3878736571.0,lizzyliz_1995
63416203260.0,,,0.0,63416203260.0,justkellykellykellykelly,63457664804.0,shannonambroson
63416203260.0,,,0.0,63416203260.0,justkellykellykellykelly,1673151900.0,mrsjexis
63416203260.0,,,0.0,63416203260.0,justkellykellykellykelly,65117085178.0,lifewith_kierra
63416203260.0,,,0.0,63416203260.0,justkellykellykellykelly,63843145317.0,lyliana1277
63416203260.0,,,0.0,63416203260.0,justkellykellykellykelly,7453917524.0,sarahmonticue
63416203260.0,,,0.0,63416203260.0,justkellykellykellykelly,5525652488.0,melindacarmen_
63416203260.0,,,0.0,63416203260.0,justkellykellykellykelly,65926866152.0,zackgrossmusic
63416203260.0,,,0.0,63416203260.0,justkellykellykellykelly,63098530218.0,forevermadie22
63416203260.0,,,0.0,63416203260.0,justkellykellykellykelly,65619394124.0,darbenstine
63416203260.0,,,0.0,63416203260.0,justkellykellykellykelly,22999388.0,nomoremrniceswiftie
63416203260.0,,,0.0,63416203260.0,justkellykellykellykelly,65020874839.0,claracianferotti
63416203260.0,,,0.0,63416203260.0,justkellykellykellykelly,63137978796.0,mrmikeymonster
63416203260.0,,,0.0,63416203260.0,justkellykellykellykelly,1486138221.0,lfcmel
63416203260.0,,,0.0,63416203260.0,justkellykellykellykelly,63120793284.0,lexxxinstereo
190129348.0,,,0.0,190129348.0,iamwildwoman,63446368296.0,laurensovereign
190129348.0,,,0.0,190129348.0,iamwildwoman,58233712941.0,witchy_helen_
190129348.0,,,0.0,190129348.0,iamwildwoman,63086999261.0,heyitskimberlyn_
30260298241.0,,,0.0,30260298241.0,alora_jen90,64343718875.0,tracey.curtis.507
30260298241.0,,,0.0,30260298241.0,alora_jen90,70383034771.0,coastalyarnworx
30260298241.0,,,0.0,30260298241.0,alora_jen90,67920197644.0,idreamofnuggets
30260298241.0,,,0.0,30260298241.0,alora_jen90,69679752901.0,desouzabenp
30260298241.0,,,0.0,30260298241.0,alora_jen90,65931786948.0,h3artst0per
63448108652.0,,,0.0,63448108652.0,samanthaanderl,2961661069.0,celestehector87
48742128.0,,,0.0,48742128.0,ticaleur,39413763.0,mandalevelsup
48742128.0,,,0.0,48742128.0,ticaleur,64685242307.0,phoenixcorndog
48742128.0,,,0.0,48742128.0,ticaleur,1523630705.0,_the.bolter
48742128.0,,,0.0,48742128.0,ticaleur,63090245861.0,booklovejess
346545542.0,,,0.0,346545542.0,rwctlc1107,63276982828.0,d.j._unsubscribed_
4318110380.0,,,0.0,4318110380.0,jmayson11,65858606709.0,the.mrs.stovall
63391150105.0,,,0.0,63391150105.0,smesselt,63100251888.0,thereseflanagan
5621456.0,,,0.0,5621456.0,mellionaire,63258930966.0,tracytrips
20842783.0,,,0.0,20842783.0,cmatone_,63421916347.0,hellcatbetty
294552366.0,,,0.0,294552366.0,christinaslaback,58233712941.0,witchy_helen_
294552366.0,,,0.0,294552366.0,christinaslaback,48776585413.0,dianesorensen.bb
294552366.0,,,0.0,294552366.0,christinaslaback,49118101.0,heatherchauvin_
294552366.0,,,0.0,294552366.0,christinaslaback,24631321019.0,lori.cunningham.148
64592031044.0,,,0.0,64592031044.0,tyrannasarrarex,63451274408.0,sleepyxbunnii
64592031044.0,,,0.0,64592031044.0,tyrannasarrarex,63233794888.0,xamphetanina
208779775.0,,,0.0,208779775.0,beautyrunningwild,63308335051.0,madwoman222
47837033.0,,,0.0,47837033.0,sparklewithsteph,68822662345.0,its.addie13
49834733911.0,,,0.0,49834733911.0,aunt_sarah_andthe_cathouse,68822662345.0,its.addie13
49834733911.0,,,0.0,49834733911.0,aunt_sarah_andthe_cathouse,63506553232.0,michael_ekin
199382204.0,,,0.0,199382204.0,rabbicy,63412603181.0,hollisbischoff
7358467.0,,,0.0,7358467.0,g8ralexis,25221956.0,bibitty
7358467.0,,,0.0,7358467.0,g8ralexis,63258930966.0,tracytrips
63315058721.0,,,0.0,63315058721.0,gwensaschasversion,66498375768.0,swiftie__society
70382111375.0,,,0.0,70382111375.0,bonnies5945,66092294125.0,nadir_ali_019
1821266193.0,,,0.0,1821266193.0,lapetiteemme,263655858.0,mara_beyea11
1821266193.0,,,0.0,1821266193.0,lapetiteemme,3878736571.0,lizzyliz_1995
1821266193.0,,,0.0,1821266193.0,lapetiteemme,50486203.0,ashcottonmiller87
1821266193.0,,,0.0,1821266193.0,lapetiteemme,39413763.0,mandalevelsup
7453917524.0,,,0.0,7453917524.0,sarahmonticue,63439428867.0,amandajo424
63606016743.0,,,0.0,63606016743.0,kristenmcknight,63086999261.0,heyitskimberlyn_
63606016743.0,,,0.0,63606016743.0,kristenmcknight,276893201.0,kacey973
3009476810.0,,,0.0,3009476810.0,ericatrek,63098530218.0,forevermadie22
9268058813.0,,,0.0,9268058813.0,ambershreds,63088054048.0,borntobeweiiird
290869703.0,,,0.0,290869703.0,nikitanavalkar,63086999261.0,heyitskimberlyn_
290869703.0,,,0.0,290869703.0,nikitanavalkar,70815600788.0,_aja.james
290869703.0,,,0.0,290869703.0,nikitanavalkar,63477475775.0,perksofbeingabookworm01
1486138221.0,,,0.0,1486138221.0,lfcmel,64685242307.0,phoenixcorndog
1486138221.0,,,0.0,1486138221.0,lfcmel,1603373156.0,bookishswiftie04
1486138221.0,,,0.0,1486138221.0,lfcmel,63120793284.0,lexxxinstereo
1486138221.0,,,0.0,1486138221.0,lfcmel,1474257304.0,shauna_na_na_na
1486138221.0,,,0.0,1486138221.0,lfcmel,2283717906.0,kasatgdblaw
1486138221.0,,,0.0,1486138221.0,lfcmel,65831907615.0,captureit.rememberit_13
1486138221.0,,,0.0,1486138221.0,lfcmel,1579907408.0,rafaelpaulinoferreira
41627457.0,,,0.0,41627457.0,boykindawg,63120793284.0,lexxxinstereo
41627457.0,,,0.0,41627457.0,boykindawg,63089628759.0,nancygoreckianderson
41627457.0,,,0.0,41627457.0,boykindawg,63457664804.0,shannonambroson
41627457.0,,,0.0,41627457.0,boykindawg,65078223711.0,brittney_harding
1791954809.0,,,0.0,1791954809.0,marybeth090125,63100140022.0,retired_plumber
3095718903.0,,,0.0,3095718903.0,jemesouviens,63474617901.0,ryan_reads_and_writes
3095718903.0,,,0.0,3095718903.0,jemesouviens,63271421851.0,thiselyzajayne
3095718903.0,,,0.0,3095718903.0,jemesouviens,63066220801.0,pvcollinsphotos
3095718903.0,,,0.0,3095718903.0,jemesouviens,63481825052.0,elana_mcdougall_author
388267302.0,,,0.0,388267302.0,jenniferwilliams88,63086999261.0,heyitskimberlyn_
1452469360.0,,,0.0,1452469360.0,brynley.edens,308455393.0,cakt1991
1452469360.0,,,0.0,1452469360.0,brynley.edens,13104575.0,radicalkid87
1452469360.0,,,0.0,1452469360.0,brynley.edens,7689038744.0,wobegon74
1452469360.0,,,0.0,1452469360.0,brynley.edens,22999388.0,nomoremrniceswiftie
226077609.0,,,0.0,226077609.0,meetmeatmdnght,63436512338.0,madwoman1028
226077609.0,,,0.0,226077609.0,meetmeatmdnght,65619394124.0,darbenstine
226077609.0,,,0.0,226077609.0,meetmeatmdnght,63281400865.0,destination_swiftie
226077609.0,,,0.0,226077609.0,meetmeatmdnght,67706841256.0,williamsoklahoma77
226077609.0,,,0.0,226077609.0,meetmeatmdnght,1603373156.0,bookishswiftie04
226077609.0,,,0.0,226077609.0,meetmeatmdnght,66124654010.0,mistyrp99
226077609.0,,,0.0,226077609.0,meetmeatmdnght,64343718875.0,tracey.curtis.507
25221956.0,,,0.0,25221956.0,bibitty,64329143889.0,swiftiefootball
25221956.0,,,0.0,25221956.0,bibitty,60093415798.0,kat_geez_crochet
15443402.0,,,0.0,15443402.0,accio_jencat,263655858.0,mara_beyea11
15443402.0,,,0.0,15443402.0,accio_jencat,1452469360.0,brynley.edens
20263409.0,,,0.0,20263409.0,twinkle.tam,66497808807.0,mckenzievlad_thepoet
20263409.0,,,0.0,20263409.0,twinkle.tam,1821266193.0,lapetiteemme
20263409.0,,,0.0,20263409.0,twinkle.tam,63859891710.0,helen_taylors_version
590545771.0,,,0.0,590545771.0,cat_m_baker,637860995.0,jessicapats
285779433.0,,,0.0,285779433.0,fitbeautynancy,63086999261.0,heyitskimberlyn_
191816982.0,,,0.0,191816982.0,bg1947,67706841256.0,williamsoklahoma77
191816982.0,,,0.0,191816982.0,bg1947,63308335051.0,madwoman222
63098596474.0,,,0.0,63098596474.0,elainarae2k,63086999261.0,heyitskimberlyn_
296536689.0,,,0.0,296536689.0,heidismitchell,63086999261.0,heyitskimberlyn_
487925841.0,,,0.0,487925841.0,jeninchiostro,63086999261.0,heyitskimberlyn_
487925841.0,,,0.0,487925841.0,jeninchiostro,63416203260.0,justkellykellykellykelly
576352882.0,,,0.0,576352882.0,jessicaa_dmr,63281400865.0,destination_swiftie
20873589.0,,,0.0,20873589.0,nmizoo23,67840257186.0,randallbc777
8884061.0,,,0.0,8884061.0,cutmeupjenny,262458324.0,_mindorbit
8884061.0,,,0.0,8884061.0,cutmeupjenny,63070418078.0,state_of_grace123
1335655650.0,,,0.0,1335655650.0,thekaydrew,1558942092.0,marvelous.mz.gaggini
1335655650.0,,,0.0,1335655650.0,thekaydrew,67920197644.0,idreamofnuggets
1487546568.0,,,0.0,1487546568.0,lekhopkins,67706841256.0,williamsoklahoma77
47483104899.0,,,0.0,47483104899.0,uncommongrace25,144193549.0,dawnmsuiter
47483104899.0,,,0.0,47483104899.0,uncommongrace25,63258930966.0,tracytrips
47483104899.0,,,0.0,47483104899.0,uncommongrace25,1603373156.0,bookishswiftie04
67091259371.0,,,0.0,67091259371.0,ammax2,1495348902.0,alohakarina
200220352.0,,,0.0,200220352.0,darci3m,68905675499.0,officialdavidbasile
8168284087.0,,,0.0,8168284087.0,spnc.rr03,63859891710.0,helen_taylors_version
8168284087.0,,,0.0,8168284087.0,spnc.rr03,63098530218.0,forevermadie22
8168284087.0,,,0.0,8168284087.0,spnc.rr03,63258930966.0,tracytrips
13104575.0,,,0.0,13104575.0,radicalkid87,66574777865.0,jimena22743
13104575.0,,,0.0,13104575.0,radicalkid87,63400759207.0,gootie14
13104575.0,,,0.0,13104575.0,radicalkid87,65117085178.0,lifewith_kierra
13104575.0,,,0.0,13104575.0,radicalkid87,1474257304.0,shauna_na_na_na
13104575.0,,,0.0,13104575.0,radicalkid87,1523630705.0,_the.bolter
13104575.0,,,0.0,13104575.0,radicalkid87,63460213473.0,sojournerweaver
594389012.0,,,0.0,594389012.0,jdubfla,69366324553.0,cjrttla
63297525252.0,,,0.0,63297525252.0,mich321,70290564124.0,pizza_burger_taco
3878736571.0,,,0.0,3878736571.0,lizzyliz_1995,63444576252.0,ding_gorgeous
3878736571.0,,,0.0,3878736571.0,lizzyliz_1995,1286957434.0,blazwura
3878736571.0,,,0.0,3878736571.0,lizzyliz_1995,67789785187.0,9ca1b8d02a
63440599934.0,,,0.0,63440599934.0,jessicavauthor,63158437498.0,chazngg
7841474726.0,,,0.0,7841474726.0,mom_the_savage1,63258930966.0,tracytrips
7841474726.0,,,0.0,7841474726.0,mom_the_savage1,63508672522.0,emilyngoff
69614032057.0,,,0.0,69614032057.0,zozomadre505,353556959.0,holsterwpb
69614032057.0,,,0.0,69614032057.0,zozomadre505,66617946965.0,annoliver067
70428705305.0,,,0.0,70428705305.0,mistydudley42,181156648.0,cspoone67
70428705305.0,,,0.0,70428705305.0,mistydudley42,423070596.0,april_mannion
70428705305.0,,,0.0,70428705305.0,mistydudley42,65858606709.0,the.mrs.stovall
70428705305.0,,,0.0,70428705305.0,mistydudley42,273399623.0,iamsuzyn
3594831437.0,,,0.0,3594831437.0,waltgekko,68822662345.0,its.addie13
3594831437.0,,,0.0,3594831437.0,waltgekko,67840257186.0,randallbc777
633309819.0,,,0.0,633309819.0,erikastroup86,65020874839.0,claracianferotti
633309819.0,,,0.0,633309819.0,erikastroup86,63457664804.0,shannonambroson
633309819.0,,,0.0,633309819.0,erikastroup86,63436512338.0,madwoman1028
633309819.0,,,0.0,633309819.0,erikastroup86,1821266193.0,lapetiteemme
633309819.0,,,0.0,633309819.0,erikastroup86,46125352730.0,jicsimae
633309819.0,,,0.0,633309819.0,erikastroup86,199292581.0,nikkisrandoms
633309819.0,,,0.0,633309819.0,erikastroup86,9383015597.0,rachjgillett
35092028859.0,,,0.0,35092028859.0,dana_sackett,69772213557.0,brendadunphy08
17553365.0,,,0.0,17553365.0,julestabeling,1431445436.0,colleen_beaton72
17553365.0,,,0.0,17553365.0,julestabeling,14995902.0,missjayemay
51228479846.0,,,0.0,51228479846.0,cjmanahan.nm_afa,3418353530.0,donnametler
51228479846.0,,,0.0,51228479846.0,cjmanahan.nm_afa,1431445436.0,colleen_beaton72
51228479846.0,,,0.0,51228479846.0,cjmanahan.nm_afa,67840257186.0,randallbc777
308455393.0,,,0.0,308455393.0,cakt1991,67840257186.0,randallbc777
63400759207.0,,,0.0,63400759207.0,gootie14,909517323.0,gracielouwhosd
63143238313.0,,,0.0,63143238313.0,debmeister221,67681197755.0,msdeb44
3320323.0,,,0.0,3320323.0,lindseyerin23,69772213557.0,brendadunphy08
262009566.0,,,0.0,262009566.0,marialagrandeur,69038640659.0,james.norray
175480177.0,,,0.0,175480177.0,gabreyman,60287521537.0,cynthia.dominique.2023
175480177.0,,,0.0,175480177.0,gabreyman,65351568348.0,metal.druid
46125352730.0,,,0.0,46125352730.0,jicsimae,63252184325.0,adipixie
46125352730.0,,,0.0,46125352730.0,jicsimae,63093961089.0,loveyourwifewell
46125352730.0,,,0.0,46125352730.0,jicsimae,28668060925.0,maddybarnham
46125352730.0,,,0.0,46125352730.0,jicsimae,63129614244.0,thestoryofvarun
46125352730.0,,,0.0,46125352730.0,jicsimae,63308335051.0,madwoman222
45708702535.0,,,0.0,45708702535.0,suzbluz304,63086999261.0,heyitskimberlyn_
5525652488.0,,,0.0,5525652488.0,melindacarmen_,2466274254.0,cartersporks
5525652488.0,,,0.0,5525652488.0,melindacarmen_,63093961089.0,loveyourwifewell
5525652488.0,,,0.0,5525652488.0,melindacarmen_,53673718625.0,audrey_haypark
5525652488.0,,,0.0,5525652488.0,melindacarmen_,65379274726.0,futuriste0
5525652488.0,,,0.0,5525652488.0,melindacarmen_,8637011815.0,the.mindfulpalette
5525652488.0,,,0.0,5525652488.0,melindacarmen_,50486203.0,ashcottonmiller87
5525652488.0,,,0.0,5525652488.0,melindacarmen_,63062717707.0,kathrynaylabarnes
5525652488.0,,,0.0,5525652488.0,melindacarmen_,46125352730.0,jicsimae
65146157119.0,,,0.0,65146157119.0,troyerlayne,68167349626.0,boricuademocrats
5712148712.0,,,0.0,5712148712.0,athomp56666,52397934057.0,melindajohnson6816
9493529313.0,,,0.0,9493529313.0,jeintheop,63086999261.0,heyitskimberlyn_
9493529313.0,,,0.0,9493529313.0,jeintheop,63888361280.0,jensbooks247
9493529313.0,,,0.0,9493529313.0,jeintheop,63308335051.0,madwoman222
9493529313.0,,,0.0,9493529313.0,jeintheop,65619394124.0,darbenstine
9493529313.0,,,0.0,9493529313.0,jeintheop,1603373156.0,bookishswiftie04
9493529313.0,,,0.0,9493529313.0,jeintheop,63457664804.0,shannonambroson
9493529313.0,,,0.0,9493529313.0,jeintheop,64808081760.0,huma_nity911
9493529313.0,,,0.0,9493529313.0,jeintheop,65926866152.0,zackgrossmusic
199292581.0,,,0.0,199292581.0,nikkisrandoms,63086999261.0,heyitskimberlyn_
199292581.0,,,0.0,199292581.0,nikkisrandoms,65140051300.0,tmartin_333
199292581.0,,,0.0,199292581.0,nikkisrandoms,8884061.0,cutmeupjenny
199292581.0,,,0.0,199292581.0,nikkisrandoms,66091782398.0,poets.made.of.ash
199292581.0,,,0.0,199292581.0,nikkisrandoms,4658731.0,nesticos
199292581.0,,,0.0,199292581.0,nikkisrandoms,61138073750.0,ella_taylorsversion_
199292581.0,,,0.0,199292581.0,nikkisrandoms,60433307285.0,ts_swiftie_1989_13
65741261625.0,,,0.0,65741261625.0,_christina_marisa_,1495348902.0,alohakarina
65741261625.0,,,0.0,65741261625.0,_christina_marisa_,63098530218.0,forevermadie22
65741261625.0,,,0.0,65741261625.0,_christina_marisa_,63421263906.0,jenna_mcleod_author_
263655858.0,,,0.0,263655858.0,mara_beyea11,66497808807.0,mckenzievlad_thepoet
263655858.0,,,0.0,263655858.0,mara_beyea11,63859891710.0,helen_taylors_version
263655858.0,,,0.0,263655858.0,mara_beyea11,65741261625.0,_christina_marisa_
1474257304.0,,,0.0,1474257304.0,shauna_na_na_na,63888361280.0,jensbooks247
1474257304.0,,,0.0,1474257304.0,shauna_na_na_na,63086999261.0,heyitskimberlyn_
1474257304.0,,,0.0,1474257304.0,shauna_na_na_na,5525652488.0,melindacarmen_
1474257304.0,,,0.0,1474257304.0,shauna_na_na_na,13104575.0,radicalkid87
1474257304.0,,,0.0,1474257304.0,shauna_na_na_na,63070418078.0,state_of_grace123
3927473098.0,,,0.0,3927473098.0,barklaysmom,199539352.0,mycalindy
3927473098.0,,,0.0,3927473098.0,barklaysmom,64343718875.0,tracey.curtis.507
3927473098.0,,,0.0,3927473098.0,barklaysmom,69772213557.0,brendadunphy08
65117085178.0,,,0.0,65117085178.0,lifewith_kierra,13104575.0,radicalkid87
65117085178.0,,,0.0,65117085178.0,lifewith_kierra,66497808807.0,mckenzievlad_thepoet
65117085178.0,,,0.0,65117085178.0,lifewith_kierra,51278116767.0,karma_is_my_boyfriend13
65117085178.0,,,0.0,65117085178.0,lifewith_kierra,33216501.0,strongheather
65117085178.0,,,0.0,65117085178.0,lifewith_kierra,15703842.0,shari_archinoff
22999388.0,,,0.0,22999388.0,nomoremrniceswiftie,70815600788.0,_aja.james
22999388.0,,,0.0,22999388.0,nomoremrniceswiftie,15483915.0,dcredhead137
70260714052.0,,,0.0,70260714052.0,jaymehaase77,63251591131.0,ohnelleyeah
70260714052.0,,,0.0,70260714052.0,jaymehaase77,64343718875.0,tracey.curtis.507
70260714052.0,,,0.0,70260714052.0,jaymehaase77,63456480500.0,katyeshorkey
63453933862.0,,,0.0,63453933862.0,ruthsmor,2270333512.0,maire.wilcox
63453933862.0,,,0.0,63453933862.0,ruthsmor,66393265019.0,lovesmagicuniverse
353556959.0,,,0.0,353556959.0,holsterwpb,69614032057.0,zozomadre505
353556959.0,,,0.0,353556959.0,holsterwpb,27896728.0,cambro_obscura
23270833.0,,,0.0,23270833.0,kaylawjlosh,65078223711.0,brittney_harding
180827593.0,,,0.0,180827593.0,torturedpoet_22,144193549.0,dawnmsuiter
180827593.0,,,0.0,180827593.0,torturedpoet_22,9493529313.0,jeintheop
180827593.0,,,0.0,180827593.0,torturedpoet_22,5368912086.0,alicarver2
180827593.0,,,0.0,180827593.0,torturedpoet_22,66311329919.0,laaye47
4318537270.0,,,0.0,4318537270.0,tartanlady007,63279665625.0,roger_lawler
1147902045.0,,,0.0,1147902045.0,kawinki25,63474617901.0,ryan_reads_and_writes
44114052.0,,,0.0,44114052.0,tracyanne90,71324892320.0,officialsrscinema
7718397742.0,,,0.0,7718397742.0,beth_hockaday,68822662345.0,its.addie13
7718397742.0,,,0.0,7718397742.0,beth_hockaday,64118306600.0,rdaetha
63421795015.0,,,0.0,63421795015.0,charleneschlegel68,70428705305.0,mistydudley42
10640644817.0,,,0.0,10640644817.0,lisa92675,63258930966.0,tracytrips
63601610018.0,,,0.0,63601610018.0,erinspiegel,65078223711.0,brittney_harding
262284329.0,,,0.0,262284329.0,shangie84,63436512338.0,madwoman1028
262284329.0,,,0.0,262284329.0,shangie84,33216501.0,strongheather
262284329.0,,,0.0,262284329.0,shangie84,63421263906.0,jenna_mcleod_author_
262284329.0,,,0.0,262284329.0,shangie84,65741261625.0,_christina_marisa_
262284329.0,,,0.0,262284329.0,shangie84,199292581.0,nikkisrandoms
262284329.0,,,0.0,262284329.0,shangie84,22999388.0,nomoremrniceswiftie
262284329.0,,,0.0,262284329.0,shangie84,3694894478.0,meowcii
63421916347.0,,,0.0,63421916347.0,hellcatbetty,70250491922.0,britnbrown_86
63421916347.0,,,0.0,63421916347.0,hellcatbetty,66498375768.0,swiftie__society
23118167597.0,,,0.0,23118167597.0,thankuspirit777,63308335051.0,madwoman222
264606295.0,,,0.0,264606295.0,nvryourhoneybabe,1431445436.0,colleen_beaton72
631874857.0,,,0.0,631874857.0,appledawn_434,65078223711.0,brittney_harding
474498703.0,,,0.0,474498703.0,kellysittingpretty,65376978522.0,uniteddogsrescueshelter
66727891199.0,,,0.0,66727891199.0,thevinesartmarket,66739987881.0,gg__frasernash__546
66727891199.0,,,0.0,66727891199.0,thevinesartmarket,65053796070.0,sean.slick
66727891199.0,,,0.0,66727891199.0,thevinesartmarket,66430902627.0,blackdelflowrd
66727891199.0,,,0.0,66727891199.0,thevinesartmarket,64014191820.0,calmyourfarmgame
66727891199.0,,,0.0,66727891199.0,thevinesartmarket,63421381101.0,naeem_tuwar
66727891199.0,,,0.0,66727891199.0,thevinesartmarket,65398772528.0,alexidewriter
66727891199.0,,,0.0,66727891199.0,thevinesartmarket,63525248989.0,iamvickyhilton
66727891199.0,,,0.0,66727891199.0,thevinesartmarket,63070311372.0,tiffanypep
66727891199.0,,,0.0,66727891199.0,thevinesartmarket,63089628759.0,nancygoreckianderson
66727891199.0,,,0.0,66727891199.0,thevinesartmarket,66344506599.0,herrymloge9575
66727891199.0,,,0.0,66727891199.0,thevinesartmarket,64686650105.0,cidemar_faria
66727891199.0,,,0.0,66727891199.0,thevinesartmarket,66393265019.0,lovesmagicuniverse
66727891199.0,,,0.0,66727891199.0,thevinesartmarket,65548923826.0,bonnie_darco
66727891199.0,,,0.0,66727891199.0,thevinesartmarket,66420785732.0,martuduran
66727891199.0,,,0.0,66727891199.0,thevinesartmarket,63381260349.0,iam_laronanthony__
66727891199.0,,,0.0,66727891199.0,thevinesartmarket,64515613277.0,fashionbyedelbands
66727891199.0,,,0.0,66727891199.0,thevinesartmarket,65133532798.0,fosterkatina
66727891199.0,,,0.0,66727891199.0,thevinesartmarket,66375120550.0,honeybeez200
66727891199.0,,,0.0,66727891199.0,thevinesartmarket,66779550689.0,thehazytones
66727891199.0,,,0.0,66727891199.0,thevinesartmarket,66323329775.0,hosein.abaseian.9
66727891199.0,,,0.0,66727891199.0,thevinesartmarket,65735966306.0,supermjh12
66727891199.0,,,0.0,66727891199.0,thevinesartmarket,66561421601.0,theinversecollection
66727891199.0,,,0.0,66727891199.0,thevinesartmarket,63896062682.0,huja.be
66727891199.0,,,0.0,66727891199.0,thevinesartmarket,66963908589.0,mindofmerk
66727891199.0,,,0.0,66727891199.0,thevinesartmarket,66508785180.0,2serendra_bgc
66727891199.0,,,0.0,66727891199.0,thevinesartmarket,63635088246.0,sunsing
46994226801.0,,,0.0,46994226801.0,1122church,1900348736.0,life_poolchapel
46994226801.0,,,0.0,46994226801.0,1122church,63400205749.0,gilbert_amatta
46994226801.0,,,0.0,46994226801.0,1122church,63399158493.0,kevin_ondialo
55536906153.0,,,0.0,55536906153.0,abimbola_dennis_01,63317505259.0,mykolasoo
55536906153.0,,,0.0,55536906153.0,abimbola_dennis_01,6029822059.0,cosmiceureka
55536906153.0,,,0.0,55536906153.0,abimbola_dennis_01,66393265019.0,lovesmagicuniverse
65947147967.0,,,0.0,65947147967.0,emrankhan1359,3029592674.0,briantreber
65947147967.0,,,0.0,65947147967.0,emrankhan1359,62029770729.0,marioalbertomonroya
65947147967.0,,,0.0,65947147967.0,emrankhan1359,52050761737.0,airdrop8990
65947147967.0,,,0.0,65947147967.0,emrankhan1359,65497610842.0,mari.nespuhl
65947147967.0,,,0.0,65947147967.0,emrankhan1359,59432355279.0,mariahalvesq
65947147967.0,,,0.0,65947147967.0,emrankhan1359,67531847194.0,mikeirwin1134
65947147967.0,,,0.0,65947147967.0,emrankhan1359,66534712940.0,black_boutiquebb
65947147967.0,,,0.0,65947147967.0,emrankhan1359,66442628888.0,thomasstevenson872
65947147967.0,,,0.0,65947147967.0,emrankhan1359,64930856032.0,beemraj.bhagwandin6
65947147967.0,,,0.0,65947147967.0,emrankhan1359,68176886164.0,seeker_mcmanus
65947147967.0,,,0.0,65947147967.0,emrankhan1359,66280683644.0,balieiro_milton
65947147967.0,,,0.0,65947147967.0,emrankhan1359,67147142996.0,wilbran509
65947147967.0,,,0.0,65947147967.0,emrankhan1359,65053796070.0,sean.slick
65947147967.0,,,0.0,65947147967.0,emrankhan1359,65348275789.0,virtutech.marketing
65947147967.0,,,0.0,65947147967.0,emrankhan1359,66362937224.0,san_jid_islam
2245933997.0,,,0.0,2245933997.0,iam_wizzywonda,63041694572.0,mbetobongjohn
65841135042.0,,,0.0,65841135042.0,mzscout3,63062717707.0,kathrynaylabarnes
65841135042.0,,,0.0,65841135042.0,mzscout3,69681848802.0,leptir1313
65841135042.0,,,0.0,65841135042.0,mzscout3,66564793740.0,kkyanaandrea
65841135042.0,,,0.0,65841135042.0,mzscout3,63064470626.0,macgregor7894
65841135042.0,,,0.0,65841135042.0,mzscout3,64133171263.0,hhhvnnah
65841135042.0,,,0.0,65841135042.0,mzscout3,67593054329.0,teiwapotts
65841135042.0,,,0.0,65841135042.0,mzscout3,63457541609.0,ladydi0410
65841135042.0,,,0.0,65841135042.0,mzscout3,63126164675.0,_iamclimp
65841135042.0,,,0.0,65841135042.0,mzscout3,1431445436.0,colleen_beaton72
65841135042.0,,,0.0,65841135042.0,mzscout3,63434618598.0,fawngoodwine
65841135042.0,,,0.0,65841135042.0,mzscout3,63241092044.0,irteza_gunner3567
65841135042.0,,,0.0,65841135042.0,mzscout3,69451406154.0,joannie_davii
65841135042.0,,,0.0,65841135042.0,mzscout3,64118306600.0,rdaetha
65841135042.0,,,0.0,65841135042.0,mzscout3,909517323.0,gracielouwhosd
65841135042.0,,,0.0,65841135042.0,mzscout3,63091461877.0,sp00pkittn
65841135042.0,,,0.0,65841135042.0,mzscout3,4987065836.0,lancebell5627
65841135042.0,,,0.0,65841135042.0,mzscout3,68176886164.0,seeker_mcmanus
65841135042.0,,,0.0,65841135042.0,mzscout3,69205850176.0,selfcreditrestore
65841135042.0,,,0.0,65841135042.0,mzscout3,67924453501.0,sickchickkie
65841135042.0,,,0.0,65841135042.0,mzscout3,63317505259.0,mykolasoo
65841135042.0,,,0.0,65841135042.0,mzscout3,3617687269.0,steelpitt915
65841135042.0,,,0.0,65841135042.0,mzscout3,65725662312.0,ofelia.francisco.526
65841135042.0,,,0.0,65841135042.0,mzscout3,63820314872.0,happ.ygirl6917
65841135042.0,,,0.0,65841135042.0,mzscout3,63089628759.0,nancygoreckianderson
65841135042.0,,,0.0,65841135042.0,mzscout3,63272152246.0,tracieverett
65841135042.0,,,0.0,65841135042.0,mzscout3,66598730637.0,kyle_chiesa
65841135042.0,,,0.0,65841135042.0,mzscout3,63408140506.0,philburns55
65841135042.0,,,0.0,65841135042.0,mzscout3,65133532798.0,fosterkatina
64612237450.0,,,0.0,64612237450.0,nuelkissbrown,63381260349.0,iam_laronanthony__
64612237450.0,,,0.0,64612237450.0,nuelkissbrown,65053796070.0,sean.slick
64612237450.0,,,0.0,64612237450.0,nuelkissbrown,66320762075.0,casp3r_209
64612237450.0,,,0.0,64612237450.0,nuelkissbrown,66016189508.0,gangqixing79lool
64612237450.0,,,0.0,64612237450.0,nuelkissbrown,63440528270.0,alpstrendysafaris
63374341688.0,,,0.0,63374341688.0,jandrucci,70277538262.0,espectrodiario
63374341688.0,,,0.0,63374341688.0,jandrucci,63943005455.0,poetry_by_ed
63374341688.0,,,0.0,63374341688.0,jandrucci,63456106100.0,miketrippiedi
63374341688.0,,,0.0,63374341688.0,jandrucci,65669088982.0,treep_ng
63374341688.0,,,0.0,63374341688.0,jandrucci,63460213473.0,sojournerweaver
63374341688.0,,,0.0,63374341688.0,jandrucci,63037798945.0,rybrock
63374341688.0,,,0.0,63374341688.0,jandrucci,63231318437.0,uncultured_nerd_
63374341688.0,,,0.0,63374341688.0,jandrucci,64605495809.0,elek_natures_world
63374341688.0,,,0.0,63374341688.0,jandrucci,62832052189.0,mdmonoarulislammukul
63374341688.0,,,0.0,63374341688.0,jandrucci,63130769286.0,theinstantreader
1900348736.0,,,0.0,1900348736.0,life_poolchapel,1381286894.0,emmanuelmakumbi
1900348736.0,,,0.0,1900348736.0,life_poolchapel,67454019111.0,marymackenzie37
1900348736.0,,,0.0,1900348736.0,life_poolchapel,64081245305.0,stevemuthusi
1900348736.0,,,0.0,1900348736.0,life_poolchapel,63374663299.0,_gails
1900348736.0,,,0.0,1900348736.0,life_poolchapel,63127204628.0,aust_eazy
1900348736.0,,,0.0,1900348736.0,life_poolchapel,63638856064.0,casperomondi
1900348736.0,,,0.0,1900348736.0,life_poolchapel,46994226801.0,1122church
1900348736.0,,,0.0,1900348736.0,life_poolchapel,63268979969.0,crystygal
68980291860.0,,,0.0,68980291860.0,lawrencemakumbi,1900348736.0,life_poolchapel
68980291860.0,,,0.0,68980291860.0,lawrencemakumbi,1381286894.0,emmanuelmakumbi
68980291860.0,,,0.0,68980291860.0,lawrencemakumbi,64081245305.0,stevemuthusi
68980291860.0,,,0.0,68980291860.0,lawrencemakumbi,46994226801.0,1122church
68980291860.0,,,0.0,68980291860.0,lawrencemakumbi,63147364819.0,traveldarewithligersafaris
63908024936.0,,,0.0,63908024936.0,mashaa8n___,65153660265.0,ansel.massy.7
7919052670.0,,,0.0,7919052670.0,st___rinaud______,60907423833.0,sene_dame704
70411697894.0,,,0.0,70411697894.0,dalficial,63278942538.0,maglomaglo46
55803864986.0,,,0.0,55803864986.0,elvis_ashley_monama,63778044865.0,miyoshi3951
69047051921.0,,,0.0,69047051921.0,foxyvixen11.11,5570162.0,lemonlaken
69047051921.0,,,0.0,69047051921.0,foxyvixen11.11,63231318437.0,uncultured_nerd_
69047051921.0,,,0.0,69047051921.0,foxyvixen11.11,63045613211.0,jammersmith77
68899448857.0,,,0.0,68899448857.0,gracenjambi93,3582687622.0,smithjohnjohnnes
68899448857.0,,,0.0,68899448857.0,gracenjambi93,63420628432.0,mbeke_mwesh
57422746293.0,,,0.0,57422746293.0,dox1965,68471362796.0,mymoxie.club
2024422222.0,,,0.0,2024422222.0,migwala_howard,63400205749.0,gilbert_amatta
2024422222.0,,,0.0,2024422222.0,migwala_howard,63600032885.0,urban_plumbing_and_electrial_
230599616.0,,,0.0,230599616.0,intuitivediamond,63407860685.0,angarzmal
3582687622.0,,,0.0,3582687622.0,smithjohnjohnnes,63070124116.0,the_brandnyamodhi
3582687622.0,,,0.0,3582687622.0,smithjohnjohnnes,2024422222.0,migwala_howard
67949988501.0,,,0.0,67949988501.0,johnny_fracky,66245890252.0,untol_dminds
67949988501.0,,,0.0,67949988501.0,johnny_fracky,64930856032.0,beemraj.bhagwandin6
17818971494.0,,,0.0,17818971494.0,redhawk1893,9152049316.0,linzey.xx
58607365889.0,,,0.0,58607365889.0,iamtetelive,64877612443.0,zhr9squ8
1381286894.0,,,0.0,1381286894.0,emmanuelmakumbi,68980291860.0,lawrencemakumbi
51559871470.0,,,0.0,51559871470.0,dfundzx231,41803764473.0,zeezadorah2012
1412781983.0,,,0.0,1412781983.0,_happydon,69817130113.0,mutheumaima
17801203527.0,,,0.0,17801203527.0,sibdoupoetry,63440057399.0,robby.moto
17801203527.0,,,0.0,17801203527.0,sibdoupoetry,64338268138.0,notions.of.nobody
64210282327.0,,,0.0,64210282327.0,karen.harrison.14,536357150.0,claireuncorked
60872931522.0,,,0.0,60872931522.0,morelandreggie,63441298201.0,danieleubankk
63261589931.0,,,0.0,63261589931.0,emekaasadu,63272152246.0,tracieverett
51647945341.0,,,0.0,51647945341.0,njybdlkrym,66614917567.0,matheus_tips_100
2290092765.0,,,0.0,2290092765.0,moronacandy,68742575794.0,anoldodoke
63021716771.0,,,0.0,63021716771.0,ednamendes640,65806172416.0,asifasif1963
54639345203.0,,,0.0,54639345203.0,m.pezeshkii42,65769316249.0,michaelcere2
70100076351.0,,,0.0,70100076351.0,rihan_malik_1393,71554572649.0,jindagikorachana
2023708960.0,,,0.0,2023708960.0,graciela58_com,68237814924.0,asrafali6899
3711607584.0,,,0.0,3711607584.0,normaalmenara,60855673685.0,denise_zen182
4261825346.0,,,0.0,4261825346.0,akhan7563,70140813937.0,leonilaalvesb
68237814924.0,,,0.0,68237814924.0,asrafali6899,69500731739.0,amlaqalif
2248966831.0,,,0.0,2248966831.0,perezfelimar,65769316249.0,michaelcere2
71540048970.0,,,0.0,71540048970.0,sissoko9541,65769316249.0,michaelcere2
62048773690.0,,,0.0,62048773690.0,mariaquiteriacoro,65769316249.0,michaelcere2
69745515613.0,,,0.0,69745515613.0,jackylynhart,70257795632.0,safiakhann648
27160025454.0,,,0.0,27160025454.0,smallspec,69731685663.0,browndean601
27160025454.0,,,0.0,27160025454.0,smallspec,71105608521.0,ashleytaylorb_fan_page
18364474827.0,,,0.0,18364474827.0,vijaykumr.kkr,65769316249.0,michaelcere2
4167759506.0,,,0.0,4167759506.0,dileepkumarrathor,65769316249.0,michaelcere2
71432945197.0,,,0.0,71432945197.0,sayedamin326,66817662040.0,valdineia.maria.5070
55556714363.0,,,0.0,55556714363.0,phillipdziallas,68109902162.0,elonreevesmusk__01
71784173206.0,,,0.0,71784173206.0,mariaauxiliadora_albuquerque,67317127308.0,subhashisdeb934
70257795632.0,,,0.0,70257795632.0,safiakhann648,68342479229.0,mdnasiruddin.uddin.3762
70257795632.0,,,0.0,70257795632.0,safiakhann648,70476454701.0,babulahaemd
70704823604.0,,,0.0,70704823604.0,amir_rigi_45,70476454701.0,babulahaemd
52415118130.0,,,0.0,52415118130.0,swarnajitkumarmustafi,70358355491.0,rdgill4
58390461793.0,,,0.0,58390461793.0,batioja.pablo,68966786871.0,landalins
70256535001.0,,,0.0,70256535001.0,skaru.morocco,65769316249.0,michaelcere2
59952144865.0,,,0.0,59952144865.0,josidiniz2024,63020400266.0,mariadelurdestorrs
65146072683.0,,,0.0,65146072683.0,sandiprouth40,70476454701.0,babulahaemd
70476454701.0,,,0.0,70476454701.0,babulahaemd,63401451918.0,pastoranoaderamos
70476454701.0,,,0.0,70476454701.0,babulahaemd,68342479229.0,mdnasiruddin.uddin.3762
70476454701.0,,,0.0,70476454701.0,babulahaemd,65106716571.0,iracemavalentim6
71247360302.0,,,0.0,71247360302.0,imallhis_2024,37474040265.0,juanaluisacumbrera
56920899736.0,,,0.0,56920899736.0,nadezda4925,39276675917.0,zhibek2837
39276675917.0,,,0.0,39276675917.0,zhibek2837,56920899736.0,nadezda4925
39276675917.0,,,0.0,39276675917.0,zhibek2837,54644870641.0,rbkhps
29156879992.0,,,0.0,29156879992.0,plans_to_trade,69372245873.0,programaerevistacostume
56502163140.0,,,0.0,56502163140.0,joaquina_pentecoste,71053996304.0,kolodieterezinha
56502163140.0,,,0.0,56502163140.0,joaquina_pentecoste,68966786871.0,landalins
56502163140.0,,,0.0,56502163140.0,joaquina_pentecoste,69500731739.0,amlaqalif
53322702509.0,,,0.0,53322702509.0,mamerlindamanejo,70476454701.0,babulahaemd
53322702509.0,,,0.0,53322702509.0,mamerlindamanejo,66802467058.0,maria_ilza_s_7495
58259301458.0,,,0.0,58259301458.0,kttyct43_,66092294125.0,nadir_ali_019
58259301458.0,,,0.0,58259301458.0,kttyct43_,70509705264.0,antaripmitri
58259301458.0,,,0.0,58259301458.0,kttyct43_,70476454701.0,babulahaemd
58259301458.0,,,0.0,58259301458.0,kttyct43_,37474040265.0,juanaluisacumbrera
11652309159.0,,,0.0,11652309159.0,daniellijoyce,67575785723.0,kharitastos
70816831069.0,,,0.0,70816831069.0,alhamdiluliahpaintingenterprt,70923102028.0,imran__afridi
70816831069.0,,,0.0,70816831069.0,alhamdiluliahpaintingenterprt,70801981820.0,stoicheadaurelius
5705192528.0,,,0.0,5705192528.0,aghbalshiran,68286622916.0,eliassilva5468
5705192528.0,,,0.0,5705192528.0,aghbalshiran,63401451918.0,pastoranoaderamos
70900752419.0,,,0.0,70900752419.0,givaneigranjade,66802467058.0,maria_ilza_s_7495
70900752419.0,,,0.0,70900752419.0,givaneigranjade,66352339028.0,zapatazr
8492835414.0,,,0.0,8492835414.0,venkata_satyanarayana_eedara,66699946578.0,carl.molinaro
58471895624.0,,,0.0,58471895624.0,aminmallik0247,47970831314.0,hanafihanafirudiyanto
58471895624.0,,,0.0,58471895624.0,aminmallik0247,70476454701.0,babulahaemd
58471895624.0,,,0.0,58471895624.0,aminmallik0247,63467193049.0,loveridgemia
58471895624.0,,,0.0,58471895624.0,aminmallik0247,70737503315.0,rayray.creates.empires__
58471895624.0,,,0.0,58471895624.0,aminmallik0247,63770039611.0,tinaphak
58471895624.0,,,0.0,58471895624.0,aminmallik0247,69530616876.0,tammisheafer
58471895624.0,,,0.0,58471895624.0,aminmallik0247,70813745500.0,sarvesahpandey
58471895624.0,,,0.0,58471895624.0,aminmallik0247,39944409685.0,alicia.lezcano.543
58471895624.0,,,0.0,58471895624.0,aminmallik0247,68966786871.0,landalins
58471895624.0,,,0.0,58471895624.0,aminmallik0247,67328277333.0,narulchol
58471895624.0,,,0.0,58471895624.0,aminmallik0247,6964706067.0,meraats
58471895624.0,,,0.0,58471895624.0,aminmallik0247,67163071248.0,lucasroman.mloka
70407923839.0,,,0.0,70407923839.0,uddienmdhelal,70737503315.0,rayray.creates.empires__
71067222000.0,,,0.0,71067222000.0,bhushanram771,58744194364.0,nagidaleepsingh
69402940983.0,,,0.0,69402940983.0,fajlul2724,70265122497.0,znatnaiatarahnova
69402940983.0,,,0.0,69402940983.0,fajlul2724,63467193049.0,loveridgemia
69402940983.0,,,0.0,69402940983.0,fajlul2724,69530616876.0,tammisheafer
69402940983.0,,,0.0,69402940983.0,fajlul2724,70418019161.0,spyridont
69402940983.0,,,0.0,69402940983.0,fajlul2724,70813745500.0,sarvesahpandey
63479518145.0,,,0.0,63479518145.0,jaewsorasak,63079179568.0,allahbaksh.shaik
63479518145.0,,,0.0,63479518145.0,jaewsorasak,65769316249.0,michaelcere2
63479518145.0,,,0.0,63479518145.0,jaewsorasak,71449903846.0,weitcinfogmail.com5
63479518145.0,,,0.0,63479518145.0,jaewsorasak,70288773759.0,jurandirpinheirodecastro
63479518145.0,,,0.0,63479518145.0,jaewsorasak,70608591801.0,johnbosco6140
63479518145.0,,,0.0,63479518145.0,jaewsorasak,70256535001.0,skaru.morocco
63479518145.0,,,0.0,63479518145.0,jaewsorasak,70428950709.0,sabioukounda5
63479518145.0,,,0.0,63479518145.0,jaewsorasak,41559281922.0,prasenjit8852
63479518145.0,,,0.0,63479518145.0,jaewsorasak,70476454701.0,babulahaemd
63479518145.0,,,0.0,63479518145.0,jaewsorasak,70723393598.0,jose_joaquincifuentes_30263377
63479518145.0,,,0.0,63479518145.0,jaewsorasak,66802467058.0,maria_ilza_s_7495
63479518145.0,,,0.0,63479518145.0,jaewsorasak,70813745500.0,sarvesahpandey
63035809052.0,,,0.0,63035809052.0,walte.r9876,65769316249.0,michaelcere2
63035809052.0,,,0.0,63035809052.0,walte.r9876,70737503315.0,rayray.creates.empires__
63035809052.0,,,0.0,63035809052.0,walte.r9876,69761072734.0,dianapatriciacortesgarcia
65106716571.0,,,0.0,65106716571.0,iracemavalentim6,71159793401.0,gaspareduardocastrochavez
65106716571.0,,,0.0,65106716571.0,iracemavalentim6,70428950709.0,sabioukounda5
65106716571.0,,,0.0,65106716571.0,iracemavalentim6,70476454701.0,babulahaemd
65106716571.0,,,0.0,65106716571.0,iracemavalentim6,70723393598.0,jose_joaquincifuentes_30263377
65106716571.0,,,0.0,65106716571.0,iracemavalentim6,4862766925.0,rebecca.beccaa6
65106716571.0,,,0.0,65106716571.0,iracemavalentim6,67609993295.0,nazirkh81
65106716571.0,,,0.0,65106716571.0,iracemavalentim6,58471895624.0,aminmallik0247
65106716571.0,,,0.0,65106716571.0,iracemavalentim6,70813745500.0,sarvesahpandey
65106716571.0,,,0.0,65106716571.0,iracemavalentim6,63020400266.0,mariadelurdestorrs
42739953736.0,,,0.0,42739953736.0,yimchanty,49683750140.0,tellz2021
42739953736.0,,,0.0,42739953736.0,yimchanty,70265122497.0,znatnaiatarahnova
42739953736.0,,,0.0,42739953736.0,yimchanty,63467193049.0,loveridgemia
42739953736.0,,,0.0,42739953736.0,yimchanty,67328277333.0,narulchol
42739953736.0,,,0.0,42739953736.0,yimchanty,70813745500.0,sarvesahpandey
42739953736.0,,,0.0,42739953736.0,yimchanty,57851373972.0,zendenise
8017578585.0,,,0.0,8017578585.0,olgamercedesguzmanlu,71540048970.0,sissoko9541
63388075700.0,,,0.0,63388075700.0,m.chayita7,65769316249.0,michaelcere2
63388075700.0,,,0.0,63388075700.0,m.chayita7,66419233057.0,hasan_ahammad54
63388075700.0,,,0.0,63388075700.0,m.chayita7,59234268915.0,jabarm9
56671470706.0,,,0.0,56671470706.0,maxamuud.shariifo,1671663943.0,anahrtica
56671470706.0,,,0.0,56671470706.0,maxamuud.shariifo,63467193049.0,loveridgemia
56671470706.0,,,0.0,56671470706.0,maxamuud.shariifo,68320876692.0,sukumarthella
56671470706.0,,,0.0,56671470706.0,maxamuud.shariifo,66802467058.0,maria_ilza_s_7495
2200209011.0,,,0.0,2200209011.0,brunetareinert,63253801380.0,bonnieir1
59932569499.0,,,0.0,59932569499.0,bittadhariwal,68966786871.0,landalins
69619539428.0,,,0.0,69619539428.0,alta.f1954hussain,70428950709.0,sabioukounda5
69619539428.0,,,0.0,69619539428.0,alta.f1954hussain,45155443571.0,pattanaikgmail.comjanmejay
63467193049.0,,,0.0,63467193049.0,loveridgemia,71554572649.0,jindagikorachana
63467193049.0,,,0.0,63467193049.0,loveridgemia,68040653277.0,yalengkatudiken
63467193049.0,,,0.0,63467193049.0,loveridgemia,18180349537.0,franciscogomes604
63467193049.0,,,0.0,63467193049.0,loveridgemia,66419233057.0,hasan_ahammad54
63467193049.0,,,0.0,63467193049.0,loveridgemia,58471895624.0,aminmallik0247
63467193049.0,,,0.0,63467193049.0,loveridgemia,70737503315.0,rayray.creates.empires__
63467193049.0,,,0.0,63467193049.0,loveridgemia,63401451918.0,pastoranoaderamos
63467193049.0,,,0.0,63467193049.0,loveridgemia,70801981820.0,stoicheadaurelius
63467193049.0,,,0.0,63467193049.0,loveridgemia,56671470706.0,maxamuud.shariifo
63467193049.0,,,0.0,63467193049.0,loveridgemia,70923102028.0,imran__afridi
63467193049.0,,,0.0,63467193049.0,loveridgemia,61699787039.0,sudhakarsharma3415
64081402603.0,,,0.0,64081402603.0,megmel.gringo,63877694809.0,gigi_studio_beverly_hills
31808638481.0,,,0.0,31808638481.0,bucheleraquel,70723393598.0,jose_joaquincifuentes_30263377
2288848552.0,,,0.0,2288848552.0,gnld_golden_neolife_nutriance,66282406526.0,dovigoelisabetta
56121313110.0,,,0.0,56121313110.0,rosethompson7204,17061418540.0,filipe.machado886102030.30501
53045441970.0,,,0.0,53045441970.0,amiramehmedagic34,69854797938.0,judykaykotter
53045441970.0,,,0.0,53045441970.0,amiramehmedagic34,59234268915.0,jabarm9
1742520645.0,,,0.0,1742520645.0,fx__fabio123,70428950709.0,sabioukounda5
51209082392.0,,,0.0,51209082392.0,suelicosta5426,66802467058.0,maria_ilza_s_7495
51209082392.0,,,0.0,51209082392.0,suelicosta5426,70428950709.0,sabioukounda5
1533560775.0,,,0.0,1533560775.0,mariah.graca.3,66802467058.0,maria_ilza_s_7495
5803238807.0,,,0.0,5803238807.0,klimovichnadia,69490797365.0,kopplerbernd
60128446097.0,,,0.0,60128446097.0,doguiauster,69406324948.0,mupherfoundation
70686918941.0,,,0.0,70686918941.0,nathalysgabrielamedina,70428950709.0,sabioukounda5
70686918941.0,,,0.0,70686918941.0,nathalysgabrielamedina,70723393598.0,jose_joaquincifuentes_30263377
66282406526.0,,,0.0,66282406526.0,dovigoelisabetta,52398678990.0,pawelflur
66282406526.0,,,0.0,66282406526.0,dovigoelisabetta,2288848552.0,gnld_golden_neolife_nutriance
66282406526.0,,,0.0,66282406526.0,dovigoelisabetta,5387917005.0,annamariamourabrasil
56107982667.0,,,0.0,56107982667.0,zfogarassi,70594159802.0,sohanour5186
56107982667.0,,,0.0,56107982667.0,zfogarassi,2911595276.0,sandracristinal1234
21651856946.0,,,0.0,21651856946.0,soniaalves5050,69372245873.0,programaerevistacostume
21651856946.0,,,0.0,21651856946.0,soniaalves5050,66802467058.0,maria_ilza_s_7495
49762318430.0,,,0.0,49762318430.0,nogodnogod,70723393598.0,jose_joaquincifuentes_30263377
5539072985.0,,,0.0,5539072985.0,vannguyen1296,69043119902.0,logicalwonderz
68279330460.0,,,0.0,68279330460.0,andreaclahar96,70652479635.0,6637_fred
1653203180.0,,,0.0,1653203180.0,markycash,71129915488.0,elon_musk_tesla_1078
70509506947.0,,,0.0,70509506947.0,jennyjive24,70256535001.0,skaru.morocco
70509506947.0,,,0.0,70509506947.0,jennyjive24,54644870641.0,rbkhps
54286732836.0,,,0.0,54286732836.0,a.jafari1186,63778044865.0,miyoshi3951
68854951095.0,,,0.0,68854951095.0,fawadmustafa285,59234268915.0,jabarm9
9671462452.0,,,0.0,9671462452.0,viniciusroberto802,57624046113.0,aslamiashag
67597186795.0,,,0.0,67597186795.0,des.ireeperez714,70509705264.0,antaripmitri
65567102325.0,,,0.0,65567102325.0,nieves_yusmaira,59234268915.0,jabarm9
61233371494.0,,,0.0,61233371494.0,borodiakeroni,71129915488.0,elon_musk_tesla_1078
71151712358.0,,,0.0,71151712358.0,tarka.abdelaziz,70509705264.0,antaripmitri
71151712358.0,,,0.0,71151712358.0,tarka.abdelaziz,70428950709.0,sabioukounda5
71053996304.0,,,0.0,71053996304.0,kolodieterezinha,69372245873.0,programaerevistacostume
47716501549.0,,,0.0,47716501549.0,majimbunjasonja,65769316249.0,michaelcere2
71281023931.0,,,0.0,71281023931.0,tesema902,1462498861.0,rambod385
69069674155.0,,,0.0,69069674155.0,c.ktripathi,70288773759.0,jurandirpinheirodecastro
53373013129.0,,,0.0,53373013129.0,josedossantosfilho446,57624046113.0,aslamiashag
71129915488.0,,,0.0,71129915488.0,elon_musk_tesla_1078,68355555840.0,fidelespatriciaalvespacheco
71129915488.0,,,0.0,71129915488.0,elon_musk_tesla_1078,71575768963.0,mimundoymicielo
13244315744.0,,,0.0,13244315744.0,antonioemanuelgouveia,66358656529.0,marinelaana5
13244315744.0,,,0.0,13244315744.0,antonioemanuelgouveia,68342479229.0,mdnasiruddin.uddin.3762
13244315744.0,,,0.0,13244315744.0,antonioemanuelgouveia,70813745500.0,sarvesahpandey
66261476160.0,,,0.0,66261476160.0,hunghidalgo,67328277333.0,narulchol
57232725177.0,,,0.0,57232725177.0,goli.8398,71159793401.0,gaspareduardocastrochavez
57232725177.0,,,0.0,57232725177.0,goli.8398,63401451918.0,pastoranoaderamos
52920773020.0,,,0.0,52920773020.0,raheenasaif_,70476454701.0,babulahaemd
52920773020.0,,,0.0,52920773020.0,raheenasaif_,63467193049.0,loveridgemia
68826530514.0,,,0.0,68826530514.0,ederlucircagliari,70737503315.0,rayray.creates.empires__
69732116390.0,,,0.0,69732116390.0,elon_musk4586,66853875606.0,selvin_rios6
69076590580.0,,,0.0,69076590580.0,hpirakov,67609993295.0,nazirkh81
59234268915.0,,,0.0,59234268915.0,jabarm9,58744194364.0,nagidaleepsingh
58442644560.0,,,0.0,58442644560.0,chinhthuc.tran.10,52398678990.0,pawelflur
70509705264.0,,,0.0,70509705264.0,antaripmitri,67317127308.0,subhashisdeb934
70509705264.0,,,0.0,70509705264.0,antaripmitri,70256535001.0,skaru.morocco
67945269193.0,,,0.0,67945269193.0,baker_chassidy,63317505259.0,mykolasoo
65083029399.0,,,0.0,65083029399.0,serat.khan.969,69813527072.0,mhshmmhmdbdlzyz
65083029399.0,,,0.0,65083029399.0,serat.khan.969,63401451918.0,pastoranoaderamos
1947905472.0,,,0.0,1947905472.0,ohgod55,70140813937.0,leonilaalvesb
1947905472.0,,,0.0,1947905472.0,ohgod55,71329239642.0,nudgatatianaicloud.com.2
2278319012.0,,,0.0,2278319012.0,galina5061,65146150326.0,matchitchafene
70594159802.0,,,0.0,70594159802.0,sohanour5186,69076590580.0,hpirakov
63020400266.0,,,0.0,63020400266.0,mariadelurdestorrs,62557004081.0,ansarimarmar
62248004804.0,,,0.0,62248004804.0,isakson_pamela,70652479635.0,6637_fred
62248004804.0,,,0.0,62248004804.0,isakson_pamela,66419233057.0,hasan_ahammad54
62248004804.0,,,0.0,62248004804.0,isakson_pamela,63479518145.0,jaewsorasak
3319204810.0,,,0.0,3319204810.0,lous8205,11584458762.0,rshoskins2019
54278725721.0,,,0.0,54278725721.0,reginabarcelosdepaivafernandes,70509705264.0,antaripmitri
68477512252.0,,,0.0,68477512252.0,pawan7876735933,69817564805.0,wisnusetiawan990
68477512252.0,,,0.0,68477512252.0,pawan7876735933,9203593795.0,pa.rminder2
58610533452.0,,,0.0,58610533452.0,katy.magi,65769316249.0,michaelcere2
57256117549.0,,,0.0,57256117549.0,jacormal_,70594159802.0,sohanour5186
57256117549.0,,,0.0,57256117549.0,jacormal_,71129915488.0,elon_musk_tesla_1078
69406324948.0,,,0.0,69406324948.0,mupherfoundation,60128446097.0,doguiauster
392920584.0,,,0.0,392920584.0,moraviahernandez,228953329.0,francelinabarcelos
70723393598.0,,,0.0,70723393598.0,jose_joaquincifuentes_30263377,71554572649.0,jindagikorachana
70723393598.0,,,0.0,70723393598.0,jose_joaquincifuentes_30263377,70608591801.0,johnbosco6140
70723393598.0,,,0.0,70723393598.0,jose_joaquincifuentes_30263377,70923102028.0,imran__afridi
70723393598.0,,,0.0,70723393598.0,jose_joaquincifuentes_30263377,61233371494.0,borodiakeroni
70723393598.0,,,0.0,70723393598.0,jose_joaquincifuentes_30263377,70140813937.0,leonilaalvesb
26796861465.0,,,0.0,26796861465.0,jsunnyowuna,69813527072.0,mhshmmhmdbdlzyz
68985808874.0,,,0.0,68985808874.0,shohagkhondokhar,70813745500.0,sarvesahpandey
69817564805.0,,,0.0,69817564805.0,wisnusetiawan990,68477512252.0,pawan7876735933
69817564805.0,,,0.0,69817564805.0,wisnusetiawan990,67452699565.0,beverlybell3052
64037974277.0,,,0.0,64037974277.0,darcicarvalho05,71575768963.0,mimundoymicielo
64037974277.0,,,0.0,64037974277.0,darcicarvalho05,61233371494.0,borodiakeroni
64037974277.0,,,0.0,64037974277.0,darcicarvalho05,70723393598.0,jose_joaquincifuentes_30263377
64037974277.0,,,0.0,64037974277.0,darcicarvalho05,68966786871.0,landalins
62832052189.0,,,0.0,62832052189.0,mdmonoarulislammukul,67317127308.0,subhashisdeb934
62832052189.0,,,0.0,62832052189.0,mdmonoarulislammukul,69373713057.0,marlenebezerra586
62832052189.0,,,0.0,62832052189.0,mdmonoarulislammukul,3691961285.0,valgeo2014
62832052189.0,,,0.0,62832052189.0,mdmonoarulislammukul,64288716421.0,keshae_singh_dhabas
62832052189.0,,,0.0,62832052189.0,mdmonoarulislammukul,64605495809.0,elek_natures_world
62832052189.0,,,0.0,62832052189.0,mdmonoarulislammukul,63374341688.0,jandrucci
6233857253.0,,,0.0,6233857253.0,azeddin_ali,45041135450.0,logambal10
70220840258.0,,,0.0,70220840258.0,akhitara3301,45041135450.0,logambal10
70220840258.0,,,0.0,70220840258.0,akhitara3301,68966786871.0,landalins
70220840258.0,,,0.0,70220840258.0,akhitara3301,4862766925.0,rebecca.beccaa6
70220840258.0,,,0.0,70220840258.0,akhitara3301,70813745500.0,sarvesahpandey
66419233057.0,,,0.0,66419233057.0,hasan_ahammad54,70257795632.0,safiakhann648
66419233057.0,,,0.0,66419233057.0,hasan_ahammad54,70256535001.0,skaru.morocco
66419233057.0,,,0.0,66419233057.0,hasan_ahammad54,70594159802.0,sohanour5186
66419233057.0,,,0.0,66419233057.0,hasan_ahammad54,69511918792.0,mbyepes55
66419233057.0,,,0.0,66419233057.0,hasan_ahammad54,63467193049.0,loveridgemia
66419233057.0,,,0.0,66419233057.0,hasan_ahammad54,63401451918.0,pastoranoaderamos
66419233057.0,,,0.0,66419233057.0,hasan_ahammad54,22667174985.0,marsouzad
66419233057.0,,,0.0,66419233057.0,hasan_ahammad54,62557004081.0,ansarimarmar
66419233057.0,,,0.0,66419233057.0,hasan_ahammad54,68966786871.0,landalins
66419233057.0,,,0.0,66419233057.0,hasan_ahammad54,58471895624.0,aminmallik0247
66419233057.0,,,0.0,66419233057.0,hasan_ahammad54,3993184331.0,andrea.artico.costa
66419233057.0,,,0.0,66419233057.0,hasan_ahammad54,70652479635.0,6637_fred
66419233057.0,,,0.0,66419233057.0,hasan_ahammad54,70813745500.0,sarvesahpandey
66419233057.0,,,0.0,66419233057.0,hasan_ahammad54,66817662040.0,valdineia.maria.5070
66419233057.0,,,0.0,66419233057.0,hasan_ahammad54,63427551800.0,rhukow
66419233057.0,,,0.0,66419233057.0,hasan_ahammad54,66987630172.0,vagbacagja
69551613112.0,,,0.0,69551613112.0,8433.faiz,70652479635.0,6637_fred
69551613112.0,,,0.0,69551613112.0,8433.faiz,70813745500.0,sarvesahpandey
52101294178.0,,,0.0,52101294178.0,yousry1180,70140813937.0,leonilaalvesb
52101294178.0,,,0.0,52101294178.0,yousry1180,68966786871.0,landalins
11433956313.0,,,0.0,11433956313.0,mandana485,68863046556.0,abelrojas_15
11433956313.0,,,0.0,11433956313.0,mandana485,70095401216.0,roseliaparecidadepadua
61892298745.0,,,0.0,61892298745.0,brooksgirl_,70188135803.0,anjali_kumari_6309030
63763433077.0,,,0.0,63763433077.0,rey.zaldivar,66727891199.0,thevinesartmarket
63763433077.0,,,0.0,63763433077.0,rey.zaldivar,61455488381.0,loriannyde.jesus
63401451918.0,,,0.0,63401451918.0,pastoranoaderamos,58726322469.0,henry_tipster_bet365
63401451918.0,,,0.0,63401451918.0,pastoranoaderamos,68237814924.0,asrafali6899
63401451918.0,,,0.0,63401451918.0,pastoranoaderamos,70288773759.0,jurandirpinheirodecastro
63401451918.0,,,0.0,63401451918.0,pastoranoaderamos,71053996304.0,kolodieterezinha
63401451918.0,,,0.0,63401451918.0,pastoranoaderamos,67317127308.0,subhashisdeb934
63401451918.0,,,0.0,63401451918.0,pastoranoaderamos,70509705264.0,antaripmitri
63401451918.0,,,0.0,63401451918.0,pastoranoaderamos,68040653277.0,yalengkatudiken
63401451918.0,,,0.0,63401451918.0,pastoranoaderamos,70476454701.0,babulahaemd
63401451918.0,,,0.0,63401451918.0,pastoranoaderamos,65769316249.0,michaelcere2
63401451918.0,,,0.0,63401451918.0,pastoranoaderamos,70257795632.0,safiakhann648
63401451918.0,,,0.0,63401451918.0,pastoranoaderamos,47711926529.0,ajoykumarkanu
63401451918.0,,,0.0,63401451918.0,pastoranoaderamos,70428950709.0,sabioukounda5
63401451918.0,,,0.0,63401451918.0,pastoranoaderamos,66419233057.0,hasan_ahammad54
63401451918.0,,,0.0,63401451918.0,pastoranoaderamos,63467193049.0,loveridgemia
63401451918.0,,,0.0,63401451918.0,pastoranoaderamos,53373013129.0,josedossantosfilho446
63401451918.0,,,0.0,63401451918.0,pastoranoaderamos,5705192528.0,aghbalshiran
63401451918.0,,,0.0,63401451918.0,pastoranoaderamos,67346592274.0,carla_eduarda_oficial
63401451918.0,,,0.0,63401451918.0,pastoranoaderamos,70652479635.0,6637_fred
63401451918.0,,,0.0,63401451918.0,pastoranoaderamos,67575785723.0,kharitastos
63401451918.0,,,0.0,63401451918.0,pastoranoaderamos,70813745500.0,sarvesahpandey
63401451918.0,,,0.0,63401451918.0,pastoranoaderamos,66358656529.0,marinelaana5
63401451918.0,,,0.0,63401451918.0,pastoranoaderamos,69019953205.0,jaoobatista.correa
63401451918.0,,,0.0,63401451918.0,pastoranoaderamos,54102668127.0,marialuciaescamez
63401451918.0,,,0.0,63401451918.0,pastoranoaderamos,69813527072.0,mhshmmhmdbdlzyz
42166945452.0,,,0.0,42166945452.0,maria_marques_melo,69571172364.0,jafar.hoseinzade
57154311674.0,,,0.0,57154311674.0,chantalborelf,58744194364.0,nagidaleepsingh
57154311674.0,,,0.0,57154311674.0,chantalborelf,64422604294.0,lawrencey7020
57154311674.0,,,0.0,57154311674.0,chantalborelf,70813745500.0,sarvesahpandey
57154311674.0,,,0.0,57154311674.0,chantalborelf,56905666078.0,schantalborel57
22729987224.0,,,0.0,22729987224.0,hungry_8088,52398678990.0,pawelflur
68897811224.0,,,0.0,68897811224.0,fazlul603,68966786871.0,landalins
67797421197.0,,,0.0,67797421197.0,madeliabinti,70476454701.0,babulahaemd
67797421197.0,,,0.0,67797421197.0,madeliabinti,825195706.0,s_vilanitavares
66940883728.0,,,0.0,66940883728.0,joycekarennelson,71329239642.0,nudgatatianaicloud.com.2
66940883728.0,,,0.0,66940883728.0,joycekarennelson,18364474827.0,vijaykumr.kkr
66940883728.0,,,0.0,66940883728.0,joycekarennelson,67452699565.0,beverlybell3052
66940883728.0,,,0.0,66940883728.0,joycekarennelson,66802467058.0,maria_ilza_s_7495
66940883728.0,,,0.0,66940883728.0,joycekarennelson,71105608521.0,ashleytaylorb_fan_page
66940883728.0,,,0.0,66940883728.0,joycekarennelson,71566399048.0,aysuliw2486
66940883728.0,,,0.0,66940883728.0,joycekarennelson,71540048970.0,sissoko9541
66940883728.0,,,0.0,66940883728.0,joycekarennelson,70428950709.0,sabioukounda5
66940883728.0,,,0.0,66940883728.0,joycekarennelson,67797421197.0,madeliabinti
66940883728.0,,,0.0,66940883728.0,joycekarennelson,69035067873.0,15.289726
70660707178.0,,,0.0,70660707178.0,rafaeldiaz7933,65769316249.0,michaelcere2
4911501388.0,,,0.0,4911501388.0,soniatakiguchi,71449903846.0,weitcinfogmail.com5
4911501388.0,,,0.0,4911501388.0,soniatakiguchi,65769316249.0,michaelcere2
17762728126.0,,,0.0,17762728126.0,brigidasantosmarcheski,8675030473.0,educilibanori
7566549735.0,,,0.0,7566549735.0,verissimoelisete,65769316249.0,michaelcere2
7566549735.0,,,0.0,7566549735.0,verissimoelisete,70813745500.0,sarvesahpandey
69410972845.0,,,0.0,69410972845.0,astralianto2024,69038640659.0,james.norray
69410972845.0,,,0.0,69410972845.0,astralianto2024,51613172940.0,penacynthia15
31079015636.0,,,0.0,31079015636.0,izaura.silva.98871,70652479635.0,6637_fred
69040017971.0,,,0.0,69040017971.0,nimra.shan.733,71105608521.0,ashleytaylorb_fan_page
3683002483.0,,,0.0,3683002483.0,niliagiuffrida,70652479635.0,6637_fred
68799031279.0,,,0.0,68799031279.0,spyrostamilias,65769316249.0,michaelcere2
47389761153.0,,,0.0,47389761153.0,bella2019164,66802467058.0,maria_ilza_s_7495
19519134739.0,,,0.0,19519134739.0,petrus_adi_utomo,66358656529.0,marinelaana5
70652479635.0,,,0.0,70652479635.0,6637_fred,35198896461.0,zahidhkhan369
70652479635.0,,,0.0,70652479635.0,6637_fred,54278725721.0,reginabarcelosdepaivafernandes
70652479635.0,,,0.0,70652479635.0,6637_fred,31079015636.0,izaura.silva.98871
70652479635.0,,,0.0,70652479635.0,6637_fred,63479518145.0,jaewsorasak
70652479635.0,,,0.0,70652479635.0,6637_fred,67891290229.0,mpamelasalazar
70652479635.0,,,0.0,70652479635.0,6637_fred,58471895624.0,aminmallik0247
70652479635.0,,,0.0,70652479635.0,6637_fred,68342479229.0,mdnasiruddin.uddin.3762
70652479635.0,,,0.0,70652479635.0,6637_fred,70140813937.0,leonilaalvesb
70652479635.0,,,0.0,70652479635.0,6637_fred,57232725177.0,goli.8398
70652479635.0,,,0.0,70652479635.0,6637_fred,56780576492.0,mimicalles17
69035067873.0,,,0.0,69035067873.0,15.289726,70428950709.0,sabioukounda5
15483153521.0,,,0.0,15483153521.0,lisnootech,70652479635.0,6637_fred
528619051.0,,,0.0,528619051.0,rosaelena1301,70652479635.0,6637_fred
528619051.0,,,0.0,528619051.0,rosaelena1301,68966786871.0,landalins
63157181953.0,,,0.0,63157181953.0,tcvvramana1967,70813745500.0,sarvesahpandey
68863046556.0,,,0.0,68863046556.0,abelrojas_15,70652479635.0,6637_fred
66358656529.0,,,0.0,66358656529.0,marinelaana5,58471895624.0,aminmallik0247
66358656529.0,,,0.0,66358656529.0,marinelaana5,70813745500.0,sarvesahpandey
66358656529.0,,,0.0,66358656529.0,marinelaana5,19519134739.0,petrus_adi_utomo
66358656529.0,,,0.0,66358656529.0,marinelaana5,68592595018.0,tavarespacola
52644244545.0,,,0.0,52644244545.0,bonbon1961_,69813527072.0,mhshmmhmdbdlzyz
52644244545.0,,,0.0,52644244545.0,bonbon1961_,70652479635.0,6637_fred
61699787039.0,,,0.0,61699787039.0,sudhakarsharma3415,63467193049.0,loveridgemia
59113454615.0,,,0.0,59113454615.0,pawlowski.sandy,69019953205.0,jaoobatista.correa
59113454615.0,,,0.0,59113454615.0,pawlowski.sandy,69681848802.0,leptir1313
70231939394.0,,,0.0,70231939394.0,chameleon.639650,69500731739.0,amlaqalif
58840023766.0,,,0.0,58840023766.0,marilucia.resende,66262107149.0,lucinhalua2
70852785504.0,,,0.0,70852785504.0,zafarqoziboyev,69672871286.0,priyankara.bandara.336
7780953411.0,,,0.0,7780953411.0,anagraham7,69049522318.0,aphollocapoeira
7780953411.0,,,0.0,7780953411.0,anagraham7,69740763232.0,sanjeewa_suranjith
70323188428.0,,,0.0,70323188428.0,arlindo_debrito,69886728470.0,shirleyaparecidasantos.silva
69672871286.0,,,0.0,69672871286.0,priyankara.bandara.336,70852785504.0,zafarqoziboyev
69886728470.0,,,0.0,69886728470.0,shirleyaparecidasantos.silva,70323188428.0,arlindo_debrito
54102668127.0,,,0.0,54102668127.0,marialuciaescamez,70723393598.0,jose_joaquincifuentes_30263377
69483628577.0,,,0.0,69483628577.0,marianeuzajeronymo,70813745500.0,sarvesahpandey
52625030729.0,,,0.0,52625030729.0,mirianytan,69813527072.0,mhshmmhmdbdlzyz
52625030729.0,,,0.0,52625030729.0,mirianytan,68966786871.0,landalins
16005514891.0,,,0.0,16005514891.0,otaviobravofilho,70723393598.0,jose_joaquincifuentes_30263377
16005514891.0,,,0.0,16005514891.0,otaviobravofilho,70476454701.0,babulahaemd
16005514891.0,,,0.0,16005514891.0,otaviobravofilho,63467193049.0,loveridgemia
7029421697.0,,,0.0,7029421697.0,monicaaparecida5658,66358656529.0,marinelaana5
7029421697.0,,,0.0,7029421697.0,monicaaparecida5658,69813527072.0,mhshmmhmdbdlzyz
5576741299.0,,,0.0,5576741299.0,teka2433,70140813937.0,leonilaalvesb
65769316249.0,,,0.0,65769316249.0,michaelcere2,71540048970.0,sissoko9541
65769316249.0,,,0.0,65769316249.0,michaelcere2,8675030473.0,educilibanori
65769316249.0,,,0.0,65769316249.0,michaelcere2,70723393598.0,jose_joaquincifuentes_30263377
65769316249.0,,,0.0,65769316249.0,michaelcere2,18364474827.0,vijaykumr.kkr
65769316249.0,,,0.0,65769316249.0,michaelcere2,69387594042.0,zina_ars.kodz
65769316249.0,,,0.0,65769316249.0,michaelcere2,71281023931.0,tesema902
57851373972.0,,,0.0,57851373972.0,zendenise,66802467058.0,maria_ilza_s_7495
68966786871.0,,,0.0,68966786871.0,landalins,65725662312.0,ofelia.francisco.526
51037478024.0,,,0.0,51037478024.0,s.torresangelina,18364474827.0,vijaykumr.kkr
47711926529.0,,,0.0,47711926529.0,ajoykumarkanu,63401451918.0,pastoranoaderamos
61763571455.0,,,0.0,61763571455.0,carlosholmesrestrepogray,66817662040.0,valdineia.maria.5070
69022129724.0,,,0.0,69022129724.0,bancroft.lily,69813527072.0,mhshmmhmdbdlzyz
68815924577.0,,,0.0,68815924577.0,irissouza2189,68342479229.0,mdnasiruddin.uddin.3762
68815924577.0,,,0.0,68815924577.0,irissouza2189,58471895624.0,aminmallik0247
69019953205.0,,,0.0,69019953205.0,jaoobatista.correa,69571172364.0,jafar.hoseinzade
69019953205.0,,,0.0,69019953205.0,jaoobatista.correa,3002154553.0,helenadudas
69019953205.0,,,0.0,69019953205.0,jaoobatista.correa,67328277333.0,narulchol
69019953205.0,,,0.0,69019953205.0,jaoobatista.correa,66817662040.0,valdineia.maria.5070
58514059277.0,,,0.0,58514059277.0,thanhhuynh6663,68966786871.0,landalins
7597968509.0,,,0.0,7597968509.0,rosana_marconde,65769316249.0,michaelcere2
7597968509.0,,,0.0,7597968509.0,rosana_marconde,70476454701.0,babulahaemd
7597968509.0,,,0.0,7597968509.0,rosana_marconde,50318077543.0,maria.marly55
1315429453.0,,,0.0,1315429453.0,graca_inacio_manuel__calaonga,65769316249.0,michaelcere2
1315429453.0,,,0.0,1315429453.0,graca_inacio_manuel__calaonga,70813745500.0,sarvesahpandey
1315429453.0,,,0.0,1315429453.0,graca_inacio_manuel__calaonga,62832052189.0,mdmonoarulislammukul
1315429453.0,,,0.0,1315429453.0,graca_inacio_manuel__calaonga,69665992147.0,bdwrhmnrhymy
1315429453.0,,,0.0,1315429453.0,graca_inacio_manuel__calaonga,56780576492.0,mimicalles17
1315429453.0,,,0.0,1315429453.0,graca_inacio_manuel__calaonga,67328277333.0,narulchol
68342479229.0,,,0.0,68342479229.0,mdnasiruddin.uddin.3762,69813527072.0,mhshmmhmdbdlzyz
68342479229.0,,,0.0,68342479229.0,mdnasiruddin.uddin.3762,68237814924.0,asrafali6899
68342479229.0,,,0.0,68342479229.0,mdnasiruddin.uddin.3762,70813745500.0,sarvesahpandey
66352339028.0,,,0.0,66352339028.0,zapatazr,70900752419.0,givaneigranjade
5588084318.0,,,0.0,5588084318.0,darcymeinlschmiedt,70256535001.0,skaru.morocco
5653545174.0,,,0.0,5653545174.0,rosalina3942,68826766408.0,mg.santanasp
5625333930.0,,,0.0,5625333930.0,gimariolive,65769316249.0,michaelcere2
2911595276.0,,,0.0,2911595276.0,sandracristinal1234,69813527072.0,mhshmmhmdbdlzyz
2911595276.0,,,0.0,2911595276.0,sandracristinal1234,70813745500.0,sarvesahpandey
2911595276.0,,,0.0,2911595276.0,sandracristinal1234,71159793401.0,gaspareduardocastrochavez
2911595276.0,,,0.0,2911595276.0,sandracristinal1234,1315429453.0,graca_inacio_manuel__calaonga
2911595276.0,,,0.0,2911595276.0,sandracristinal1234,70428950709.0,sabioukounda5
58744194364.0,,,0.0,58744194364.0,nagidaleepsingh,71067222000.0,bhushanram771
60855673685.0,,,0.0,60855673685.0,denise_zen182,3711607584.0,normaalmenara
60855673685.0,,,0.0,60855673685.0,denise_zen182,56502163140.0,joaquina_pentecoste
60855673685.0,,,0.0,60855673685.0,denise_zen182,68966786871.0,landalins
64576822475.0,,,0.0,64576822475.0,hhadiza.isah3,54102668127.0,marialuciaescamez
33544453944.0,,,0.0,33544453944.0,zsuzsanna.keller56,68966786871.0,landalins
47563084602.0,,,0.0,47563084602.0,crisrodilina,70801981820.0,stoicheadaurelius
45155443571.0,,,0.0,45155443571.0,pattanaikgmail.comjanmejay,4469232020.0,reginaportelagoncalves
69555554683.0,,,0.0,69555554683.0,lqdrbwshmybd,49510196274.0,marilialinode
69490106433.0,,,0.0,69490106433.0,izauratrajanoaraujo,70743215657.0,fernandaaso1969
70095401216.0,,,0.0,70095401216.0,roseliaparecidadepadua,70813745500.0,sarvesahpandey
5426459048.0,,,0.0,5426459048.0,mjb4411,1315429453.0,graca_inacio_manuel__calaonga
5426459048.0,,,0.0,5426459048.0,mjb4411,70813745500.0,sarvesahpandey
1082141038.0,,,0.0,1082141038.0,farahdiva38,68966786871.0,landalins
67452699565.0,,,0.0,67452699565.0,beverlybell3052,70723393598.0,jose_joaquincifuentes_30263377
57783675046.0,,,0.0,57783675046.0,anna.hirmanovanina24,64711102791.0,city_night_photos
70140813937.0,,,0.0,70140813937.0,leonilaalvesb,60855673685.0,denise_zen182
68698676229.0,,,0.0,68698676229.0,babishehnaz,69500731739.0,amlaqalif
68698676229.0,,,0.0,68698676229.0,babishehnaz,51209082392.0,suelicosta5426
67328277333.0,,,0.0,67328277333.0,narulchol,65725662312.0,ofelia.francisco.526
69603523290.0,,,0.0,69603523290.0,euzamariabossaneli,71449903846.0,weitcinfogmail.com5
69603523290.0,,,0.0,69603523290.0,euzamariabossaneli,68237814924.0,asrafali6899
68918758807.0,,,0.0,68918758807.0,sa_mu_999_,69813527072.0,mhshmmhmdbdlzyz
69511918792.0,,,0.0,69511918792.0,mbyepes55,70428950709.0,sabioukounda5
69511918792.0,,,0.0,69511918792.0,mbyepes55,65769316249.0,michaelcere2
69511918792.0,,,0.0,69511918792.0,mbyepes55,47711926529.0,ajoykumarkanu
66728058565.0,,,0.0,66728058565.0,annaferrazz._,71053996304.0,kolodieterezinha
3317661025.0,,,0.0,3317661025.0,madelinegonzaga,68966786871.0,landalins
228953329.0,,,0.0,228953329.0,francelinabarcelos,69500731739.0,amlaqalif
228953329.0,,,0.0,228953329.0,francelinabarcelos,71443103854.0,maria.oliveira_60
8500406151.0,,,0.0,8500406151.0,eliii_suu,68109902162.0,elonreevesmusk__01
69445759690.0,,,0.0,69445759690.0,najafiromina2,45155443571.0,pattanaikgmail.comjanmejay
69445759690.0,,,0.0,69445759690.0,najafiromina2,68237814924.0,asrafali6899
69445759690.0,,,0.0,69445759690.0,najafiromina2,70813745500.0,sarvesahpandey
51613172940.0,,,0.0,51613172940.0,penacynthia15,61699787039.0,sudhakarsharma3415
65497610842.0,,,0.0,65497610842.0,mari.nespuhl,1671663943.0,anahrtica
67133315696.0,,,0.0,67133315696.0,karrinmarieleahy,70955476018.0,nodal.alfredo
1742183227.0,,,0.0,1742183227.0,dra.alvh,66016189508.0,gangqixing79lool
8675030473.0,,,0.0,8675030473.0,educilibanori,69402940983.0,fajlul2724
61236915564.0,,,0.0,61236915564.0,rcandidabatista,68237814924.0,asrafali6899
65599352095.0,,,0.0,65599352095.0,eriobrito,67543119288.0,debon_iclori8
65599352095.0,,,0.0,65599352095.0,eriobrito,56545485718.0,vlso60
68355555840.0,,,0.0,68355555840.0,fidelespatriciaalvespacheco,61233371494.0,borodiakeroni
68355555840.0,,,0.0,68355555840.0,fidelespatriciaalvespacheco,70723393598.0,jose_joaquincifuentes_30263377
68355555840.0,,,0.0,68355555840.0,fidelespatriciaalvespacheco,70476454701.0,babulahaemd
68355555840.0,,,0.0,68355555840.0,fidelespatriciaalvespacheco,71329239642.0,nudgatatianaicloud.com.2
68355555840.0,,,0.0,68355555840.0,fidelespatriciaalvespacheco,18364474827.0,vijaykumr.kkr
68320876692.0,,,0.0,68320876692.0,sukumarthella,68677833468.0,soofi.evaal
68836171404.0,,,0.0,68836171404.0,elmira.alvarado.5,70428950709.0,sabioukounda5
68836171404.0,,,0.0,68836171404.0,elmira.alvarado.5,70813745500.0,sarvesahpandey
18180349537.0,,,0.0,18180349537.0,franciscogomes604,63467193049.0,loveridgemia
4750389554.0,,,0.0,4750389554.0,verarosa2178,70476454701.0,babulahaemd
69373713057.0,,,0.0,69373713057.0,marlenebezerra586,62832052189.0,mdmonoarulislammukul
26280853330.0,,,0.0,26280853330.0,albertocesarh,68974532431.0,manojgowri45
26280853330.0,,,0.0,26280853330.0,albertocesarh,67346592274.0,carla_eduarda_oficial
26280853330.0,,,0.0,26280853330.0,albertocesarh,68966786871.0,landalins
26280853330.0,,,0.0,26280853330.0,albertocesarh,11319876693.0,marly2371
26280853330.0,,,0.0,26280853330.0,albertocesarh,3029592674.0,briantreber
26280853330.0,,,0.0,26280853330.0,albertocesarh,68219798137.0,28cdc8bd26
3002154553.0,,,0.0,3002154553.0,helenadudas,66802467058.0,maria_ilza_s_7495
3002154553.0,,,0.0,3002154553.0,helenadudas,68966786871.0,landalins
3002154553.0,,,0.0,3002154553.0,helenadudas,69019953205.0,jaoobatista.correa
57124087423.0,,,0.0,57124087423.0,reginaccmendes,62001294252.0,jnyaangiriibaabaa
11290471536.0,,,0.0,11290471536.0,mirineideslima,4750389554.0,verarosa2178
11290471536.0,,,0.0,11290471536.0,mirineideslima,68966786871.0,landalins
68677833468.0,,,0.0,68677833468.0,soofi.evaal,69681848802.0,leptir1313
68677833468.0,,,0.0,68677833468.0,soofi.evaal,68320876692.0,sukumarthella
68677833468.0,,,0.0,68677833468.0,soofi.evaal,51220530224.0,abdyrahman9288
68677833468.0,,,0.0,68677833468.0,soofi.evaal,39944409685.0,alicia.lezcano.543
68677833468.0,,,0.0,68677833468.0,soofi.evaal,68966786871.0,landalins
68677833468.0,,,0.0,68677833468.0,soofi.evaal,67543119288.0,debon_iclori8
68677833468.0,,,0.0,68677833468.0,soofi.evaal,62832052189.0,mdmonoarulislammukul
68677833468.0,,,0.0,68677833468.0,soofi.evaal,51613172940.0,penacynthia15
68677833468.0,,,0.0,68677833468.0,soofi.evaal,69505353886.0,gazianowar8
68677833468.0,,,0.0,68677833468.0,soofi.evaal,11319876693.0,marly2371
3887606632.0,,,0.0,3887606632.0,bithipatnaik,228953329.0,francelinabarcelos
3887606632.0,,,0.0,3887606632.0,bithipatnaik,62832052189.0,mdmonoarulislammukul
11319876693.0,,,0.0,11319876693.0,marly2371,70428950709.0,sabioukounda5
11319876693.0,,,0.0,11319876693.0,marly2371,68863046556.0,abelrojas_15
11319876693.0,,,0.0,11319876693.0,marly2371,69019953205.0,jaoobatista.correa
11319876693.0,,,0.0,11319876693.0,marly2371,66802467058.0,maria_ilza_s_7495
11319876693.0,,,0.0,11319876693.0,marly2371,51220530224.0,abdyrahman9288
11319876693.0,,,0.0,11319876693.0,marly2371,68966786871.0,landalins
11319876693.0,,,0.0,11319876693.0,marly2371,58471895624.0,aminmallik0247
825195706.0,,,0.0,825195706.0,s_vilanitavares,68966786871.0,landalins
825195706.0,,,0.0,825195706.0,s_vilanitavares,66264983765.0,tovasharov_nurbekjon
1987621692.0,,,0.0,1987621692.0,israelprado_oficial,64711102791.0,city_night_photos
67456740238.0,,,0.0,67456740238.0,toma__demchenko,71329239642.0,nudgatatianaicloud.com.2
67456740238.0,,,0.0,67456740238.0,toma__demchenko,67541639163.0,paduaroseli
67456740238.0,,,0.0,67456740238.0,toma__demchenko,68966786871.0,landalins
67456740238.0,,,0.0,67456740238.0,toma__demchenko,67328277333.0,narulchol
67456740238.0,,,0.0,67456740238.0,toma__demchenko,11319876693.0,marly2371
67456740238.0,,,0.0,67456740238.0,toma__demchenko,68883347165.0,prime_of_the_day
67456740238.0,,,0.0,67456740238.0,toma__demchenko,67478316306.0,lzlqjhdmhmd
67456740238.0,,,0.0,67456740238.0,toma__demchenko,67543119288.0,debon_iclori8
67456740238.0,,,0.0,67456740238.0,toma__demchenko,65053796070.0,sean.slick
67456740238.0,,,0.0,67456740238.0,toma__demchenko,56502163140.0,joaquina_pentecoste
67456740238.0,,,0.0,67456740238.0,toma__demchenko,3029592674.0,briantreber
56765421593.0,,,0.0,56765421593.0,falstinamaria,68966786871.0,landalins
56765421593.0,,,0.0,56765421593.0,falstinamaria,65545900347.0,selmajesus761
28321965036.0,,,0.0,28321965036.0,mukesh.premi.357,51220530224.0,abdyrahman9288
28321965036.0,,,0.0,28321965036.0,mukesh.premi.357,67541639163.0,paduaroseli
28321965036.0,,,0.0,28321965036.0,mukesh.premi.357,59845025372.0,sellam.nacer
28321965036.0,,,0.0,28321965036.0,mukesh.premi.357,3029592674.0,briantreber
66016189508.0,,,0.0,66016189508.0,gangqixing79lool,67163071248.0,lucasroman.mloka
66016189508.0,,,0.0,66016189508.0,gangqixing79lool,59655166384.0,ysmaelg.himbon
66016189508.0,,,0.0,66016189508.0,gangqixing79lool,63775452216.0,bigjimmyaura
66016189508.0,,,0.0,66016189508.0,gangqixing79lool,66430902627.0,blackdelflowrd
66016189508.0,,,0.0,66016189508.0,gangqixing79lool,3016411809.0,shree_sai_associates_s
66016189508.0,,,0.0,66016189508.0,gangqixing79lool,63070311372.0,tiffanypep
66016189508.0,,,0.0,66016189508.0,gangqixing79lool,63421381101.0,naeem_tuwar
66016189508.0,,,0.0,66016189508.0,gangqixing79lool,66755891744.0,tingeohginge
66016189508.0,,,0.0,66016189508.0,gangqixing79lool,65144227886.0,akanho_001
66016189508.0,,,0.0,66016189508.0,gangqixing79lool,66598730637.0,kyle_chiesa
66016189508.0,,,0.0,66016189508.0,gangqixing79lool,66984205682.0,reasntm
66016189508.0,,,0.0,66016189508.0,gangqixing79lool,66534712940.0,black_boutiquebb
66016189508.0,,,0.0,66016189508.0,gangqixing79lool,66344506599.0,herrymloge9575
66016189508.0,,,0.0,66016189508.0,gangqixing79lool,66508785180.0,2serendra_bgc
66016189508.0,,,0.0,66016189508.0,gangqixing79lool,64612237450.0,nuelkissbrown
66016189508.0,,,0.0,66016189508.0,gangqixing79lool,63434090607.0,shamimkhan.9
66016189508.0,,,0.0,66016189508.0,gangqixing79lool,64686650105.0,cidemar_faria
66016189508.0,,,0.0,66016189508.0,gangqixing79lool,66561421601.0,theinversecollection
66016189508.0,,,0.0,66016189508.0,gangqixing79lool,65548923826.0,bonnie_darco
66016189508.0,,,0.0,66016189508.0,gangqixing79lool,65413760638.0,x.xo0oxx
66016189508.0,,,0.0,66016189508.0,gangqixing79lool,64014191820.0,calmyourfarmgame
66016189508.0,,,0.0,66016189508.0,gangqixing79lool,65720003063.0,nse_j2x
66016189508.0,,,0.0,66016189508.0,gangqixing79lool,66323329775.0,hosein.abaseian.9
64888253133.0,,,0.0,64888253133.0,giovannacaropresoneves,69681848802.0,leptir1313
64888253133.0,,,0.0,64888253133.0,giovannacaropresoneves,39944409685.0,alicia.lezcano.543
64888253133.0,,,0.0,64888253133.0,giovannacaropresoneves,68966786871.0,landalins
64888253133.0,,,0.0,64888253133.0,giovannacaropresoneves,69019953205.0,jaoobatista.correa
64888253133.0,,,0.0,64888253133.0,giovannacaropresoneves,66802467058.0,maria_ilza_s_7495
64888253133.0,,,0.0,64888253133.0,giovannacaropresoneves,58471895624.0,aminmallik0247
64888253133.0,,,0.0,64888253133.0,giovannacaropresoneves,67456740238.0,toma__demchenko
64888253133.0,,,0.0,64888253133.0,giovannacaropresoneves,67543119288.0,debon_iclori8
64888253133.0,,,0.0,64888253133.0,giovannacaropresoneves,11319876693.0,marly2371
64888253133.0,,,0.0,64888253133.0,giovannacaropresoneves,59432355279.0,mariahalvesq
4946982164.0,,,0.0,4946982164.0,elizeu_sousa77sax,48311793937.0,leo_envelopamento_designer
4946982164.0,,,0.0,4946982164.0,elizeu_sousa77sax,59473230992.0,nataliabarbosadeaf
7115013093.0,,,0.0,7115013093.0,rozauravc2014,11319876693.0,marly2371
6335966954.0,,,0.0,6335966954.0,alinur8195,65720003063.0,nse_j2x
6335966954.0,,,0.0,6335966954.0,alinur8195,65669088982.0,treep_ng
6964706067.0,,,0.0,6964706067.0,meraats,66802467058.0,maria_ilza_s_7495
6964706067.0,,,0.0,6964706067.0,meraats,40585213973.0,sheriiuldashev
6964706067.0,,,0.0,6964706067.0,meraats,58471895624.0,aminmallik0247
6964706067.0,,,0.0,6964706067.0,meraats,69019953205.0,jaoobatista.correa
6964706067.0,,,0.0,6964706067.0,meraats,68974532431.0,manojgowri45
6964706067.0,,,0.0,6964706067.0,meraats,18364474827.0,vijaykumr.kkr
6964706067.0,,,0.0,6964706067.0,meraats,67543119288.0,debon_iclori8
5387917005.0,,,0.0,5387917005.0,annamariamourabrasil,69019953205.0,jaoobatista.correa
5387917005.0,,,0.0,5387917005.0,annamariamourabrasil,66802467058.0,maria_ilza_s_7495
5387917005.0,,,0.0,5387917005.0,annamariamourabrasil,66282406526.0,dovigoelisabetta
68364893758.0,,,0.0,68364893758.0,mo.hame5143,39944409685.0,alicia.lezcano.543
47131782848.0,,,0.0,47131782848.0,parvin_safari_jafarloo,51613172940.0,penacynthia15
47131782848.0,,,0.0,47131782848.0,parvin_safari_jafarloo,67456740238.0,toma__demchenko
53533768526.0,,,0.0,53533768526.0,noheliayarit,51613172940.0,penacynthia15
53533768526.0,,,0.0,53533768526.0,noheliayarit,68966786871.0,landalins
32767545658.0,,,0.0,32767545658.0,roseleideaureliode,66802467058.0,maria_ilza_s_7495
59432355279.0,,,0.0,59432355279.0,mariahalvesq,65947147967.0,emrankhan1359
59432355279.0,,,0.0,59432355279.0,mariahalvesq,68731363685.0,it_aint_fair_jear
59432355279.0,,,0.0,59432355279.0,mariahalvesq,50318077543.0,maria.marly55
59432355279.0,,,0.0,59432355279.0,mariahalvesq,66442628888.0,thomasstevenson872
59432355279.0,,,0.0,59432355279.0,mariahalvesq,65053796070.0,sean.slick
59432355279.0,,,0.0,59432355279.0,mariahalvesq,66534712940.0,black_boutiquebb
59432355279.0,,,0.0,59432355279.0,mariahalvesq,66280683644.0,balieiro_milton
59432355279.0,,,0.0,59432355279.0,mariahalvesq,63229637489.0,hoseinrezaii389
59432355279.0,,,0.0,59432355279.0,mariahalvesq,65348275789.0,virtutech.marketing
59432355279.0,,,0.0,59432355279.0,mariahalvesq,65140051300.0,tmartin_333
65073725820.0,,,0.0,65073725820.0,sanjeeva5647,1520989813.0,prihati2889_ratih
65545900347.0,,,0.0,65545900347.0,selmajesus761,58471895624.0,aminmallik0247
65545900347.0,,,0.0,65545900347.0,selmajesus761,66802467058.0,maria_ilza_s_7495
65545900347.0,,,0.0,65545900347.0,selmajesus761,69603523290.0,euzamariabossaneli
65545900347.0,,,0.0,65545900347.0,selmajesus761,62001294252.0,jnyaangiriibaabaa
65545900347.0,,,0.0,65545900347.0,selmajesus761,67456740238.0,toma__demchenko
65545900347.0,,,0.0,65545900347.0,selmajesus761,51613172940.0,penacynthia15
65545900347.0,,,0.0,65545900347.0,selmajesus761,56765421593.0,falstinamaria
53548710881.0,,,0.0,53548710881.0,chawla_shambhu,62001294252.0,jnyaangiriibaabaa
50318077543.0,,,0.0,50318077543.0,maria.marly55,68237814924.0,asrafali6899
50318077543.0,,,0.0,50318077543.0,maria.marly55,68966786871.0,landalins
50318077543.0,,,0.0,50318077543.0,maria.marly55,58471895624.0,aminmallik0247
50318077543.0,,,0.0,50318077543.0,maria.marly55,59432355279.0,mariahalvesq
50318077543.0,,,0.0,50318077543.0,maria.marly55,67163071248.0,lucasroman.mloka
52050761737.0,,,0.0,52050761737.0,airdrop8990,66442628888.0,thomasstevenson872
52050761737.0,,,0.0,52050761737.0,airdrop8990,64930856032.0,beemraj.bhagwandin6
52050761737.0,,,0.0,52050761737.0,airdrop8990,62029770729.0,marioalbertomonroya
52050761737.0,,,0.0,52050761737.0,airdrop8990,65947147967.0,emrankhan1359
52050761737.0,,,0.0,52050761737.0,airdrop8990,65348275789.0,virtutech.marketing
52050761737.0,,,0.0,52050761737.0,airdrop8990,63459388837.0,hayatnaseri1
52050761737.0,,,0.0,52050761737.0,airdrop8990,59826128445.0,deousinghmaravi
52050761737.0,,,0.0,52050761737.0,airdrop8990,59432355279.0,mariahalvesq
52050761737.0,,,0.0,52050761737.0,airdrop8990,63421381101.0,naeem_tuwar
52050761737.0,,,0.0,52050761737.0,airdrop8990,64686650105.0,cidemar_faria
52050761737.0,,,0.0,52050761737.0,airdrop8990,66344506599.0,herrymloge9575
52050761737.0,,,0.0,52050761737.0,airdrop8990,66323329775.0,hosein.abaseian.9
65725662312.0,,,0.0,65725662312.0,ofelia.francisco.526,71566399048.0,aysuliw2486
65725662312.0,,,0.0,65725662312.0,ofelia.francisco.526,67328277333.0,narulchol
65725662312.0,,,0.0,65725662312.0,ofelia.francisco.526,69019953205.0,jaoobatista.correa
65725662312.0,,,0.0,65725662312.0,ofelia.francisco.526,69813527072.0,mhshmmhmdbdlzyz
65725662312.0,,,0.0,65725662312.0,ofelia.francisco.526,1671663943.0,anahrtica
65725662312.0,,,0.0,65725662312.0,ofelia.francisco.526,70813745500.0,sarvesahpandey
65725662312.0,,,0.0,65725662312.0,ofelia.francisco.526,1315429453.0,graca_inacio_manuel__calaonga
65725662312.0,,,0.0,65725662312.0,ofelia.francisco.526,66802467058.0,maria_ilza_s_7495
65725662312.0,,,0.0,65725662312.0,ofelia.francisco.526,68966786871.0,landalins
65725662312.0,,,0.0,65725662312.0,ofelia.francisco.526,18364474827.0,vijaykumr.kkr
65725662312.0,,,0.0,65725662312.0,ofelia.francisco.526,68974532431.0,manojgowri45
65725662312.0,,,0.0,65725662312.0,ofelia.francisco.526,51220530224.0,abdyrahman9288
65725662312.0,,,0.0,65725662312.0,ofelia.francisco.526,66016189508.0,gangqixing79lool
66597683610.0,,,0.0,66597683610.0,missaoui1061,68237814924.0,asrafali6899
66597683610.0,,,0.0,66597683610.0,missaoui1061,57762380741.0,iraj.naderi5574
66597683610.0,,,0.0,66597683610.0,missaoui1061,51613172940.0,penacynthia15
66597683610.0,,,0.0,66597683610.0,missaoui1061,68966786871.0,landalins
66597683610.0,,,0.0,66597683610.0,missaoui1061,11319876693.0,marly2371
66597683610.0,,,0.0,66597683610.0,missaoui1061,18364474827.0,vijaykumr.kkr
59845025372.0,,,0.0,59845025372.0,sellam.nacer,51220530224.0,abdyrahman9288
59845025372.0,,,0.0,59845025372.0,sellam.nacer,28321965036.0,mukesh.premi.357
59845025372.0,,,0.0,59845025372.0,sellam.nacer,67541639163.0,paduaroseli
59845025372.0,,,0.0,59845025372.0,sellam.nacer,62001294252.0,jnyaangiriibaabaa
67163071248.0,,,0.0,67163071248.0,lucasroman.mloka,66016189508.0,gangqixing79lool
67163071248.0,,,0.0,67163071248.0,lucasroman.mloka,67531847194.0,mikeirwin1134
56905666078.0,,,0.0,56905666078.0,schantalborel57,70813745500.0,sarvesahpandey
56905666078.0,,,0.0,56905666078.0,schantalborel57,67575785723.0,kharitastos
56905666078.0,,,0.0,56905666078.0,schantalborel57,57154311674.0,chantalborelf
50831959766.0,,,0.0,50831959766.0,nabiashfaqun,6769975.0,new_nqrmal
50831959766.0,,,0.0,50831959766.0,nabiashfaqun,63272152246.0,tracieverett
63501010120.0,,,0.0,63501010120.0,indrani.kangokar,4568596841.0,maria_gracas_1
63501010120.0,,,0.0,63501010120.0,indrani.kangokar,69402940983.0,fajlul2724
51220530224.0,,,0.0,51220530224.0,abdyrahman9288,68677833468.0,soofi.evaal
51220530224.0,,,0.0,51220530224.0,abdyrahman9288,70095401216.0,roseliaparecidadepadua
51220530224.0,,,0.0,51220530224.0,abdyrahman9288,68966786871.0,landalins
51220530224.0,,,0.0,51220530224.0,abdyrahman9288,28321965036.0,mukesh.premi.357
51220530224.0,,,0.0,51220530224.0,abdyrahman9288,62001294252.0,jnyaangiriibaabaa
51220530224.0,,,0.0,51220530224.0,abdyrahman9288,67541639163.0,paduaroseli
39944409685.0,,,0.0,39944409685.0,alicia.lezcano.543,54102668127.0,marialuciaescamez
39944409685.0,,,0.0,39944409685.0,alicia.lezcano.543,70813745500.0,sarvesahpandey
39944409685.0,,,0.0,39944409685.0,alicia.lezcano.543,68364893758.0,mo.hame5143
39944409685.0,,,0.0,39944409685.0,alicia.lezcano.543,28321965036.0,mukesh.premi.357
49107774343.0,,,0.0,49107774343.0,solikun719,1520989813.0,prihati2889_ratih
1520989813.0,,,0.0,1520989813.0,prihati2889_ratih,49107774343.0,solikun719
1520989813.0,,,0.0,1520989813.0,prihati2889_ratih,65073725820.0,sanjeeva5647
62001294252.0,,,0.0,62001294252.0,jnyaangiriibaabaa,69500731739.0,amlaqalif
62001294252.0,,,0.0,62001294252.0,jnyaangiriibaabaa,45155443571.0,pattanaikgmail.comjanmejay
62001294252.0,,,0.0,62001294252.0,jnyaangiriibaabaa,64631967271.0,alixan8291
67541639163.0,,,0.0,67541639163.0,paduaroseli,62669911588.0,aparecidafatimalara
67541639163.0,,,0.0,67541639163.0,paduaroseli,69436893170.0,ashok.tk.148
67541639163.0,,,0.0,67541639163.0,paduaroseli,69019953205.0,jaoobatista.correa
67541639163.0,,,0.0,67541639163.0,paduaroseli,70723393598.0,jose_joaquincifuentes_30263377
67541639163.0,,,0.0,67541639163.0,paduaroseli,69813527072.0,mhshmmhmdbdlzyz
67541639163.0,,,0.0,67541639163.0,paduaroseli,39944409685.0,alicia.lezcano.543
67541639163.0,,,0.0,67541639163.0,paduaroseli,62001294252.0,jnyaangiriibaabaa
67541639163.0,,,0.0,67541639163.0,paduaroseli,67456740238.0,toma__demchenko
67541639163.0,,,0.0,67541639163.0,paduaroseli,58471895624.0,aminmallik0247
67541639163.0,,,0.0,67541639163.0,paduaroseli,67543119288.0,debon_iclori8
67541639163.0,,,0.0,67541639163.0,paduaroseli,68966786871.0,landalins
67541639163.0,,,0.0,67541639163.0,paduaroseli,28321965036.0,mukesh.premi.357
67541639163.0,,,0.0,67541639163.0,paduaroseli,59845025372.0,sellam.nacer
67541639163.0,,,0.0,67541639163.0,paduaroseli,51220530224.0,abdyrahman9288
63083844770.0,,,0.0,63083844770.0,robind4444,1443225259.0,bruceoldham58
70113547412.0,,,0.0,70113547412.0,djconejoblas,64567878273.0,ashaeatssoup
70113547412.0,,,0.0,70113547412.0,djconejoblas,70277538262.0,espectrodiario
70113547412.0,,,0.0,70113547412.0,djconejoblas,69451406154.0,joannie_davii
70113547412.0,,,0.0,70113547412.0,djconejoblas,65913355274.0,imabhishekkrjha
70113547412.0,,,0.0,70113547412.0,djconejoblas,1106419566.0,0ohjacqui
70113547412.0,,,0.0,70113547412.0,djconejoblas,67941898985.0,rasel_0500333723
70113547412.0,,,0.0,70113547412.0,djconejoblas,69019953205.0,jaoobatista.correa
70113547412.0,,,0.0,70113547412.0,djconejoblas,70288773759.0,jurandirpinheirodecastro
70113547412.0,,,0.0,70113547412.0,djconejoblas,68892698026.0,muhammadyaseen8483
70113547412.0,,,0.0,70113547412.0,djconejoblas,70737503315.0,rayray.creates.empires__
70113547412.0,,,0.0,70113547412.0,djconejoblas,69530616876.0,tammisheafer
70113547412.0,,,0.0,70113547412.0,djconejoblas,68905675499.0,officialdavidbasile
70113547412.0,,,0.0,70113547412.0,djconejoblas,69940563099.0,cdefgahccom
69382603522.0,,,0.0,69382603522.0,nicknacknyuknyuknyuk,62971506123.0,wanderingdeerpoet
69382603522.0,,,0.0,69382603522.0,nicknacknyuknyuknyuk,63652180511.0,your.old.pal.goldie
69382603522.0,,,0.0,69382603522.0,nicknacknyuknyuknyuk,67840257186.0,randallbc777
69382603522.0,,,0.0,69382603522.0,nicknacknyuknyuknyuk,58483477861.0,angela.melton1
69382603522.0,,,0.0,69382603522.0,nicknacknyuknyuknyuk,63527255724.0,originalmks
69382603522.0,,,0.0,69382603522.0,nicknacknyuknyuknyuk,71865395601.0,hatsunechastity
69382603522.0,,,0.0,69382603522.0,nicknacknyuknyuknyuk,64839720354.0,poetgirrl
69382603522.0,,,0.0,69382603522.0,nicknacknyuknyuknyuk,63052518832.0,izzie3030
69382603522.0,,,0.0,69382603522.0,nicknacknyuknyuknyuk,69791981079.0,lauracohenpt
69382603522.0,,,0.0,69382603522.0,nicknacknyuknyuknyuk,63882451456.0,mcryinglaughing
69382603522.0,,,0.0,69382603522.0,nicknacknyuknyuknyuk,64244979012.0,mr.matthewkylewhitt.s
69382603522.0,,,0.0,69382603522.0,nicknacknyuknyuknyuk,63482171278.0,ladyfrost.ttv
5519810490.0,,,0.0,5519810490.0,a_fishcalledrhonda,7973322097.0,chicago_girlatheart
5519810490.0,,,0.0,5519810490.0,a_fishcalledrhonda,63255770361.0,paulmoreira_
5519810490.0,,,0.0,5519810490.0,a_fishcalledrhonda,69772213557.0,brendadunphy08
5519810490.0,,,0.0,5519810490.0,a_fishcalledrhonda,64343718875.0,tracey.curtis.507
5519810490.0,,,0.0,5519810490.0,a_fishcalledrhonda,63652216159.0,christine_3251
5519810490.0,,,0.0,5519810490.0,a_fishcalledrhonda,233667994.0,kimfrase73
5519810490.0,,,0.0,5519810490.0,a_fishcalledrhonda,70383034771.0,coastalyarnworx
5519810490.0,,,0.0,5519810490.0,a_fishcalledrhonda,62858039663.0,ruthelaine877
5519810490.0,,,0.0,5519810490.0,a_fishcalledrhonda,67924453501.0,sickchickkie
5519810490.0,,,0.0,5519810490.0,a_fishcalledrhonda,341737296.0,logan_edward_edwards_easley
63448900787.0,,,0.0,63448900787.0,leslieeh2023,63064470626.0,macgregor7894
63448900787.0,,,0.0,63448900787.0,leslieeh2023,63048052647.0,lemmyg
63448900787.0,,,0.0,63448900787.0,leslieeh2023,199382204.0,rabbicy
63448900787.0,,,0.0,63448900787.0,leslieeh2023,61062358490.0,sue_pluto
63448900787.0,,,0.0,63448900787.0,leslieeh2023,63073362663.0,bustergumbo
63448900787.0,,,0.0,63448900787.0,leslieeh2023,41648051526.0,commander.jan
63448900787.0,,,0.0,63448900787.0,leslieeh2023,1532893307.0,jeana.fosterkocur
63448900787.0,,,0.0,63448900787.0,leslieeh2023,63463314980.0,mwrightbaylor
63448900787.0,,,0.0,63448900787.0,leslieeh2023,70259534986.0,gramham523
63448900787.0,,,0.0,63448900787.0,leslieeh2023,63435239020.0,wazcher
63448900787.0,,,0.0,63448900787.0,leslieeh2023,63138717398.0,kking1967
63448900787.0,,,0.0,63448900787.0,leslieeh2023,1431445436.0,colleen_beaton72
63448900787.0,,,0.0,63448900787.0,leslieeh2023,66311329919.0,laaye47
63448900787.0,,,0.0,63448900787.0,leslieeh2023,69038640659.0,james.norray
63448900787.0,,,0.0,63448900787.0,leslieeh2023,63241092044.0,irteza_gunner3567
63448900787.0,,,0.0,63448900787.0,leslieeh2023,63368525732.0,calebdaman__24
63448900787.0,,,0.0,63448900787.0,leslieeh2023,63259006501.0,fineswine2023
63448900787.0,,,0.0,63448900787.0,leslieeh2023,67888609550.0,ronahanson
63448900787.0,,,0.0,63448900787.0,leslieeh2023,15476008.0,mymoondawg
63448900787.0,,,0.0,63448900787.0,leslieeh2023,63408140506.0,philburns55
63448900787.0,,,0.0,63448900787.0,leslieeh2023,49219731698.0,amoncityx
63448900787.0,,,0.0,63448900787.0,leslieeh2023,63261589931.0,emekaasadu
63448900787.0,,,0.0,63448900787.0,leslieeh2023,63089628759.0,nancygoreckianderson
63448900787.0,,,0.0,63448900787.0,leslieeh2023,63272152246.0,tracieverett
63448900787.0,,,0.0,63448900787.0,leslieeh2023,64118306600.0,rdaetha
63448900787.0,,,0.0,63448900787.0,leslieeh2023,63287676662.0,janetreadstoomuch
63448900787.0,,,0.0,63448900787.0,leslieeh2023,63434618598.0,fawngoodwine
63448900787.0,,,0.0,63448900787.0,leslieeh2023,63064839081.0,whatifbarackorhillarydidit
63448900787.0,,,0.0,63448900787.0,leslieeh2023,63070306885.0,m.walken420
63448900787.0,,,0.0,63448900787.0,leslieeh2023,63246346289.0,suseq505
63448900787.0,,,0.0,63448900787.0,leslieeh2023,238042135.0,karenlassus
63448900787.0,,,0.0,63448900787.0,leslieeh2023,63077865711.0,davidattenborough_fans
58726322469.0,,,0.0,58726322469.0,henry_tipster_bet365,69511918792.0,mbyepes55
58726322469.0,,,0.0,58726322469.0,henry_tipster_bet365,69500731739.0,amlaqalif
3602053191.0,,,0.0,3602053191.0,t.mikewilliams,63126653816.0,matthewdalbertson
63064470626.0,,,0.0,63064470626.0,macgregor7894,63408140506.0,philburns55
63064470626.0,,,0.0,63064470626.0,macgregor7894,63206095148.0,littlefieldkoch
63064470626.0,,,0.0,63064470626.0,macgregor7894,63448900787.0,leslieeh2023
63064470626.0,,,0.0,63064470626.0,macgregor7894,68905675499.0,officialdavidbasile
63064470626.0,,,0.0,63064470626.0,macgregor7894,63259006501.0,fineswine2023
63064470626.0,,,0.0,63064470626.0,macgregor7894,63778044865.0,miyoshi3951
63064470626.0,,,0.0,63064470626.0,macgregor7894,67888609550.0,ronahanson
63064470626.0,,,0.0,63064470626.0,macgregor7894,63272152246.0,tracieverett
63064470626.0,,,0.0,63064470626.0,macgregor7894,65777674824.0,damishahazelton
63064470626.0,,,0.0,63064470626.0,macgregor7894,63396223291.0,fashionfunpj
63064470626.0,,,0.0,63064470626.0,macgregor7894,63259926432.0,stephofimp
63064470626.0,,,0.0,63064470626.0,macgregor7894,3617687269.0,steelpitt915
63064470626.0,,,0.0,63064470626.0,macgregor7894,64281907296.0,aleianakalia
7460886086.0,,,0.0,7460886086.0,kellyg_sd,70372433394.0,mrsdvspompom
7460886086.0,,,0.0,7460886086.0,kellyg_sd,66498375768.0,swiftie__society
7460886086.0,,,0.0,7460886086.0,kellyg_sd,69753492208.0,tamar.abrams
7460886086.0,,,0.0,7460886086.0,kellyg_sd,69548373902.0,theadhdinfj
16274102313.0,,,0.0,16274102313.0,jacobbaker2275,45689917634.0,mallditaka
63460213473.0,,,0.0,63460213473.0,sojournerweaver,64724697215.0,onlytsvndra
63460213473.0,,,0.0,63460213473.0,sojournerweaver,69195696999.0,replygirrl
63460213473.0,,,0.0,63460213473.0,sojournerweaver,58891045741.0,sucktoshi
63460213473.0,,,0.0,63460213473.0,sojournerweaver,65489928423.0,ladygigi2u
63460213473.0,,,0.0,63460213473.0,sojournerweaver,63304247951.0,cloberries
63460213473.0,,,0.0,63460213473.0,sojournerweaver,54222055216.0,spearsolrid
63460213473.0,,,0.0,63460213473.0,sojournerweaver,178293823.0,hhtamu88
63460213473.0,,,0.0,63460213473.0,sojournerweaver,71324892320.0,officialsrscinema
63460213473.0,,,0.0,63460213473.0,sojournerweaver,71865395601.0,hatsunechastity
63460213473.0,,,0.0,63460213473.0,sojournerweaver,67391773328.0,letisia4344
63460213473.0,,,0.0,63460213473.0,sojournerweaver,68493912499.0,call.me_christy
63460213473.0,,,0.0,63460213473.0,sojournerweaver,67138257125.0,dirty.is.dead
63460213473.0,,,0.0,63460213473.0,sojournerweaver,63255770361.0,paulmoreira_
63460213473.0,,,0.0,63460213473.0,sojournerweaver,63374328268.0,jesswasnthere
63460213473.0,,,0.0,63460213473.0,sojournerweaver,62943581677.0,leslielynn05
63460213473.0,,,0.0,63460213473.0,sojournerweaver,63048052647.0,lemmyg
63460213473.0,,,0.0,63460213473.0,sojournerweaver,63394916712.0,themeg.x
63460213473.0,,,0.0,63460213473.0,sojournerweaver,63336204799.0,_fractured.w1nt3r_
63460213473.0,,,0.0,63460213473.0,sojournerweaver,63234733879.0,kdeebs_ok
63460213473.0,,,0.0,63460213473.0,sojournerweaver,70987061920.0,ethancraft420
63460213473.0,,,0.0,63460213473.0,sojournerweaver,63209433517.0,kelsey.reanne
63460213473.0,,,0.0,63460213473.0,sojournerweaver,68731363685.0,it_aint_fair_jear
63460213473.0,,,0.0,63460213473.0,sojournerweaver,27896728.0,cambro_obscura
63460213473.0,,,0.0,63460213473.0,sojournerweaver,67271445883.0,xxkikkoxxreal_ig
63460213473.0,,,0.0,63460213473.0,sojournerweaver,71085473832.0,mr.gold.starr
63460213473.0,,,0.0,63460213473.0,sojournerweaver,69639652910.0,bby_yaga__
63460213473.0,,,0.0,63460213473.0,sojournerweaver,66378848981.0,mercedeesbettis
63460213473.0,,,0.0,63460213473.0,sojournerweaver,69306279709.0,dmunnyjuan
63460213473.0,,,0.0,63460213473.0,sojournerweaver,70370096931.0,everybodyhaspolio
63460213473.0,,,0.0,63460213473.0,sojournerweaver,69544438438.0,poro.puff
63460213473.0,,,0.0,63460213473.0,sojournerweaver,66380543581.0,frankthefifth
63460213473.0,,,0.0,63460213473.0,sojournerweaver,179889853.0,kountrykhaotic
63460213473.0,,,0.0,63460213473.0,sojournerweaver,65464976011.0,deerinasuitinc
63460213473.0,,,0.0,63460213473.0,sojournerweaver,68214824885.0,rosie_revive
63460213473.0,,,0.0,63460213473.0,sojournerweaver,67034868904.0,qveen.jenna_
63460213473.0,,,0.0,63460213473.0,sojournerweaver,70401032034.0,filmq33n
63460213473.0,,,0.0,63460213473.0,sojournerweaver,58017041634.0,ickypry
63460213473.0,,,0.0,63460213473.0,sojournerweaver,63637992384.0,kkeel1z
63460213473.0,,,0.0,63460213473.0,sojournerweaver,70126354055.0,warmblue56
63460213473.0,,,0.0,63460213473.0,sojournerweaver,63404132645.0,ajmstoryteller
63460213473.0,,,0.0,63460213473.0,sojournerweaver,63409463998.0,jen_phoenix68
63460213473.0,,,0.0,63460213473.0,sojournerweaver,63381245915.0,jameswritesurprisingly
63460213473.0,,,0.0,63460213473.0,sojournerweaver,69858622841.0,igakoncka
63460213473.0,,,0.0,63460213473.0,sojournerweaver,67360712488.0,windsorharmreduction.oat
63460213473.0,,,0.0,63460213473.0,sojournerweaver,63317505259.0,mykolasoo
63460213473.0,,,0.0,63460213473.0,sojournerweaver,67989824415.0,stephenonmars
63460213473.0,,,0.0,63460213473.0,sojournerweaver,48652706619.0,beardybri
63460213473.0,,,0.0,63460213473.0,sojournerweaver,40505108950.0,koviao.g
63460213473.0,,,0.0,63460213473.0,sojournerweaver,67593054329.0,teiwapotts
63460213473.0,,,0.0,63460213473.0,sojournerweaver,64492365397.0,fuckits420247365
63460213473.0,,,0.0,63460213473.0,sojournerweaver,64839720354.0,poetgirrl
63460213473.0,,,0.0,63460213473.0,sojournerweaver,63091461877.0,sp00pkittn
63460213473.0,,,0.0,63460213473.0,sojournerweaver,63477184572.0,kwpledger
63460213473.0,,,0.0,63460213473.0,sojournerweaver,65548923826.0,bonnie_darco
63460213473.0,,,0.0,63460213473.0,sojournerweaver,68883347165.0,prime_of_the_day
63460213473.0,,,0.0,63460213473.0,sojournerweaver,63146382266.0,_flowersandlace_
63460213473.0,,,0.0,63460213473.0,sojournerweaver,55097284075.0,infinitesarina
63460213473.0,,,0.0,63460213473.0,sojournerweaver,4373525563.0,nicklovinz1337
63460213473.0,,,0.0,63460213473.0,sojournerweaver,64219829722.0,richay.bikhari
63460213473.0,,,0.0,63460213473.0,sojournerweaver,66450183215.0,ass_huh_lee
63460213473.0,,,0.0,63460213473.0,sojournerweaver,63405163526.0,importedhorror
63460213473.0,,,0.0,63460213473.0,sojournerweaver,63436788512.0,haileyrabdau
63460213473.0,,,0.0,63460213473.0,sojournerweaver,63891097518.0,therealreko630
63460213473.0,,,0.0,63460213473.0,sojournerweaver,64930856032.0,beemraj.bhagwandin6
63460213473.0,,,0.0,63460213473.0,sojournerweaver,6218703931.0,veganincrooklyn
63460213473.0,,,0.0,63460213473.0,sojournerweaver,63098637923.0,jenthelittlebird
63460213473.0,,,0.0,63460213473.0,sojournerweaver,63450540425.0,thatspookybabe99
63460213473.0,,,0.0,63460213473.0,sojournerweaver,66393265019.0,lovesmagicuniverse
63460213473.0,,,0.0,63460213473.0,sojournerweaver,63427602142.0,dentedprinter
63460213473.0,,,0.0,63460213473.0,sojournerweaver,65693063382.0,fredwinter27
63460213473.0,,,0.0,63460213473.0,sojournerweaver,63793268311.0,003tretre
63460213473.0,,,0.0,63460213473.0,sojournerweaver,2140094309.0,latvianaphrodite
63460213473.0,,,0.0,63460213473.0,sojournerweaver,63023703165.0,kaci.blue
63460213473.0,,,0.0,63460213473.0,sojournerweaver,66430902627.0,blackdelflowrd
63460213473.0,,,0.0,63460213473.0,sojournerweaver,65290479680.0,adilsonn.manuel
63460213473.0,,,0.0,63460213473.0,sojournerweaver,63710905077.0,kennethmusiclover_official
63460213473.0,,,0.0,63460213473.0,sojournerweaver,63440057399.0,robby.moto
63460213473.0,,,0.0,63460213473.0,sojournerweaver,63045613211.0,jammersmith77
63460213473.0,,,0.0,63460213473.0,sojournerweaver,63160990349.0,urfavvannah
63460213473.0,,,0.0,63460213473.0,sojournerweaver,66044511768.0,lucyinfinityx
63460213473.0,,,0.0,63460213473.0,sojournerweaver,63255752916.0,mochiibean
63460213473.0,,,0.0,63460213473.0,sojournerweaver,63052836871.0,kaitlynpaige64
63460213473.0,,,0.0,63460213473.0,sojournerweaver,63368525732.0,calebdaman__24
63460213473.0,,,0.0,63460213473.0,sojournerweaver,63281657974.0,kalimariamoon
63460213473.0,,,0.0,63460213473.0,sojournerweaver,64732940555.0,ovariart
63460213473.0,,,0.0,63460213473.0,sojournerweaver,65398772528.0,alexidewriter
63460213473.0,,,0.0,63460213473.0,sojournerweaver,65107790161.0,nona_kerryandfriends
63460213473.0,,,0.0,63460213473.0,sojournerweaver,63240274903.0,jade0rade
63460213473.0,,,0.0,63460213473.0,sojournerweaver,63105390456.0,mythicalhvbris
63460213473.0,,,0.0,63460213473.0,sojournerweaver,63296284148.0,rageagainstleaves2
63460213473.0,,,0.0,63460213473.0,sojournerweaver,346013008.0,soggy__burrito
63460213473.0,,,0.0,63460213473.0,sojournerweaver,63436512338.0,madwoman1028
63460213473.0,,,0.0,63460213473.0,sojournerweaver,64104221449.0,trich_13
63460213473.0,,,0.0,63460213473.0,sojournerweaver,63402886359.0,dawn8957
63460213473.0,,,0.0,63460213473.0,sojournerweaver,65474948535.0,teobuzzo
63460213473.0,,,0.0,63460213473.0,sojournerweaver,145318329.0,vaticuss
63460213473.0,,,0.0,63460213473.0,sojournerweaver,63125669138.0,thegermygerm
63460213473.0,,,0.0,63460213473.0,sojournerweaver,63152517622.0,helenhensell
63460213473.0,,,0.0,63460213473.0,sojournerweaver,63426811037.0,red.the.living.dead
63460213473.0,,,0.0,63460213473.0,sojournerweaver,63285541845.0,its.clox
63460213473.0,,,0.0,63460213473.0,sojournerweaver,63635088246.0,sunsing
63460213473.0,,,0.0,63460213473.0,sojournerweaver,63853454560.0,sarbuvanesa80
63460213473.0,,,0.0,63460213473.0,sojournerweaver,63372607551.0,okido22
63460213473.0,,,0.0,63460213473.0,sojournerweaver,66323329775.0,hosein.abaseian.9
63460213473.0,,,0.0,63460213473.0,sojournerweaver,63465297423.0,aurainsanity
63460213473.0,,,0.0,63460213473.0,sojournerweaver,63280651402.0,sturdysturtevant
63460213473.0,,,0.0,63460213473.0,sojournerweaver,63073439712.0,w.a.t.e.r.m.e.l.o.n.n.e
63460213473.0,,,0.0,63460213473.0,sojournerweaver,66293359095.0,softwarekangofficial
63460213473.0,,,0.0,63460213473.0,sojournerweaver,63069659062.0,gokhand.44
63460213473.0,,,0.0,63460213473.0,sojournerweaver,63385901862.0,ivette1t
63460213473.0,,,0.0,63460213473.0,sojournerweaver,63408468422.0,dv___boss__elfreshco__justmine
63460213473.0,,,0.0,63460213473.0,sojournerweaver,64048571250.0,joseesaanzz06
63460213473.0,,,0.0,63460213473.0,sojournerweaver,66769627005.0,exileonmainst_
63460213473.0,,,0.0,63460213473.0,sojournerweaver,1689091242.0,nae_the_adorable
63460213473.0,,,0.0,63460213473.0,sojournerweaver,63076886122.0,dreslaterofficial
63460213473.0,,,0.0,63460213473.0,sojournerweaver,63070311372.0,tiffanypep
63460213473.0,,,0.0,63460213473.0,sojournerweaver,63388077078.0,_sonderlust
63460213473.0,,,0.0,63460213473.0,sojournerweaver,63493832145.0,liz_can_fly
63460213473.0,,,0.0,63460213473.0,sojournerweaver,13211767477.0,annie_atom
63460213473.0,,,0.0,63460213473.0,sojournerweaver,63078641584.0,disdain_in_the_membrane
63460213473.0,,,0.0,63460213473.0,sojournerweaver,61203797554.0,potatahed
63460213473.0,,,0.0,63460213473.0,sojournerweaver,63227851797.0,wristbanger
63460213473.0,,,0.0,63460213473.0,sojournerweaver,63652180511.0,your.old.pal.goldie
63460213473.0,,,0.0,63460213473.0,sojournerweaver,63076023517.0,_yo._.mama._
63460213473.0,,,0.0,63460213473.0,sojournerweaver,63462321626.0,lufuoena
63460213473.0,,,0.0,63460213473.0,sojournerweaver,58350680725.0,sillylily.c0m
63460213473.0,,,0.0,63460213473.0,sojournerweaver,63484952568.0,big_tortoise_goth_gf
63460213473.0,,,0.0,63460213473.0,sojournerweaver,66272878687.0,brandon_zombi3
63460213473.0,,,0.0,63460213473.0,sojournerweaver,65788096345.0,the_mini_manager
63460213473.0,,,0.0,63460213473.0,sojournerweaver,62934543536.0,ro.road
63460213473.0,,,0.0,63460213473.0,sojournerweaver,65929474498.0,destinimariefike333
63460213473.0,,,0.0,63460213473.0,sojournerweaver,66779550689.0,thehazytones
63460213473.0,,,0.0,63460213473.0,sojournerweaver,63898659364.0,bryanna_real
63460213473.0,,,0.0,63460213473.0,sojournerweaver,63272152246.0,tracieverett
63460213473.0,,,0.0,63460213473.0,sojournerweaver,63083143784.0,inariindustry
63460213473.0,,,0.0,63460213473.0,sojournerweaver,66963908589.0,mindofmerk
63460213473.0,,,0.0,63460213473.0,sojournerweaver,63250938701.0,thejayspotof
63460213473.0,,,0.0,63460213473.0,sojournerweaver,66561421601.0,theinversecollection
63460213473.0,,,0.0,63460213473.0,sojournerweaver,39528362.0,the_num
63460213473.0,,,0.0,63460213473.0,sojournerweaver,66251918829.0,ronniemackfunny
63460213473.0,,,0.0,63460213473.0,sojournerweaver,66424689578.0,fikdogsrescue4
63460213473.0,,,0.0,63460213473.0,sojournerweaver,66040494497.0,shennifer.xx
63460213473.0,,,0.0,63460213473.0,sojournerweaver,3977661033.0,crybbcancer_
63460213473.0,,,0.0,63460213473.0,sojournerweaver,63470809003.0,pedrosvaetichin
63460213473.0,,,0.0,63460213473.0,sojournerweaver,63137978796.0,mrmikeymonster
63460213473.0,,,0.0,63460213473.0,sojournerweaver,65344865749.0,coffeebeansdev
63460213473.0,,,0.0,63460213473.0,sojournerweaver,63466345104.0,friend_request_from_jms
63460213473.0,,,0.0,63460213473.0,sojournerweaver,63474539832.0,yg.sam
63460213473.0,,,0.0,63460213473.0,sojournerweaver,64608710552.0,nefarious.vampire
63460213473.0,,,0.0,63460213473.0,sojournerweaver,63228987617.0,austinmcgrady
63460213473.0,,,0.0,63460213473.0,sojournerweaver,65707012628.0,chelseabearx
63460213473.0,,,0.0,63460213473.0,sojournerweaver,63313610700.0,brock0509
63460213473.0,,,0.0,63460213473.0,sojournerweaver,64456781629.0,thelittlemaryjane_
63460213473.0,,,0.0,63460213473.0,sojournerweaver,64624525083.0,allthestarsaredeadonyt
63460213473.0,,,0.0,63460213473.0,sojournerweaver,63374341688.0,jandrucci
63460213473.0,,,0.0,63460213473.0,sojournerweaver,63474393633.0,mynameisnotstephen
63460213473.0,,,0.0,63460213473.0,sojournerweaver,63457193246.0,prof.thimbleberry
63460213473.0,,,0.0,63460213473.0,sojournerweaver,63125607968.0,razorslitwrist
63460213473.0,,,0.0,63460213473.0,sojournerweaver,63257400219.0,ghoststrats
63460213473.0,,,0.0,63460213473.0,sojournerweaver,63089628759.0,nancygoreckianderson
63460213473.0,,,0.0,63460213473.0,sojournerweaver,65234754609.0,thatfuzzguy_
63460213473.0,,,0.0,63460213473.0,sojournerweaver,63091165167.0,alex_calidonna
63460213473.0,,,0.0,63460213473.0,sojournerweaver,6059160271.0,moaana_lonely_lisaa
63460213473.0,,,0.0,63460213473.0,sojournerweaver,63452464731.0,cryptocurrenshe
63460213473.0,,,0.0,63460213473.0,sojournerweaver,65932713393.0,fckitfcku
63460213473.0,,,0.0,63460213473.0,sojournerweaver,51521494165.0,shayanmohammadi229
63460213473.0,,,0.0,63460213473.0,sojournerweaver,65818848718.0,mrs.und3rstood
63460213473.0,,,0.0,63460213473.0,sojournerweaver,63070541419.0,camilocommotion
63460213473.0,,,0.0,63460213473.0,sojournerweaver,64207202909.0,candiecraft
63460213473.0,,,0.0,63460213473.0,sojournerweaver,65219958169.0,dawn_thatsme
63460213473.0,,,0.0,63460213473.0,sojournerweaver,63054925606.0,asamimakes
63460213473.0,,,0.0,63460213473.0,sojournerweaver,63405053608.0,ace.febreeze
63460213473.0,,,0.0,63460213473.0,sojournerweaver,65576007559.0,tsundraaa
63460213473.0,,,0.0,63460213473.0,sojournerweaver,63367070002.0,donttouchthediscoball
63460213473.0,,,0.0,63460213473.0,sojournerweaver,63257595379.0,_toxiicgemini_
63460213473.0,,,0.0,63460213473.0,sojournerweaver,65066491421.0,buttercup.babyyx
63460213473.0,,,0.0,63460213473.0,sojournerweaver,65177908394.0,ghxst.0115
63460213473.0,,,0.0,63460213473.0,sojournerweaver,63231318437.0,uncultured_nerd_
63460213473.0,,,0.0,63460213473.0,sojournerweaver,63156308928.0,aiirbearmusic
63460213473.0,,,0.0,63460213473.0,sojournerweaver,3474802240.0,chlo.cocatt
63460213473.0,,,0.0,63460213473.0,sojournerweaver,55575635916.0,lcpookc
63460213473.0,,,0.0,63460213473.0,sojournerweaver,63423876041.0,mackieatmyhouse
63460213473.0,,,0.0,63460213473.0,sojournerweaver,63448816026.0,spanishmamialee_xo
63460213473.0,,,0.0,63460213473.0,sojournerweaver,62974736024.0,imdamonconway
63460213473.0,,,0.0,63460213473.0,sojournerweaver,63403017876.0,big.dharma
63460213473.0,,,0.0,63460213473.0,sojournerweaver,63056091465.0,not_klitton
63460213473.0,,,0.0,63460213473.0,sojournerweaver,63512555665.0,nwodg
63460213473.0,,,0.0,63460213473.0,sojournerweaver,63052518832.0,izzie3030
63460213473.0,,,0.0,63460213473.0,sojournerweaver,229130252.0,pizza_prevail
63460213473.0,,,0.0,63460213473.0,sojournerweaver,18377227.0,_evil_eva
3045337873.0,,,0.0,3045337873.0,pasandotiempo,4344215320.0,yogakat62
3045337873.0,,,0.0,3045337873.0,pasandotiempo,70139825260.0,euniverse1959
3045337873.0,,,0.0,3045337873.0,pasandotiempo,66498375768.0,swiftie__society
1700825611.0,,,0.0,1700825611.0,jenniemacaronigrouper,276893201.0,kacey973
63323722497.0,,,0.0,63323722497.0,bevd1959,57612054313.0,the_new_dark_juan
63323722497.0,,,0.0,63323722497.0,bevd1959,70139825260.0,euniverse1959
63323722497.0,,,0.0,63323722497.0,bevd1959,70815600788.0,_aja.james
63323722497.0,,,0.0,63323722497.0,bevd1959,15476008.0,mymoondawg
63323722497.0,,,0.0,63323722497.0,bevd1959,63463314980.0,mwrightbaylor
63323722497.0,,,0.0,63323722497.0,bevd1959,63368055807.0,kegbot62
63323722497.0,,,0.0,63323722497.0,bevd1959,67706841256.0,williamsoklahoma77
63323722497.0,,,0.0,63323722497.0,bevd1959,260898839.0,declanrabbit
63465036417.0,,,0.0,63465036417.0,ncm53,63279607705.0,shariwhaley1964
39528362.0,,,0.0,39528362.0,the_num,65129460125.0,weetownnonsense
39528362.0,,,0.0,39528362.0,the_num,65113336515.0,ana.berts
39528362.0,,,0.0,39528362.0,the_num,63460213473.0,sojournerweaver
39528362.0,,,0.0,39528362.0,the_num,63070311372.0,tiffanypep
39528362.0,,,0.0,39528362.0,the_num,63279930813.0,_rexsloth_
63652816505.0,,,0.0,63652816505.0,indiaravee,63092253617.0,phymog
6908430034.0,,,0.0,6908430034.0,raymanlawless,64219829722.0,richay.bikhari
31376270674.0,,,0.0,31376270674.0,dbg3337,69038640659.0,james.norray
31376270674.0,,,0.0,31376270674.0,dbg3337,3166575535.0,diane6389
63360259106.0,,,0.0,63360259106.0,plainolemeee,63308497363.0,elisabethyasharahla
63360259106.0,,,0.0,63360259106.0,plainolemeee,37233798339.0,brenna_good90
63360259106.0,,,0.0,63360259106.0,plainolemeee,487925841.0,jeninchiostro
63360259106.0,,,0.0,63360259106.0,plainolemeee,63131606124.0,_neonrainbow__26
63360259106.0,,,0.0,63360259106.0,plainolemeee,3182628556.0,ash.morse1116
63360259106.0,,,0.0,63360259106.0,plainolemeee,426698519.0,rhiannon_galadriel
1598562737.0,,,0.0,1598562737.0,pamela.wall,66311329919.0,laaye47
69296714937.0,,,0.0,69296714937.0,sacajungirl,65858606709.0,the.mrs.stovall
69296714937.0,,,0.0,69296714937.0,sacajungirl,63263291679.0,denisejoyhart
70178044055.0,,,0.0,70178044055.0,laxeykitchen,63099173327.0,papa_text
63412603181.0,,,0.0,63412603181.0,hollisbischoff,69210834112.0,cherylwrightwatkins
63412603181.0,,,0.0,63412603181.0,hollisbischoff,63296921181.0,doritycreekgirl
63412603181.0,,,0.0,63412603181.0,hollisbischoff,69366324553.0,cjrttla
63412603181.0,,,0.0,63412603181.0,hollisbischoff,5687595610.0,lj_murrayofficial
63412603181.0,,,0.0,63412603181.0,hollisbischoff,63086732101.0,rosie619sd
63412603181.0,,,0.0,63412603181.0,hollisbischoff,69455210540.0,michellemadonnawellness
63412603181.0,,,0.0,63412603181.0,hollisbischoff,199382204.0,rabbicy
63412603181.0,,,0.0,63412603181.0,hollisbischoff,70815600788.0,_aja.james
63412603181.0,,,0.0,63412603181.0,hollisbischoff,63138717398.0,kking1967
63412603181.0,,,0.0,63412603181.0,hollisbischoff,1431445436.0,colleen_beaton72
63412603181.0,,,0.0,63412603181.0,hollisbischoff,69038640659.0,james.norray
1443225259.0,,,0.0,1443225259.0,bruceoldham58,69038640659.0,james.norray
1443225259.0,,,0.0,1443225259.0,bruceoldham58,63064839081.0,whatifbarackorhillarydidit
8230896460.0,,,0.0,8230896460.0,gary23625,63259926432.0,stephofimp
590692672.0,,,0.0,590692672.0,missustaz,69038640659.0,james.norray
48740579897.0,,,0.0,48740579897.0,sandra.loveless.33,63064470626.0,macgregor7894
63463848550.0,,,0.0,63463848550.0,alberto_roman83,70248155205.0,abdulkarim82hamad
4451105364.0,,,0.0,4451105364.0,artsyred42301,63474617901.0,ryan_reads_and_writes
178293823.0,,,0.0,178293823.0,hhtamu88,68183711568.0,datrottiegrl
178293823.0,,,0.0,178293823.0,hhtamu88,65113336515.0,ana.berts
209415667.0,,,0.0,209415667.0,kbh1106,2119330595.0,jennifersusanko
4239312831.0,,,0.0,4239312831.0,timdohm,63323722497.0,bevd1959
14106260.0,,,0.0,14106260.0,henri37,64568300613.0,leticiacampos.art
65351568348.0,,,0.0,65351568348.0,metal.druid,63126164675.0,_iamclimp
8227953134.0,,,0.0,8227953134.0,caliginousneed,10942677.0,alibubbalicious
2337887901.0,,,0.0,2337887901.0,mattybyrd,71324892320.0,officialsrscinema
69366324553.0,,,0.0,69366324553.0,cjrttla,66498375768.0,swiftie__society
69366324553.0,,,0.0,69366324553.0,cjrttla,63434618598.0,fawngoodwine
40107448.0,,,0.0,40107448.0,jonlpage,71324892320.0,officialsrscinema
70259534986.0,,,0.0,70259534986.0,gramham523,6280472490.0,teresa.wood469
63271421851.0,,,0.0,63271421851.0,thiselyzajayne,1785910937.0,j63whitmore
63271421851.0,,,0.0,63271421851.0,thiselyzajayne,63412603181.0,hollisbischoff
70139825260.0,,,0.0,70139825260.0,euniverse1959,3045337873.0,pasandotiempo
63427979859.0,,,0.0,63427979859.0,akashicconsultantchhabra,63073605829.0,chrissyartworks
3166575535.0,,,0.0,3166575535.0,diane6389,62880511395.0,christil695
5932138838.0,,,0.0,5932138838.0,mother_of_tiber,63097541651.0,violent_skully
63431974034.0,,,0.0,63431974034.0,mfbsorensen,69210834112.0,cherylwrightwatkins
66455073682.0,,,0.0,66455073682.0,pattyvond,63084213965.0,yellowmiss
63102401975.0,,,0.0,63102401975.0,stylishluckycharm,69210834112.0,cherylwrightwatkins
3473774856.0,,,0.0,3473774856.0,dalton.laurie,69038640659.0,james.norray
7278754265.0,,,0.0,7278754265.0,dancesindreams,70594767182.0,mclaire1957
7278754265.0,,,0.0,7278754265.0,dancesindreams,70663711623.0,saraclaiborneofficial
63124822184.0,,,0.0,63124822184.0,bclareandfirm,63474617901.0,ryan_reads_and_writes
1530430330.0,,,0.0,1530430330.0,leclairmiranda,63066220801.0,pvcollinsphotos
46743654421.0,,,0.0,46743654421.0,keybladeciel,65857235588.0,pig.whiskers
46743654421.0,,,0.0,46743654421.0,keybladeciel,69230487741.0,high_foreign_chick
6849300520.0,,,0.0,6849300520.0,dirksenkaren,1431445436.0,colleen_beaton72
4098858190.0,,,0.0,4098858190.0,sublime.in.the.coconut,63084960859.0,jess__a__v
36478570.0,,,0.0,36478570.0,bryanthemc,70564289374.0,satyr_john
63073362663.0,,,0.0,63073362663.0,bustergumbo,63448900787.0,leslieeh2023
65424835050.0,,,0.0,65424835050.0,happydemocrats,63276982828.0,d.j._unsubscribed_
51852181450.0,,,0.0,51852181450.0,yvonnebh2,10705698543.0,resistrebelrevolt
255376486.0,,,0.0,255376486.0,geoff_joseph,63323722497.0,bevd1959
63126653816.0,,,0.0,63126653816.0,matthewdalbertson,64568300613.0,leticiacampos.art
63126653816.0,,,0.0,63126653816.0,matthewdalbertson,55097284075.0,infinitesarina
68199610001.0,,,0.0,68199610001.0,joshuaw82,68176987090.0,marcmason115
68199610001.0,,,0.0,68199610001.0,joshuaw82,70259534986.0,gramham523
63246346289.0,,,0.0,63246346289.0,suseq505,63368055807.0,kegbot62
3854201.0,,,0.0,3854201.0,renaereis,63434618598.0,fawngoodwine
1324072502.0,,,0.0,1324072502.0,deb_s_rogers,65020874839.0,claracianferotti
64118306600.0,,,0.0,64118306600.0,rdaetha,63448900787.0,leslieeh2023
70815600788.0,,,0.0,70815600788.0,_aja.james,63307538265.0,artist_lunaris
46832206850.0,,,0.0,46832206850.0,diva_divinelight,63474617901.0,ryan_reads_and_writes
56898064526.0,,,0.0,56898064526.0,phd5252024,3045337873.0,pasandotiempo
63368055807.0,,,0.0,63368055807.0,kegbot62,63246346289.0,suseq505
2290335910.0,,,0.0,2290335910.0,sharonperham,69038640659.0,james.norray
2290335910.0,,,0.0,2290335910.0,sharonperham,63506553232.0,michael_ekin
63103460460.0,,,0.0,63103460460.0,exnihilo.arts,63230341872.0,pageistherage
63103460460.0,,,0.0,63103460460.0,exnihilo.arts,70383034771.0,coastalyarnworx
63103460460.0,,,0.0,63103460460.0,exnihilo.arts,68016618452.0,heikkikeskitalo
63103460460.0,,,0.0,63103460460.0,exnihilo.arts,63647336340.0,pwwroa
63103460460.0,,,0.0,63103460460.0,exnihilo.arts,69382603522.0,nicknacknyuknyuknyuk
471440035.0,,,0.0,471440035.0,sweeneytodd13666,63488865722.0,macpuffins
63072502008.0,,,0.0,63072502008.0,gunacar,63403017876.0,big.dharma
22414808.0,,,0.0,22414808.0,missmatador,68199610001.0,joshuaw82
276893201.0,,,0.0,276893201.0,kacey973,66498375768.0,swiftie__society
276893201.0,,,0.0,276893201.0,kacey973,1700825611.0,jenniemacaronigrouper
276893201.0,,,0.0,276893201.0,kacey973,63237451593.0,georgebetak
63100251888.0,,,0.0,63100251888.0,thereseflanagan,63279665625.0,roger_lawler
430790388.0,,,0.0,430790388.0,b_buff4,63246346289.0,suseq505
2078650007.0,,,0.0,2078650007.0,gg__bain_,66498375768.0,swiftie__society
6429044665.0,,,0.0,6429044665.0,daphne.berry.77,69368347130.0,keithedmonson1961
238042135.0,,,0.0,238042135.0,karenlassus,10705698543.0,resistrebelrevolt
238042135.0,,,0.0,238042135.0,karenlassus,63101702777.0,hgentges2
63092253617.0,,,0.0,63092253617.0,phymog,56898064526.0,phd5252024
63497016145.0,,,0.0,63497016145.0,zipstraw,67840257186.0,randallbc777
63497016145.0,,,0.0,63497016145.0,zipstraw,63247647288.0,susan.lynn28
59609043197.0,,,0.0,59609043197.0,theperfectgift010,70712917268.0,mrstsstories
31227290.0,,,0.0,31227290.0,mickey225,66311329919.0,laaye47
31227290.0,,,0.0,31227290.0,mickey225,63474617901.0,ryan_reads_and_writes
63430301929.0,,,0.0,63430301929.0,sirona7,177497871.0,amikate1
14089503222.0,,,0.0,14089503222.0,blegenrandy,67831389297.0,bryen.chidera
63367833785.0,,,0.0,63367833785.0,villainchrisk,63323722497.0,bevd1959
63307569360.0,,,0.0,63307569360.0,cosmicd56,67840257186.0,randallbc777
15476008.0,,,0.0,15476008.0,mymoondawg,63323722497.0,bevd1959
6861231528.0,,,0.0,6861231528.0,laurarosa61024993,65376978522.0,uniteddogsrescueshelter
56337158346.0,,,0.0,56337158346.0,chimpvsdog,909517323.0,gracielouwhosd
56337158346.0,,,0.0,56337158346.0,chimpvsdog,67556301664.0,pc4ny
56337158346.0,,,0.0,56337158346.0,chimpvsdog,5992000993.0,chefjaredarnold
56337158346.0,,,0.0,56337158346.0,chimpvsdog,63102401975.0,stylishluckycharm
56337158346.0,,,0.0,56337158346.0,chimpvsdog,63491796889.0,datopidi
56337158346.0,,,0.0,56337158346.0,chimpvsdog,68710180696.0,zolotkowinterleonardo
56337158346.0,,,0.0,56337158346.0,chimpvsdog,70248155205.0,abdulkarim82hamad
56337158346.0,,,0.0,56337158346.0,chimpvsdog,60389068916.0,zalix42
56337158346.0,,,0.0,56337158346.0,chimpvsdog,70417817810.0,oppaoppa1991
56337158346.0,,,0.0,56337158346.0,chimpvsdog,63458177781.0,kristenthompson22
56337158346.0,,,0.0,56337158346.0,chimpvsdog,1026306042.0,loripat54
56337158346.0,,,0.0,56337158346.0,chimpvsdog,62206757061.0,walid.eljerbi
56337158346.0,,,0.0,56337158346.0,chimpvsdog,68935024302.0,fourinchprophet
56337158346.0,,,0.0,56337158346.0,chimpvsdog,63257400219.0,ghoststrats
56337158346.0,,,0.0,56337158346.0,chimpvsdog,63098758424.0,jeanna_bluedot
181156648.0,,,0.0,181156648.0,cspoone67,63279607705.0,shariwhaley1964
181156648.0,,,0.0,181156648.0,cspoone67,63463314980.0,mwrightbaylor
181156648.0,,,0.0,181156648.0,cspoone67,7453917524.0,sarahmonticue
181156648.0,,,0.0,181156648.0,cspoone67,70428705305.0,mistydudley42
181156648.0,,,0.0,181156648.0,cspoone67,4318537270.0,tartanlady007
181156648.0,,,0.0,181156648.0,cspoone67,63258930966.0,tracytrips
63445670046.0,,,0.0,63445670046.0,sbellelauren,8168284087.0,spnc.rr03
63445670046.0,,,0.0,63445670046.0,sbellelauren,70259534986.0,gramham523
63066220801.0,,,0.0,63066220801.0,pvcollinsphotos,63086732101.0,rosie619sd
63066220801.0,,,0.0,63066220801.0,pvcollinsphotos,68016618452.0,heikkikeskitalo
63066220801.0,,,0.0,63066220801.0,pvcollinsphotos,2283717906.0,kasatgdblaw
63066220801.0,,,0.0,63066220801.0,pvcollinsphotos,63279607705.0,shariwhaley1964
63066220801.0,,,0.0,63066220801.0,pvcollinsphotos,5985504058.0,volk1095
63066220801.0,,,0.0,63066220801.0,pvcollinsphotos,63410815129.0,mutantjedi
63066220801.0,,,0.0,63066220801.0,pvcollinsphotos,1530430330.0,leclairmiranda
63066220801.0,,,0.0,63066220801.0,pvcollinsphotos,63368055807.0,kegbot62
63066220801.0,,,0.0,63066220801.0,pvcollinsphotos,63050543406.0,josie_gs_
63066220801.0,,,0.0,63066220801.0,pvcollinsphotos,63408140506.0,philburns55
63066220801.0,,,0.0,63066220801.0,pvcollinsphotos,63387685848.0,trea_christopher
63066220801.0,,,0.0,63066220801.0,pvcollinsphotos,209356680.0,dacrazykatlady
63066220801.0,,,0.0,63066220801.0,pvcollinsphotos,63092253617.0,phymog
58192408097.0,,,0.0,58192408097.0,garciaperezgsw,68892698026.0,muhammadyaseen8483
58192408097.0,,,0.0,58192408097.0,garciaperezgsw,69761072734.0,dianapatriciacortesgarcia
58192408097.0,,,0.0,58192408097.0,garciaperezgsw,66865183487.0,ivens1981
56114962883.0,,,0.0,56114962883.0,nealhyett,63652216159.0,christine_3251
56114962883.0,,,0.0,56114962883.0,nealhyett,67888609550.0,ronahanson
56114962883.0,,,0.0,56114962883.0,nealhyett,69038640659.0,james.norray
63389431195.0,,,0.0,63389431195.0,shineyrays,68927363440.0,roguecurrents
63389431195.0,,,0.0,63389431195.0,shineyrays,63408140506.0,philburns55
63389431195.0,,,0.0,63389431195.0,shineyrays,3617687269.0,steelpitt915
63389431195.0,,,0.0,63389431195.0,shineyrays,67888609550.0,ronahanson
63389431195.0,,,0.0,63389431195.0,shineyrays,28208031286.0,gen_x_swiftie
63389431195.0,,,0.0,63389431195.0,shineyrays,63431437800.0,thisone777
63389431195.0,,,0.0,63389431195.0,shineyrays,63092253617.0,phymog
63389431195.0,,,0.0,63389431195.0,shineyrays,63406372979.0,audreylovesparis
63457915902.0,,,0.0,63457915902.0,russvoteblue,67888609550.0,ronahanson
63457915902.0,,,0.0,63457915902.0,russvoteblue,63408140506.0,philburns55
63457915902.0,,,0.0,63457915902.0,russvoteblue,63431437800.0,thisone777
63457915902.0,,,0.0,63457915902.0,russvoteblue,63092253617.0,phymog
63086732101.0,,,0.0,63086732101.0,rosie619sd,63066220801.0,pvcollinsphotos
63086732101.0,,,0.0,63086732101.0,rosie619sd,63099173327.0,papa_text
63086732101.0,,,0.0,63086732101.0,rosie619sd,70259534986.0,gramham523
63086732101.0,,,0.0,63086732101.0,rosie619sd,63474617901.0,ryan_reads_and_writes
63086732101.0,,,0.0,63086732101.0,rosie619sd,63412603181.0,hollisbischoff
63086732101.0,,,0.0,63086732101.0,rosie619sd,1431445436.0,colleen_beaton72
63086732101.0,,,0.0,63086732101.0,rosie619sd,68501202725.0,therealgxldsociety
63050543406.0,,,0.0,63050543406.0,josie_gs_,63138717398.0,kking1967
63050543406.0,,,0.0,63050543406.0,josie_gs_,69038640659.0,james.norray
63050543406.0,,,0.0,63050543406.0,josie_gs_,1486138221.0,lfcmel
63050543406.0,,,0.0,63050543406.0,josie_gs_,63261589931.0,emekaasadu
63050543406.0,,,0.0,63050543406.0,josie_gs_,63259926432.0,stephofimp
63050543406.0,,,0.0,63050543406.0,josie_gs_,15476008.0,mymoondawg
63050543406.0,,,0.0,63050543406.0,josie_gs_,63436512338.0,madwoman1028
63050543406.0,,,0.0,63050543406.0,josie_gs_,63066220801.0,pvcollinsphotos
63050543406.0,,,0.0,63050543406.0,josie_gs_,64118306600.0,rdaetha
63050543406.0,,,0.0,63050543406.0,josie_gs_,388267302.0,jenniferwilliams88
63050543406.0,,,0.0,63050543406.0,josie_gs_,63259006501.0,fineswine2023
63050543406.0,,,0.0,63050543406.0,josie_gs_,63056364516.0,tomwellborn3
63050543406.0,,,0.0,63050543406.0,josie_gs_,63100251888.0,thereseflanagan
63050543406.0,,,0.0,63050543406.0,josie_gs_,63064839081.0,whatifbarackorhillarydidit
63050543406.0,,,0.0,63050543406.0,josie_gs_,63077865711.0,davidattenborough_fans
63143444633.0,,,0.0,63143444633.0,wa3zgt,63434618598.0,fawngoodwine
63404708981.0,,,0.0,63404708981.0,wrexach,54613941121.0,pennybachand
63404708981.0,,,0.0,63404708981.0,wrexach,63408140506.0,philburns55
364607407.0,,,0.0,364607407.0,juliangert,63439018971.0,yetanotherlizzie
364607407.0,,,0.0,364607407.0,juliangert,63299922692.0,cakeer14
364607407.0,,,0.0,364607407.0,juliangert,191816982.0,bg1947
63158437498.0,,,0.0,63158437498.0,chazngg,63102401975.0,stylishluckycharm
63158437498.0,,,0.0,63158437498.0,chazngg,63368055807.0,kegbot62
63158437498.0,,,0.0,63158437498.0,chazngg,63296921181.0,doritycreekgirl
63158437498.0,,,0.0,63158437498.0,chazngg,63279607705.0,shariwhaley1964
63158437498.0,,,0.0,63158437498.0,chazngg,63120793284.0,lexxxinstereo
63158437498.0,,,0.0,63158437498.0,chazngg,63402886359.0,dawn8957
63158437498.0,,,0.0,63158437498.0,chazngg,64005677465.0,marleen_24_7
63031270809.0,,,0.0,63031270809.0,barbaraoliverhartman,70142447317.0,lisawaltonartist
63480788004.0,,,0.0,63480788004.0,instanow,63218343120.0,philip_j_waters_author
69548373902.0,,,0.0,69548373902.0,theadhdinfj,63412603181.0,hollisbischoff
70372433394.0,,,0.0,70372433394.0,mrsdvspompom,63276982828.0,d.j._unsubscribed_
71054154111.0,,,0.0,71054154111.0,kittyssecretsnacksorcery,69681848802.0,leptir1313
71054154111.0,,,0.0,71054154111.0,kittyssecretsnacksorcery,67133571003.0,kinky_queeer
65543579320.0,,,0.0,65543579320.0,altwitchybish,8168284087.0,spnc.rr03
206502157.0,,,0.0,206502157.0,hillary_chen90,63161359577.0,maskxplorer
206502157.0,,,0.0,206502157.0,hillary_chen90,63180042180.0,rwilsonross
63234733879.0,,,0.0,63234733879.0,kdeebs_ok,69544438438.0,poro.puff
63234733879.0,,,0.0,63234733879.0,kdeebs_ok,71085473832.0,mr.gold.starr
63234733879.0,,,0.0,63234733879.0,kdeebs_ok,70413538484.0,howusay_cucumbare
63234733879.0,,,0.0,63234733879.0,kdeebs_ok,68182012981.0,doctor_fosser
63234733879.0,,,0.0,63234733879.0,kdeebs_ok,63460213473.0,sojournerweaver
70161682036.0,,,0.0,70161682036.0,welcometothealterlyfe,63083730950.0,laynepaigee
68518283340.0,,,0.0,68518283340.0,__.tilley.__,16885539197.0,rrxims
5769378890.0,,,0.0,5769378890.0,lilmzgspot,66629251487.0,animal6025bear
1002451905.0,,,0.0,1002451905.0,blackcatknitsoh,67623458635.0,victoriaaagraves
1002451905.0,,,0.0,1002451905.0,blackcatknitsoh,180137184.0,coheed_and_cats
70619901837.0,,,0.0,70619901837.0,sammiammnot,65113336515.0,ana.berts
70619901837.0,,,0.0,70619901837.0,sammiammnot,70378304565.0,jkhilsinger
2255827580.0,,,0.0,2255827580.0,nikita__shania,63085514490.0,thetherapist2.0
2255827580.0,,,0.0,2255827580.0,nikita__shania,14401333225.0,nebuchadnezzarrio
48885407994.0,,,0.0,48885407994.0,thisliagoesto11,65857235588.0,pig.whiskers
6218703931.0,,,0.0,6218703931.0,veganincrooklyn,66411901180.0,mayornayr
6218703931.0,,,0.0,6218703931.0,veganincrooklyn,66311329919.0,laaye47
6218703931.0,,,0.0,6218703931.0,veganincrooklyn,174248929.0,elmentalista11
71085473832.0,,,0.0,71085473832.0,mr.gold.starr,63050014333.0,pizzapapi_parmeshawn
71085473832.0,,,0.0,71085473832.0,mr.gold.starr,63652180511.0,your.old.pal.goldie
71085473832.0,,,0.0,71085473832.0,mr.gold.starr,63409700279.0,ketchup.jessi
71085473832.0,,,0.0,71085473832.0,mr.gold.starr,68886755611.0,_gooseygirl_
71085473832.0,,,0.0,71085473832.0,mr.gold.starr,63245083217.0,wallflower.marie
71085473832.0,,,0.0,71085473832.0,mr.gold.starr,63209433517.0,kelsey.reanne
71085473832.0,,,0.0,71085473832.0,mr.gold.starr,66340732338.0,ballzmusicltd
71085473832.0,,,0.0,71085473832.0,mr.gold.starr,71324892320.0,officialsrscinema
65958786250.0,,,0.0,65958786250.0,courtneykoon,65113336515.0,ana.berts
10942677.0,,,0.0,10942677.0,alibubbalicious,225028335.0,breynolds115
10942677.0,,,0.0,10942677.0,alibubbalicious,63158437498.0,chazngg
10942677.0,,,0.0,10942677.0,alibubbalicious,63367833785.0,villainchrisk
10942677.0,,,0.0,10942677.0,alibubbalicious,68501202725.0,therealgxldsociety
70378304565.0,,,0.0,70378304565.0,jkhilsinger,62858039663.0,ruthelaine877
63795436060.0,,,0.0,63795436060.0,philgillen,65857235588.0,pig.whiskers
63612160116.0,,,0.0,63612160116.0,darkruni,62974736024.0,imdamonconway
63612160116.0,,,0.0,63612160116.0,darkruni,71865395601.0,hatsunechastity
66322396204.0,,,0.0,66322396204.0,caitxie,63052518832.0,izzie3030
66322396204.0,,,0.0,66322396204.0,caitxie,70616667192.0,lostuisauce
15711243.0,,,0.0,15711243.0,tgunnn,63156308928.0,aiirbearmusic
63381751695.0,,,0.0,63381751695.0,min.ominomino,69221625813.0,nice_bajablast
63381751695.0,,,0.0,63381751695.0,min.ominomino,70370096931.0,everybodyhaspolio
4066820632.0,,,0.0,4066820632.0,momimilkshakes,69221625813.0,nice_bajablast
63240659515.0,,,0.0,63240659515.0,rebecca.hrndz,71697358082.0,db.x_x
645055119.0,,,0.0,645055119.0,hanatomy_,65857235588.0,pig.whiskers
645055119.0,,,0.0,645055119.0,hanatomy_,63505367898.0,meranibunni
10217696.0,,,0.0,10217696.0,tjmatern,70987061920.0,ethancraft420
70256527027.0,,,0.0,70256527027.0,madd.lnd,69638162998.0,actuallyelastigirl
8998032.0,,,0.0,8998032.0,actionpackedamanda,63218343120.0,philip_j_waters_author
17953312642.0,,,0.0,17953312642.0,tinyyweirdo,71338052721.0,jecklestv
70324777506.0,,,0.0,70324777506.0,laceyrenee_____,71865395601.0,hatsunechastity
70324777506.0,,,0.0,70324777506.0,laceyrenee_____,70401032034.0,filmq33n
69557143975.0,,,0.0,69557143975.0,kimpaz425,69738739472.0,confusedmummy
70578381124.0,,,0.0,70578381124.0,sun.shine.023,70619901837.0,sammiammnot
70578381124.0,,,0.0,70578381124.0,sun.shine.023,63421967386.0,itsjust_jymie
70578381124.0,,,0.0,70578381124.0,sun.shine.023,70370096931.0,everybodyhaspolio
5276064760.0,,,0.0,5276064760.0,azngrains,63161359577.0,maskxplorer
67133571003.0,,,0.0,67133571003.0,kinky_queeer,67623458635.0,victoriaaagraves
65393641055.0,,,0.0,65393641055.0,her_nanigans,63308335051.0,madwoman222
55416002584.0,,,0.0,55416002584.0,fessjerriday,64199209199.0,cottoncandyygirll
55416002584.0,,,0.0,55416002584.0,fessjerriday,63652180511.0,your.old.pal.goldie
55416002584.0,,,0.0,55416002584.0,fessjerriday,65857235588.0,pig.whiskers
55416002584.0,,,0.0,55416002584.0,fessjerriday,69230487741.0,high_foreign_chick
55416002584.0,,,0.0,55416002584.0,fessjerriday,63233794888.0,xamphetanina
355273053.0,,,0.0,355273053.0,___veemil___,70737503315.0,rayray.creates.empires__
4732223820.0,,,0.0,4732223820.0,cringlezzz,63071647984.0,baabybunni
63126164675.0,,,0.0,63126164675.0,_iamclimp,4276751.0,p0cahotass
63126164675.0,,,0.0,63126164675.0,_iamclimp,65351568348.0,metal.druid
6693566894.0,,,0.0,6693566894.0,empiresvibes,65857235588.0,pig.whiskers
6693566894.0,,,0.0,6693566894.0,empiresvibes,62849413260.0,falicitteerose
6693566894.0,,,0.0,6693566894.0,empiresvibes,63233794888.0,xamphetanina
68591560512.0,,,0.0,68591560512.0,josackson,63050014333.0,pizzapapi_parmeshawn
68591560512.0,,,0.0,68591560512.0,josackson,63652180511.0,your.old.pal.goldie
68591560512.0,,,0.0,68591560512.0,josackson,65857235588.0,pig.whiskers
69531194584.0,,,0.0,69531194584.0,pookiebeartingz,68025756418.0,mami_milkdudz
69531194584.0,,,0.0,69531194584.0,pookiebeartingz,63294876280.0,ghxst.angxl
69531194584.0,,,0.0,69531194584.0,pookiebeartingz,65857235588.0,pig.whiskers
69531194584.0,,,0.0,69531194584.0,pookiebeartingz,67034868904.0,qveen.jenna_
70249563987.0,,,0.0,70249563987.0,daishobu_,70413538484.0,howusay_cucumbare
70249563987.0,,,0.0,70249563987.0,daishobu_,63094255665.0,shelbythreeshoes
70249563987.0,,,0.0,70249563987.0,daishobu_,65543579320.0,altwitchybish
63553212005.0,,,0.0,63553212005.0,tommytacconi996,44105325741.0,sigfridoscivelli
5911652398.0,,,0.0,5911652398.0,buriedinwaves,65857235588.0,pig.whiskers
5911652398.0,,,0.0,5911652398.0,buriedinwaves,66311329919.0,laaye47
63398844704.0,,,0.0,63398844704.0,tearinmy_heart21,66411901180.0,mayornayr
63448674948.0,,,0.0,63448674948.0,_max_velocity_,66769627005.0,exileonmainst_
68315991323.0,,,0.0,68315991323.0,halonoelle93,63045613211.0,jammersmith77
69919551787.0,,,0.0,69919551787.0,beanz_galore,63460213473.0,sojournerweaver
69919551787.0,,,0.0,69919551787.0,beanz_galore,69436492686.0,thataltdoll
69919551787.0,,,0.0,69919551787.0,beanz_galore,63402620589.0,milkman.core
68644073198.0,,,0.0,68644073198.0,ephemeralnightmarez,66411901180.0,mayornayr
68644073198.0,,,0.0,68644073198.0,ephemeralnightmarez,64724697215.0,onlytsvndra
68644073198.0,,,0.0,68644073198.0,ephemeralnightmarez,65576007559.0,tsundraaa
68644073198.0,,,0.0,68644073198.0,ephemeralnightmarez,64036195205.0,piss.flaps69
67926538862.0,,,0.0,67926538862.0,ragingsublimity,62974736024.0,imdamonconway
67926538862.0,,,0.0,67926538862.0,ragingsublimity,1144731514.0,fabichuela
67926538862.0,,,0.0,67926538862.0,ragingsublimity,70324777506.0,laceyrenee_____
67926538862.0,,,0.0,67926538862.0,ragingsublimity,181217960.0,vatoloko.420
179889853.0,,,0.0,179889853.0,kountrykhaotic,66311329919.0,laaye47
179889853.0,,,0.0,179889853.0,kountrykhaotic,63460213473.0,sojournerweaver
63448514429.0,,,0.0,63448514429.0,samanazane,67623458635.0,victoriaaagraves
63448514429.0,,,0.0,63448514429.0,samanazane,63247188066.0,beccanbooks
63448514429.0,,,0.0,63448514429.0,samanazane,63233794888.0,xamphetanina
67052260968.0,,,0.0,67052260968.0,livvybivvygirl,63304247951.0,cloberries
70097807843.0,,,0.0,70097807843.0,skyxoeyex369,68518283340.0,__.tilley.__
70097807843.0,,,0.0,70097807843.0,skyxoeyex369,67634922319.0,emmaraeeee_
63445120764.0,,,0.0,63445120764.0,prettyspookygh0ul,71652988723.0,sam.strzyga
58891045741.0,,,0.0,58891045741.0,sucktoshi,69221625813.0,nice_bajablast
68804964075.0,,,0.0,68804964075.0,soindigenius,70801981820.0,stoicheadaurelius
68804964075.0,,,0.0,68804964075.0,soindigenius,69054533247.0,sugar.y.spite
68804964075.0,,,0.0,68804964075.0,soindigenius,71865395601.0,hatsunechastity
68804964075.0,,,0.0,68804964075.0,soindigenius,70324777506.0,laceyrenee_____
63063007518.0,,,0.0,63063007518.0,soooooobbygirl,69638162998.0,actuallyelastigirl
70273899701.0,,,0.0,70273899701.0,sandrastone4562,68804964075.0,soindigenius
2215863249.0,,,0.0,2215863249.0,reflecting.cielo,69844521970.0,damn.dietdoctor
283889627.0,,,0.0,283889627.0,babielyss,71865395601.0,hatsunechastity
38327538918.0,,,0.0,38327538918.0,airballer2.0,67623458635.0,victoriaaagraves
1461691194.0,,,0.0,1461691194.0,celle.199x,69681848802.0,leptir1313
69544438438.0,,,0.0,69544438438.0,poro.puff,63493832145.0,liz_can_fly
69544438438.0,,,0.0,69544438438.0,poro.puff,64036195205.0,piss.flaps69
69544438438.0,,,0.0,69544438438.0,poro.puff,63412882515.0,michaela.wtf
69544438438.0,,,0.0,69544438438.0,poro.puff,63402620589.0,milkman.core
69544438438.0,,,0.0,69544438438.0,poro.puff,71865395601.0,hatsunechastity
69544438438.0,,,0.0,69544438438.0,poro.puff,63281657974.0,kalimariamoon
69544438438.0,,,0.0,69544438438.0,poro.puff,63052518832.0,izzie3030
69544438438.0,,,0.0,69544438438.0,poro.puff,49005082445.0,benedettalavino
69544438438.0,,,0.0,69544438438.0,poro.puff,65120907377.0,catgod587
69544438438.0,,,0.0,69544438438.0,poro.puff,63240659515.0,rebecca.hrndz
69544438438.0,,,0.0,69544438438.0,poro.puff,66450183215.0,ass_huh_lee
69544438438.0,,,0.0,69544438438.0,poro.puff,4581683.0,david5mitchell8
69544438438.0,,,0.0,69544438438.0,poro.puff,70801981820.0,stoicheadaurelius
69544438438.0,,,0.0,69544438438.0,poro.puff,71324892320.0,officialsrscinema
69544438438.0,,,0.0,69544438438.0,poro.puff,67138257125.0,dirty.is.dead
69544438438.0,,,0.0,69544438438.0,poro.puff,67133571003.0,kinky_queeer
69544438438.0,,,0.0,69544438438.0,poro.puff,63085514490.0,thetherapist2.0
69544438438.0,,,0.0,69544438438.0,poro.puff,63045269821.0,_purrrla
69544438438.0,,,0.0,69544438438.0,poro.puff,63152517622.0,helenhensell
69544438438.0,,,0.0,69544438438.0,poro.puff,63234733879.0,kdeebs_ok
69544438438.0,,,0.0,69544438438.0,poro.puff,63257595379.0,_toxiicgemini_
69544438438.0,,,0.0,69544438438.0,poro.puff,66331704935.0,laudiee_lou
69544438438.0,,,0.0,69544438438.0,poro.puff,65439363232.0,c.cruzzz
69544438438.0,,,0.0,69544438438.0,poro.puff,63209433517.0,kelsey.reanne
69544438438.0,,,0.0,69544438438.0,poro.puff,8153300652.0,its_kellyson
69544438438.0,,,0.0,69544438438.0,poro.puff,67034868904.0,qveen.jenna_
69544438438.0,,,0.0,69544438438.0,poro.puff,63242244277.0,festivalhorror
69544438438.0,,,0.0,69544438438.0,poro.puff,1014892401.0,kelscoll
69544438438.0,,,0.0,69544438438.0,poro.puff,70401032034.0,filmq33n
69544438438.0,,,0.0,69544438438.0,poro.puff,69652578803.0,cave.felem93
69544438438.0,,,0.0,69544438438.0,poro.puff,65857235588.0,pig.whiskers
69544438438.0,,,0.0,69544438438.0,poro.puff,71085473832.0,mr.gold.starr
69544438438.0,,,0.0,69544438438.0,poro.puff,70098806257.0,itzzda_ni
69544438438.0,,,0.0,69544438438.0,poro.puff,65113336515.0,ana.berts
69544438438.0,,,0.0,69544438438.0,poro.puff,66378848981.0,mercedeesbettis
69544438438.0,,,0.0,69544438438.0,poro.puff,71046482113.0,cxll.me.rosie
69544438438.0,,,0.0,69544438438.0,poro.puff,69195696999.0,replygirrl
69544438438.0,,,0.0,69544438438.0,poro.puff,50562352351.0,rusay.i
69544438438.0,,,0.0,69544438438.0,poro.puff,63233794888.0,xamphetanina
69544438438.0,,,0.0,69544438438.0,poro.puff,63297752471.0,jamayaxx
69544438438.0,,,0.0,69544438438.0,poro.puff,63457193246.0,prof.thimbleberry
69544438438.0,,,0.0,69544438438.0,poro.puff,63156308928.0,aiirbearmusic
69544438438.0,,,0.0,69544438438.0,poro.puff,63159950352.0,itstelvin_
69544438438.0,,,0.0,69544438438.0,poro.puff,63052727434.0,roselilypads
69544438438.0,,,0.0,69544438438.0,poro.puff,66776324537.0,juuleessss2.0
69544438438.0,,,0.0,69544438438.0,poro.puff,63292115632.0,dieinyoursleep_
69544438438.0,,,0.0,69544438438.0,poro.puff,65064149978.0,jacubinthecut
69544438438.0,,,0.0,69544438438.0,poro.puff,66311329919.0,laaye47
69544438438.0,,,0.0,69544438438.0,poro.puff,63460213473.0,sojournerweaver
69544438438.0,,,0.0,69544438438.0,poro.puff,5597179300.0,slkjay_idj
69544438438.0,,,0.0,69544438438.0,poro.puff,63076023517.0,_yo._.mama._
69544438438.0,,,0.0,69544438438.0,poro.puff,65898121863.0,plutosparadise_
69544438438.0,,,0.0,69544438438.0,poro.puff,66044511768.0,lucyinfinityx
69544438438.0,,,0.0,69544438438.0,poro.puff,64492365397.0,fuckits420247365
69544438438.0,,,0.0,69544438438.0,poro.puff,68501202725.0,therealgxldsociety
69544438438.0,,,0.0,69544438438.0,poro.puff,63574599550.0,hmphmamashank
69544438438.0,,,0.0,69544438438.0,poro.puff,65464976011.0,deerinasuitinc
69544438438.0,,,0.0,69544438438.0,poro.puff,63652180511.0,your.old.pal.goldie
69544438438.0,,,0.0,69544438438.0,poro.puff,63241092044.0,irteza_gunner3567
69544438438.0,,,0.0,69544438438.0,poro.puff,63637992384.0,kkeel1z
69544438438.0,,,0.0,69544438438.0,poro.puff,64479498289.0,hates_milk
69544438438.0,,,0.0,69544438438.0,poro.puff,69306279709.0,dmunnyjuan
69544438438.0,,,0.0,69544438438.0,poro.puff,64625875380.0,kingwensel
69544438438.0,,,0.0,69544438438.0,poro.puff,63304247951.0,cloberries
69544438438.0,,,0.0,69544438438.0,poro.puff,63286072672.0,madebyrichi
69544438438.0,,,0.0,69544438438.0,poro.puff,69858622841.0,igakoncka
69544438438.0,,,0.0,69544438438.0,poro.puff,63045613211.0,jammersmith77
69544438438.0,,,0.0,69544438438.0,poro.puff,64839720354.0,poetgirrl
69544438438.0,,,0.0,69544438438.0,poro.puff,69639652910.0,bby_yaga__
69544438438.0,,,0.0,69544438438.0,poro.puff,69574067090.0,xoxoyxz0.returned
69544438438.0,,,0.0,69544438438.0,poro.puff,1029743804.0,tony2930
69544438438.0,,,0.0,69544438438.0,poro.puff,66281041013.0,plutospurgatory_
69544438438.0,,,0.0,69544438438.0,poro.puff,63227851797.0,wristbanger
69544438438.0,,,0.0,69544438438.0,poro.puff,63446709553.0,jackiemurilloxo
69544438438.0,,,0.0,69544438438.0,poro.puff,3172060771.0,christina._jpg
69544438438.0,,,0.0,69544438438.0,poro.puff,63403017876.0,big.dharma
5339381.0,,,0.0,5339381.0,georgiacomello,63209433517.0,kelsey.reanne
5339381.0,,,0.0,5339381.0,georgiacomello,69564850660.0,b.thnyyy
5339381.0,,,0.0,5339381.0,georgiacomello,63156308928.0,aiirbearmusic
5339381.0,,,0.0,5339381.0,georgiacomello,71054154111.0,kittyssecretsnacksorcery
5339381.0,,,0.0,5339381.0,georgiacomello,71062096446.0,heatherann778
5339381.0,,,0.0,5339381.0,georgiacomello,70834743845.0,sweet.siren.eyes
5339381.0,,,0.0,5339381.0,georgiacomello,67634922319.0,emmaraeeee_
5339381.0,,,0.0,5339381.0,georgiacomello,65857235588.0,pig.whiskers
5339381.0,,,0.0,5339381.0,georgiacomello,69638162998.0,actuallyelastigirl
5339381.0,,,0.0,5339381.0,georgiacomello,66423779217.0,jazzyj_31
63085666879.0,,,0.0,63085666879.0,nootch_vader,63240659515.0,rebecca.hrndz
63085666879.0,,,0.0,63085666879.0,nootch_vader,63233794888.0,xamphetanina
63085666879.0,,,0.0,63085666879.0,nootch_vader,67391773328.0,letisia4344
63085666879.0,,,0.0,63085666879.0,nootch_vader,63448674948.0,_max_velocity_
63085666879.0,,,0.0,63085666879.0,nootch_vader,69397439465.0,soriax0
63085666879.0,,,0.0,63085666879.0,nootch_vader,66273039886.0,laurenrachelg
63085666879.0,,,0.0,63085666879.0,nootch_vader,70370096931.0,everybodyhaspolio
63085666879.0,,,0.0,63085666879.0,nootch_vader,68310941633.0,jthomas_lol
63085666879.0,,,0.0,63085666879.0,nootch_vader,63052727434.0,roselilypads
1558942092.0,,,0.0,1558942092.0,marvelous.mz.gaggini,64343718875.0,tracey.curtis.507
1558942092.0,,,0.0,1558942092.0,marvelous.mz.gaggini,69576523404.0,honeybee_bythesea
1558942092.0,,,0.0,1558942092.0,marvelous.mz.gaggini,7453917524.0,sarahmonticue
63083730950.0,,,0.0,63083730950.0,laynepaigee,63409658883.0,laurathefones
63083730950.0,,,0.0,63083730950.0,laynepaigee,69099928682.0,_usererror333_
63083730950.0,,,0.0,63083730950.0,laynepaigee,63233794888.0,xamphetanina
63083730950.0,,,0.0,63083730950.0,laynepaigee,70413538484.0,howusay_cucumbare
63083730950.0,,,0.0,63083730950.0,laynepaigee,63240659515.0,rebecca.hrndz
63083730950.0,,,0.0,63083730950.0,laynepaigee,57135598659.0,taeegriff
63083730950.0,,,0.0,63083730950.0,laynepaigee,68518283340.0,__.tilley.__
63083730950.0,,,0.0,63083730950.0,laynepaigee,63071647984.0,baabybunni
1905636160.0,,,0.0,1905636160.0,tammara_hill93,69047051921.0,foxyvixen11.11
69562414066.0,,,0.0,69562414066.0,540saunders540,69530616876.0,tammisheafer
69562414066.0,,,0.0,69562414066.0,540saunders540,63237493409.0,staylo_key
69562414066.0,,,0.0,69562414066.0,540saunders540,66534712940.0,black_boutiquebb
69562414066.0,,,0.0,69562414066.0,540saunders540,70086873849.0,treece83
69562414066.0,,,0.0,69562414066.0,540saunders540,70819565811.0,901variety4sales
69562414066.0,,,0.0,69562414066.0,540saunders540,63126164675.0,_iamclimp
69562414066.0,,,0.0,69562414066.0,540saunders540,70633205182.0,shaunarenee84
69562414066.0,,,0.0,69562414066.0,540saunders540,70440826177.0,silverpan
69562414066.0,,,0.0,69562414066.0,540saunders540,70452553373.0,ladyfrancesofyorkshire
69562414066.0,,,0.0,69562414066.0,540saunders540,63488219528.0,mscadero
69562414066.0,,,0.0,69562414066.0,540saunders540,63026214916.0,zay.uncurbed
69562414066.0,,,0.0,69562414066.0,540saunders540,67604965565.0,drstaciemorris
69562414066.0,,,0.0,69562414066.0,540saunders540,69772213557.0,brendadunphy08
69562414066.0,,,0.0,69562414066.0,540saunders540,69679752901.0,desouzabenp
69562414066.0,,,0.0,69562414066.0,540saunders540,63556688046.0,contentwithella
69562414066.0,,,0.0,69562414066.0,540saunders540,68310941633.0,jthomas_lol
69562414066.0,,,0.0,69562414066.0,540saunders540,68905675499.0,officialdavidbasile
68822662345.0,,,0.0,68822662345.0,its.addie13,69753492208.0,tamar.abrams
68822662345.0,,,0.0,68822662345.0,its.addie13,65857235588.0,pig.whiskers
68822662345.0,,,0.0,68822662345.0,its.addie13,63391987351.0,lessyoulie
68822662345.0,,,0.0,68822662345.0,its.addie13,63084960859.0,jess__a__v
68822662345.0,,,0.0,68822662345.0,its.addie13,49834733911.0,aunt_sarah_andthe_cathouse
68822662345.0,,,0.0,68822662345.0,its.addie13,70383034771.0,coastalyarnworx
68822662345.0,,,0.0,68822662345.0,its.addie13,70834202911.0,wickedbooksandtales
68822662345.0,,,0.0,68822662345.0,its.addie13,63386998521.0,thebrishow__
68822662345.0,,,0.0,68822662345.0,its.addie13,3594831437.0,waltgekko
68822662345.0,,,0.0,68822662345.0,its.addie13,63048413263.0,jennyrw29
68822662345.0,,,0.0,68822662345.0,its.addie13,68540281382.0,rpgregory87
68822662345.0,,,0.0,68822662345.0,its.addie13,67920197644.0,idreamofnuggets
68822662345.0,,,0.0,68822662345.0,its.addie13,69576523404.0,honeybee_bythesea
68822662345.0,,,0.0,68822662345.0,its.addie13,63995732074.0,tanjalin
68822662345.0,,,0.0,68822662345.0,its.addie13,67840257186.0,randallbc777
68822662345.0,,,0.0,68822662345.0,its.addie13,66411901180.0,mayornayr
68822662345.0,,,0.0,68822662345.0,its.addie13,233667994.0,kimfrase73
68822662345.0,,,0.0,68822662345.0,its.addie13,70815600788.0,_aja.james
68822662345.0,,,0.0,68822662345.0,its.addie13,199539352.0,mycalindy
68822662345.0,,,0.0,68822662345.0,its.addie13,7718397742.0,beth_hockaday
68822662345.0,,,0.0,68822662345.0,its.addie13,3927473098.0,barklaysmom
68822662345.0,,,0.0,68822662345.0,its.addie13,47837033.0,sparklewithsteph
68822662345.0,,,0.0,68822662345.0,its.addie13,64343718875.0,tracey.curtis.507
68822662345.0,,,0.0,68822662345.0,its.addie13,69772213557.0,brendadunphy08
68822662345.0,,,0.0,68822662345.0,its.addie13,70571399872.0,terryblackmon
68822662345.0,,,0.0,68822662345.0,its.addie13,8668715.0,ashleyisalice
68822662345.0,,,0.0,68822662345.0,its.addie13,69455210540.0,michellemadonnawellness
27896728.0,,,0.0,27896728.0,cambro_obscura,65858606709.0,the.mrs.stovall
27896728.0,,,0.0,27896728.0,cambro_obscura,63460213473.0,sojournerweaver
27896728.0,,,0.0,27896728.0,cambro_obscura,67920197644.0,idreamofnuggets
27896728.0,,,0.0,27896728.0,cambro_obscura,69679752901.0,desouzabenp
27896728.0,,,0.0,27896728.0,cambro_obscura,353556959.0,holsterwpb
27896728.0,,,0.0,27896728.0,cambro_obscura,70413538484.0,howusay_cucumbare
28981830919.0,,,0.0,28981830919.0,azaleeguissard,69681848802.0,leptir1313
5003802109.0,,,0.0,5003802109.0,andleebb_,66411901180.0,mayornayr
5003802109.0,,,0.0,5003802109.0,andleebb_,65955461648.0,imamovics
5003802109.0,,,0.0,5003802109.0,andleebb_,64492365397.0,fuckits420247365
5003802109.0,,,0.0,5003802109.0,andleebb_,66300673795.0,pruspiotr_98
5003802109.0,,,0.0,5003802109.0,andleebb_,63459388837.0,hayatnaseri1
5003802109.0,,,0.0,5003802109.0,andleebb_,67043435032.0,huzai_fa2686
5003802109.0,,,0.0,5003802109.0,andleebb_,66658360254.0,17theycallme_dior
5003802109.0,,,0.0,5003802109.0,andleebb_,66963908589.0,mindofmerk
5003802109.0,,,0.0,5003802109.0,andleebb_,60849692321.0,jhonalbeiro3230
5003802109.0,,,0.0,5003802109.0,andleebb_,66417886528.0,whymadyyy
5003802109.0,,,0.0,5003802109.0,andleebb_,65212939472.0,romanini.massimo2000
5003802109.0,,,0.0,5003802109.0,andleebb_,65022928022.0,houseofswordcastle
5003802109.0,,,0.0,5003802109.0,andleebb_,63104890339.0,tayybahyasin
5003802109.0,,,0.0,5003802109.0,andleebb_,63079722581.0,theblessedadrian_
5003802109.0,,,0.0,5003802109.0,andleebb_,63376510485.0,ahadeethanddua
1273007220.0,,,0.0,1273007220.0,ryapieya,70855100180.0,yesitsangiebell
1273007220.0,,,0.0,1273007220.0,ryapieya,69638162998.0,actuallyelastigirl
1273007220.0,,,0.0,1273007220.0,ryapieya,67623458635.0,victoriaaagraves
10876041103.0,,,0.0,10876041103.0,danagootz,63468376629.0,annebarringer
65021872330.0,,,0.0,65021872330.0,lid_bean,68518283340.0,__.tilley.__
63233794888.0,,,0.0,63233794888.0,xamphetanina,63280651402.0,sturdysturtevant
63233794888.0,,,0.0,63233794888.0,xamphetanina,63133854921.0,mooncatkait
63233794888.0,,,0.0,63233794888.0,xamphetanina,70872730074.0,dailysh1tpost
63233794888.0,,,0.0,63233794888.0,xamphetanina,63652180511.0,your.old.pal.goldie
63233794888.0,,,0.0,63233794888.0,xamphetanina,51096440.0,mrkrabsirl
63233794888.0,,,0.0,63233794888.0,xamphetanina,70440826177.0,silverpan
63233794888.0,,,0.0,63233794888.0,xamphetanina,70447449815.0,sunnyspirit777
63233794888.0,,,0.0,63233794888.0,xamphetanina,63224836145.0,clurrvoyance
63233794888.0,,,0.0,63233794888.0,xamphetanina,70383034771.0,coastalyarnworx
63233794888.0,,,0.0,63233794888.0,xamphetanina,67516854676.0,kendrabitches
63233794888.0,,,0.0,63233794888.0,xamphetanina,63048052647.0,lemmyg
63233794888.0,,,0.0,63233794888.0,xamphetanina,65120907377.0,catgod587
63233794888.0,,,0.0,63233794888.0,xamphetanina,6693566894.0,empiresvibes
63233794888.0,,,0.0,63233794888.0,xamphetanina,64017101592.0,pale__goblin
63233794888.0,,,0.0,63233794888.0,xamphetanina,67924453501.0,sickchickkie
63233794888.0,,,0.0,63233794888.0,xamphetanina,63261413757.0,sethappeal
63233794888.0,,,0.0,63233794888.0,xamphetanina,63085666879.0,nootch_vader
63233794888.0,,,0.0,63233794888.0,xamphetanina,66380543581.0,frankthefifth
63233794888.0,,,0.0,63233794888.0,xamphetanina,67159038925.0,king._kohli_fan
63233794888.0,,,0.0,63233794888.0,xamphetanina,66393265019.0,lovesmagicuniverse
63233794888.0,,,0.0,63233794888.0,xamphetanina,70248155205.0,abdulkarim82hamad
63233794888.0,,,0.0,63233794888.0,xamphetanina,63448674948.0,_max_velocity_
63233794888.0,,,0.0,63233794888.0,xamphetanina,17818971494.0,redhawk1893
63233794888.0,,,0.0,63233794888.0,xamphetanina,68310941633.0,jthomas_lol
63233794888.0,,,0.0,63233794888.0,xamphetanina,63612160116.0,darkruni
63233794888.0,,,0.0,63233794888.0,xamphetanina,69531194584.0,pookiebeartingz
63233794888.0,,,0.0,63233794888.0,xamphetanina,63395645265.0,digital.icarus
63233794888.0,,,0.0,63233794888.0,xamphetanina,66044511768.0,lucyinfinityx
63233794888.0,,,0.0,63233794888.0,xamphetanina,55416002584.0,fessjerriday
63233794888.0,,,0.0,63233794888.0,xamphetanina,67593054329.0,teiwapotts
63233794888.0,,,0.0,63233794888.0,xamphetanina,63249952503.0,yuwonmii
63233794888.0,,,0.0,63233794888.0,xamphetanina,63076023517.0,_yo._.mama._
63233794888.0,,,0.0,63233794888.0,xamphetanina,68883347165.0,prime_of_the_day
63233794888.0,,,0.0,63233794888.0,xamphetanina,1144731514.0,fabichuela
63233794888.0,,,0.0,63233794888.0,xamphetanina,63045613211.0,jammersmith77
63233794888.0,,,0.0,63233794888.0,xamphetanina,69397439465.0,soriax0
63233794888.0,,,0.0,63233794888.0,xamphetanina,64133171263.0,hhhvnnah
63233794888.0,,,0.0,63233794888.0,xamphetanina,69544438438.0,poro.puff
63233794888.0,,,0.0,63233794888.0,xamphetanina,67840257186.0,randallbc777
63233794888.0,,,0.0,63233794888.0,xamphetanina,67623458635.0,victoriaaagraves
63233794888.0,,,0.0,63233794888.0,xamphetanina,63214979195.0,elegant.eevee
63233794888.0,,,0.0,63233794888.0,xamphetanina,65219958169.0,dawn_thatsme
63233794888.0,,,0.0,63233794888.0,xamphetanina,66411901180.0,mayornayr
63233794888.0,,,0.0,63233794888.0,xamphetanina,63484952568.0,big_tortoise_goth_gf
63233794888.0,,,0.0,63233794888.0,xamphetanina,67034868904.0,qveen.jenna_
63233794888.0,,,0.0,63233794888.0,xamphetanina,63421967386.0,itsjust_jymie
63233794888.0,,,0.0,63233794888.0,xamphetanina,69436492686.0,thataltdoll
63233794888.0,,,0.0,63233794888.0,xamphetanina,63069579229.0,stfaery
63233794888.0,,,0.0,63233794888.0,xamphetanina,67634922319.0,emmaraeeee_
63233794888.0,,,0.0,63233794888.0,xamphetanina,66776324537.0,juuleessss2.0
63233794888.0,,,0.0,63233794888.0,xamphetanina,65411226874.0,codieleeando
63233794888.0,,,0.0,63233794888.0,xamphetanina,70161682036.0,welcometothealterlyfe
63233794888.0,,,0.0,63233794888.0,xamphetanina,63033877953.0,sacred.zee
63233794888.0,,,0.0,63233794888.0,xamphetanina,64479498289.0,hates_milk
63233794888.0,,,0.0,63233794888.0,xamphetanina,62943581677.0,leslielynn05
63233794888.0,,,0.0,63233794888.0,xamphetanina,65929474498.0,destinimariefike333
63233794888.0,,,0.0,63233794888.0,xamphetanina,62849413260.0,falicitteerose
63233794888.0,,,0.0,63233794888.0,xamphetanina,63637992384.0,kkeel1z
63233794888.0,,,0.0,63233794888.0,xamphetanina,55097284075.0,infinitesarina
63233794888.0,,,0.0,63233794888.0,xamphetanina,64199209199.0,cottoncandyygirll
63233794888.0,,,0.0,63233794888.0,xamphetanina,69679752901.0,desouzabenp
63233794888.0,,,0.0,63233794888.0,xamphetanina,63257595379.0,_toxiicgemini_
63233794888.0,,,0.0,63233794888.0,xamphetanina,346013008.0,soggy__burrito
63233794888.0,,,0.0,63233794888.0,xamphetanina,63438326017.0,spookyy.ellie
63233794888.0,,,0.0,63233794888.0,xamphetanina,3182628556.0,ash.morse1116
63233794888.0,,,0.0,63233794888.0,xamphetanina,63063007518.0,soooooobbygirl
63233794888.0,,,0.0,63233794888.0,xamphetanina,70126354055.0,warmblue56
63233794888.0,,,0.0,63233794888.0,xamphetanina,63273352824.0,wibo_23
63233794888.0,,,0.0,63233794888.0,xamphetanina,64492365397.0,fuckits420247365
63233794888.0,,,0.0,63233794888.0,xamphetanina,6077538840.0,pwvwicbbjj
63233794888.0,,,0.0,63233794888.0,xamphetanina,67360712488.0,windsorharmreduction.oat
63233794888.0,,,0.0,63233794888.0,xamphetanina,65020874839.0,claracianferotti
63233794888.0,,,0.0,63233794888.0,xamphetanina,63026214916.0,zay.uncurbed
63233794888.0,,,0.0,63233794888.0,xamphetanina,65676038694.0,poorxkitty
63233794888.0,,,0.0,63233794888.0,xamphetanina,63084055694.0,rotgarden
63233794888.0,,,0.0,63233794888.0,xamphetanina,63227851797.0,wristbanger
63233794888.0,,,0.0,63233794888.0,xamphetanina,64608113603.0,jharless__
63233794888.0,,,0.0,63233794888.0,xamphetanina,63440389144.0,liminal.angel
63233794888.0,,,0.0,63233794888.0,xamphetanina,63124507922.0,dem0n.dad
63233794888.0,,,0.0,63233794888.0,xamphetanina,8175057217.0,t.svndra
63233794888.0,,,0.0,63233794888.0,xamphetanina,63052518832.0,izzie3030
63233794888.0,,,0.0,63233794888.0,xamphetanina,66450183215.0,ass_huh_lee
63233794888.0,,,0.0,63233794888.0,xamphetanina,63278984606.0,kiddynomite.nzo
63233794888.0,,,0.0,63233794888.0,xamphetanina,63440057399.0,robby.moto
63233794888.0,,,0.0,63233794888.0,xamphetanina,66082439136.0,syfslh29
63233794888.0,,,0.0,63233794888.0,xamphetanina,65932713393.0,fckitfcku
63233794888.0,,,0.0,63233794888.0,xamphetanina,6029822059.0,cosmiceureka
63233794888.0,,,0.0,63233794888.0,xamphetanina,63251759092.0,tayy_elaine
63233794888.0,,,0.0,63233794888.0,xamphetanina,65464976011.0,deerinasuitinc
63233794888.0,,,0.0,63233794888.0,xamphetanina,66333805909.0,speedtreez
63233794888.0,,,0.0,63233794888.0,xamphetanina,65799909340.0,daddykaekz
63233794888.0,,,0.0,63233794888.0,xamphetanina,63465297423.0,aurainsanity
63233794888.0,,,0.0,63233794888.0,xamphetanina,63405053608.0,ace.febreeze
63233794888.0,,,0.0,63233794888.0,xamphetanina,63300306253.0,teairrajariee
63233794888.0,,,0.0,63233794888.0,xamphetanina,63372607551.0,okido22
63233794888.0,,,0.0,63233794888.0,xamphetanina,63388077078.0,_sonderlust
63233794888.0,,,0.0,63233794888.0,xamphetanina,63254455739.0,kailasullivan
63233794888.0,,,0.0,63233794888.0,xamphetanina,58017041634.0,ickypry
63233794888.0,,,0.0,63233794888.0,xamphetanina,63304247951.0,cloberries
63233794888.0,,,0.0,63233794888.0,xamphetanina,66040494497.0,shennifer.xx
63233794888.0,,,0.0,63233794888.0,xamphetanina,65177908394.0,ghxst.0115
63233794888.0,,,0.0,63233794888.0,xamphetanina,65857235588.0,pig.whiskers
63233794888.0,,,0.0,63233794888.0,xamphetanina,65439363232.0,c.cruzzz
63233794888.0,,,0.0,63233794888.0,xamphetanina,64661062096.0,diamond_dime01
63233794888.0,,,0.0,63233794888.0,xamphetanina,63070311372.0,tiffanypep
63233794888.0,,,0.0,63233794888.0,xamphetanina,62974736024.0,imdamonconway
63233794888.0,,,0.0,63233794888.0,xamphetanina,63286072672.0,madebyrichi
63233794888.0,,,0.0,63233794888.0,xamphetanina,63297752471.0,jamayaxx
63233794888.0,,,0.0,63233794888.0,xamphetanina,229130252.0,pizza_prevail
63233794888.0,,,0.0,63233794888.0,xamphetanina,65310177512.0,abs_ro
63233794888.0,,,0.0,63233794888.0,xamphetanina,63507872984.0,mychaelablatta
63233794888.0,,,0.0,63233794888.0,xamphetanina,63078641584.0,disdain_in_the_membrane
63233794888.0,,,0.0,63233794888.0,xamphetanina,63493832145.0,liz_can_fly
63233794888.0,,,0.0,63233794888.0,xamphetanina,63525248989.0,iamvickyhilton
63233794888.0,,,0.0,63233794888.0,xamphetanina,63484553927.0,blk_x_
63233794888.0,,,0.0,63233794888.0,xamphetanina,64281907296.0,aleianakalia
63233794888.0,,,0.0,63233794888.0,xamphetanina,63448816026.0,spanishmamialee_xo
63233794888.0,,,0.0,63233794888.0,xamphetanina,63446105154.0,mmarianaaa_
63233794888.0,,,0.0,63233794888.0,xamphetanina,62881798100.0,pinkgirlgems
63233794888.0,,,0.0,63233794888.0,xamphetanina,65066491421.0,buttercup.babyyx
63233794888.0,,,0.0,63233794888.0,xamphetanina,63402620589.0,milkman.core
63233794888.0,,,0.0,63233794888.0,xamphetanina,63474539832.0,yg.sam
63233794888.0,,,0.0,63233794888.0,xamphetanina,63506264040.0,corpselain
63233794888.0,,,0.0,63233794888.0,xamphetanina,63252184325.0,adipixie
63233794888.0,,,0.0,63233794888.0,xamphetanina,63281657974.0,kalimariamoon
63233794888.0,,,0.0,63233794888.0,xamphetanina,63156308928.0,aiirbearmusic
63233794888.0,,,0.0,63233794888.0,xamphetanina,64612868649.0,omnidexxghost
63233794888.0,,,0.0,63233794888.0,xamphetanina,62934543536.0,ro.road
63233794888.0,,,0.0,63233794888.0,xamphetanina,64456781629.0,thelittlemaryjane_
63233794888.0,,,0.0,63233794888.0,xamphetanina,63409700279.0,ketchup.jessi
63233794888.0,,,0.0,63233794888.0,xamphetanina,63505367898.0,meranibunni
63233794888.0,,,0.0,63233794888.0,xamphetanina,48060469402.0,soda__kat
2774133436.0,,,0.0,2774133436.0,_whatupitsjake,63053502582.0,indyjcl
51096440.0,,,0.0,51096440.0,mrkrabsirl,63056091465.0,not_klitton
69653661216.0,,,0.0,69653661216.0,southern.blacksheep.refuge,1431445436.0,colleen_beaton72
69653661216.0,,,0.0,69653661216.0,southern.blacksheep.refuge,63484952568.0,big_tortoise_goth_gf
60158799792.0,,,0.0,60158799792.0,glasercomedy,63460213473.0,sojournerweaver
69694212877.0,,,0.0,69694212877.0,candii_pants89,69221625813.0,nice_bajablast
47420763.0,,,0.0,47420763.0,superrhardcorre,63252184325.0,adipixie
63414038003.0,,,0.0,63414038003.0,sirenofhellfire,66411901180.0,mayornayr
63414038003.0,,,0.0,63414038003.0,sirenofhellfire,65857235588.0,pig.whiskers
70823394937.0,,,0.0,70823394937.0,booky.biker,71865395601.0,hatsunechastity
36898355167.0,,,0.0,36898355167.0,molltake2,63063763812.0,thefoxglovefairyy
54842005871.0,,,0.0,54842005871.0,vibeswithswerve,63422579343.0,lightpink_4
63421967386.0,,,0.0,63421967386.0,itsjust_jymie,53223380198.0,amiraforthesun
63421967386.0,,,0.0,63421967386.0,itsjust_jymie,63224836145.0,clurrvoyance
63421967386.0,,,0.0,63421967386.0,itsjust_jymie,63407783060.0,_addyw_
69932590477.0,,,0.0,69932590477.0,little_g_tx,68931378471.0,oatmilkgoth
69932590477.0,,,0.0,69932590477.0,little_g_tx,71140833736.0,_whosthat.girl
69932590477.0,,,0.0,69932590477.0,little_g_tx,66378848981.0,mercedeesbettis
67634922319.0,,,0.0,67634922319.0,emmaraeeee_,66044511768.0,lucyinfinityx
37381964367.0,,,0.0,37381964367.0,steph_anne_xx,66411901180.0,mayornayr
51291312071.0,,,0.0,51291312071.0,inspiratrice_llc,69638162998.0,actuallyelastigirl
68214824885.0,,,0.0,68214824885.0,rosie_revive,62974736024.0,imdamonconway
68214824885.0,,,0.0,68214824885.0,rosie_revive,66769627005.0,exileonmainst_
68214824885.0,,,0.0,68214824885.0,rosie_revive,63423876041.0,mackieatmyhouse
68214824885.0,,,0.0,68214824885.0,rosie_revive,63245083217.0,wallflower.marie
68214824885.0,,,0.0,68214824885.0,rosie_revive,5633190664.0,rachthemoonbaby2.0
68214824885.0,,,0.0,68214824885.0,rosie_revive,63084055694.0,rotgarden
68214824885.0,,,0.0,68214824885.0,rosie_revive,64133171263.0,hhhvnnah
68214824885.0,,,0.0,68214824885.0,rosie_revive,63257595379.0,_toxiicgemini_
63289483984.0,,,0.0,63289483984.0,a.synonym.roll,63247188066.0,beccanbooks
63289483984.0,,,0.0,63289483984.0,a.synonym.roll,71865395601.0,hatsunechastity
63289483984.0,,,0.0,63289483984.0,a.synonym.roll,70801981820.0,stoicheadaurelius
63289483984.0,,,0.0,63289483984.0,a.synonym.roll,67052260968.0,livvybivvygirl
201056679.0,,,0.0,201056679.0,poison_ivey2.0,63421967386.0,itsjust_jymie
69020783700.0,,,0.0,69020783700.0,m7fpsgaming,63231318437.0,uncultured_nerd_
66340732338.0,,,0.0,66340732338.0,ballzmusicltd,65175018549.0,airamfmofficial
8168284087.0,,,0.0,8168284087.0,spnc.rr03,233667994.0,kimfrase73
8168284087.0,,,0.0,8168284087.0,spnc.rr03,63376646951.0,luchaaavandross
8168284087.0,,,0.0,8168284087.0,spnc.rr03,63052836871.0,kaitlynpaige64
8168284087.0,,,0.0,8168284087.0,spnc.rr03,66498375768.0,swiftie__society
249395175.0,,,0.0,249395175.0,emnmegsmom,70571399872.0,terryblackmon
249395175.0,,,0.0,249395175.0,emnmegsmom,63474617901.0,ryan_reads_and_writes
249395175.0,,,0.0,249395175.0,emnmegsmom,69455210540.0,michellemadonnawellness
60206090371.0,,,0.0,60206090371.0,darkercravings,63085514490.0,thetherapist2.0
14304250.0,,,0.0,14304250.0,jenlaren04,4131995238.0,theantisocialbutterflyyy
64949377357.0,,,0.0,64949377357.0,octoberex0dus,909517323.0,gracielouwhosd
64949377357.0,,,0.0,64949377357.0,octoberex0dus,64516644874.0,zen_doe42
64949377357.0,,,0.0,64949377357.0,octoberex0dus,69638162998.0,actuallyelastigirl
267179992.0,,,0.0,267179992.0,_theindoorkite_,68905675499.0,officialdavidbasile
1144731514.0,,,0.0,1144731514.0,fabichuela,63625112019.0,teia888
68354062924.0,,,0.0,68354062924.0,theofficialoddaly,66898758338.0,p3ac3_yo
68354062924.0,,,0.0,68354062924.0,theofficialoddaly,62971506123.0,wanderingdeerpoet
63292115632.0,,,0.0,63292115632.0,dieinyoursleep_,63612160116.0,darkruni
8153300652.0,,,0.0,8153300652.0,its_kellyson,69544438438.0,poro.puff
22944312005.0,,,0.0,22944312005.0,theemoela,66411901180.0,mayornayr
22944312005.0,,,0.0,22944312005.0,theemoela,65857235588.0,pig.whiskers
581771018.0,,,0.0,581771018.0,torii.okayy,66311329919.0,laaye47
63258930966.0,,,0.0,63258930966.0,tracytrips,60287521537.0,cynthia.dominique.2023
63258930966.0,,,0.0,63258930966.0,tracytrips,63995732074.0,tanjalin
62974736024.0,,,0.0,62974736024.0,imdamonconway,63133854921.0,mooncatkait
62974736024.0,,,0.0,62974736024.0,imdamonconway,63209433517.0,kelsey.reanne
62974736024.0,,,0.0,62974736024.0,imdamonconway,68025756418.0,mami_milkdudz
62974736024.0,,,0.0,62974736024.0,imdamonconway,65929474498.0,destinimariefike333
62974736024.0,,,0.0,62974736024.0,imdamonconway,70440826177.0,silverpan
62974736024.0,,,0.0,62974736024.0,imdamonconway,64612868649.0,omnidexxghost
62974736024.0,,,0.0,62974736024.0,imdamonconway,67516854676.0,kendrabitches
62974736024.0,,,0.0,62974736024.0,imdamonconway,63496224629.0,valerixys
69574067090.0,,,0.0,69574067090.0,xoxoyxz0.returned,67138257125.0,dirty.is.dead
69574067090.0,,,0.0,69574067090.0,xoxoyxz0.returned,209612284.0,kae.la
69574067090.0,,,0.0,69574067090.0,xoxoyxz0.returned,71865395601.0,hatsunechastity
69574067090.0,,,0.0,69574067090.0,xoxoyxz0.returned,66378848981.0,mercedeesbettis
69574067090.0,,,0.0,69574067090.0,xoxoyxz0.returned,65044499313.0,mybloodyguillotine
69574067090.0,,,0.0,69574067090.0,xoxoyxz0.returned,63240659515.0,rebecca.hrndz
67829624451.0,,,0.0,67829624451.0,wilder0_,63637992384.0,kkeel1z
67829624451.0,,,0.0,67829624451.0,wilder0_,63076023517.0,_yo._.mama._
67829624451.0,,,0.0,67829624451.0,wilder0_,63245083217.0,wallflower.marie
8015058287.0,,,0.0,8015058287.0,zombievamps,70409092129.0,unhinged_feline
8015058287.0,,,0.0,8015058287.0,zombievamps,66411901180.0,mayornayr
69639652910.0,,,0.0,69639652910.0,bby_yaga__,71865395601.0,hatsunechastity
69639652910.0,,,0.0,69639652910.0,bby_yaga__,64036195205.0,piss.flaps69
181217960.0,,,0.0,181217960.0,vatoloko.420,66411901180.0,mayornayr
181217960.0,,,0.0,181217960.0,vatoloko.420,65857235588.0,pig.whiskers
8490945377.0,,,0.0,8490945377.0,silent.orbit,64036195205.0,piss.flaps69
8490945377.0,,,0.0,8490945377.0,silent.orbit,69858622841.0,igakoncka
8490945377.0,,,0.0,8490945377.0,silent.orbit,68767047701.0,ill_behave
49005082445.0,,,0.0,49005082445.0,benedettalavino,64839720354.0,poetgirrl
70572046099.0,,,0.0,70572046099.0,adhara_moonn,68501202725.0,therealgxldsociety
70572046099.0,,,0.0,70572046099.0,adhara_moonn,66776324537.0,juuleessss2.0
65120907377.0,,,0.0,65120907377.0,catgod587,71865395601.0,hatsunechastity
65120907377.0,,,0.0,65120907377.0,catgod587,69544438438.0,poro.puff
63374328268.0,,,0.0,63374328268.0,jesswasnthere,66411901180.0,mayornayr
63374328268.0,,,0.0,63374328268.0,jesswasnthere,66378848981.0,mercedeesbettis
63374328268.0,,,0.0,63374328268.0,jesswasnthere,63233794888.0,xamphetanina
63374328268.0,,,0.0,63374328268.0,jesswasnthere,66450183215.0,ass_huh_lee
63374328268.0,,,0.0,63374328268.0,jesswasnthere,68654963074.0,severed_knees
69564850660.0,,,0.0,69564850660.0,b.thnyyy,68493912499.0,call.me_christy
69564850660.0,,,0.0,69564850660.0,b.thnyyy,70401032034.0,filmq33n
69564850660.0,,,0.0,69564850660.0,b.thnyyy,65857235588.0,pig.whiskers
69564850660.0,,,0.0,69564850660.0,b.thnyyy,64516644874.0,zen_doe42
69564850660.0,,,0.0,69564850660.0,b.thnyyy,71324892320.0,officialsrscinema
69564850660.0,,,0.0,69564850660.0,b.thnyyy,63052518832.0,izzie3030
69564850660.0,,,0.0,69564850660.0,b.thnyyy,63394916712.0,themeg.x
68731363685.0,,,0.0,68731363685.0,it_aint_fair_jear,4276751.0,p0cahotass
63637992384.0,,,0.0,63637992384.0,kkeel1z,67829624451.0,wilder0_
63268372762.0,,,0.0,63268372762.0,nightly92,5597179300.0,slkjay_idj
63268372762.0,,,0.0,63268372762.0,nightly92,63612160116.0,darkruni
63268372762.0,,,0.0,63268372762.0,nightly92,68501202725.0,therealgxldsociety
69772317706.0,,,0.0,69772317706.0,kaes.hell,63050014333.0,pizzapapi_parmeshawn
69772317706.0,,,0.0,69772317706.0,kaes.hell,63376510485.0,ahadeethanddua
69772317706.0,,,0.0,69772317706.0,kaes.hell,63048052647.0,lemmyg
69772317706.0,,,0.0,69772317706.0,kaes.hell,70561390788.0,bratzdoll838
69772317706.0,,,0.0,69772317706.0,kaes.hell,63612160116.0,darkruni
69772317706.0,,,0.0,69772317706.0,kaes.hell,71338052721.0,jecklestv
69772317706.0,,,0.0,69772317706.0,kaes.hell,63148887318.0,h0e4horror
69772317706.0,,,0.0,69772317706.0,kaes.hell,65167554010.0,iheartmilliexmoxxi_
69772317706.0,,,0.0,69772317706.0,kaes.hell,65064149978.0,jacubinthecut
69772317706.0,,,0.0,69772317706.0,kaes.hell,68804964075.0,soindigenius
69772317706.0,,,0.0,69772317706.0,kaes.hell,65012121064.0,omnescence
69772317706.0,,,0.0,69772317706.0,kaes.hell,51096440.0,mrkrabsirl
69772317706.0,,,0.0,69772317706.0,kaes.hell,63233794888.0,xamphetanina
69772317706.0,,,0.0,69772317706.0,kaes.hell,63286072672.0,madebyrichi
69772317706.0,,,0.0,69772317706.0,kaes.hell,283889627.0,babielyss
69772317706.0,,,0.0,69772317706.0,kaes.hell,65120907377.0,catgod587
69772317706.0,,,0.0,69772317706.0,kaes.hell,63445968515.0,yungworldpatriot
69772317706.0,,,0.0,69772317706.0,kaes.hell,63044005198.0,viktoriaakills
69772317706.0,,,0.0,69772317706.0,kaes.hell,63412882515.0,michaela.wtf
69772317706.0,,,0.0,69772317706.0,kaes.hell,63637992384.0,kkeel1z
69772317706.0,,,0.0,69772317706.0,kaes.hell,69306279709.0,dmunnyjuan
69772317706.0,,,0.0,69772317706.0,kaes.hell,65898121863.0,plutosparadise_
69772317706.0,,,0.0,69772317706.0,kaes.hell,63156308928.0,aiirbearmusic
69772317706.0,,,0.0,69772317706.0,kaes.hell,66411901180.0,mayornayr
69772317706.0,,,0.0,69772317706.0,kaes.hell,64224976239.0,raccyraccoon
69772317706.0,,,0.0,69772317706.0,kaes.hell,62934543536.0,ro.road
69772317706.0,,,0.0,69772317706.0,kaes.hell,5856853072.0,angelc.ali
69772317706.0,,,0.0,69772317706.0,kaes.hell,69496761031.0,disenchanted.plant
69772317706.0,,,0.0,69772317706.0,kaes.hell,66281041013.0,plutospurgatory_
69772317706.0,,,0.0,69772317706.0,kaes.hell,63448514429.0,samanazane
69772317706.0,,,0.0,69772317706.0,kaes.hell,69574067090.0,xoxoyxz0.returned
69772317706.0,,,0.0,69772317706.0,kaes.hell,63227851797.0,wristbanger
69772317706.0,,,0.0,69772317706.0,kaes.hell,64199209199.0,cottoncandyygirll
69772317706.0,,,0.0,69772317706.0,kaes.hell,69195696999.0,replygirrl
69772317706.0,,,0.0,69772317706.0,kaes.hell,66776324537.0,juuleessss2.0
69772317706.0,,,0.0,69772317706.0,kaes.hell,64479498289.0,hates_milk
69772317706.0,,,0.0,69772317706.0,kaes.hell,63313610700.0,brock0509
69772317706.0,,,0.0,69772317706.0,kaes.hell,68886755611.0,_gooseygirl_
69772317706.0,,,0.0,69772317706.0,kaes.hell,63512555665.0,nwodg
69772317706.0,,,0.0,69772317706.0,kaes.hell,209612284.0,kae.la
69772317706.0,,,0.0,69772317706.0,kaes.hell,65799909340.0,daddykaekz
5597179300.0,,,0.0,5597179300.0,slkjay_idj,66272878687.0,brandon_zombi3
5597179300.0,,,0.0,5597179300.0,slkjay_idj,63281657974.0,kalimariamoon
5597179300.0,,,0.0,5597179300.0,slkjay_idj,70872730074.0,dailysh1tpost
5597179300.0,,,0.0,5597179300.0,slkjay_idj,1996480204.0,traumaberry
5597179300.0,,,0.0,5597179300.0,slkjay_idj,63156308928.0,aiirbearmusic
5597179300.0,,,0.0,5597179300.0,slkjay_idj,70409092129.0,unhinged_feline
5597179300.0,,,0.0,5597179300.0,slkjay_idj,64244979012.0,mr.matthewkylewhitt.s
5597179300.0,,,0.0,5597179300.0,slkjay_idj,70447449815.0,sunnyspirit777
5597179300.0,,,0.0,5597179300.0,slkjay_idj,65979198290.0,wowbunny
5597179300.0,,,0.0,5597179300.0,slkjay_idj,63376646951.0,luchaaavandross
5597179300.0,,,0.0,5597179300.0,slkjay_idj,70161682036.0,welcometothealterlyfe
5597179300.0,,,0.0,5597179300.0,slkjay_idj,63436156100.0,marciemeow
5597179300.0,,,0.0,5597179300.0,slkjay_idj,70324777506.0,laceyrenee_____
5597179300.0,,,0.0,5597179300.0,slkjay_idj,63233794888.0,xamphetanina
5597179300.0,,,0.0,5597179300.0,slkjay_idj,69657225737.0,g40dy
5597179300.0,,,0.0,5597179300.0,slkjay_idj,70834743845.0,sweet.siren.eyes
5597179300.0,,,0.0,5597179300.0,slkjay_idj,71046482113.0,cxll.me.rosie
5597179300.0,,,0.0,5597179300.0,slkjay_idj,51096440.0,mrkrabsirl
5597179300.0,,,0.0,5597179300.0,slkjay_idj,70048575163.0,princess.flibbertigibbety
5597179300.0,,,0.0,5597179300.0,slkjay_idj,63271278502.0,meimur
5597179300.0,,,0.0,5597179300.0,slkjay_idj,63448674948.0,_max_velocity_
5597179300.0,,,0.0,5597179300.0,slkjay_idj,69397439465.0,soriax0
5597179300.0,,,0.0,5597179300.0,slkjay_idj,67623458635.0,victoriaaagraves
5597179300.0,,,0.0,5597179300.0,slkjay_idj,69638162998.0,actuallyelastigirl
5597179300.0,,,0.0,5597179300.0,slkjay_idj,63268372762.0,nightly92
5597179300.0,,,0.0,5597179300.0,slkjay_idj,66311329919.0,laaye47
5597179300.0,,,0.0,5597179300.0,slkjay_idj,63241092044.0,irteza_gunner3567
5597179300.0,,,0.0,5597179300.0,slkjay_idj,69544438438.0,poro.puff
5597179300.0,,,0.0,5597179300.0,slkjay_idj,581771018.0,torii.okayy
5597179300.0,,,0.0,5597179300.0,slkjay_idj,67391773328.0,letisia4344
5597179300.0,,,0.0,5597179300.0,slkjay_idj,64839720354.0,poetgirrl
