username,pk
003tretre,63793268311
00xglitch,63277407670
01warrior_dev,63435090624
032ff,63261720411
0330yohanes,63059806011
04.bhavyaa,63076420470
0425suhamusicat,64729390010
0g_mrs.whiskers,68381647127
0laday0,63478041691
0olaitann1,69615702635
0phe1ia,63220150040
0verand0veragain,68182547194
0xsyfer,64516129245
10134blake,67833656400
111robyn,63055126565
114bch,66729255951
11kitty_kat11,67868921729
123backontherack,64055540306
123motown,64604995871
12_yvonne_12,63417379825
16888jingwen,63094318580
17theycallme_dior,66658360254
18h33community,65776824311
1983dro,63618800524
19geoff,63301692223
19h00.mn,63094645804
1_soonersgirl,70403886559
1bagged_s550,69804450340
1bear9cats,63026167785
1drivingfool,66873207597
1dwavy,63300971709
1karlcherry,70598829553
1khutch,66996054047
1kingvaps,63079718752
1lifeunseen,63334602344
1lovedbeautyqueen,63059835058
1lulaktivewopp._,64329740896
1malaysiamariah,62970387931
1naraaa_,65723924696
1nd1g0g0dd3ss41,63190145699
1performancehurdling,67174997475
2.gonzalezz,63252103136
20.249839,72125848931
209connect.california,63885789025
20mika_ela,63580635026
225_.rda,69049886762
25moeko,63050831814
27_sucinimod,66703842707
27thalchemist,63047860593
28cdc8bd26,68219798137
2boyscallmemom1318,65551691644
2cakerach,68774854532
2creamy2peachy,66842566278
2fresh_2stress,67564908562
2goals1carl,70059419218
2icprinting_global,63096462457
2littles31,69846799799
2nat66,63496880029
2natures_blessings,68676683031
2ndlovethrifter,63369491994
2pinklines,65304672387
2sday_may,68337445741
2serendra_bgc,66508785180
2twody2,63445820218
2urcee,63255403571
2walls,68033990074
3110plants,63102024268
340trc,63409836124
365jenkimbleart,69554522474
3alaa,63395644510
3anavy,63719384486
3boys_and_abirdie,64033456680
3ddiie_,63100950929
3in1.creations,66977221484
3kelle_,67561728305
3kgkypsc,69520688175
3li_jah,63445144149
3rdiawoke,69730250305
3speranzaaa_pa,70362063905
412e4a,63448319313
415b0ssy,65495649047
422javediqbal,67478862294
444.leda,63871270149
44caats,63857205262
46elks,63764688319
47_eskimos,64055787646
4aditya09,63060132802
4e.pirahna,63443418000
4lexb08,71612095149
4lifejneal,70619609025
4oakz,64431247120
4ranc01s,63455666523
4traymikemike_sayso,63496008790
50kbrattt._.ziii,64838277012
510posites,66799093135
512chris,65327633766
540saunders540,69562414066
545b887eb0,67828225828
5heraar,63104300726
5katekrazy_mook,71641758151
5star_realestateagent,63154622024
5starr._kayy,63251537133
603hendrika831_olander_264,70891234935
610lucx,63239191386
6637_fred,70652479635
66andres2,68169304610
6957a.s,70431628232
69hotluv,67146445994
6etre9,63391062946
6figgadee,63407927793
6hvny,63555660763
6mare8,66282668976
6temshot,63273021956
75kmarvinlewis75k,66815828804
777malpal,63443673044
79roze,67882296922
7alkiumi,63146679459
7effrey__,63283346918
7galaxygardens,68856959209
7nqrena,66463799301
8639_kzh,65911659287
8662_mika,70181603335
87_kristen,63418070220
888_jingshen_888,63330867224
88domo_,63491610839
900mandasari731.bordelon.486,67627374081
901variety4sales,70819565811
93xsks,63246627632
98full_huah,63219559165
9935jill,68138700083
9_http,64026743382
9ca1b8d02a,67789785187
9flevlei,67071753606
9icevalentine,63435246284
_._.allie,72022919474
_.__.lorenzoo.__,63761200261
_._fia_._._,63096022935
_.a.n.t.o.i.n.e.tt.e._,63077950722
_.abinash._b,63441777499
_.afjal.__rana._,63559961900
_.alex_christopher._,63466378825
_.avocadoo__,63261128147
_.darius.blg,63863941167
_.fabian._cid._,64984494258
_.gaaab._,64267996877
_.hebrews12,71571865172
_.icahgnexxi._,63449802451
_.martabernardo._,63930528657
_.pinkiepie23._,63256266488
_.sarahhrt._,63105142533
_.sree._.25747_,63397878731
_.teia,63035622811
_.thebaddestjas._,63055270820
_.walter__,63123789133
_0xluis_,63014487761
_1marisa,63427558118
_1of.0ne,66914295741
_302nao,63247506080
_3kh5_,63083634414
__._psychic.__.inyourdreams666,67756704497
__.alexandra.grace.__,68029571033
__.dark.fantasy_._,63251135383
__.tilley.__,68518283340
__0yasum1__,67265885683
_______atman_______________,65499848977
_____itz__pradip__mr_______,63941481901
_____juby,69704918731
____abhishek_tiwari_,67105809730
____dm35,63452329128
____lee.94,63418042696
___babe.xo,63374141184
___baldhead___,63157774694
___chlo___,70206261225
___dsdaily___,63277906339
___hommie,63082954270
___iamjay27,64233145550
___jolaade,64163612618
___kristen.n,63424490516
___peppe.b,63252589327
___richiee,63075518034
___royalsty,63643096040
___susieq__,63106866246
__aisha_b,63230710356
__aldo_m87,63402757319
__amikun,63272309457
__andreaherrera,63454270120
__arshadm,63607880288
__ash.iq__,63280169375
__bannybernice__,68375390581
__bigllave,68047836228
__boujeebabee__,63455560817
__cacruz__,63064271460
__christykonvickaarmstrong__,65393812625
__daddymac,63075876624
__data_engineer__,63280328581
__deola_,63470481552
__dlyt,63127909769
__doraadoo7,64423462181
__dran_,63496849721
__ed.ward__,70106079247
__ericelliott,63086233653
__gatare__,63451881382
__haneey,63446768417
__hunter__pro__,69499942389
__iamfola,63239694354
__ifeoluwa1__,70159352071
__jazminbriana,63061604246
__just_si__,70137402627
__justqueeen,63285846575
__lady_gee,63300796390
__logybear__,63095983909
__m.manal_,63751376643
__major23,67533218036
__margesimpson__,64155161048
__marvelous__.py,63085937898
__mirian__ann,67791528203
__myself111,68753044409
__oaas,69419773753
__oluwasola,63242555094
__omgjuicey,71734508284
__orionsbelt__,63208303824
__oyinda_mola,63443936716
__phanhoang__,63384511026
__red.vellvett,63421698349
__roanito__,65684751396
__sagar_shah__,68848931276
__sojay,67376047844
__sukithegenius,63255209632
__susu._,63271468278
__thedesignhub,63206807092
__theeeone__,70250811010
__tinnguyen,63248070883
__tobi._,72488719337
__vanhelsing,63486825654
__wanjohii,63454209296
__whayte,63078926687
__xbluumagiic,63435666844
_a.russo.pic._,63453732075
_a_saint,70913908757
_aakrititandon_,70252541103
_abbaking_,69981259434
_abbas.delight,64265739409
_abbas_girl,63306203106
_abd_el3ny_,63262100662
_aceygnz,67487505330
_addyw_,63407783060
_adefikayo_,63627600563
_ag23__,63086506125
_aiirrriiiiy_,65208190945
_ainnsyafiqa,72020202744
_aja.james,70815600788
_ajay_.rajput_,63705880626
_akash_kanani,63049516594
_al3xandraaaa,64740179584
_ale.grecu_,63225456939
_alexxlove,67008858349
_amazingjayy_,65855459566
_amber.xo.rose_,63435636699
_amigo8_,63248513869
_amr_aka_uki_,66739300948
_ams.b_,67988575419
_anderson.r_,63473634004
_andreazhupa_,62997758488
_andrewfloyd_,63121612990
_andrewfree,63078035316
_andy_gill,63090618629
_angel_onhell,63124079707
_anmolomer,63369751754
_annayoola_,63261455287
_anniebee,66979846514
_anuolu,63507680792
_arifjan,63443798601
_ariyikhe_,68777647521
_arizona.angel_,63482784702
_ary__7,63713218843
_ash.will,63453811184
_aswadi_,63243223215
_atj.06,65242924294
_ay_jo,63455382051
_ayodanteee,63497900336
_ayodeji___,63463361153
_aziza,63446147684
_bb.tayo,63238166012
_bellamahogany_,63192405046
_bigplaycartier,63369447841
_bizboyz,68338050906
_bloomingrose,63049388241
_bohemiangvs_,62884102862
_bojak14,63371431887
_brandiraye,68013203957
_brittanyannwalker,70235176970
_bsadiq,63106861378
_butchie_b_,63273305181
_byronwatkins,63427993782
_caddymack,63435513595
_camillamartinez,63070876558
_captain_7_qb,65852237841
_cheyparsons_,65211480996
_chloelang,63448494146
_chris.arceo,71473167795
_christina_marisa_,65741261625
_chronos_42,63873223499
_chubrock_,67145914619
_cocoalate_,67754281787
_corn_illest,71456622396
_crazydudevlog,63413950937
_creativevision86_,63145461523
_cristinabattaglia,64082920418
_cy.umbra_,63453514747
_dakeed_,63260678504
_dammy.lol,68436124161
_daradee_,63505313313
_darling_dahlia_,64050778582
_ddariootorricelli_,63231936239
_debbie.moyinoluwa,63261634294
_deep_n_not_than_anything,69444939302
_deku_______,63365423659
_delaliiiii,69567686342
_demerits,63887330422
_denidelavellano,65604748132
_dennisobrien_,63393358051
_detola_,67495012914
_dia_bolical,63134765332
_diane.eze,63407086768
_djanitaboogie,68831881599
_dmarc826_,63083213329
_drdorian_,63386159931
_dtothertothek_,69619992110
_eelisabettaa.__,63850295925
_elaine_kelly,64585656936
_elisarubino_,63691541123
_elizabeth0214,65819341533
_elle.ci___,63955821463
_emmanuel_adeoye,63441749983
_eni_ola_ni_mi,63242299210
_esisays_,63428161672
_etin_osa,63238343196
_fhavoured_,63067139412
_fiyinfoluwa.a_,63396180661
_flight_of_icarus,70245049457
_flowersandlace_,63146382266
_fontainej,68047350863
_fractured.w1nt3r_,63336204799
_francescaduca,62981310092
_gails,63374663299
_gby.a,63133553540
_giorgia.tedeschi_,67155651379
_golumolupandaa1115,63493202021
_gr8gatsby,63093142153
_gretaluna_,63920088749
_guamgrub_,63140070761
_h.a.r.m.o.n.y___,70271496759
_habimbola,63362550489
_hayormie_,63221038050
_heartismyname,63051741453
_hellorachelle_,63275831139
_hey_stran_ger_,63613520479
_hoaithung,66082803268
_honeyreed_,69742373907
_horsfall,63507504226
_humans_are_mean_,63462624318
_iam.excellence,63035927866
_iamclimp,63126164675
_iampraize,63442169647
_ibrahimsheba,63318737619
_ifeoluwa.adegbite,66879805871
_ilyassouardi_,63865932835
_iowacaptive,64419125161
_ireoluwade,63057669275
_iruntoeat_,63076561931
_ishalt_,63412267957
_itbrewswell,66403790371
_itsjustme_bea,65120047734
_itsmezaith_,65679708495
_izzy_boy__,63384758057
_jad77,63446004980
_jahebk_,67790643687
_jahkalahjwood,71530589931
_james_m_hunt,63418923225
_jasondove_,63258470293
_jayceola,63322316494
_jazzmulabae,67019651186
_jclark06,63258029556
_jeff_saville,63614160599
_jessicah20,63499569800
_jessicasachs,63263698576
_jesutosin,63449625621
_joelmsmith_,63089593250
_josh.soileau,63251156296
_joshuagking,63074775102
_journeynoelle_,69724236202
_jsceee_,63223719795
_julian.77_,63230706002
_just_miriam,63247989678
_karadimitri_,63913970964
_kasey_nicole_smith,63096077536
_kayygoldenn,62926503808
_kellytherealtor,63055047246
_kevindieckmann_,63680055658
_kiminhassan,63457537076
_kingiamking_,63121694759
_kuanhoong_,63087171623
_kwavii,65096318941
_kwinannie_,63404307316
_l.uvai_,69473458971
_laclody_,63894602027
_lady_jae,63094985813
_lanrefash.pt,70124010704
_lauriittay,65808831801
_lauudemers_,66158378370
_leiraam,63676111710
_lexisss_,63407669494
_lhase,66844621615
_lilfaxo,69067034790
_lina_bobina,68721225802
_lkushi901,68715898736
_lovemydimple_,67382279729
_lunalola__,63092536542
_m0ns_,63443230716
_mahshidprz,63474536224
_maidstrongcleaningks,63605264242
_maiono,63706822962
_makaylin_colvin_,67116483628
_manasi_kulkarni,64059490934
_maquela_,68102781157
_mar.ign_,63283551163
_marger_than_life_,66784877875
_marinapezzella_,63283414195
_masuyon,63302545756
_max_velocity_,63448674948
_meganthuy,70124937079
_merrishey,64351942720
_michele_caredda,63853223176
_middle.child_,66264062992
_mirallydiva,68559536157
_ml.xv,63364271433
_mojolaoluwa__a,63432870083
_mona_lisa215,63251519216
_mondeh,70057119970
_moonbeanie_,69756976834
_mrwest_,63394718749
_msaura,64123689744
_mystic.soul__,63414533626
_nasymal,63264521405
_nd_s_world,67641922583
_neelbhatt,63418866726
_neonrainbow__26,63131606124
_nettia01,63603904987
_ngapui.jpg,63079418152
_nhamieydah,69545557146
_nick_foden,63551630170
_noparkingonly,63414331267
_nsyii_,66289555126
_nuella_tiku,72003114231
_nurajames_,63421779182
_ohmo,63247483655
_olufunmie____,63444059240
_oluwagbemisola,63435208308
_olysavra_,63314944865
_onlywithkitan,63488961065
_onoenime,63468649202
_ope.yemi_,63437178005
_ophelion,63413356770
_ore_senj_,63394974652
_oreofeayo,63474635332
_pear.lz,67369862792
_pehlumie,63410119657
_persephonespeaks_,70903808313
_pettybetty,67556857963
_phiks_,63416571533
_philipdraws_,64339124449
_phineaspham_,63076491674
_piecesofbri,63482441486
_pier_87_,63763952163
_potato_stuff_,64092081068
_powpowkitty,63042901923
_precious_alagbe_,71817811758
_purrrla,63045269821
_qaisar.khan,63490121181
_raihan_aju,69603850086
_ramanand_786_,63158303357
_ree_dah,63389430451
_rexsloth_,63279930813
_richglam,63067098823
_rnair_,63440992144
_ro0skie,64495102280
_romildo_,63068846444
_rosibruno_,63566724243
_rxshhh.__u,63630360369
_ryiaahmercedes,72081314848
_saboo_shubham,63135009943
_sam.r.1099_,63507154601
_samuelsan95_,63561452684
_sandhu_armaan_pb30,63393612433
_sandybee_,69764458972
_sara.apicella_,63868316734
_sarahsantiago__,63295764274
_saucington45,63466793658
_shortboyd,63244571485
_silent_flame_s_,63048286293
_simonezomp,66244005129
_sincerelylayla,66322204095
_sincereson_,63259602182
_sinnabunz,63339387705
_sisi_lara,69849819375
_sleepygorl,69361754318
_socallednightingale_,63069940482
_sodam_store_,72062529961
_sofian_200,63268289262
_sonderlust,63388077078
_sophaayyy,63384726985
_soundsbright,63500777417
_ssamm._,63689374202
_strawberry_milk_79,63470755081
_strong_power_thankyou124t,63478731693
_sunilc,63064755979
_sunstirade,63126744835
_symone_g,63245173975
_taaaatx,63444274582
_taerijn_,63902770744
_teabi.reads,71974560327
_temiie__,63255785481
_thakur_aksh_001,68908740241
_thatssoace,68337703336
_the.ajoke,70030583542
_the_catalyst,63400940926
_the_real_vivek_,63387127426
_the_sound_of_words,67039073208
_thedreamflick,63138083905
_therealnova,63305987157
_therealtez,63031767870
_thetalena_,63079487452
_tiffanycasson,63396244990
_tim______,63404471732
_tjsilva,63481882113
_tofunmiiiii,63440220608
_tonyboyy_,63478746850
_tori.parker_,71088883267
_toxiicgemini_,63257595379
_toyhe,63498352849
_uknoe1er.nshtx,65617367016
_usererror333_,69099928682
_vale02,63299522510
_valeriab0,65962467060
_vatsalkansara,63088412311
_venkateswar_bapuram,63215519115
_vickhtoyria_,63144631026
_vickyharp,63106974032
_viva_____,63546806625
_w00die_,67246287653
_wanodya.utami_,66405032830
_whitneytherealtor_,63483255819
_whosthat.girl,71140833736
_wi_z,70822010897
_woman_determined,65073640703
_wuuraaa,63015415964
_wycee_,63488472690
_xx__charan__xx_,63098672087
_yo._.mama._,63076023517
_young__bett,69790458082
_yung_mk,63239290981
_zainooba,63238175650
_zheyuu1120,63278813057
_zk204882,70955512326
_zya25,67553267460
a.alidosti5354,65213519114
a.bandika,63392651335
a.grelli,64727808030
a.premmanust,68645789667
a.q.u.i.l.a01,63440112750
a.salgadom,63847166218
a.synonym.roll,63289483984
a.thentic_ch_x.rry,65131547869
a.trailblaze.her,64605938709
a1740942002,63093543508
a1junkremovalwichita,69994127964
a__debimpe,63234267698
a_boy_named_pony,63275659277
a_dish_called_wanda,65798027076
a_forestnymph,72141370765
a_garcia1992,63006945712
a_leigh0913,69067316504
a_r_d_e_n_t___s_a_k_i_b,65644059769
a_rosaceae,63460985849
a_tatted_up_glammother,65496074968
a_tay_walker,67585323072
aaaaronswrld,63092081836
aaadil.exe,63021975019
aaakeju,63091270473
aaarnav007,63449572781
aabrhm_,63979570236
aadii0408,63413958383
aadilsaeed786,63447451679
aafreenshahab,63372647249
aakashjohnson_x9,63814905426
aalasankari,64147920245
aalefajardo,71121713258
aalhelyy,68946554809
aaliyahhhh_w,71730693275
aalonsooo,63448448472
aamritkumar399,63053365878
aang.py,63410417410
aangelinzzz,63884126247
aantoniapagliucaa,63263838416
aarghqam,63155055517
aaron_omedi,67090192172
aaronaaronteng,63414393159
aaronrobertfanning,63407494894
aaronthereed,63450396299
aaronw.dev,63220365160
aashir.gajjar,63105734530
aavery_nova,63473224118
ab_gandhi,63235607691
abalache_salesforce,64083361148
abartlett,63443393933
abaszadeh445,67023666684
abbas__chosen,63124778497
abbey_sings25,69675480449
abbeye.rae,63491120552
abbiesa18,66488127417
abbkr_dada,63207455585
abby.z.09,63966524815
abbypatano,66365189538
abdamalik,66702506040
abdelhammied,65587567018
abdelmoulaelhania,64365815711
abdelmoume92,66146918328
abdelrahmanlila,63167679407
abdiwho,63429430701
abdllahdev,63503776782
abdolreza553,63100768201
abdul__rahmman,63068492236
abdul_kader18,70114314147
abdulanl,63054462597
abdulhafeez_ade,63496153469
abdulhamid.alzadjali,63256516096
abdulkarim82hamad,70248155205
abe_robots,63056062456
abelduran26,68891524277
abelg1978,63247487208
abelrojas_15,68863046556
abelsnakes,65156308855
abginatx,63091347617
abheist,63444848840
abhiiiinandan,63141763372
abhimanyuv007,63430434387
abhinav_sw_,63422291673
abhinavjha2812,63262241104
abhishekmdb,63086912689
abhishekshukla.dev,63085887266
abi_atwell,63081306559
abi_jr82shaolin4now,64494670244
abi_prosper,63276957909
abidemidatapro,63428467796
abidemisola,63435175094
abiebaby_22,68170916314
abigail.layyne,63421724579
abigail.souza.0305,69754266084
abigail_allenxo1,65569182653
abigail_k_ndala,63310713373
abigailm27,69029076274
abinormalc,68686745912
abioladeosun,63457067677
abiolaileyemi,62864127475
abisola_dee,63273137081
abisolalaguda,63069714263
abldi,63469107690
able_hannah,66901809804
ablutionboutique,63453979927
abnerodhiambo,67601563358
abnormal.kait,67591893691
aboardpositiveattitude,63441880532
aboxbythebed,70818072832
abraiderone,63277587988
abrar_chek_teh,63312153676
abrilmaitret09,67570790706
abs_ro,65310177512
abu_hussem_albanna12,63043869478
abullock55,65738786997
abuyamanu,63414972662
acacia_kamille,68670971537
accelerator4women,67857145377
accentlightinginc,71712442490
accidental_floridian,63458230403
accordingtosharondenise,66439605629
accoutrenots,63084845836
ace.febreeze,63405053608
ace.hndrx,70030014692
aceboogie317,63411617458
aceicongram,63081353438
acestock07,63519808210
acevedofornos,66244566652
acevedoricardo2016,63388250366
achandlerinks,63047919676
acherry24,70490928216
achille_colimoro,63581799202
achw720,63388589369
acidxbathory,70256316738
ackiel33,63273666374
acourtofwordsandletters,70097694048
acraftinglife,63152652876
acrosstheig,62830816921
actor_n,63467556977
actuallyelastigirl,69638162998
actuallyjustmary,63128406985
acuacademysuccess,70813744901
ad.delgado.j,63042021911
ad.easysolution,63953785229
ada_948219,65738131699
adabeck,63097569176
adacatlace,63084493659
adaeze_love,63242439114
adam_ai_librae,67661984913
adam_casto_,63094124676
adamfung.art,70290777639
adamho,66361233452
adammurray63,63463772683
adamolenn,63137790385
adamrayrocks,63094261673
adamsapa1,63618039410
adamstracee,63034871806
adantejordan75,68838216224
adarshalappattu,63394382763
adarshk,63232575070
adavid_py,63054477475
adchisolm,63233942806
addiewrigley99,63444102877
addingmachinesundae,63439190947
addofoster06,63649968244
addy.c.1,66286770825
addy7551,63814016864
ade_8310,63252938297
ade_oluyemi,63452115572
ade_tyfee,68571536077
adebesinoluwatimileyinpelumi,69661574015
adebisi001_,63254812393
adedamolaajisafe,63419084744
adedapoben,63441873541
adedayo_eweje,63260324092
adedeji_ao1,63482176979
adedejiq,63250778250
adeidei,63087823679
adeiyin_a,63085548020
adekeye_.21,63433530466
adekunled4,63281999503
adelinasiallagan,69613221876
ademiowon,68989750693
ademirayo,63368131058
adenijijoshuaadetayo,63614816127
adeola_ox,69077220267
adeoluwatejuoso,63083197482
adeoyemichaeladeyinka,63427588175
aderayo.edema,63046087242
aderebigbe,69301745876
aderiike__,63607464602
aderinolaa_,63076542158
adesanyaj4,71294367249
adesewa367,65803243979
adewaleaderoju_,64028864996
adeyemidamilola_,63237706782
adhanaraj,63442208929
adhri__nath,63097235307
adi.polak.code,63649456584
adilia.96,63420900958
adilsonn.manuel,65290479680
adinagarciaturner,69617014191
adipixie,63252184325
adir.sl,63466780951
adirge2,68076086180
adisamsudin5,68310530381
aditya_dgp,69565997823
aditya_pandey_27,63270531180
adityadesaii,63103476598
adizue_ngige,67830842545
adlaasywnn,67618640005
adlnmrr,69538098260
adnanminhajian,64107711789
ado_sumi,63103921588
adocandhiswatch,68662991492
adohr_23,63435500004
adonisthrax,63466620133
adop2ed1,68730770965
adoreinvegas,65300504359
adrasel1999,67091270908
adrianaszn7,70913983308
adricas,63390143689
adrienne.lmbl,63251662292
adrienne_425,66370060316
adrienneaimee.ha7hqd,65835427993
adrimichelson,63263160860
adro_sketch_notes,72115977107
adrysalvestonyds,63408836489
adtade,63105000330
adtrainham,68364207186
adubwp___,63079691175
adutchengineer,63450019546
adv._manpreet_kaur_,68370011413
adventureart1,64175900107
adventures_with_blazin,70932333915
adventureswithairenna,72057324390
adwebb2,66266238498
adwrightnow,62880551391
aealey53,63411919688
aeesha.s,63438348661
aemonfrench,63444028478
aerpula_sai_teja,63167071325
aether.and.ink.stories,71850818855
affaqrana,63470524206
affiamoni516,65769376694
affiliated.ai.24,65649479180
affyayomikun,67982817270
afiiiiiiiiiiiiiiiiiiiiiiiiiii,63146102632
afobbulousrealtor,63324099873
afrayedupcycling,63372838950
afsdluv,63491145149
aftpgallery,63041436704
afunkyfennec,64188937587
afzal.7x,70249944954
ag49264,71879176735
agako0714,63439924355
agata_antonietta1295,68655975120
agathasilalahi,63464045365
agentdooley,63438131682
agentry96,63444352735
aggy.e88_,63086778673
agingerskid,63285904031
agonz107,63327120874
agriculturefruits,69326028129
aguelyra,63056468608
aguirrejeison,63102414946
agunjnr,63093003129
agusjengky,71713614501
agustinverna593,71130154445
ahadeethanddua,63376510485
ahadpourbagheryan_carpettabriz,63844199684
ahamefula1996,68776553086
ahdeyyyy,63144901313
ahdios,63093067645
ahhbeebryant,63004563644
ahkiez,63658696143
ahlam_ardah,67094992412
ahmad.hasif.148,71340629083
ahmad_pedram_ahmadi,63059054208
ahmad_shah_bd,63217447793
ahmadmusab,64146537967
ahmadnawawimerdeka,63408335319
ahmadu.mbacke,66593960383
ahmed.m.a30,72064978860
ahmed.nawaz198807,68934828547
ahmed1manchester,66934675254
ahmed_ezzat_595,63080782144
ahsila.dev,70145969840
ai.datascience.world,63226879230
ai_duck_06,64669271046
aiauzhansarbasova,67971861204
aiesthetics,69256754118
aiirbearmusic,63156308928
aileen_b_kelleher,67487534881
aileen_myles_gibbons,63102417377
aileenelwell,63131038672
ailockup,68692086528
aimanfarooq,63254600229
aimedesign_art,63277679286
aimerod_officiel,63657136259
aimuni_mun,65902390330
ainewsandtrends,63398519403
aininsofiamohsin,67657098326
ainisrya.___,63405201410
ainurakayumova,63233583987
aipaperaf,63507633052
aipina_,63434067760
aiproductnews,63218644998
airamfmofficial,65175018549
airelaglebn,67042851649
aireljazmine,63393366379
airlieanderson,63479034235
airportkisses,67089166034
aisha.gbayi,63465836571
aisha.thegirlyouneverhad,68045938379
aisyhamini1,68170035418
aitoolskit__,63224374987
aizada85.91.12,63386390146
ajarenee7,63424886573
ajarrett91,65021921234
ajay_asuquo,70175511357
ajayioluwabunmiomobolanle,71961049053
ajebodcomedian,63423981678
ajiri_joe,63062471119
ajmstoryteller,63404132645
ajschadha,63280585571
ajspringer1960,63048510209
ak.brat,70224236515
aka.mogghi,69685821049
akaazuadave,66735014022
akamiguel,63435619938
akanho_001,65144227886
akanxaaa_._,65126686102
akaren0610,63416134002
akasbu,63297986271
akash.marketing_,63087363851
akashicconsultantchhabra,63427979859
akashpanda,63227995698
akay.official.21,71720535800
akeei18,70918182037
akhanemheodion,68349461967
akhildereddy,63267035988
akhvledianialexandre2202,65636822069
akii_j_chauhan,63277356319
akin_wtb,63419381339
akinajayiobe,65893426701
aking__,63468522568
akinz.samuel,63381362365
akira_ne_jp,63261066662
akirekab,69243448587
akissunderthemoon,66557364542
akrimpressions,65143178030
akshansh.aa,68856685852
akshay_pachaar,63095012248
akshay_rakheja,63297760359
al.ba7rany,63250750201
al.wunder,72247284316
al_freakin_ex,63464340699
al_merose,63309034820
alaa.mbarkat,63390213319
alaaqaseem_10,68788397824
alae__2007,67046464525
alainndesigns,63271058382
alakhan8319,68817038510
alan.drew3,65870741375
alan.murickan,69416606878
alanabeautyuk,63457912826
alanafletcherr,63379991778
alandshi_,65914880708
alanhandijaya,66674721974
alanjcleaver,63454604469
alanmhantz,66332248188
alanpog,63426171464
alansaldivar87,63309800356
alansweather,63265527060
alanvrco,63231332287
albakwurdz,63425057696
albeharimajd,70212861744
albert_haustorfer,63417327917
albert_prefasi_pedreguer,68252586032
alberto.giorris,63550406883
alberto_roman83,63463848550
albertomur1996,63944598111
albertvilella.i,63252704024
albicodes,63631888924
albinaeminova_,63293740129
albrightenyioha,63432039613
alcidestorres36,69363420116
aldo.sangiovanni_,63263981384
aldoernestopoussif,69451246782
aldosantiagoleon,63394121268
ale.kas_tm,69677348989
ale7676,63242755727
ale_nappo,63751017006
alecsharpie,63393031363
alecto__00,63049559126
alee__scarola,63714757199
aleemshah110,63274472468
aleenacodes,63436564417
aleespa,63462604073
aleesperry19,67246433336
alegamberi,63850038443
alegna_yelnats,63508936345
alegriafairtradeadventures,63229487384
aleianakalia,64281907296
aleighswan,67718367460
aleishkadalys,64856609774
alejandra416,63436678123
alejoalmanza,63448502595
alena.harley,63094206365
alepapy87,63882659487
aless.frn_,63509650369
alessandrallanos,68588088010
alessandro.manzella002,63858237916
alessandro_frau_85,63568587677
alessandro_lastrina,63275604331
alessandro_mingardi,69895219135
alessandropadrin_00,63437851169
alesseno9,63264133348
alessiaguiducci,66625674250
alessio.ottaviani.art,63550628448
alessio_caldarelli,63220800042
alessio_previti,63919362462
alessio_tramacere,63532495700
alevargiu1177,64029243183
alex.ker,63082380031
alex.yelisieiev,63199927622
alex_calidonna,63091165167
alex_diamond88,63051572844
alex_fnsc,63069277674
alex_franini,63893082934
alex_jimenez881202,65625182988
alex_milo27,63243292672
alexa_fit84,71341659799
alexandert18_,64101698120
alexanderwone,63251283704
alexandra.ajp,63302602432
alexandria_priest,65658503555
alexandrugabriel.dragomir,69781476116
alexcarliera,63427025476
alexcloak,63105860317
alexey_imbro,63621040778
alexgohyah14,69382254578
alexibarrarealestate,63102603875
alexidewriter,65398772528
alexinchains_66,63290642475
alexis.davidson21,63396396347
alexis.lindseyyy,64596848706
alexis_villafan,69862374117
alexisrivierre_art,63283915751
alexjackhughes,63423710800
alexmandeville,63120391371
alexphotos38,64805545380
alexpl.0,63412652119
alextnelson,63324216670
alexwanziea,63120280153
alexxa_intothewild,63564323988
alexy.voronin,63441730412
alexzandervoegtlin,71949024162
alfie_jay_morgan,65918786539
alfonatski_art,63360653135
alfonatski_tama,72095981557
alfonso.oton,63933674161
alfredopasta99,63468776926
ali.loddo,63872382627
ali.sba.scruz,63286236095
ali_aliyavuzzz123,68642721656
ali_lynch,63436593935
ali_nafs_e_zakiyya,63375311853
aliakolade,63224942880
alice_damonte_._,63156245151
alicebethhh_,63395887354
aliciacarmina,63217053676
aliciaclark__745,66439835431
alien.apple.eater,63484465384
aliencultist,63513968309
aligarnel,63244094399
aliji_cindydonalds,70203413595
alina.b.nova,64529790291
aline092409,63290962668
aline1500silva,69477774950
aliquashady999,70294896056
alisadeghiaghili,63293348425
alisakburke,63447991599
alisbye,63232255130
alisha_ard,63300729433
alislife33333,63506168927
alison.___.wonderland,66992497479
alisonkingart,64481406496
alistairhull,63290678099
alitilde,63270357266
alividza_,63285889731
aliyaintech,63242646106
alj2130,68024630775
all.about.ese,63219532474
all4realguy,69139772330
all_eyez_x30,63312586528
allaboutmutheuuu,63546830723
allahbaksh.shaik,63079179568
allan__ksh,65972149340
allans.booboo2k18,68299859845
alleyna_tnt,63381278777
allhazared,63128483840
alli.o589,70101514717
alliasacket,63096399013
alliejaelphotography,63487305464
alliejem,63475184852
alliejonescreates,72487583073
allir7,63125045331
allisacostumedesign,63281198404
allisherb,67606184773
allison.rush,63436130886
allisonsailsandcanvas,64292717219
allsocialgrowthcommunity,63650168114
allthestarsaredeadonyt,64624525083
allthingsmonicka,63076121630
allthingstq,63066554655
allys31,63425866051
almaibrekic,63073194978
almeezyuh,63331104515
almightyqtip__,65859836616
alohomorallll,70725278389
aloisio_s.a,63264126201
alondra.bridget,63138379298
alone__king_027,63508536584
alonsoa10,63086042704
aloof_goof,63320384777
alouarzaga,63435800990
alpha_connections,63086806524
alphahardware7,63455523846
alphyn0z,63070991705
alpkaancelik,63300345374
alpstrendysafaris,63440528270
alqadrifal_permana,64278241705
alrenzob.black,63420767770
alta.f1954hussain,69619539428
alterego8ego,63229557756
altessmer,69667088613
altwitchybish,65543579320
altynym.kz,63454020418
alutabacardimbina,63264754624
alvinashcraft,63083816958
always_vibe_high,63469754140
always_was_tisha,65697644274
alwaysstillhuman,70943027279
alxssmmns,63291715012
alyinkentucky,63293248479
alyssanashart,63414059120
alyxdykema,63869041656
am1gda,63241692340
amaalnapil1,65527196680
amacnutt,63635048439
amadou_guiss,65144617815
amah_michael,63313152335
amalan_the_batzee,63055060752
amaliacipolla,63541303884
aman_usa023,68337146147
amanda.allen.76,63872649277
amanda.pfister_studio,69652480071
amanda_macphee,69100352060
amandabingman1,63056619459
amandacore2.0,65612345064
amandajo424,63439428867
amandajunebrown,63242566948
amandamtrevino,63253937232
amandarothpoetry,63143172832
amandatsays,64244327996
amandawest78,63026398924
amandi_sc,70629984994
amar_sangewar,63278687762
amarahbryer123,63379999329
amardioo,63435761849
amarkarh,63120383032
amartaft,70440200969
amartalpur,63422798025
amayaaa.sch08_,63100250452
amazing_doggos_,63498687781
amazon_product_deal,65909049108
ambassador_de_cross_bearer,70624348320
ambcommy,64116812945
ambearonie,63097038765
amber0sborne,63434183013
amber_eye_photography,63291784414
amberjocoupland,63400823371
amberlanetxyall,63427857515
amberleetech,63309003432
ambermac,63038965113
ambernmrealtor,63263544880
ambodian,63450637960
amcchar4,63047191526
amcgator,63273572454
amd_monkele,63099450580
amee_diy4life,63097357164
ameknite,63615064699
amelia._.michelle,63268727556
amen.paul.rijo,63463901165
american_dakota,66450740408
americanainitalia,68589690529
americas_black_hat1,68204906670
amermsaood,68337898935
amgbratty,72250025046
ami60773,72096828687
amika_iroasobi,63216599638
amilli_m0,67450885065
amintoreoficial,63423746081
amiphistae,71681776202
amipro_og,63022119319
amir.aidun,63265863886
amir_rigi_45,70704823604
amira_riahii,68004927414
amirahelena,63415255134
amiramirov_26_09_73,66820447435
amirrullahyaacop,65650286860
amirtharaj_raja,63272435032
amit__devnath,63389087791
amit_esquire,63067676040
amitoujpannu1965,63136599358
amlaqalif,69500731739
amma1201,63219558887
ammax2,67091259371
ammu_abinaya_6744,69050314336
amnezeeac,63470171143
amo.alziadi,63385605746
amohchristin,65126420177
amohr01,69395569278
amoral2280,63094543609
amorzenlife,63297448669
amos.fullstack,63040006800
amosraj_2516,63381485633
amour.tu_1934,63451660017
ampenejuliet,63605048761
amps.kill,63261629795
amr_mhmn,71731094450
amree61,63606384684
amrichbaby,63370931546
amrii.girlie,63254182559
amritroshni,65804486831
amrizarkasih,63443789225
amvanausdall,63329296215
amy.aston,63214110630
amy.lopez.3910,65760199456
amy.pieces,69643190799
amy.prejoles,63250802076
amy.wade.homes,67121028548
amy_robinson_,68756585219
amy_wetterlin,63440736614
amybubesrealtor,68903441243
amyedwa2869,70815376771
amyelizabethbryant,63439229466
amyfellowscline,63157414516
amyjgregorio,63319057662
amylearags,63296816413
amymichellefoto,63485706415
amypilotteeee,71322112481
amyra.anandd,63649528453
amyschmierbach,64816454086
amysuzanne978,68917498597
amyweberstudio,63320600528
amywiththedimples,64353635038
amyys2022,68294007797
an.dy.conda3000,68831214514
an.thony__a,63103868030
an_nabal_,69032317867
ana.and.co.realestate,70349544027
ana.berts,65113336515
ana_log11,69625798759
anaamorc,63250367780
anabella_cortez02,67499031594
anais0928,69033258392
analog_princess,66905915540
analytiqueen,63304564956
anamiguel858,63564029110
anandcpatelmd,63232701751
anandhisabareesan,66970071393
ananthprem,63260518110
anarendich,62851631901
anasjuhani,68646651232
anastasiasantarossa,64464848862
anastation.i35,65052151395
anathimabude,65050021867
anativeoftexas,63433765926
anawinwilliam,63409223751
anbeluen,69407857773
andee15williams,63288945107
andee_316,66462371345
andersonchen_7,63450917672
andersonhorde2,62971510298
andeveloper_,63063684697
andi.dawlin,67226040090
andislyy,63380617256
andiswanzama_,63059820075
andnothingbuttheruth,63308585717
andre_kesh,63397779349
andrea.fsy,63278830065
andrea_muller_fashion_designer,64448132489
andrea_reframed,63469720678
andrea_slocum_of_06,63404061197
andreaanglinkansas,63206359738
andreabrannan,67521244965
andreaguendelman1,63231919880
andrealba.gli,63560278027
andrealee0_999,69553705845
andreamcmanus1108,63428842473
andreamichi,63663448308
andreanryandurow,67531460631
andreapalmieri00,63571467703
andrearcanjo_,63292840918
andreas_creek,64636889481
andreas_vrl,64275578673
andrefigueira,68192637769
andrei.butnarasu,63867812221
andrei_diddy,67807064384
andrei_savu,63419495325
andres.coelh0,63484688726
andres7t,63092788889
andres_hernandez_14k,67797731388
andresmmujica,63104565377
andressrg,63609512528
andrevilela90,64589580337
andrew.doggett,63282927154
andrew.j.murphy621,63480938394
andrew_f_butler,63450849626
andrew_green100,63048949186
andrew_scheu,63219998442
andrewc_95,63039831133
andrewcamel,63452377598
andrewgeorgi0u,63088222368
andrewination,63481571685
andrewjstephens,63232207729
andrewrotella,65170054939
andrewsthomas47,63090235437
andrey.greenfield,63431967512
andrwwteo,63429715286
andrycenta,66252323666
andurdy,68969188725
andy.hopfgartner,63127710377
andy987732,64767790043
andy_biznoid,66300917927
andybastard138,66702163889
andymarg17,71647062796
andymcfayden,63089081473
andywomyn,63427514402
andyymoraless,65168876455
aneemuja,63050317313
aneeshsathe,63097538954
anele_zikhona_nkala,72286393694
anferneeck,63443842183
ang_lashae,70203188485
angarzmal,63407860685
angawesomesauce,70410065896
angb247,63082753870
angee.marie,63766329424
angel.33170,69096208353
angel.ftnobody,63450966169
angel_olivia292,63841789875
angel_peguero23,63050532538
angeladuarte_pt,64526821586
angelamariealvey,68164714248
angelaredmond_,63270984273
angelcastrop131,67176523309
angelchazzi,63467789097
angelenrique007,63267471244
angelgovekar,63463370566
angelicaboqvist,65172177328
angelina_nieves,63238565717
angelinammason_rn,65954210230
angellemarie27,68552269325
angelleneee,64110315447
angelloz71,66258790358
angellroyal,63097134937
angellseveryday_,66725011192
angelmayma,63100880722
angelmolinalaguna,64130016358
angelodiaz_asso,63470121446
angelomiloud,66277490357
angelrecamara,69539266085
angi10v3,68242761313
angie__dee,67157815642
angie_johnson_,63489087016
angiehoodlet,64732110932
angieprath,63280121374
angietiique,66297660191
angisapi,70257113152
angsfirststepfitness,65242241724
angsty_mochi,69039335016
ani_bby_22,63315888577
aniahisaloser2,63095300024
aniebietoluwa,63098729171
aniela232,65651702771
aniketmaurya,63463076945
anilardiccom,63559765124
animadurkar,63630232855
animarienw,63246163620
animation_coding,65088674992
anirudh_raj_kaushik,70698254511
anita.simon.52687506,62610268456
anita.wilson.122,63425770286
anita_graced,63206927704
anita_loves_nature_,63934564675
anitaazuncion01,70151508648
anitablanchard,63404598726
anitalucchesi,68381946879
anitasherem,68809196438
anitra_larae,63507320129
aniya_spamm13,63878276357
anjali_kumari_6309030,70188135803
anjana.jewelry,63212887395
anjanaestrada.6,69672153791
anjaya.rj,67634374986
ankosesi,63242498995
ann.meneses,65936420200
ann_arkebauer_design,67095027538
ann_hoskinson,69855625573
ann_kasper,63461020799
anna.iceage,70257592802
anna.malique,63323072904
anna_r_v.2,70826384825
anna_usenko00,63283498972
annabeec_,63486096493
annabella.yep,69000083222
annabellesheir,63333918955
annadoessocial,63416509246
annahaz1101,67022586822
annahouston78,70432924202
annahsbeautyspot,63222420225
annajurgensen,63071086282
annakatefitness,63451299187
annalong4,66415341816
annaluizaalmeidaaraujo1,63273471834
annamh___,70347714342
annamon69,63376146160
annarooski,63046887431
annastiee,63048662661
annawrock,63254143455
anne.murray,64928340941
anne_uchihaxmfc,63084737065
annebarringer,63468376629
annechanscorner,63142727308
annekaelliot,67746760765
anneke_leffel_,63559579590
anner.py,63446351629
anneystone,65831288491
annglaviano,63601664692
annie.sobin,63306210069
anniebradbury,67477901008
annientatrice,62989358344
annieogg,66830067107
anniepaulish,63282119644
annoliver067,66617946965
annresnick,63083525718
annrowsonlove,64287421896
anointe_dgreat,63043351372
anokyemiller,68309919562
anoldodoke,68742575794
anomalousmax,65940678286
anomisee4,63538647880
anon1mous_one,67698508384
anonymous_fantasy_writer,70151416760
ansariadeed,65886582871
ansel.massy.7,65153660265
anshuka.rai,63433373203
ansonchan0325,65306952064
ant.huni,63238211094
ant09d,63256318634
ant4048,63245628757
antaripmitri,70509705264
anth0nyhak1m,63086307687
anth0nypereira,63852439998
anthony.as.baptiste,63433112969
anthony.guy.manzo,63476467630
anthony_faria,63391319456
anthonyadame,63266155479
anthonybarnes817,63292781260
anthonybenton81,63046766657
anthonydelossantosaustin,63244495820
anthonytheloanguy,63082240872
anthropos_du_theo,63042269186
antiboson,63258702896
antid0ll,70265465928
antietamsantiago,68653529911
antisignal,63076885189
antisoy_boy,67530815483
antonandmaxine,63467048060
antonellamarinoactress,64025666835
antoniherrera11,66768318385
antonio.iaccarino.60,64737349827
antoniodiba,63268391871
antoniorafaelmedellin,63254355057
antonyarriaga,63062171714
antonyvincent19,67790680101
antpants,63616728561
anunghyeon,71345719896
anushka.bhave,62857855735
anushrya.s,64651964044
anusunshine,69780884130
anwegmann,63482728852
anya.wyatt,70382156906
anyolifont,63403356172
anyone_10,69606633494
aotb.podcast,62862143813
aous.mohammed,63070194596
aoyamasae3,63211638805
aparecida_2411,67516377465
aparrish312,66578823559
apbesselman,63929791095
apbtlifts,63253784950
ape.stark,68510312763
apexm17,65880876965
aphollocapoeira,69049522318
apibroker,63532901532
apolloriegomagic,66318721913
app1es2app1es,65050714925
apple_carisma,65461560981
appleburrito,64095881077
april_bittle,64220520163
aprilinwichita,63394815402
aprilleag,66367572333
aprilmariewolod,69722939546
aprilmc24,64034263767
aptoscharlie,63328544675
aqib47920,63096129175
aquailla_seldon101,65598228754
aquariuslonn,63416204470
ar_vishnu_13,69920879841
arabla_b13,65218492483
aranya161054,69398642729
arash.khodaverdi22,63417694915
arashariya2025,63455337245
arbek.47,66848066939
arboldelimafragante,65829291403
arburuacraft,69530046995
arcanesugar10,63294985529
arcejofer_fernandes,63401500357
arcem.10,65325626754
archie_tim,63086584690
arcrem26,63135132897
arden_erimitis_author,68997586973
arelin_19,67959814129
aremuoluwatomi,69366227318
areohseawhy,64136929084
arezo__5449,65959096258
ari.a.ahmed,63037086579
ari.hem2002,69415638102
ari_ari_oh,63517963658
ari_bina,63435483515
ari_npg,68088459126
aria_jezabel,63910937910
ariana_shea_,63101890266
arias48,64870727139
aricampos26,67010302871
ariella_mmm,63225179658
ariellavilla,63137398630
ariellexparker,71058072359
arielsaerial,63219453202
ariette.mill,71919163363
arifwarsii,63065652463
arifyulians,63250465808
arijeet.a.chatterjee,63293749826
arinbjornkol,63301473627
arinfishkin,63262243575
ariwelter,64812344335
arizonabliss23,65254285700
arjieparjie,63609496825
arjun._.812,66904357858
arjunragu_,63237653649
arka._.dip,63153550253
arletjavner,71334083453
arlette.888,63494530472
arlindo_debrito,70323188428
armandotravaglini,63909296853
armendarizj1918,65150860744
arnabdotorg,63085413985
arnimittal,63445463186
arowolo_lola,63068813935
arpus___,63381705864
arredondo_elvia,65129017567
arrinolaa,69768491358
arrymlany,63241533994
art__by__mrym__,71584205290
art_grase_work,63230214643
artbyjasminejew,63091170052
artchicklet,67829437221
artesanato.sirlene,63978162461
artf4_official,63724710463
artgirl831,63261744070
arthur._.kings,63427579409
arthurfemi_4,69713316638
arthurrschaefer,63440921670
articokr,72134753662
artisan_dawn,63378350534
artist_lunaris,63307538265
artistbarra,63054271663
artisticallygiftd,62919718891
artjules2025,63376748547
artmama77,67445774831
artpropertyetc,63044773662
arts.wh0re,71347280359
artsbyleilani,70867255023
artsyenglishman,65409681558
arturjvguitar,67023794912
arturo_realtor,66675216669
arturordzzz,63404575276
artwork_bypeggy,65211280090
artyavice,63130039464
arun__malini,66749150449
arunmeo,65056350055
arunsees,63035215654
arushanian_garcia,71914371355
arvertigo,63240445845
arvindchandragiri,66993577482
arya48133,68351968166
arya_akhare,63387229394
aryamandev,63281630199
aryathegreat27,70321817057
asamijeanne,63606081072
asamimakes,63054925606
asanctus,63074383230
ascellablue7,63296388200
asemgul_uapova88,63263389545
ash___silva,63434781924
ash_stargirl_1437,67700714594
ash_zade,63433317640
asha_vere,63407566102
ashaeatssoup,64567878273
ashclarin,63287293940
ashdemianphoto,63283654572
ashdragoneer,63485984315
asheredding,65329712019
ashevillefran32,65617766868
ashgandawa,63077507066
ashh.a.leee,63392709993
ashherrsss,63405943207
ashlaurel,64050972944
ashlene.dwight,71881089633
ashley03030,70755183385
ashley_stclairphotography,63445084337
ashleyareed,66513485562
ashleyewatkins_,63488520068
ashleyhaverman,65718059804
ashleymarlenisphoto,66728179121
ashleyrpriv1,63303803079
ashleytaylorb_fan_page,71105608521
ashleywatkinscoaching,63379119014
ashleyy277,64227994196
asholdfieldauthor,63251473081
ashrafmohamed424,63045470181
ashtoncoghlan,63039501336
ashtynsam,67167541544
ashu_rei,63504448840
ashwinbalajis_insta,63431587721
ashwinkadaru,63237499809
asiedurkio,63979231191
asifasif1963,65806172416
askelyserobi,63921686575
asknurseaj,72026025049
askokauppinen,63275260713
asolopreneur,63259628234
aspenriveraguerrero,71197241299
asrafali6899,68237814924
asrazaly,63066526161
asriirma198,71558361075
asrulsaniariesandy,63317760271
ass_huh_lee,66450183215
assemblageart,63259619226
ast_ril,65593532027
astalwick,63511048037
astercody,63637494093
asteria513,63392906693
astoldbyritzy,71631032050
astonnrt,63101230417
astral.static,63056563161
astrocamp.eu,63251052777
astua_29,65573318388
asuehime,63437011185
asyouwishgemstones,63571589441
at.araya,65921839810
at.landis,63247234305
ataime_,68376526615
atanas.dim,63408694069
atelierbenson,63270197959
ateretosyn,63382519529
atexasqueen,70044191555
atilley1,67554878842
atl.lee.888,63445408077
atlandekreation,64060379013
atlantabeal,68264631734
atlas.ursa,63389551578
atlintownrealestate,63622009036
atolagberidwanoluwamayowa,70652301495
atomic.atlas.antiques,65148282143
atoosaenz,67141796822
atquailroostroad,65646042877
ats.io,63661616278
attencentertion,67171798680
attia_alii,63780521020
attihha,63057358068
attingal.adarsh,63316338215
atulbutte,63370205735
atxcindy,63095407684
atxcopsnrobberslawyer,63581401356
atxmamalove,69068816803
atxsalvi222,63311770893
atxworm,63431780034
au.rah_,63439241708
aubhd_,63425605520
aubreyallenthomas,63096823032
aubsville,67651853638
auda.israel,71896454805
audacity_a,65636622381
audi.henni,69181090165
audiofilmz,63267579873
audra_menconi_drummer,70259529463
audreahiatt,65126174059
audreychall,64530069070
audreycutler_photo,70129611658
audreylovesparis,63406372979
aughrejiaak,68885294269
augustohp,63269520783
augustxbear,70250657339
auliaamir153,63409445576
aunder,63466928102
aunt_rah_rah,63480240848
aurainsanity,63465297423
aurazhavia,67239782791
aurelia_virgilia1217,68266431351
auropol,65562932804
auroraa.leonee,63561087275
auroranox,63432529150
ausieefernandes87,63252679550
aussieindc,63490521341
aust_eazy,63127204628
austin.webre,63385857011
austinbaze,63619440467
austinengler31,63088099456
austinlogodesigns,69644331781
austinmcgrady,63228987617
austringersherry,63422993727
aut0mata,63383927387
authalic,63283842467
author.evelynwildrose,70283007308
author.ronchandler,63470403638
author_chmaddington,63634867266
authorcassidycarson,63371879690
authorfan81,70446122228
authorfrankiejames,71022884004
authority_ai,63154262145
authorj.m.barber,71792368481
authorkeriharley,71289356910
authormafoster,66112983262
authorrubymdarling,63468932929
autisticslogistics,63228191414
autumn_dbarrow01,63398878485
autumnaut.v,66722359490
av.ery.6,63281449371
ava_r_2025,63062990959
avant_pug_atx,63848498143
avdalca,63092009298
averypotato,63228148114
aveshostgh,63623576824
avii_thakurr,63144366371
avikal_af24,63089484287
avinash._4,63456888487
avionicsthecollective,63400102037
avitalin_,63090520617
avocado734,66060188501
avtharhimself,63410861992
awadsie,63264647560
awalharuna999,66498624070
awallace253,66196343247
awaltz11,63433174733
awarenessof9,63143700951
awesomedoglovers,64194428153
awh0lequeen,63253216034
awintahir_,68671597230
axelmg,68036154853
axingn.3011,63289518299
axl_warpshaft,63249130328
aya_mourrou,64432615197
ayahdeleon,63100521024
ayahfazana,63132830014
ayam_kayraph,63278237308
ayana_amone,65807851578
ayann_ettienne,67364622581
ayannamajor_,67497029231
ayda_.yaz,63094516306
aydana_anadya,63375333255
ayegeeemonique,69678106154
ayeshay_raja,63209887075
ayetulip,63210223737
ayirpelle,63296148209
ayljx,63318490226
aynsky_,67142096183
ayo__thomas,63455211773
ayo_adelakun,63275947805
ayo_pelu,63425012512
ayobahanfrancis2024,70271638947
ayodellofficial,63054492465
ayomide_om,64727808895
ayoolu__wale,63431515023
aysuliw2486,71566399048
ayundanurihasunah,66434716433
ayush_r.jain,64128376992
az._.zanna,63858269252
azad.mohd,63297358486
azara_86,63463754235
azfarfahmi,63375399140
azharmohdjebat,63283598589
aziasenom,66845529754
azimahamzah,63278416675
azimangah,66992609096
azlinaghostwriter,63096618248
azliza_hd,67130755229
azure_messmer,64768147874
azuregabrielle,63392509389
azvdojheni,63406469774
azzaniety,63270144193
b.a.b.y.b.o.s.s_,63388889408
b.c.md,66243372379
b.ik.e_fr.e.ak_2.1,63078223951
b.kent.mitchell.5,63098315329
b.l.u.e_34,63268658907
b.rock.oaks,63031121664
b.thnyyy,69564850660
b1tchiko_deulritze_sujigawara,63424543281
b3utiful0blivi0n,66853678730
b4hanna,63479560570
b_babymo_,63079167130
b_black.dot,71877127538
b_d_weise,63105730620
b_firebaugh35,63077401107
b_o_l_u__,68333318617
b_s_akash_yadav,63446933922
ba.ba_tee,63073725797
ba.bype,63557863188
ba_seemah,69447022386
baabybunni,63071647984
baavramallah,63072461714
baba.yaga.bentley,67620712016
babaa_housam,69603089969
babak.abadf,64742224454
babblingbritsyt,67461192672
babekevwe,63034607817
babiiedolll,63086500760
babo__mini,72084928211
babs32769,67634112705
babulahaemd,70476454701
babybrybrybry,63581970817
babyfirefly11,69077080245
babygirl5656,63223263983
babywonderful89,63260958339
babyyfal,63090354015
bacarotechofficial,63863839079
back_to_nobody,63627680291
bad__mallard,63620592279
bad_pooky,63317442804
badassajumma,63460485331
badasstinbasher_and_chef,72249723298
badazzjunea,67715569382
badburman,63094457968
badcatjamie,64622753876
badciphercodes,63247454868
baddieebillionaire,68210605385
badette.maria,67711417891
badoats,63039237419
badshahzamin,66158607889
badstitched,64636410551
badu99,63075533402
badwayz_or_nowaayyzzz,66303311874
bae_adesoul,72493678023
baekkejewellery,63543351182
bahja_ghassan,63038725637
bai_le,63369231637
baka_luffy_taro,70125639690
baked_bimbo,68338640337
bakerjo3,63093933735
balaji_yalburgi_,63437862841
balancedlifepsychotherapist,63390767796
balausmanmubarak,65870905102
balazsfabiahn,63551357044
balencianna_g,64866976614
balieiro_milton,66280683644
ballzmusicltd,66340732338
bals_rollin,63446813471
bamagirl821,63059671636
bambam_soj,63078813816
bambamcoachandcounselor,66094015009
bambi_forests,63769987761
bami5646,71730802627
bamxbamx7,65120789969
bamzinoo_inc,63448620952
bandakoo,63399967105
bandcamp_quaker,69752841786
banhcommauxanh,64410341942
bankboyray_,70081345742
banuls.miguel,63391335647
bapc__,63383959938
barazbay,63248659002
barb.gold,63090554523
barbannhk,67985258663
barbaralaube,63430003286
barbaramurphy4699,63496317934
barbaraoliverhartman,63031270809
barbie.jazzzo,63277072869
barblamb,67481181997
barbrabgypsy,63290808511
barely_aallen,63022711732
barkatali.meerani,71215555556
barkpaperscissors,66289347983
barny_mado,63438623886
barred.owl.cabin,69392309426
barry1776,63606977102
barryparrott,63044877834
bartkedi,64091627184
bartosikd38,70560017831
baruzuland_stylefactory,68327392492
baseballpredict,66872973908
basetenco,63283779183
bashfulmoi,63477160226
basic.bxs,63072447661
basicorangecoffeemug,67536105172
basil_branum,68787372051
basithtaj,63434168586
baskett.tim,63494856693
bass.logic,70042070919
bassettlaw,63064095136
bassfishinbeej,63567219148
bassonapopper,63866641072
bastifuuu,71725228689
bayle.sandy,68891094906
bayleighpollard,63103186677
baylordd,68057020626
bayodada_,63136244566
bbasho01,64135148494
bbbbvve_,64004568156
bbroendum,62978487046
bby_.lynz,66377011660
bby_yaga__,69639652910
bbygrxxt,63277108402
bc.ayden,63088115025
bckilian,63029766300
bclareandfirm,63124822184
be_a_light_jewelry,67052203951
be_humble_and_be_happy,63093548853
be_smile_be,63453588265
beachlivingphotography,63463984290
beachykeen7,63108588872
beadspiritdesigns,65072446091
beardsplitter_king,63427370344
bearprincipal,66730160844
beatrixwoodrow,63674559163
beatrizdeponce,68067982855
beatrizsaludbienestarymas,63056197728
beatsbyberry,63735020159
beautifulgoose,63360026378
beautifullycreatvepearson,63106974174
beauty.and.her.furbabies,69674241719
beautyandwellnesstools,63609592097
beautybynazss,63099414733
beautypree,63455602855
bebby_umoden,63059035411
becca49512,65375107147
becca_buttons71,68289387128
beccanbooks,63247188066
beccapelkeycook,68319611287
beck_golf,63303603652
beckandthemat,63303296660
becki.reed,68470416929
beckjc71,68311403890
beckwith.bill,70084857196
becky22alexander,63461184541
beckyann676,64031454564
beckyjonescruse,71861700554
beckypittman,63271074714
beckywrightauthor,63612363814
becoming.sandy,63120702072
becomingmybestamelia,63105078444
bee_15145,70125883870
beef_lizagna,63624968511
beehindthebook,72120281934
beejay.tantoco,63274208878
beemraj.bhagwandin6,64930856032
beeolaj,63663088162
bees_us,63279040941
beetut3,63099587577
beeudy,64182372342
beforemytimeshop,63436312090
beincreative12,65361151752
beingsannyasi,63079950978
beiramiab,63375434705
beiyo_,69655371289
beko.xiv,63490617374
belalugosisdaddy,63040805778
bell__games,66305489316
bella_wasnt_flammable,68658303263
bellaa.gonzaless,66337360844
bellaa0402,63462725502
bellaartsy.sj,63092634157
bellabahiense,64712521895
bellafortunate,63083361898
bellalunacafeict,64389581615
bellashumaker_,63386502541
bellasmomkc,64408966741
belle.cvb,63930329440
bellevite,64030442116
bellezzaebenessereconteta,63560381730
bellissima39,66970277060
bellitamarina,63086095220
belluxcollection,63294469796
belonigobilima,70651563937
below_average_hoe,66434393280
ben.murdoch,63216365996
ben4short,63368590901
ben_hargrove_exprealty,63386365949
ben_mcmanus3833,63397614238
benaleo_daniels_800m,63081695650
benblaiszik,63142395926
bencarnett,63064732154
bencole511,63422965122
benedettogiulii,63276429379
benedict_boateng_boah,66260875344
benedictevans,63081777780
benghis_khan_turner,63232118400
bengs_papi,63414629143
benhanowell,63377465161
benimaruponta,63079533487
benjamin_alamu,63255100130
benjamin_nicks,64166369708
benjaminfoster531,63450955774
benjaminrb9,69512400593
benjja_meliannn,63461602981
benkinghomeloans,63120505439
bennettbakke,63088953904
bennythetravelingjeweler,69754769252
benormos,63063885452
benredington,63432795889
benricem,63106596420
bens.fx,63135806799
bensmomada,63416447568
bentossell,63379204146
benyoucef_ichrak,64621136022
benzoic_girl,63017807790
berbery54,63335752195
berivan.isik_,63120587745
bermudahillsco,63316737383
bernard.bonsu.374,70297251746
bernhardhust,63386341418
berry__station,70608837757
berry_clouds222,63612544571
berthasparadise512,65540166647
beselfevident,63310305927
best_architectureintheworld,65694563296
best_mom_ever43,63160558966
bestbenin19,65225980857
betahoodie,63425595794
bethalina13,63503240601
bethandbellaart,65045581085
bethany_irvin_1156716,68249500238
bethany_ritz,63136203292
bethanytrotter,63400014160
bethchinderle,63377621352
betheldridge,68890541631
bethescandal,63245238862
bethlburkhart,63267464404
bethleemusic,63249913467
bethmcelhaney,63426234820
bethmeowphy,64651913604
bethnorthup,63070759279
betho1380,63121756585
betsy_reds,69772520147
betterdaycreations,63251343504
betteroffsoapshop,63490353447
betty_bergman71,63624224576
bettythomas5335,63074505719
betuelvalladares,63408504362
beulah.the.elephant,63399069242
beumatthews2,69010306445
bevd1959,63323722497
beverly_amaserwaagh,64560428352
bexabuncos,65368700558
beya_ji,63461179284
bezprzesady.eth,63870852621
bfarrant.bf,63452873423
bfvmansamusa630,63061838716
bg_mortgage_guru,67133518317
bgoldenjewelryschool,63279726806
bharathaladi,68481580041
bharathjinka09,63076662429
bharathramsundar,63484793720
bharatparsadachary,64147865290
bhargavc_20,63046638171
bhavulgauri,63389189431
bhetsy_,70098042394
bholakhanal123,63386807445
bhushanram771,71067222000
bi_si_,67628990750
bianca_solo,63558761463
biancaelena__stan,63855238292
biancapassion,63620345094
biancatalo,66928026695
biancavision,65331914318
bidemionishola,67058574714
bifarinthefifth,63058860288
big.dharma,63403017876
big_and_mean,63141491357
big_tortoise_goth_gf,63484952568
bigakko,72082432372
bigbaddrey,63411287051
bigdataanalyticsnews,63402293733
bigdomo_5000,63435932916
bigeazi520,63064858705
bigh.1970,68886665675
bigjimmyaura,63775452216
biglott_davis,65630518921
bigmo_cha,63643968070
bigmulla29,63075685567
bigredthemodel,71417647613
bigsisterstudio,63312722709
bigsmokezmarley,62620694512
bigtree285,63005279597
bigwallrealestate,63457567704
bigwaltdaniels,64085426588
bigyisuf,71539424335
bigzworld,63317520416
biigkountry_,63511608690
bikeham33,63244323578
bikiewillhonor,70366213641
bill.neville,63409490695
bill_zerker,63133517529
billi_gulshan,63494297296
billie_bron99_music,64658334929
billionaire.hch_kch,63741777416
billy.boythecat,62990356389
billy_foodie_0922,63633752450
billybob72776,63274481231
bimbimbip90,63372799417
binasu_1256,63266546583
binduphil,63227052173
biolilia,65455536279
birdzu0,68288923417
biscottismom,63394682393
biscuit1389,66782261037
bisolah_,62882462200
bisrat_takele,63405780764
biswaroop08,63120985791
biswasnishith,65466154722
bitorsic,63436336449
bitsondatadev,63266466373
bitter.knitter2024,71500006444
bizzimomma2,63396316424
bjdesotell24,67734659295
bjorn_sandmark,63857301651
bk_ivy,63369795808
bkb_eq,64754340522
bkhinton21,63412437960
bklynjenn38,65400602520
black45nj_,63375406973
black_boutiquebb,66534712940
black_macabre,68705925388
blackbeardrell,69684656727
blackboni_theyogi,63024212223
blackdelflowrd,66430902627
blackened_stoneheart,63374973252
blackm_rxistautistic,69620020909
blackmirro69,63863469384
blacknightwhitelight13,63061892751
blackpearl.scents,64156072918
blackquillsigns,63446171172
blackspotsunsister,65308000705
blacksunris3,63092700185
blackswantheory,67321872617
blackyrsmusic,68343765311
blacmagicsmash,63279032292
blaconator,63616936950
blaines_color,66643353528
blair_witch_projects,68305392281
blaireblaireblaire,64632686418
blakb_gatez,70373209819
blam_blam_lam,63092628184
blancadelloco,63086413167
blandperson,63444924111
blannix,66595786054
blaq_caramela,63449073123
blaque_crack,64754946685
blax_word,67042541508
blaxabas,69377943957
blazing__hell,70848680772
blbrown66,65555943647
bleedingcorazon,68685444307
blessedgogo7,70085488217
blink183__,65139940343
blissful.lynn,69096546769
blissful1249,66553483076
blissfulsparrow,68002748716
blitzking444,63447869032
blizaine,63260326045
bliziblaze,70216129824
blk_gf,63880507134
blk_x_,63484553927
blond_goth,63445018070
blonde_with.the.wind,63071482784
blondiekellyyy,65811056629
bloodorchards,63263713510
bloodsloth,63409917032
bloomandgrowmarketingco,72304129624
blooming_bud87,70600350645
bloomingflower_art,67138665844
blowtheceo,65596998024
blrd_customs,63494824855
blu.aries,72082319673
blue3yed.queen,69393642876
blue_moon_nancy,63092849712
bluedoorconstruction,70083463002
bluefishck04,70214639097
blueh2oartsstudio,63018807767
bluemoon_szfh,63099022952
bluestarr1388,68850020850
blumen_poem23,66724005562
bluquartz2,63260746264
blvnmoon_carl,66461511061
bm_lookoutcrew,63500030171
bmagnuson2,66820879554
bmvitoriano,63272261740
bmwbri,63289144607
bnerdf,63245307167
bo.badam,69429521015
board_raven,63264195541
boatcovercouk,63307499617
boatware3,63850437895
bob_b_1961,63428870110
bobby.cervantes81,69458308185
bobby1372_,68660497276
bobbylicious312,64601529289
bobbyrozzell,63844137718
bobcammerano,65598133272
bobgreen,63514456744
bobo.banuelos,63192940854
boctornadine,63048311852
bodegapope,63440176120
bodesaxofficial,64230083357
bodyofcode,63060878670
bohowadu,71105296964
bojanmerc384gmeil.com4,66284308538
bokan.jamall.97,71579698205
boknowsdata,63084846289
bolade_samuel,63096575121
bollychukz,65940192880
bolton_de_boy,63434001989
boluwatifestephen_,63061190383
bomzydget,63039295382
bonafide_nikole,63444578281
bonafidejuridischmaatwerk,65152870877
bonbononeill123,66522705599
bonedomerockphoto,63100806716
bonibonjovi,63419471395
boniem075,65807012504
bonnie.brantley,65588477945
bonnie_darco,65548923826
bonnieir1,63253801380
bonnierae219,63390949806
bonnies5945,70382111375
bonszy13,63406957941
booellvi,62820462590
boojie.babyyy,65843548839
bookaddictaw,65693250882
bookish.baddie,63223710605
bookish_batgirl,71736325655
booklovejess,63090245861
booknerd_1922,65909588798
bookobsessed1987,63402951653
booksfor_sle,63319530126
bookstackbrandi,65858593082
bookwormambo,68641531430
booky.biker,70823394937
boom671_,63267170000
boomersmntn,63653680532
boomkehaunani,64151204735
boon_loong,63301808411
boonkeeperwatercolors,63083859695
boostbeammarketing,64059611278
booster_303,63413762451
borjitadelatorre,64574266715
born._.tired,64760181981
borntobeweiiird,63088054048
borta.anastasia,64222978237
boscamarius,63403560628
boss_galaxy1531,70709672933
bossintended,68947340780
bossup.ai,67142320502
bostloop7,68766543703
botad01,63244390559
botton_andrea,68741733811
bottorffstephanie,63060927674
boudoirphotographerdfw,63256688622
boulevardbow,65136696080
bouraima__,69636291195
bouthainaael,63049909959
boutiquebyjemma,62827250834
boutre,65097971093
bowlindm,63388975624
boxxcheez,63678693100
boxy_metalworks,63224358897
boyaniliev,63941795007
boydsteve25,63315298968
boyworm,63098362023
bpcostello27,63249725500
br0dyk73,63278863306
br3illy,63066251274
bra_bhilly,65693197577
bradnickel,63418826541
bradypictures,67153597485
brainbox_3,70844272643
brancorafael21,63770423461
brandidyke,69084009571
brandieguerrettaz,67225055389
brandon_rd02,63433484467
brandon_zombi3,66272878687
brandonghandley_,63378110787
brandonhausenfluck,63430587965
brandonlive,63225813756
brandonmorgan_fitness,67032319623
brandygarcia70,69062072893
brash_partly,65711382680
brasildan,63608151008
brattyxbats97,63250034473
bratzdoll838,70561390788
brav0_rnr,62825201914
brave_squirrel5,63271892313
braverindc,63471466323
brax_i_am,69440244533
brayckner,63414983340
braydon.ww,64870097777
breeze_ez,63090052606
breezyacres61,68078028498
breitzen,63470899413
breleigh623,68909792662
brendadunphy08,69772213557
brendajonesart,67765971320
brendamercedes,64638363942
brendenaccettura,63306600656
brenmgc,63144612887
brennachristall,63801942203
brennan_bagley,65061496642
brent_thecartoonist,63147325665
brentdgardner,63415231461
brentfield_threads,63412294458
brentmcnulty,69784329477
brett_mmla,63397740944
brettenos1,69626117454
brewery_grammie,63400734931
bri_abawx3,72056311473
briaclemm,63135644765
brian_ready,63390519234
brian_reidy,63404326083
brianabuttonz,63392799930
brianbur83,69934879181
briancentrone,63145533127
brianchristophermendes,66441085601
briancrink,63226829631
brianfromchicago,63248991625
brianhullart,65847286473
brianna_ceirra,63472699903
brickhard_,63461536292
bridelyboutique,63310400899
brielopez_,63451420239
brightideaproductivity,63489113765
brightonmermaid,64252626162
brigid231,68852222447
brigitte_barheaux,62967310288
brigitte_dean1,63391494898
brimaster3000,63308000373
brinthan.y,63240866841
briomax1,63260214159
britnbrown_86,70250491922
brittanyannreads,63067940437
brittdiane89,63039575778
brittney_harding,65078223711
brittney_saigexx,65784950234
britto2963,71484869202
bro8025,63090621267
broadstreetclothing,63617536277
brocascious,63134020778
brock0509,63313610700
brokerchristian.bpre,69714361338
brolag,63229118542
bronzeylion,63422340922
brook._nicol.e,63265951632
brooke_haileyh,63090060179
brookelynn.ms,63049807387
brookethorington,63620504918
brooks.mistyd,63420013585
brooksie1694,70184462737
brown__simi,63450187200
browncaribbean_sugar7,64036038365
brownskin.mommiee,66916020433
browz.by.chlz,71886101091
bruceholladay,63420834969
brunchdonut,63267803795
brunicorno,63534654838
bruno.grou,63906354120
bruno_fernandesci75,65244647601
brunoking702,67935343543
brunovinezof,63065707054
brunswickwax,63464011248
brunton_blue,63273584618
bruubrtl,63454074745
bryan_salami,66335114354
bryandtheboys,67515266816
bryangoodrich.xyz,63154116695
bryanna_real,63898659364
bryanseely,63062243855
bryce_james_goudiaby,63493234443
bryen.chidera,67831389297
bryttni__,63412069196
bsaxlol,63236858628
bsfngso,63974628615
bsnkim,67620282480
bsunter,63420555120
bto313,63138101486
btooexpensive,63420219543
bts_07kpop_fan_page_,63985899150
bubbadogsmom,64592780264
bublz.gorl,67786713074
bubzyteen,63619480387
buccs.83,70426902505
buchananarchitecture,63450632307
bucklajean,63243232488
bud_coy,63804268047
buddhapugz,63457506278
buddhi_prasan,71591770216
buddys_auto_detailing,63440188947
budgeonwallace,66827726292
budropartida,63406692526
budstopher,68667915146
buffaloart,63435232747
buffalocreekdesigns,68293163585
buffynaka,63093485672
bugdemag,71563503838
bugs_and_lemons,68053483317
bugskafka,66301070787
bumble_and_brush,63411132135
bump,63262397927
bundhotel,63415714714
bunnywilsonfl,63286203412
bunzo.maghanoy,66544049493
buriedinpages,63468417230
burj_ismael,63420290324
burlesonbeth,63888117804
burnt.toast_liss,62801470515
burpybrown,66748021385
burress_taylor,68274272603
busayo_dorcas,63268470890
busayooluwasaanu,63440058349
businessbarbieari,63310776713
busk_algorand,72071739850
bustergumbo,63073362663
bustertx59,63472382938
buy_sell_with_exzavia,63381159148
buyartks,65623982421
buyhomz,68374228705
buywhut,63065900538
buzzkillprof,63086379609
bwhippleks,63275781977
bwmntzrlhmydwy4,63606960123
bwrightthere_,63258682533
by.hemmy,63031350812
byayangb,63439802584
bybethstudio,69723257612
bydaniellerosephotography,63397498057
bykellymax,63125854148
byronmcswain,69492941992
c.arolinetaliaferro,66253460922
c.bernaleon,70897602951
c.cruzzz,65439363232
c.g.w.g,63411869265
c.goings,63120429066
c.grost,65816726104
c.quint06,71702654196
c0de_zero,63434073019
c0sku3l369,69582091806
c3_93,65211718608
c_c_bradford,68917141350
c_l_musicdj,66456403615
c_m_c_photography,67147814540
c_minhyung,63062190768
c_stark_10,63738180158
c_y_p_h_e_r,63099042677
cabeza._.cloudz,65460393041
cadilacnah9,63468922575
caelito_silva,63434668578
caesarbeatz305,63281527929
caf026.ca,65953854353
cafeenoire,65431296911
caffeinated.millennial.coach,69444494707
cafollaafonso,65615223706
cailin_dawn,63410534194
cait_nicole13,63493898305
caitiespoon,63145597377
caitjutca,66983148936
caitlin_knight220,63248595727
caitlinnn_ofc,63403207465
caitxie,66322396204
cak_hudan,68610752349
cakeer14,63299922692
cakeoutintherain,63251393820
calabar_market,63266257980
calaunte,63423349408
calbundy,63389038800
caleb_okereke,63154942748
calebdaman__24,63368525732
calebs_exotics_and_more,63483599193
cali.mgk,63089770373
calico_park_,63960294897
calista.thee.sunshine,63409583198
calitamania,63227839794
call.me_christy,68493912499
call.meangela,63369327054
call__lean,68296224247
call_me_mike_._,63431079462
calliopeseong,63388573546
callliiieee.grace,68987451960
callme_apinke_,70097697845
calming_stones,63150117273
calmyourfarmgame,64014191820
calvinlam.arts2023,72271233036
calvinsrule,63465827550
calzadosariane,65349168717
cam901realtor,63502544542
cambridge_bowling_club,70876781876
camellia_hurt1,63226838261
camgayfantasyreader,69162290076
camillabarberisss,63853421391
camillacamuffo,63687093360
camille_sparkle,63409693674
camillehall.js,68900056704
camilocommotion,63070541419
camina_drummer_beltalowda,63845350680
cammysauce,63204775915
campbell_dawon,68838436476
campbellworld,68750602597
camsmithtrey,63429906252
can_i_just_be_precious,64408879134
canadianace15,63415941425
candace.cobain,63048126917
candaceyaeger,63388637757
candice.johnson30,63194060929
candicecchu,63628432372
candicelp3,69078906419
candicezakariya,63061413211
candid_coleeeee,67343055923
candiecraft,64207202909
candii_pants89,69694212877
candy_paintblower,63079691734
candykisses2112,63297473766
caniglia_david,63275700255
cannatti1,63283674316
cannotpleaseall,63280249513
cantiswpg,63270849468
canut__,63937947656
capcitycaptawesome,63080684638
capitol_diver,65090349205
capoandre0,63707477095
capoeira_paquistao,63198685291
capsuleandco,63793048301
captain_c,63994544629
captain_rhayy,63105171654
caption312,63246968931
captivating_cia,63486240311
carahattrup,66336208103
caramelkreation,68037479230
carbondj,63243995579
cardpricecheck,63379846144
cardsmadebymichele,68011854478
carebecauseyouwantto,62838444972
cargirlie89,70836732674
caribbeantoast,63101584357
caring_dash_hoots,63272488403
caris_iman,63412056508
carissasell_realestate,63257030003
carl.molinaro,66699946578
carla5051,69522836986
carla_dalfonso,70206821710
carla_eduarda_oficial,67346592274
carlawillsversion,63440095831
carlisaendosoflanders,63091426126
carlmccune7979,68641635799
carlopatenia,63099414300
carlos.j.scott,63450609453
carlos.lerman,69241559817
carlos.vazquez.5095,63306387497
carlos_rojaslanasa,66164606620
carloscampos3586,63416143906
carlosdiazol55,63418390693
carloshanks1508,63507496492
carlosjcueva,63463921940
carlosriveraauthor,63378474258
carlousai4,63913872256
carluccio_alberto,63331929047
carlyokie,66750157003
carlyq80,63405559688
carmanjen,63094178769
carmelyne,63422820681
carmenamat,63136075866
carmin_butterworth,63252792409
carminepiccirillo_,63853182861
carnage4life,63423596670
carnovale.jpg,63267616652
carol.henderson,63062091116
carol_hector_barrer82_87,66413147443
carol_loshell,63874412440
carol_snow,65775253835
carola_monti,62982511557
carolegarmon,67976782401
carolinelaura,63227396317
carolinevwilson,63272426976
carollaity1960,64257501053
carolmarieogg,65859646885
carolyn6clark,63479699464
carolynjohnson2404,65167414344
carolynnaweee,64690574073
carpet_ninja_2,64139785613
carrandrew,63442212228
carrara_amanda,70046079606
carri.new,63063405873
carrie_lindeman,63454258588
carrie_woodward,63405422883
carrieauthor,63400902173
carriejkeenan,63265080675
carriestarrb,64474591614
carsontheclement,63290581260
cartier.chris8500,63438302598
cartwrightgirl2,71570278548
carzenriq,63095817896
caseyfannin,63238030954
caseygoodhew,63206799595
cashb248,65590510687
cashflowincognito,68731040023
casino_carino,67734017126
casp3r_209,66320762075
casperomondi,63638856064
cassandra.crawley.92,69416710123
cassandra_ashley_,63780896734
cassie_lehnherr,64494372744
cassieannemoore,63410479194
cassiebessette607,63440464125
cassiecichocki,63609944070
cassiedotson540,65496616401
cassiemcallisterr,63444630061
cassioaalves,63628788406
cassy_sousaa,67474952839
castellanovito,63870141396
castor.dalton,63085238765
cat.baughman,64282526547
cat_tivella27,64377758915
cata.lardilla,67107729543
catalinmpit,63414974202
catalystbloom,63088300315
catarinax7,63415414468
caterin133,65671527690
caterinjames,67579647099
catgod587,65120907377
catherine_of_alexandria,63304435032
catherinebreslin,63414533285
cathybflorian,67318095933
cathyjeepgirl_,70338746966
catjwil,69521249438
catmth2,63079276743
catnonsense,63287952385
catpoland,63233199985
cave.felem93,69652578803
cawaiicom,64119410334
cayhadatba,67044553083
cbabyyyxo._,66337190642
cbellfsr,65779238231
cblacan,67467784169
cblackmo,70663933162
cbrandt41,63259732396
cbrkjohnson,63866952150
cbrownclower,63410910113
cc.jayyyy,65191160590
cc_munchkin,66693865427
ccocoabitz,72138603168
ccxt9,64450454796
cdcoop259,71836349076
cdefgahccom,69940563099
cdvarner81,66268646416
cdwheel,63398751165
cece_hayat,63473498405
cecilia_marcolongo,66444759924
ceciliamewa,63163792720
cecils_daughter,63660696142
cee_smithjohnson,63408134599
ceeceemcee,63281903705
ceegee.myart,63372082662
ceemadeit_,63312185828
ceeswt,63929777449
ceilingsintheireyes,71719201699
celerier229ms,63330003931
celestialcharm__x,67057356040
celestially_known,68970971638
celestialme,63301645617
celinatcm,63946886153
cellgrafter,68961338916
cemetery_nerd,63407175920
centsonfacy,63444603521
ceolinwill,63160703968
ceorebeccafox,65863408239
cepicky__,63560301886
cerilouisereads,65212122764
cerlyn_shepu,63226419487
cerouxlian,69151663887
ceryl__s,63241516738
cesar_augusto2811,63282719147
cesarmateo4051,65102969960
cesmithjr,63442532473
cferry71,66904596959
cfjne_,63369206357
cflr1701,70421257041
cg_royal_banda103,65690347669
cg_seewt_anjal,65320779609
chaaylathecreator,69888534815
chad.fonfara,63083658164
chadash_moses,66155492597
chadcavalier,63063733155
chadhaught,63027103644
chadswharris,63546572619
chadvancleavegoff,64929824772
chadwilbanks,63094080674
chairs.medic,63415917148
chalice____,63448361926
chalkmanvid,63417852759
chalmerslarsen,63095446811
chameli_r_,63162550314
champ4601,67935669543
chan_denise,66888010723
chanceorzell,66344162580
chandanahiran,63076117580
chandler.robertson1,63419606028
chandrakanta.dhakal.54,63248500206
chanee.krulisky,67360159802
chanelljwilson,63314498242
chant_yxsl,65793658336
chantaldubemenard,66960437580
chantebennettt,63080897879
chantellavillegas,63429851530
chaos.hz,68005269893
chapin322,67423076539
charanthongchamrat_2,63456152975
charis_sharnee,68901111311
charlemagne23_,66113528968
charlene.pryor,63091834257
charlenedanielle07,64161217302
charleneschlegel68,63421795015
charlenopires,63176126992
charles.effion,67979149760
charles_akinwumi,68659634983
charles_home_improvement_llc,64013270311
charleslonberger,63887968866
charlesphilippebernard,63256923220
charlestonpierce,68374206916
charlesvardeman,63087177520
charliekolean,63216039988
charliemo444,63424886543
charlierg787,63070166185
charlottevangenderen,65178832276
charly_amens,65481226135
charmedfox13,63143916637
charrod06,63291651588
chasemeifyoucan_productions,63281830505
chasingcloud_nine,69302017485
chasinglittleglimmers,66408956070
chauncey4depew,63420956534
chaunceypage79,69808050380
chaz_says_relax,69289175672
chazngg,63158437498
chc_web_dev,64612602735
cheapwork,63219510041
cheeky__lion,63241858225
cheena909,64226435243
chefhenryhill,63145751348
chefwakeandbake,65793060544
chelcyungrianno,65864501892
cheldel4,68859620306
chelle.shaw,67530213181
chelly.ja,66305267671
chelseabearx,65707012628
chelseahaley_,63265277107
chelseychoosey,66368713364
chen_we1,63265231656
chendrixson,63038533802
cheneric86,62861479244
chenhueishuang,65398225276
chepnerks,68740683410
cherifalimou456,65797047788
cherildorr,66094022705
cherinoll1127,63087289301
cherisangels2,65538245312
cherokee_drone,63438845740
cherosfarrah,68138362631
cherrykitten333,63090982323
cheryl_runs,63265977655
cherylannillustrator,63380594309
cherylchan602,65394377248
cheryltimetocraft,63317249011
cherylwrightwatkins,69210834112
chesser_shawn,63462768475
chestnutella,65623750009
chetansharma5881,65868241156
chethas_47,71721769318
chev.y9958,63421422094
chewkie_banana,67526339874
cheyyy_2016,64197980778
chhollenbeck,63281373209
chhoti_devi6054,65973009370
chia.sanabria__,63476369136
chiara.bass51,62977423389
chiaraa.mazzon,63578581292
chiaracarabellese,71121202240
chiaradea13,63866484509
chiaraiann__,63542679610
chibugolynda,63138845467
chicaciclista,65209237289
chicacotoya,63631416424
chicago_repentordie_ministry,63247577967
chicanohippie,63471640545
chicityfinest,68284534966
chicken.love,63303872277
chicmortgagemillennial,63430367642
chiearclyn,71118793034
chief_damii,63441768712
chiefrackcity,63393735771
chiguytripp,66871013755
chihyu.yeh,63389925344
chillipepper767,63969757013
chimbu.83,65094591724
chims143,63406724998
chinarhanda,63088793463
chincheek_,63265305980
chinnavenkateshkona,63930448992
chipcharles,63323128998
chirag05_b,63420655664
chiscodex,63478385043
chittiandhracookbook,66912181809
chizobaeze726,63039902972
chlotographer,63055413718
choclanese_baee,64682144917
chocolove_pon,71450832436
chocomom0903,71780703990
choi_sangrok,71228136364
choochoomama,63379460909
choose.integrity,69653497582
chou_stars,63218943285
chouaib.meramria,63391365332
chow_tiime,64137347927
chqpmqn,65879980817
chris.ife,63412761161
chris.marshall.77377,63243027567
chris.staud,63252438570
chris_yormie,65741620125
chrisakorlie,63445404101
chrisalbon,63440602234
chrisapears,63445983005
chrischesser3,63253131611
chrisdaubmortgagebroker,63451685175
chrisgenocpa,63228923208
chrisj.48,63395116537
chrislanejones,63618801021
chrismitchell,63413851536
chrisnelly71,64381451741
chrisnhuff,63406479901
chrispecaut,63607760804
chrisqui1,63415938153
chrissie.munday,63249857818
chrissyartworks,63073605829
christiaanpasquale,67344208035
christian.pellizzari,63918665070
christiane.braas,63237098184
christianebhote,64395532468
christianjames,63289497722
christianjguerra,64016987292
christiansotelo,63046180504
christihester6,69624827473
christil695,62880511395
christimilroy,66919545858
christina.hyun,64724186446
christina.insights,62862911759
christina.m.holt,67992619976
christinacochina,63160333437
christinacox_casting,63507638995
christine.s.cox,68941182891
christine.s.davis.1,63460069388
christine_3251,63652216159
christine_ohhhh,63334018698
christineba99,68359911715
christinehiicks100,66310891312
christinepriestly_author,69463407924
christinermiller,69488603367
christinerwriter,63403268534
christoperpike,66858417607
christophelefou,63411566464
christopher.weddle.zero,69840360139
christopherblake13,63994853693
christopherjameswrites,63209663474
christophersantana9732,63255975110
christyklug,65841713751
chrubble,63135066443
chrystallllllll,63392914696
chrystalriversmba,63028591610
chubbyazike_,63427431532
chuck_bennett,67577558431
chungpaochicken,63071927854
chunk_e_cat,63305770669
chyratae,68069091148
ciamartin55,65950098208
ciara_sellshomes,63439198230
cibonso,63128057636
cicciogambino79,64007651058
cichy702,65067099020
cidakamos59,66987629396
cidcleyschmitt,63129629221
cidemar_faria,64686650105
cienciadosdados,63066786590
cierra.vlogs,66285176146
ciker001,63975131555
cillamariedj,63457298635
cindaloin,63398260381
cindilochard,68718958215
cindy.doty,63236917058
cindy.zxr,63280902902
cindyleighmc,63079930413
cindynolte1,69641657373
cindytequida,65917486655
cinloveslife,63437485674
cinnamongirl17,65648766239
cinnamyspicebarbie,63130550156
cinyateatime,63145924328
cip.92,64088002506
circleight,63409734568
circuitmage,63406279253
circular.reference.ict,63458707510
circus.hmtuan,63085914329
cisco8790,68759473456
cita.benzybabey,67756473349
citizensfitgh,63291170813
city_night_photos,64711102791
cityofwichitagov,63210431585
cjkj68,64271912322
cjrttla,69366324553
cjtrowerscomedy,68049677302
ckayjohnsn,63745142511
ckcarey,63439585344
cklind01,66543498699
cknapo1,63388086917
ckt_bkr,63230863988
ckuecitq,65928669443
cl_bengtson,63456706128
claatapuc,63925200107
clachetrassy,63070525920
claire.dan.lyu,69533015509
claire_bear.112,65917954361
clairecontrary,68969837383
clairesheehyauthor,63393380348
clairexmurphy,63058318726
claraannesatterwhite,65886495796
claracianferotti,65020874839
clararodriguezrealty,63253139143
claraschein_music,65159501897
clarayemahuevosdecampo,64595302535
claresmom,63093684295
clarissepupillo,63861638260
clarkdrippingsprings,63222823383
claryjb,64399541628
claryvoyances,63051079091
claudiadream9,63472538732
claudiapiombo,63255622230
clausewriter,68758391535
clauuubasso,63878387878
claymoon1970,71774736053
clazzydiva,63079082920
clearreflection.detailing,63044839755
cleide.romano.43,70647543906
clementine.tempest,70630778371
cleygram,63408639462
cli4d_music,63055285681
cliftonladd,68221365695
clintmaliq,63052468816
clintonkhanya,63226391613
clintpohler,63411637456
clj_lawyerpreneur,68065775575
cloberries,63304247951
clockworkcat,63369295733
clorindamiranda,72284668787
clotheshorsepodcast,63046262370
cloud_datagirl,64647458789
cloudedlaughs,66310528092
clouds_of_gray,63327832387
cloudymind7823,63370943157
clovergnome,63403805641
clovespanda,63235884126
clry2,63031455863
clumsycuber2,63436998674
clurrvoyance,63224836145
cmarquez.x,63275986881
cmcevoy_luvsj3ff,67955845570
cmdrdm,63292572644
cmg3tech,65603336861
cmgraey,68168795885
cmierzejek,63042588881
cmja1966,68344600582
cmoebrown87,63425325075
cmschmtt,63097050188
cndrla616,70248248610
cnev27,67966084492
cnevares,63446539208
cnhayes89,69558806306
cnilpirom,63016719574
cnomso,68347550907
cntrysweet84,70233606354
coach_cmj,67947747115
coach_mjones,69615570360
coachgoods1,64294609499
coaching_with_sanjeevi,70257286812
coachnms,67258074093
coachrawle,63280207618
coastalyarnworx,70383034771
cobb_saladdd,63328257135
coc_rusherr,70217152978
coco_08.03,69380618060
coco_coquette,69406133834
coco_nailz12,68060534663
cocoa__shanelle,67026900369
cocoleadee,63428428244
cocomarie9,63501673802
cocomommaaa,63378983678
cocowebro,63444363589
codadelcigno,72000686419
code.withmayur,71422901119
code_hamzaa,71574917229
code_wizard101,64218412557
codeeattravelrepeat,68030268675
codepixls,63051252533
coder_life98,64573633531
codercruising,65662363547
codewithgandhi,63106819698
codewithgeeks.io,63246235916
codewithnoobie,63404326273
codieleeando,65411226874
coding.con.louie,70815987207
codingmermaid.ai,63458931542
codum.cc,63854055533
codyisacloud,65199483315
codywy1983,63516245034
coffeebeansdev,65344865749
coffeecraftcode,63483344043
coffeeroxy48,70439081595
cohenesque,63945703424
cokey_gram,63309817072
colasnaudi,63907253425
colazzoa,67531631960
colbert_strong_mom,68486652020
cold.swim,63279406361
cold_case_kansas,62858295368
coldworldnaayy_,71197337215
coleen22132,66674859322
colibri_lights,69734362713
colinmrsingles,66292958691
collab365,63163742155
colleenscreativesew,70440315382
collegehill77,63148973596
collins.g.m,63076444532
collsiobhan,65741979398
color_foolness,64214911836
coloradolo,63056588859
colorofpixels,66311701851
colorsforhealing,63958374304
colour_baked,63271344690
colour_mebeautiful,65472527260
comeaux.kimber,68333899164
comedyhaplus1,71211926661
comfortsquish,63201519826
commonbase.jp,72024550657
competitiveedgeeq,67471551711
completemonsterbob,63091627413
composerjefft,63278954812
conan.y.fugit,63419031591
concillas,63401804492
confusedmummy,69738739472
confusionmatrixvisuals,63093654718
confuzed303,63279549297
congregationdept,63292987799
connectcreatorsco,68186882712
connellymason,63667396508
connib63,63044116588
connie.carroll,63384070916
conniedelfinpascual,63622176187
connier1936,63077229619
conradng87,63268009669
constancephillipsauthor,65076317312
constancers,63496984565
construct_austin,68854656943
contentnausea.x,63656520416
contentwithella,63556688046
controversegirl,71347344260
conversational_lush_,63248122688
cooke6038,63086445468
coolblaze445,63873273395
coolche10,64024833727
cooljsas,64083297479
cooperlewis.3,63407869650
cooperryan26,68743931361
cooprosanna,63242677679
copiespasties,63052607227
copper_boom2,64157080825
copperlock,68762655763
coquettenatalie,63253236014
coralathena,63106012867
coralllosa,63429638151
coreen_quiz,72041938571
coreycottrell,63240114268
corinnespartana,63227719713
corinrez,63071773900
corkybear_09,67310703747
cornerofficestationery,63392579120
corpselain,63506264040
corpuspoena,63374534782
cortezerick,68765874734
corychristner,65439569395
coryinthebusch,68497314340
corynyasmine,63419071011
cosmicd56,63307569360
cosmikjoker,63050731879
cosmocoocoo,63384631779
cotiecreations,68270341411
cotnerjoe,63581948607
cottoncandyygirll,64199209199
cotyrosenblath,63097745808
couchmeka,63258369335
coughlanmp,63855703932
country_gurl_27,64744867914
courtcremm,66579609746
courtney.d_14,66986260149
courtney_beaumont,63301316035
courtneycolletta,67131338718
courtneyeubanks,63243022527
courtneykoon,65958786250
courtneymania,63669560720
courtneyraymusic,64697441992
courtneyt323,63978140733
cousincornbread,68280142331
cousinsfromkansas,66177807908
coveloper,63402311975
covs1441,68900488774
cowboy_42069,65703939259
cowboy_like_jo,63448195460
coyotecolorco,68333352112
cpde.lgado963,65834080038
cpeterson15,69223384898
cquagraine,68283690119
cr252517,70023006183
crabbyaunt,63105029704
craftlajoie,64330492391
craig_lindeman,63040942165
craigcasselberry,63477858965
cranberrydelight1982,63960811804
crawlspace_playlists,70613325260
crazyjt90,63505832678
createinict,65091553286
createwealthwithkevelynjenea,63090472327
createyourownreality,63289708118
creationsbyjaila3,70475900873
creativelylisamarie,63645408032
creativityisspirituality,64091700024
creatorsam.io,64593294109
credentialsmedia,68338921560
creepycrawlyplague,63271521784
creolepeach_,69385306812
crestinnovation,71318341725
cretia_monet,63300026554
crexinmsn,63450739131
crhottov,63159806102
crimson_eyes4,64761380223
cris_collectors,64618340333
crismejia1275,63243283617
crispin.p.martinez,63443520116
cristian.maximilia,67296471593
cristiancuda,63867492409
cristianjimenz,63032413135
cristiano_web.dev,63124923288
cristianohanselmo,63092679080
cristina_sannelli,69375612350
cristinadeagazio,63890430535
cristinaferrer77,69487917413
cristinamachado9917,65927918865
cristinmccusker,70050880531
cristirobnett,66851901146
cristolxpistol,63288725757
crocmonk,63429854429
croitorgheorghita,63876269851
croshtakabane,62980381466
crossingsgirl,63479842051
crotonmark,63044191571
crowder.aims,69503466116
crowder_donna,63450386045
crucialj,63063093280
crueltyfree96,70758646414
crunchygoodness,70257240661
cruzy_storch,63053468010
crypt8eight,63602488980
cryptocurrenshe,63452464731
cryptowiick13,66737058987
crystal.b.h_stylist,63131437173
crystygal,63268979969
crzyvanni,63086042814
csala.zar,63276700082
cschulin1,63260195568
csjoly,63076170681
cspence478,63304216979
cspenn,63639904428
ct._.805,68140326461
cthorrez,63635416282
ctiey_06,71809275898
cto_junior,63433500113
ctyancy,69504030783
cubafornian,71937388961
cubs673,63433273209
cuidando_mi_espacio,63295268300
culbertson1353,64086425744
culebracolada,66210942880
culstrup,63281717908
culverturner,67301511076
cupakovqq,62975951198
curious_daydreams,70121678004
curious_lit_corner,63763248422
curleyjai,63402167826
curls_coco,63406803730
curlyheadfitchic_,64120413664
curtisdorn,65300019296
curvypreneurthefirst,68114510775
cuteboy_______rajaraj,71655022429
cutecreepycrochet,69580959394
cutepetcraze,71406399194
cutesonamwestlake,63396198129
cutieannielee,70623542438
cutlerweber,69407947444
cvannover,65940908051
cvndelvrio,63302665923
cvolney,63467072637
cvsketgirl,63432945671
cwardj,63286376263
cxll.me.rosie,71046482113
cyberfreak_1408,64087676556
cybergoosey,65818124479
cyberjednorog,63805776733
cyieda_,70858244971
cymbalyne,63241222853
cyndi.plymesser,65414714289
cyndi_moon_13,64920957539
cyndksmith,65233468826
cynrancour,63453005228
cynthiarich,63378792461
cyrilville,67401654429
d._a_v._e,63442283145
d.cnya,63055237182
d.e.l.l.___,70255760771
d.herard,63278139199
d.j._unsubscribed_,63276982828
d.khet,63240630885
d.m.weiss,70049682705
d.nash_dslr,65766627696
d.oluwajoju,63069974069
d.renaae,66412718682
d13gof,63422286230
d3menta,63682310462
d__nana_love,63892995060
d__street_,63476713780
d_designchef,63129604669
d_low_8,63508296543
d_mcintire,63403716906
d_mn.gina,66740166549
d_r_acosta,63090360983
d_rapetswa,63416394438
da.b.e.r.i,66747099535
da.sh9686,67509324850
da__kid__dolo,68293254739
da_divah,63461643712
da_ghost512,68344251541
da_josheezy,67534514228
da_rated_r_r,63804109190
da_realist43,63494304369
dacialewis9,71878814713
dad.canadian,63442587083
dad.of.dragons,63474762143
dadboddandtheeveryman,66308281490
daddydelmar,63133707972
daddykaekz,65799909340
dading._,63052095594
dadp007,63447775058
dadzilla_father_of_monsters,70618342715
daersay,63276333832
daeviido,63365207853
dahcodey,65951000685
dahenidexplorer_,63452266898
daianeschroeder1,65849661308
daily_happeningz,63463257987
dailyboberrr,63471625602
dailydenz,63139206277
dailydoseoffuture,63076283417
dailyrevelation2024,63979228278
dailysh1tpost,70872730074
daishobu_,70249563987
daisie.creates,63097787676
daisy_cohen,63459705588
daisyayana,63460476596
daisylibby03,69410068130
daisyslittlemeadow,64608644575
daisysworld87,63997174243
dakshisdaksh,63427927848
daktarimcoginga,67484726933
dale_anne_rexford_art,63249040781
daleyjaz,63177995858
dalficial,70411697894
dalle_3__the_artist,67049182087
daltonrerypot,67011335669
dama_rie,63451370043
damajor90,65594620540
damaraprian,64503820848
damaris_femi,63035167229
damegraygirl,63410755783
damiangallardo79,63056071831
damiendannock,62938573934
damienomond,64202017318
damijenfa,63426670937
damilolaajibola,67140292897
damishahazelton,65777674824
damn.dietdoctor,69844521970
damnedanddelusional,63376935585
damzyphotography_,63393806184
dan.hain,63213022562
dan189513,67469780439
dan_corzo,64207131518
dan_dickgrafe,66362805056
dan_hege99,63243915224
dan_j_conn,63416970904
dana.carron,70171130611
danaeee.k,63225637745
danaethelovergirl_,71850697911
danafraedrich,63308616858
danalaruepark,63390629227
danayounger_sculptor,63247924410
dancing__treee,67119762018
dancingkat8,63403078445
dane__m,63435021839
danegaconsult_official,63469603418
danfromdelaware,70321629546
dangonzalez99,68678595899
dani.brcr,63582674609
dani_danger420,67710532468
dani_darmabrata,64834376526
dani_el.frn,65023608699
dani_renee_92,65677246789
danialzinn__,63375787155
danica.ns,63445287198
danie.aisolutions,70293035407
danie.kaye,63296405785
danie_doer,66724763152
daniel.22.23,63324500655
daniel.blueice,64625710022
daniel.cranney,63162439329
daniel.luke.cox,63259620060
daniel.wengelin,64214229689
daniel.zaldana,63437487306
daniel__ka,68566873102
daniel_handarbeittattoo,63842726981
daniel_noordegraaf,63393805972
danielbmckee,63425643959
danielbutterjelly,63422909179
danielceballosmartinez,70984671878
danieldahlman,63403218357
daniele_pannacci,64538845534
danieleubankk,63441298201
danielhaeuszer,66992505613
danielhaha0626,65960013753
danieljamesdrake,63264105004
danielle.s.sweet,63266782312
danielle_199403,65717938760
danielmora.rosas,70062463260
danielogbeni89,63090478137
danielpunkass,63084402941
danielrojas1983,63260385559
danielskinner,63479704430
danielstanica10,63384512222
danihypesdani,65361592519
danilotardanico24,63425577707
danimfela,63031966678
danimstone,63107004298
danimurph22,65374089751
daniquewebdesigner,63421178252
danitingz.22,63243386547
danixgxd,63095904989
danja.dane,63077593381
danjones_t4e,63396588819
danmarkpeterson,68066827281
dann3thestreet,65852893873
dann_iielll_,63846663696
danny2t,63262553759
danny86r_,63088480614
danny_nj1,63470066911
danny_riches2,63450133386
danny_yeb,62973958142
dannyboy29086,66119976096
dannycampbellphotography,63629336439
dannydev.jpg,63446603775
danoehm,63079175431
dansteveade,63248745746
dantayjah,63098070562
danugurusinghe,64340312030
danversflett,63093843599
danviiieee,71405031583
danyal_malik,63055015913
danyeee_z,65856538862
danyhutter2020,63467064752
danyiamarie,63459641423
danzelmb,63232427322
dapcaso,64595397654
daphnebahos,66692167607
dapidos,63130535515
dar3_tw0_dr3am,63407477263
darasimii._,63385383207
darbenstine,65619394124
darcyjamesargue,63082012439
darcytomeetyou,63230222944
darealmonz26,63490441744
dargo84,63418133208
daria.aeonia,63691075616
dariaamoo,63430107439
darian.a.d,63063062726
darindarsterd,63070654603
dario_socci,64766159701
darius.__jay,63084785707
dariusteow,63267374529
dark.gold_,63417935772
darkarewa_,63222469002
darkeyesandstormclouds,63151918129
darkhorse_west,63226915613
darkkoolkays,63652904036
darkmistresskush,69893800022
darkruni,63612160116
darksideofthemat,63056935247
darkskintrin,66770670905
darkstar1348,63434496333
darleenkinsey,70808964395
darrendtc,64041271269
darrinhackney,63466661715
darrylstrachan,64156056265
darth_cc,63316920672
darthfalka,63137446024
darthtonka1979,63138109534
darthvela69,65324282679
dartirasela,69677355865
darvellowens,67018828438
daryl.nick,68125900610
daryl_muromoto,63168894991
das.avi,63222375129
das_woodturning,64384512911
dashboss,65114634967
dason.hamzah,67630039989
data.story.teller,63418268497
data_barbs,63469092535
data_science_alliance,63280218627
databricksinc,63307032411
databyjosh,66357525001
datacareerjumpstart,63429707435
datacated,63417884821
datafrenchy,63428313274
datainger_,63267443069
datasci.sarah,63276210323
datasciencewallah,64342382308
datasimplifier,63388780246
datawithshash,70249299431
datdesignerdaesha,63287514292
datifatimah,65911733501
datopidi,63491796889
datrottiegrl,68183711568
dauersaufensara,65198847454
daulthejazzdestroyer,68233984911
davdkuko,68226291371
dave1cruse,63458259179
dave9k,63889121396
dave_thedon,70778350492
daveadedayo,71563861872
daveemmanuel,63297505426
davefud,63284582582
davegoldblatt,63278948124
davelyon316,63283458354
daveondata,69661710448
davep010,64579361731
davewinn333,69482991333
david._.wilkie,63240780230
david.bardsley.18,70136224040
david.oladipupo_,63659032358
david.weiser,63167518965
david_knowles,63246620234
david_thoney,63429932187
david_w_peters,63277632284
davidacannan,70453990032
davidbaggett,63326944394
davidburm,68917487799
davidcanyounot,63411028984
daviddale2514,64224368829
daviddevillegas,65485144165
davide_in_naples,63518035501
davide_westside,63704750095
davideastolfigreen,63218264497
davidekoja1,63256616702
davidgibsonwriting,63262877544
davidhaigfurniture,67153710648
davidkeenan45,65087628579
davidleavitt,63309241114
davidmasdon,63367645238
davidoladoyinjnr,63468129316
davidpratherphotography_music,67146757761
davidraether,63227159149
davidroseberry75,67696857702
davidsdivinedreams,63395144759
davidspade4,63030751386
davidta.quinn,64146528536
davidwaynereed,63508544230
davidwdavid,63410613443
davinchi876,63660376425
davisvincentsan,65179633358
davluna_,63085532463
davomistae,63166726219
davonne316,63240626228
daw2222hotmailcom,67161658568
dawgyjotti,63645688035
dawn8957,63402886359
dawn_thatsme,65219958169
dawnekurtzmcn,63313505619
dawnmartinbrown,68828324819
daxtmatlock,63502361210
day_luster,63420909090
daya.mitzi,63225317888
dayahlii,63261363685
dayanand__raj_1831,71096699581
dayanruben,63405103842
dayemocracy,63372183725
daymixedit,67009717130
daytwondames,63069380025
dazzyp21,63059428363
db.x_x,71697358082
dberkowitz,63075945956
dby.official,63468472558
ddkwhite,63132094793
ddorrrissss,63100210630
ddpacino,63078146618
de.bra363,66263458493
de__santox,67616213505
de_la_wayn3,63090685898
de_ralph_kvng1,63417226021
deadbeatseconds,63446894998
deadcenterstudio,63435470895
deadeye181,65890249344
deadgreedy,63325816528
deaf_team_baguio_chalk_arts,66766805871
deafdogsandbenevolentgnomes,63336582131
dealmeidach_,63902665979
deanadamswrites,63018351829
dear_prec,63860072088
dearai_official,63397061776
deartofunmi,63054198945
deathbykimchi,68278739690
deb13b,63429157167
debannlarsen,66844103220
debbbbonair,64700477067
debbie_salazar_stuart,70136446190
debbiekjohnston,65896234755
debboutwell,63665939006
debby.adetipe,63135626611
debbytee_m,67755676530
debgal6955,63482594823
debi_rivier_h,70296973934
debiestevenson,70080552259
debikillian,68888471404
debimcconnell,63312977762
debkav61,63427331439
debmeister221,63143238313
debon_iclori8,67543119288
deboradile,63848407094
deborah6096young,64589154073
deborah_tatama,63412255999
deborahkrajkowski,64121210169
debra_fredrick,69367688871
debra_oye,63231966308
debragarvey,63424795062
debrianruhut,63370062840
debrightoppong26,63370088283
debrinak,69484926672
debs.neck.of.the.woods,70571009395
debsbitspieces,63120605667
debscholtes,63979302651
debstract,63235167672
debybellz,64086466353
dec.connolly,69565476513
dedayorrr,63206039149
dee.p.m,69168778100
dee3nice,66995838487
dee__rays26,63446662799
dee_fola,68757260432
dee_lynn_rivera,63183905015
deedeekehoe,65226424220
deejoft_technologies,63449193394
deelitekrause,67299476824
deeother,64767827056
deepak_sharma_z,63445570492
deeper_than_the_see,68238913014
deerinasuitinc,65464976011
deesofocused83,68854109643
definitelyjonjon,63497521337
defritobandito,63438329364
deh_bisi_,63430746772
deiconjoey,63431142059
deivisonpereirados,63255181872
dejlacole,63058591016
dekaylashay,63443045305
delaedwin_,63369684521
delaira_gomez_76,65801274951
delajour,63227550823
delandrade001,66276612872
deleted_c2025,63603161418
deliabishop214,63422849561
delicate_f.ing_flower,63023996464
delillovincenzo,63686006607
delirium.tremens,63523590248
delisadesigns,63099606769
delmonacoishere,63321536882
delores.dumphey,69374749846
delta231993,64858480875
delynnmitchell,63461953227
dem0n.dad,63124507922
demanda_rose,65606934313
demarkuss_day,63410218708
demianbangs24,63100979037
demoaccount12_6_6,63076406835
denaesartisanjewelry,63516281951
denideniyogaswara,63287235669
denise.chicca,63705321140
denise.duran.01,64625067875
denisebest,63445916264
denisejoyhart,63263291679
denitabenyshek,63096306219
denken.i,63365823427
denn06.exe,63883276578
dentedprinter,63427602142
deola.williams,63850395999
deola911,63029727574
depanamearome,65179808360
derekcb004,63084597204
deric_263,65641146763
derinsconcept_,63446692832
derrick_chirchir,63294128955
derrickampy,63092501609
des.ireeperez714,67597186795
deseraicrow,63630752499
desert29girl,68300887628
designerbreekels,63405959059
designervoid,63337604665
designfamily,68274739777
desipunkart,70284545086
desiree_shianne,63434843790
desolobeth_travels,63042447008
desotopower,63295194677
desouzabenp,69679752901
despeluquiadodespampanante,67542667765
dessert_cuizines,63124187238
destination_swiftie,63281400865
destinee.mccullum,63087220100
destinimariefike333,65929474498
destinynicole801,65156161271
desvashawn,63087429385
desy_rene,63251547002
deurom,65813971966
dev.neila,65255424405
dev_art6403,63075131426
devadvmike,63055403783
devan_mcclelland,64770601383
devben.tech,63459538027
devhashir,63155206465
devin.s.sikes,64165301521
devindford,63459355676
devpathjournal,71005777385
devsadeeq,67012416367
devtools.fm,63288577973
devvv.naairrr,63045781571
dexalted_,69092740724
dexiagunnr,63287882742
dexliao_ig,63104698115
dextersjab,63443664386
deytonleigh,63676443713
dezamitsvivi,64219068357
dezintegro,63128605665
dezz_known,63410115617
dfrankle2,63040070327
dgetreuer,63221444454
dgiftedk,63612785083
dhansen1020,63233403821
dhanush_nehru,63262079706
dharma569,63138588900
dheerajkr.777,63383158547
dhehola,63392828699
dhenny_stp,63392564907
dheren_s,63162662392
dhinaustin,63287489021
dhindsa5076,65600755236
dhita_sastrawiria,63497801747
dhkan_zam,63298555100
dhound94,64623755621
dhrumil_2408,63317177970
dhrxvsaini,63487625963
di.one1269,63159974415
di_ego_cr,63449267032
dialdivine,63303562024
diamond_dime01,64661062096
dianaauburn1,63127117432
dianacastagna,66417225121
dianajying,68166588807
dianakarina01,67406759643
dianalee_ai,65809957944
dianamp1566,63411083286
dianapatriciacortesgarcia,69761072734
dianerodriguez5764c2,63100700830
diarahmaulia,63396719207
dib0nes,66244152503
diblacksmith,63374148770
dicksetc,64150738555
dicksonpau,63063523220
didier.digital,64430172408
diego.farias_7,63388556190
diego.sk07,63245842279
diegosurf3,65542806614
dieinyoursleep_,63292115632
diejariffin,63144860638
diekoor,69418719493
diethercalica,63473683043
dietitian_rushie,63483352444
dietrickk_c,63084509635
dieudokennedy,66341413101
dievecii,63862165502
differentbreed_22,63079135970
digamber.singh.14224,65614274728
digbeebee,63404404106
digital.icarus,63395645265
digital_caris_jw,72291738368
digitaldadchris,66401903369
digitalfalconz,68113140294
digitallymadeboss,70535921807
digitalmamachris,71558571019
digitalman2112,63253535794
digitalwichita,63406812108
dikshabathulaa,63467803088
dila.sole,67164781836
dilema.9,63272567262
dilipbhatt.ai,63422883635
dilloffandaround,63439396401
dimatx,63303339099
dimitarmileski,63253242657
dimitarslezenkovski,63099129614
dimondp04,64098090526
dinachka1982,63292152711
dinag0224,63464635740
dinara_kz10,63306056276
dine_sh4007,64850704012
dinesh_devmurari8484,63077725458
dinesh_kalyan,65980376531
dinesh_official76,64419519928
ding_gorgeous,63444576252
dinhcuongpt,64195107274
diniemhdslm,70122808382
dino_mama151724,70824891295
dinomitevintage,63431514556
diogo.brasil218,64216609506
diogo.olle.galvao,63443072399
diogosousavc,66353662840
dion_portraits,63257394354
diondrakemp,66050495978
dioneew._,65145447281
dionisio_bumba_da_costa,66992182688
dionisioloiacono,63695407299
dipankartnt,63173583965
dippa_20,63420847221
dirt_floor_record_production,63265641554
dirty.is.dead,67138257125
dirty_jerz2,63029175447
discordillusions,63367486892
discoveringveneto,63722560729
discus_peterson,70807745056
disdain_in_the_membrane,63078641584
disenchanted.plant,69496761031
disposablefoodpackstores,63142196783
distantshadows,63145982719
distinction_design_decor,67786874033
divabeck,70112047656
divash_tuladhar,63256450297
diverpam,63127625997
divina_bm,63462513915
divine_emergence,63512905956
divinemanifest1111,66252042594
divinidad78,64923141077
divyanshupriydrashi,66354331769
diworld88,63448317290
diwyman,63388111085
diylegalpro,71606805595
dizzydid.sh,63409878410
dj_jonjeezy,64387932425
dj_tempox,64099276673
djandrewparsons,63090821714
djanoidgfx,63421564634
djatipras,70194953798
djay_dc,65466273089
djbabbit,63125512443
djcissystrut,63413107798
djconejoblas,70113547412
djdmngz,63283141937
djippypromo509,63079932682
djldapoet,63364644289
djlunatic,63367351410
djmac93ict,63059060123
djmilaehsanayesh,63237657332
djms.45_vontrapp,64484101285
djodette,63410213170
djyounglegend215,63398015021
dkalbino,63288254462
dkeimpe,65575359876
dkgannaway52,63244251503
dkhundley,63419611730
dkjackson271,63268674351
dlabrahantes,63430452054
dlgillis20,63104253787
dloving1,63616560044
dlwlgh96,63445327050
dm_creativelabpro,71049874254
dmesh08,66463881526
dmontiel_1,63242458724
dmorrell40,62864903521
dmsilvis07,63399205020
dmunnyjuan,69306279709
dmv_p,63290721975
dn.ape,63530817268
dndrakestraw,63067157427
dneylleah,71222960344
dnn_one,63451645898
doac.04,63846531969
dochale1012,66899445854
docloizocospo,69992291394
docmarkand,67440166556
doctor_fosser,68182012981
doctordilanka,63048356435
doctorjayhawk,63453936967
dodo_aszx,63438285112
dogloverchris1335,70207878140
dogs.and.peonies,62848732091
doh.mesticated,67339395751
dok_noe,63413677266
dolfolife,63145813395
dollaa123_,64266017891
dollar_boy_0008,65497513980
dollfaceche,68161164165
dolls_in_love,63442133369
dollyjapan,70131221784
dom_tartollo,63975566320
domiijo,63482201244
dominguezluisenriquemejia,65166535289
dominicacreates,63242599253
dominicjoseph2026,70256607891
dominik.sumer,63896042042
dominique.jauzenque,67614158661
dominique_mont,67028082482
don_friday_,63266379563
donayej,68102175955
donelian,63410047761
donfrancod,63094706363
dongdong.lim_,66458925162
dongius_,63870638927
donmak,63121109389
donna.h.saye,66288293695
donna_bone,70008295460
donnabrittingham,63309027652
donnarhindress,63293996859
donnasellsga,63040222632
donnatracywriter,63450476734
dontfretcelest,63182577124
donttouchthediscoball,63367070002
donurry,67764504580
doodahdiner,68604220531
doodlebob644,63044757304
dooley_wood_studios,65203387784
doom_gabe04,63671543203
doomie,63256601980
doomschuck,63418514877
doorthaique,66298939803
dopeschool,63251962050
doralopes80,68817895538
dorame_ritika,69536026319
dorcasaffotoffey,63098884100
doritycreekgirl,63296921181
dorotheavancamp,64436784906
dorothypetrie,63069191765
dosan07,65239765618
doseofted,63062877729
dott.stefanopisu,63226712992
dotun__s,63414043394
doty.ai,63265875058
douceline_laglorieuse,71699191009
doug.fore,67934380101
douglas_s_eck,63381689878
douglasdrumond.tech,63050094417
douglasparrado,63513671240
douglasricketson,63414788052
dougtru6,63086119910
dova22,63141197599
dovigoelisabetta,66282406526
doyen,63451786433
dqbott,68893196690
dr.advaith,63481560271
dr.billzzz,63405820945
dr.emmasnewberg_phd,63260300070
dr.kimformatics,67541613614
dr.leandro_,63281125211
dr.mauricioescobar,71719874133
dr.pepper_gal,62614655593
dr.rowboatapocalypse,63068214423
dr.wherewolf,65399114468
dr_dhirawit,70612408879
dr_forchuhn,66928669226
dr_icu2,63434199433
dr_jonathan_stea,63469689151
dr_jrmarable78,69075539410
dr_lynhams,63368329867
dr_slump,66897966938
dr_timilehin,63429185207
draco.jadee_,63088072811
draconicwares,63485944776
dradelmaramos,63049485916
dragolyn,63456120594
dragonlord1998,67115056361
dragonqueenrva,63797497069
draingangce0,68114534312
drama_bomb81,69407964142
drawby.doll,64591408232
drawnintime86,70033865470
draya.nique,63456236180
drazzook,63297411763
drbablo637,67032427344
dreaded_juan,63268764851
drealfato,63096456434
drealuvsya,63040827134
dream_pattern_images,63226879685
dreamaway.psd,63607800817
dreamer97141,69724637589
dreamlifedailies,71939919987
dreamtree_eco,64035645545
dreelegend,63256503782
drerinhassler,63429281432
dresdengreene,71457788782
dreslaterofficial,63076886122
dressmeupcutey,63248432692
drew._.haus,63393879271
drewknightwv,63091952884
drewpickles,64661152336
dreylasoul,63417295960
drg032662,65854535634
driaaathedon,65806666017
drnchh,63242137767
drrobynkelso,64124192132
drsmartofficial,63291049908
drstaciemorris,67604965565
drstephenbenson,63314464404
drumdog13,63132390069
drush2020,63416428003
dsanchezarc,63277442557
dshaw1984,66298937808
dsmcath,63302104949
dsylln,63448313103
dtant1,63262261256
dthompsondev,63234802727
dtone_music,67105600637
dtrujillo_619,65561390663
duartrx,63101374652
dubaicontent.pro,63121564597
dubidubidabadabam,65502473627
duck.73730,67571871534
duckbumbum,63153161383
dudenamekb,63566376040
duewape,63907595858
dugettiwestern,63445686661
dukiebabyy,63266527715
dumeje_francis,63413590372
duncaholic,63276922762
dunne_cz,67519035175
dunsinjoel,63370287813
durtehaz,63134347882
dustin_youngman,63543977586
dustinvallejocom,63248168853
duvan_bedoya8888,63963890038
duwyna_therealtor,63421762536
dv___boss__elfreshco__justmine,63408468422
dvalenciab,63239237805
dviedma,63402238264
dvs27001,67046112829
dwalzdidonato,65617815435
dwan_millerphotography,63266395147
dwell_studios,63274072078
dwhitena,63474290066
dy.min2024,65840328137
dyanvictoria,63096156330
dylantneal,63097100639
dynes.ea,63220583902
dyneshab.vybranttvybes,70888796564
dyzeinyourhouse,63424427985
dzevianti.my,63851486544
e.n.i.b.e.r.r.y,63468388951
e.tcg,63062339167
e.u.n.i.c.e.e_,69582160372
e6cdda4ac9,68089187050
e8.hv,65111508547
eaalic_matthias,63065742278
each.charterd.street,63081777716
eadeli,63161477780
eajackel,63285017861
eakorita,63133636340
eamonlife,64094467118
earn_kerdsuriwong,64250892263
earnandsave,63144812925
earningonlinehq,70524798506
earthmama_06,63258237559
earthtojewel,68169838211
earthwarrior_lifestyle,63148581036
earvy_,63724041046
eastar_dong_q,68731622574
eastwoodann74,67144747203
eb__johnston,63442030669
ebasford,63104067428
ebbygetshealthy,63294248171
ebhomenmark36,63289263289
ebonisboutique,65197207502
ebonygoddes_fashion_brand,66978864559
ebrahimkhandakersohel,65798438082
ebukslala,66902789651
ecbertoldi,63784997178
eclemon,63485367999
eclipticstrays,63423267322
eczachly,63495041471
ed_tillett,63364733045
edagar.arce,66617304088
edaizat,63422587516
edandchrisofbdsw,65529406679
edcam12,63126918077
eddaicsa,69550389711
eddiealdrete,63456705737
eddyakinrinde,63444971795
eddyj82,63760768542
eddyvinck,63216317302
ederlucircagliari,68826530514
edge.brian10,63635119507
edgeriffs,63231647124
edhagopian,63228101940
ediith__mtz,63398692505
edilene25ferreira,63141212266
edirinedewor,63436114833
edis.kunc,65225068942
edithmagds,70298212733
edlinkiii,63472913286
edlyn.rahim,70887688419
edmonds6099,67165696383
edna.vllrx,63282300445
ednahanso,69187156673
edodichiara,63578979418
edpetersonatlanta,63366240010
edrodriguezr,63421612103
edualonarr,68338786670
eduardo_trumpet,63413188897
eduardoygarciag,71465766777
edubdeuce22,63442903215
edwa.rd7662,69404385119
edward.is.writing,63414758350
edwinjeru,63106005856
eee.etsu.e,63194636356
eeeva.marie,63771334760
eekazab,63040333620
eekcarlos,63268986575
eemanueleromanoo,63542638473
eenhoorn.woodturning,68613176153
eezeeee__,67176808783
efenimore19582019,70601254025
effemall_s,70862329417
effiemcb,65866609053
efia_obeng,63316018582
efisiomarcia,69618573232
efosajustice,66665247652
eg_sells_homes,63418839472
egbos_motipo,63131957119
egierbolini,63264316450
egnimaticmedia,67480944675
egorfine,63049756826
egyptismyrealtor,63103827438
ehcarrell,70214213251
ehicris,63878477940
ehil4988,70822856088
ehkoskela,63070702150
ehohise_,63454270805
ei_ikraam,63244023743
eichjeii,63497458079
eileen.keller.581,68789538733
eileen.mcneill.art,63297235792
eilisangeldew,63509970805
einatsapegin,63087237728
ej_parker.starfleet.intel,63439431067
ejbojo0891,68787223876
ejd409,65929556591
ejieji_eji,63456362193
ejizy.nwa,70985883718
ejuareze07,65158433571
ekdr0,63256774488
ekeefer24,65488594060
ekekafan,66321605397
ekksjei,63041111074
ekmmusic316,63492433712
ekow_hudson,63071486287
el24demayo,69404936664
el___wins,63378342939
el_amigo_monti,63478929220
el_capetone_,63094203401
el_checco10,63910995092
el_edu_brav,69873423272
el_erik_miquiztli,63369439816
el_goold,63142692881
el_l_smooth_jay,68669039857
el_patron_thrift,63225317111
el_rasta_marley,64012165223
el_reclusa,65215410579
el_vis.75,65190830827
elainarae2k,63098596474
elainecchao,63168422748
elainewithredhair,63085557365
elana_mcdougall_author,63481825052
elavence,69257779706
elburnso,68094663471
elcidmx,63291330946
elcrxcrx,63453692973
electric_kiwi86,64302987306
elegant.eevee,63214979195
elegantquirk,63403869591
eleirepalumbo,69516024006
elek_natures_world,64605495809
elena_egarmina_artfashion,65589237863
elena_testi007,64188683061
elena_tyurina95,65542045126
elenaflos,68923534905
elenassstar,70749911838
elenii.harris,63258975352
eleonora.grando,63873917138
eleonora_conti83,63902604347
eleonoraa.castello,63778936027
elephantum,63229700060
eleven.johnston.designs,67605949350
eleventeen_and_one,71865253096
elfudge42,63078238210
eli.r4l,66162606257
eliassilva5468,68286622916
elinamukonde,63052878070
elio.d_prvtssm,63868622733
eliorsterling,63444977029
elisa.callonii,63877901292
elisaascioti,63246889845
elisabethyasharahla,63308497363
elisaisayarnaddict,63429705558
elisak_7,63903673870
elisechristine_art,66645548840
eliseo.artist,63293550884
elisssj,64387128040
elisvathi,63253038575
elitasat,68031590337
elitsa_krumova,62972494842
elizabeth.roush.50,63632752713
elizabeth_81521,63236594751
elizabethwells5390,64190370899
elkhayati1948,68981322036
elkhunt3r71,69492592180
elkmontcoinguy,64477639580
ell.on.earth,63428462319
ella._.media,63207639266
ella_posh04,62623519876
ellenastefanescu,63382487115
ellenleclaire,63472682464
ellenreadauthor,65961806408
ellensweets6,65821124195
ellieinstem,63088982085
elliot_m_rubin,63145725332
elliotanker,63403341925
ellylove13,68276316049
elmagodeljudo,65260417361
elmiloudi.hassan,63840009573
elmira.alvarado.5,68836171404
elodieweberconsulting,63515315605
elogeeloscott,63505525112
elon_musk_tesla_1078,71129915488
eloquentinkblot,63419279220
elsahairs,71967720718
elsascabrera,63428902692
elsie_jacquey_,63325152694
eltercerocharles,69616824778
eltoropromotions,63179351203
elubo_empire_n_more,63266000715
eluminora,65172073819
elvisniev,63051644111
elwoodpdowd2,63018679930
elxargus_xyz,66823423030
elysavmusic,63265359161
em_belt,69480062390
em_gerri,63438954943
em_nicole_xox,63425209537
emac8925,68455512736
emacapitanescu,63243960946
emad_ra_hem,65576531146
emaxlord_,63483136591
emberlynletsgo,63125552745
embryologist_anuradha,63180787175
emchristine18,63470034538
emdeedee1,63439449533
emekaasadu,63261589931
emie_emery15,70463907766
emilhvitfeldt,63387989698
emilia_paranoika,63848774734
emilianovincenzotoppi,64596799689
emiliotorresh_,63654216441
emilshafik,66722588161
emily.haefele,63495777886
emily.the.story.seeker,66629442689
emily_funke,62969883657
emily_smith182023,67002934354
emily_yamashita,63439958450
emilyapparates,63409485596
emilyar06,68335545845
emilybutler1978,65298682849
emilyhallstrutt,63148277143
emilyhigginsauthor,71734281145
emilyhmoorephoto,63053607503
emilylugo37,67070040815
emilyngoff,63508672522
emilyrcass,64882520376
emilytaradashcoaching,63636064326
emirssira,63441452026
emisanti39,67645078653
emjay_designs_,63066349078
emlolevy,63281872605
emma.nuella6070,63157518716
emma.osborne.29,63462049053
emma_mjkim389,70874304766
emma_woodhouse_books,71905872492
emmaandjacksmom,63247619760
emmacurrie,63278998493
emmafidonsarah,68861658503
emmahcool,63406182396
emmajayne5678,67543582373
emmanuelbertrand,65180363500
emmaraeeee_,67634922319
emmartinez90,66550937961
emmpaul28,63421036347
emmy.steele,63446998102
emmy_banqs,63502241790
emmyblu13,63105856235
emmygael_,63079083555
emmynew615,65154465836
emotion23machine,63126890385
empereursdd,63575323173
emperor_scooby,71303353353
emperormarvis702021,63613968411
empire1expressllc,71338451224
emprz.arts,66752427310
emrankhan1359,65947147967
emrickdonadei,63322552287
emz_makeup_artist,63450030009
emzy.t,67014369764
enchanted.tm,63054452647
endersoncollado,67148894187
endyviper,63387366435
enedyngigi,69423716102
engbelievable,68777357070
englefamilycircus,67989282361
englishandtech,67569682297
engr.drln,64038654042
enguerranmeens,63257956522
engyaitch,63079503735
eniaral,63387788752
enichelli,63913817603
enigma956,63088302232
eniola_christianah,63127427191
eniolorunfe_gangan,65451217755
enn49701,67200254578
enochemaikwuoche,65703574024
enodiana_osas,63037230065
enrico.onnis,63890828640
ensuing_tech,63219164007
entrpswn,63391178703
enugala,63479538931
envelopesrule,63265938896
envy_candii,63453571360
enzi_halisi_bahari,63138636789
enzospezia,71570665037
eoluwaseun39,68336528320
epettypuckett,68004813724
ephemeralnightmarez,68644073198
ephraimrathinaraj,63454974032
ephrymjaye,67510079552
epiclyse,70869492897
epicvrstudio,63079302041
eptxx.frann,66942608255
equilt122,70198597261
erasofliving,63376854759
ergestx,63145670993
eric910626,63428790533
eric_chang_tw,63409269656
erica.dbs,63261917993
ericabalbay,63423652453
ericagentilezza,63552391925
ericaj.white,65328968095
ericalynn0910,63448306001
ericamurphytv,63057229401
ericathemom,63060102283
ericbelltherealtor,64704662081
ericcoleta,63432198398
ericedgejr,63379519505
ericfpeterson,63381262477
ericgaullier,64108736900
ericgwey,63063775330
ericiskoolio,69933149434
ericknkana,63078437704
ericmtztx,63078417461
erik_sven_imagery,63464288554
erika_k_37,63437085389
erikalucca_,64887591999
erikasaidyeah,63444461215
erikawarbinton,65431608277
erikmaybee,65498991684
eriktyler23,64668852712
erimarupr,63453350797
erinjbp1,65821576186
erinkallman,63146071339
erinloguesmith,63262023673
erinmakesthangs,68224441810
erinnerinnerin,68888587932
erinobrien1717,63659992349
erinrosesellsrealestate,63098283355
erinspiegel,63601610018
erinzhurkinwrites,63061748283
erlinborqz,63265287200
ernby,63497352334
erreprod,63466745576
eruspix58,68913932636
erwin.soria,63408880913
eryka_kane,64736382010
escamartei,63091524163
esgile_black_art,63340414609
eshi_masa.888,63333064017
eskperimental,66901851328
eslam_abd_elmanam,63100558368
eslamaslah,66246866268
eslamattia1,63430570536
esmeraldapulgrossi,69470130017
esmezuccaro,63053271174
esmiraa.y,63486498623
esotericbirdtime,66994816049
esotericgeekgirl,69008097543
espboards,64624908031
espectrodiario,70277538262
espernoia,63308466128
esperonovaa,63105080823
espinas3,63070642612
espresso._.patronum._,63236831769
espressomariatini,63363603816
espressotogogo,69725661349
essential_rustic_delights,65169552762
estebankoenriguez,65259380662
esteey_gold,70323108314
estefanyharrell_18058368,71540766208
estermucaj,63857717630
esterstrazz,63875645516
estesoyjo,63479464542
esteve.badenstock,64030533886
esther_ekeng,64413631495
estheranmi_,63052679015
estherarechiga,70655230285
estherfranklin_official,63137541418
estherkhafifhaddad,63420679754
esthersarasua,70063383088
estyimuk,63245620254
ethammock,63220438573
ethan.freedman.journo,66862133342
ethan8873,63101645455
ethan_marsbar,63084476593
ethancraft420,70987061920
ethicseido,64144280675
etimoz,63403877209
ettiennevdmerwe,63075997568
eugen.man.1,68515180979
eugeneasistin,71284380155
eugeneyan,63292137231
eunice_magical_crafts,63448762402
euninreallife,72298633181
eunyung_1004,63126214418
eurobertasfarias,63445678180
eva______996,70376693841
eva_chlli,64129275814
eval_australians,65161753234
evaleverything,63051278307
evamngl9,70135570963
evangeliaskoupra,64024042153
evangwealth,63286126356
evanmarcus,64114771382
evann_ro,63637144555
evanportraits,64678807138
evanshaheen,63416044250
eve_tyler_,65856029782
evelyn_chen92,66908994419
evelyne_baum,63685461764
evelyngeronimo8,66365363400
evelynselenaa_,63232124807
everett_mounty,67170870419
everfelt_music,64560736837
everisamting_vanuatu,69386740073
everlyclaireauthor,69037342636
everybodyhaspolio,70370096931
everyinkspots,63408606425
evianleigh,63088060250
evilmakes,63258325738
evilolive_quilts,63040973820
evincelouis,68897673901
evlunning,67032340233
evol_rellik,66491416556
evycnelson,63645040009
ewizard2_0,63090923857
ewwtf_nainaa,63443593964
exaroa_______,63060819785
excesdevitesse,63254488135
exeprods,63243323914
exileonmainst_,66769627005
exnihilo.arts,63103460460
exnihilo.creations,64100257679
exotica6777,63087475282
expb0b1x1,63467888951
expectocc,63027943268
exploitxpertz.exe,67584051903
eye_zay_uhhhh,63197860784
eyeamjulius,69559678235
eyeconikbrand,67409047104
eyedonyell,63414782841
eyemindigenous,67535624872
eyesonbrickell,63223331992
eyevibratehigher,70237066463
eyi.eko,63471080315
eyitayo_enitan,63096886356
eylyshhi,63103835361
eyzmi,64239624199
ezecisca,63433361960
ezequ14s,63468523781
ezmoneymack,63123760342
ezra_adeyemo,63280603621
ezra_wu,63121820764
ezzzzaza,67525136610
f.amir.e.2,68960609395
f.cretella,63715945087
f.manticore.rockadile,63103445875
f.rhnabilah,70566031753
f.weinberger,63387534177
f_n_delight,65846933338
fa2dotma3,65882361053
fa_de_ke_mi09,63259588129
fab_writer,63093860884
fabesflowstate,63159389423
fabfivebriggs,64985081219
fabianyriera,63022374956
fabio.me98,63871437191
fabiobattiston00,63570028790
fabiocastanho.pt,63512273908
fabiprosso,63069178310
fabri.giro,64124788259
fabrizio_arcuri_,63259261472
fabrizio_coach,64864096989
faccinimarce,68045674803
facelessfreedomlifestyle,66096550304
facibussg,63442520829
fadedfro,63610368621
fadelfarr,63442358013
faeoutwest,63286128405
faequeen41,67162083636
faezahnefs,68654981836
fahnub,63432577378
faisalaltenaiji,67046545528
faith_goldstein_author,62989199557
faith_kaiye,63899155795
faith_n_austin,65420211254
faithadeoye_,63456650135
faithellenlove,63197232814
faithmakena2,63051014071
faithmimi___,63100090589
faiziii_29,63376998621
faizinpamungkas,63135492942
fajlul2724,69402940983
falazar23,63438318214
falcidaniele,63581325766
falcohatesmoney,63396216911
falconjay_,63292988257
falicitteerose,62849413260
fallofdom,63401605578
fallon.trujillo,63422213746
fambrogl,72078184312
familytoobullylitters,63068109128
famine1of4,63406523160
fan_mic_gogh,66665148138
faneice,70442690760
fanofnaps,64778119523
fantikid,63106250344
faradia849292,68709789227
farahikrambhatti,63460265692
fareesh,63409257861
farendraofficial,63410219286
farenz.m,63524837887
farhanmunirphotography,63078754345
fariajuniorlopes,65324697455
farid.gif,64264777693
faris.ashraff,63402909717
farmostwood,63093719637
farryngonzalezz,63494576600
fartjazz,63025730990
faser.gut,67231235142
fashionbyedelbands,64515613277
fashionfunpj,63396223291
fashionqueerhistorian,63267296017
fastertim.es,63397936015
fatad_e,63094223183
fatimaa._t,65712572997
fatimaavalo0987,70741205260
fatin_sofeea,64436285813
fatmee.islam,63393855239
faustinoalexandre,63323494375
faustoposso_,63147903021
faustovj,64512618498
fauxreal_s,63130590957
favagrossafederico,63921529175
favourdolowu,63458424307
favy_okz,63305186773
fawngoodwine,63434618598
faye.jp,62847812102
fayej_mia,63278939263
fays_al84,67949301556
fbdwiyanto,69038041107
fblissjr,63433554296
fboata68,70218452504
fbslace,67504615517
fchpriani,63393471519
fckitfcku,65932713393
fe_aguiarsantos,63289756147
fe_joose,64443917867
fearlesseaglestribe,67603686395
fechuli,63861132957
fed.cattaneo,69502302118
fedecare81,63553518343
fedelowe,63280172043
federico.silv,65334897895
federico_cavazzini,63909428810
fedev18,63310242727
fediverse,63409821454
feelizabeth_,70279632767
feetextravaganza,68212518450
fefe_tale,63378294880
feistywombaat,63271147501
felberts0n,63213877972
felecia_realestate,70203268336
felice.depinto,63264886064
felicia_jokodola,68184377206
feliciatwardoch,65743644608
felicityfromholz,65258835864
felipe_reina_7991,64328723541
felipecarrasco.28,63329936437
felipelima2602,65212565280
feliulive.com.ar,63460077716
felix.kreuk,63268137706
felix_6350,63257934535
felix_ronnoh,63461288133
felixmastrangelo,63703505337
felsbacher,63864628764
femailler,63275430942
femcelfatality,63452356204
femi_esuola,68940920853
femmeinfloral,68108541049
femolancaster001,63401558614
feral.vile.vermin,68944896225
feralat50,63129574624
feralbxnny,62615581830
feralpixel,63301811397
fernandaaso1969,70743215657
fernandinha_2024,68702211691
fernando.0s,63091760955
fernandodasilvaoliveira,63886931312
fernandosalazarphotography,67039489274
fernkazten,63411322872
festasports,64504519285
festivalhorror,63242244277
feyi_grey,64642514320
fg_creates,65383817521
fggm.mt,65552405463
fhavor_,63220911588
fhavor__o,63620608631
fhinspectionsatl,63469730503
fhoffa,63064590946
fiberrestoration,63238222054
fibispace,72074508093
fiddies2,63468065231
fiddlesniks,68198445827
fieldstootie,66805784912
fierce_shoe_game,63318816379
fierros2529,63248771130
fierytenderness.writes,71528921629
fikayojegede_,63445337676
fikdogsrescue4,66424689578
filani_tolu,63056739462
filip_jilekk,65198063115
filip_strozik,64687748089
filipebastos06,64053810405
fillin_spaces,63217294002
filmq33n,70401032034
fin.codes,63452940559
finanzerr,63095434376
finchyking,67601993706
findingfoxx,63130743365
finer_thingx,63082029113
fineswine2023,63259006501
fingerramp,63852678470
fiona_zend,64641739878
fionaforsythauthor,63421796235
fiq444hh,63273903160
firehillmusic,63032606158
firehound187,70026841270
firewareinformatica,64809135088
firstandhem,64333108266
firstclasssassass,65841718993
fish.boy42,63207023678
fishermarn,63482865490
fishershaniess,70839979270
fit_marudhu,63242027483
fitwitkey,63285924405
fivetowin,63396046097
fjesusfaustino,65723324688
fk.she1na,63581405751
fkaribogha,63296744210
flamingo_sound,64777410484
flammablewords,63419219601
flat_potat0,72077340189
flavio.adamo,63085249288
flaviobs1,65237424313
flavor_flavin,64236200791
fletcherkirkman_,63447509752
flexxgotto,69122076216
flkemper,63688753008
floating.scholar,63425513385
flockofbeasts,63181667202
floopeygirl,63380022260
floopowder,63249100053
floralmelancolica,63374303390
florcita_randomm,63490984750
floridagirl977,68235420126
floridianinthecity,65735430913
flourish_massage_therapy_llc,64233164058
flowerskamel,64568178684
flowwerdagger,64121708668
flowwolfp,63615472700
floydash007,63457528030
fltii,63311376498
flukenml,67697920694
flukripongs,63073659192
flutterby_chic,63490122218
flutymaesugarplum,71483167621
flux88mph,62860271309
fly_the_skies,63540741176
flycurran,63459158103
flyingdutchie,63263179430
fm9er,63269679951
fncoreofficial,63602480746
focusgreene,69609903410
fofucoin,66863436093
foladelef,63059127073
folah_re,63132405917
folaringodman,69953294679
follabee.x,63085875009
followbrittneyrenae,64379989067
folorunso_xx,70506914416
fontanaginny,63488467150
fonteno_rod,63145367362
fonti1978,66923918858
foodandfamily73,64587793450
foodhubks,63504600501
foodiesconnectita,63756340714
ford_maverick1974,68283353035
foreign_richard,66088919531
forestkinsey,63304200523
forever.feral,63432734811
forever_blazed,68673972738
forever_t_rad,67627742750
forever_tnacole,63246619119
forevermadie22,63098530218
forexgoldbestsignal,63086550331
forged_in_fire_85,63540638809
forindieartists,62923743349
formulainversa,63903646063
fortune.chitsumba,69456434154
fortune928,65103026333
fortunelove__,63460525991
forty_to_one_odds,63030046206
fortyfour88,63262428259
fosterkatina,65133532798
fouad.joumaa,66873391770
fourgirlsoneboyonrun,63279257226
fourinchprophet,68935024302
fourplay_tre,63462585901
foxandmuseediting,65394715323
foxyvixen11.11,69047051921
foziaqadir8,63849615279
fpineda94,66434688783
fr.ed6887,70251886754
fr_dd_e,63090473276
fra.bonac,63852678406
fra_church,71718161584
frabatx,63917909500
fractal_viewing,63382228301
fran.o_c,63035719654
franaltomare,63065373077
france_marte00,63875222270
francesca_pag_,64752501095
francescaandreolii,69902291095
francescacaroppi_,63581004800
francesco_hope,70101914044
francescoabib_,63896467079
francescociull4,63371662282
francescomartini_art,70427107191
francesdenisepoetry,63242682822
francinediane,64576566738
franciscoj_williams,63978291437
franciscojavierarenasfonsecag,66380441223
franciscoluccioni,71579612170
franciscoperez201310,64619412047
franciscosalasroche,68131175048
franciscosotosainz,67874761441
francissilva___,63259285907
franckerickduplanti,64699670887
francmelaninblu3640,66244699839
francoisdjedjes,63044374207
francomrtz01,63096668288
francydelligatti,63224192750
frankafusco,63452102730
frankedwardf,67949975401
frankehiz_,63471036169
frankjunyulin,63409661852
franklanguage,70452538786
franklyzach,63412974467
franko.b.cowley,63623896909
frankthefifth,66380543581
franmckeown,63465504682
franny_indata,63003183492
fransika_interiordesigner,69963373599
fransiskushutagalung_,63400433911
freckles1501,64445491877
fred8520,65891545123
fredannan_zinyakatira,63434023692
freddie_caliente,65566790072
fredlynchart,63419586224
fredmavagg,63041213535
fredricjonsson65,65068186537
fredrickpmurphy,63065308810
fredwinter27,65693063382
free.spirit.experiences,67497821099
freedom_prof,63068058924
freiya_,63240365553
frejafoxstone,65785125482
frekekeke,63403422936
french_vanilla.007,66654867493
frenchysmiles,63094255257
frequentflyer876,68802470837
freshprinceofoldtown,63086501033
freudian.slip.and.slide,63274196291
friend_request_from_jms,63466345104
friscooneil,62818847497
friscotheque,68231225898
frknrica,63135294323
frogfather63,63387814312
fromcoach.sandrobilobrk,63876612342
fromtexastotheworld,63440881686
fronzeldemarvin,64610835386
frossel19,65874581834
frostychief,69043156709
fruitfulrhema_speaks,63388862774
fruits_safaris,72035635928
fruitygalalex,65684629952
frwg1434,69408904913
fsfwannabe,63051678614
ftwneworder,63499600224
fuarimakiko,63308162725
fucker.087,63428622356
fuckits420247365,64492365397
fuckshitfunny,64738133714
fullcirclethepod,63379302392
fullstackthomas,63445073205
fulltimejonnyb,63483192093
fumbles_137,63258382009
fumzi_flt,63152126281
fun_germans,63576012356
fun_laugh_posts,71656893983
funfacesnballooncreations,64238912834
funfitwichita,63369424589
funkonovo,63079750115
funkyflakesmusic,64434740815
funkyfreshvintagemarket,63460208832
funmi_naturals4,63449952484
funmionisile,63457384529
fuscowriting,63234164136
futrowsky,63063534122
futuremoonvintage,64170732983
futurfaith,63249277239
futuriste0,65379274726
futurmindsai,72041616898
fvckin_a_all_day,63375004960
fvckzarii,63272868080
fywasola,63856649601
g.e.n.e.r.i.c,63990899796
g.giuliaaaaq,63944354751
g.o.e_555,63858047270
g.o_jd,72051805664
g40dy,69657225737
g876___,63037973237
g_armin6,63171078972
g_barletta,63756920128
g_furnieles,63427366412
g_lilytea,67820775471
g_moe_1,63387230088
g_reg__m,62374970608
gabbroguy,63245324129
gabby.popowitz,63287926012
gabby.s.pix,63465802876
gabe.labs,63466160894
gabeflavaflavee,63092109781
gabeinfashion,68096746573
gabejuhnke,66691700536
gablesinoz,69784750328
gaboi07,63491753528
gabrieelancl,63321481155
gabriel.orozco.892,63370087212
gabriel.pimo,63258214373
gabriel_lagon,64089537281
gabrielaa.allende,63236252172
gabrielabonilara,63254954875
gabrielduelingpianos,63089561180
gabriele.dedominicis,69014216189
gabriele.gerosa90,68695623053
gabrielecupelli,64003615503
gabrieledoria_,63259969745
gabrielelogioco,63552863516
gabrielz_104,68356660194
gabs.fm,63257915632
gabs_01,63080306771
gaiabanchetti_05_priv,63928890767
gaiasalvarani,69706972040
gaining_knowledge6,63253994518
gaiolinaa,63881579483
gala_wildchild,66935340476
galacxiamoon,66438457796
galante_silvia,69581281142
galdirreges,63462396799
galeforce73,63121633054
gallerybogart,63103812175
gallodam,63216903719
galssio,63690430084
gamers_against_cairns,63120645120
gammarayblast,63438368689
gangqixing79lool,66016189508
gansum0224,69805804205
ganteng68,65864638481
garage_pneuhaus_schenkel_gmbh,68214625243
garciacritikos,70084721324
garciayurisniel,67260398394
gareth_andrews_,63229638873
garmoncollects,63098533651
garneauyves,66135420349
garrett0520,63428552974
garrick_hatfield,63270975927
garrityluck,66622203511
gary.owens.9,63134837441
garyb513,65653178822
garygrossman,63457694030
gaspareduardocastrochavez,71159793401
gaston.alvare,63282487234
gaston_2425,66680537760
gatatax,63407771620
gator_one3,63743936919
gatorallie123,70492004199
gatorsabri,63461745235
gaurav_narang7,72037450577
gaurii_jadhav,67971563047
gavinovsak,63082899883
gaygrahamcracker,65454953463
gayle6750,63099629481
gayleannreaume,63600666099
gaylechoo,63227135843
gaylerodriguez805,63304754467
gaylynns,69535620052
gaypostmalone,63141518480
gazianowar8,69505353886
gbemigaaa,63295787759
gbems___,63058083921
gbenga_ogunsanwo,67288943419
gbilliex3,63515116314
gbobmi,64675419868
gbope_abe,63462100838
gbr.mrr18_97,63235145439
gcanderoli,63293963618
gdejuliartha,63405297110
gdinges,63301058370
gdlewis1211,65495588625
gdrbluewolf,63912185411
geatpigeons,63274117259
gecanty,67039158717
gee_moneytalks,69933247357
geemoni,63432800904
geenoo__,63100435967
gelichavez,63238835075
gellgeliee,67103900213
geminibeauty578,63435766657
gemma_s_vida,63276634338
gemoake1,63259269694
gen2bee_1,63447430005
gena.destri,63215223118
general_artificial_intelligenz,63218493675
generalclearinghouse,63461969970
genereyes1701,69726685238
genesis.io,68208072334
genessismanzano,69068980921
geneymachiney,63089324098
genmaldonado82,66002342774
genna_gram_,63546703452
genuinefighter,70248990522
geocarly,68572457166
geoff_tarbat,66319130363
geonnu6,71713356837
george_mburuu,68758638642
georgebetak,63237451593
georgecookeart,63063995438
georgeelliman,63214974927
georgi.n.kostov,63896379039
georgia4ne_anhoward,67039004850
georgiagemo,63616409060
georgymh,63262870600
geoviomgmt,70927339920
geoyi.art,63365189839
geraldandtheafterlife,63059079321
geraldsofficial,63123827934
gerardo.ceballos1,70964527786
gerifidani,70326452544
get_blogged,63280820092
get_fit_with_sudha,66875772437
getoffmygrave,63061102297
getpicscaler,71844944954
ggreenberg270,69032680311
ggson1222,65897472765
ghanm.bassam,63393349819
gheyath_alobaidi,63232670261
ghost_cbr6,63127306646
ghostbusta689,63127013416
ghostcake13,69775334345
ghoststrats,63257400219
ghouledks,65433244679
ghxst.0115,65177908394
ghxst.angxl,63294876280
gi_jodeci,70471584013
giacomomurru_,63930562371
giada.srtr,63702054758
giadaadalessio,63233338007
giadalleone,63916337252
giancarlo.degasperis,63531919833
gianluca_marchesini_maba_sagl,71478835490
gianlucapittelli,68079739770
gianm_depas_,63879623187
gianmarco.leva,63682980404
gianpav91,63908465327
gianttankagainsttedium,63320000858
gibbo__etto,63860229651
gideonakanbi01,64264420568
gideonoyekale,63041989731
gifttoshift,63261823698
gig.tax,63452200383
gigemags98,69382409638
gigiklonek61,65779600099
gilbilfos,65805009356
gilmaraoliveira_099,68945218252
gilmarketing_ir,63655664464
gilmartinp1701,63225198584
gimhyojin6202,67059242481
gimpmaskangel,63491602509
gin_dra,63450857921
ginaplummer,67577231523
ginatina17,69532411042
gingermckchav,70882911366
gingersnap8321,64294724430
gingersnapok,65132378896
gingodt,65475330260
gini_auth,70379870606
ginsmitty50,69602520707
ginswizzle,63063748641
gio._.cam._,71834185402
giocastiglioni,68432649043
gioorgiahh,63523816266
giorgia.dellanna,63552311231
giorgiadallacquaa,63248581091
giorgiaspatola_,63561551166
giosy.xp,70123028809
giovannaalencargrossi,67089308253
giovannestanfield,63126766386
giovanni___bianco,63705292513
giovannitadini,63691113363
giovannitinervia9,63773653961
girl_blessy,69481675248
girlmeetsriesling,63452689097
girlon_themoon14,66408728548
girlsbasketball.life,63370615534
girlswhopostmemes,71966808769
girlwithkaleidoscopeeyes_,63232806402
giselle_avecclasse,67893144058
gisellexortizzz,63437234069
gita_kumari193,64535638629
gitm.kr,63294965110
giu_sardi,63235304010
giulia.bordoniii,63581499948
giulia_ungarelli_authoress,63528554672
giuliacapitani_,63885637099
giulianovannini,63317341386
giulio_capriotti_jr_,63866462174
giusy.nardo,63791160004
givaneigranjade,70900752419
givanildo.bt2019,68676022731
givme_caffeine,66394515646
giyaibo,63235430861
gladisfunes1950,70905050190
gladys_yovelar_,64445600939
glam_goddessgirl,72099626057
glassberrycupcake,62883030545
gleidyscarolina,63261261995
glenn62santana,63368626374
glmmom,63663320254
glnrmdan,66872925910
glo_rehyah_,63246754287
global_zino,63254857508
gloria.rumble,65423514014
gloria_homeloans,63162941487
gloriamusau29,69734365200
glossy_bubbble,67339062844
glow_rified_,63061636525
glowupmomash,68327956372
glowupwealthy.trw,72099861454
glynnwolstencroft,63084161940
gm67401,63378385819
gmclean,63084825210
gmoneydamoneyman,69561434417
gmtechai,63442857760
gnanalekhana,64724636450
gnarlynan,69466104245
go.awaythanks,65061009445
go_town071,63058822816
goabiaryan,63431219612
gobiteabubble,70274641487
godcreatedkeyaine,71892080568
goddessofbadroads,63623136685
goddyman,63038262771
godhatesmentos,63409868004
godishelleyduvall,63314137274
godofarson,66216126820
godslovepangel,63434870342
godsoulja10,66263271036
godspraise40,62859951938
goesdev,63442684354
gogogadgettes,63025814663
gogol_diego_go,67008262116
gogoshgoldendoodle,67260943752
goinggraymama,63019783415
gokhand.44,63069659062
gokulnb740,68334934711
gokysvictor,63286084664
golds.golds.golds,70586382398
goldschmidt18,64047732899
gonzalezascaso,68251102207
gonzalezsylvie80,68753615021
gooberino_137,63069895236
goodladgillian,68473145085
goodness_et_mercy,63252648123
goojitsu,63292155531
goop_gob_goink,63077284887
gootie14,63400759207
gopal_chouhan_237,67625515161
gorilla_graphix_atl,63479436134
gos1977,67769892706
gospelataiku,65763026416
gotcake_no_icing,63084774988
goth.business.casual,69388365422
goth.flamingo,70119729923
gothefiner,66805850857
gowdacyn,63381579172
gpm.gm,63566468460
gq_underated,68669304775
grabon.co,63074319667
grace.amancio,66480097365
grace_pearl23,63370597682
graced__one,63463876311
gracelynbayless,63271300220
gracenjambi93,68899448857
graciiesullivan,63238327570
gracy.narjinary,63302099508
gracz.miroslawa,72109576341
graff.ig,65229241321
grahamfleming__,63093191758
gramham523,70259534986
grandmatazz,68709260823
grannygigi05,62980262746
grantboesen,63293088519
grantfator,63220245990
granticusmaxly,63484994541
grauzy,63302162306
graves.jillian,63454498142
graves5456,63723117953
gravity.designer,64257897062
graziellarossi49,71560911073
greatgabsb,63067228370
greatxploitz,71021486039
green_cassian,63080717306
green_e45,65647502640
green_house_arbor_expert,70805555018
greenibandit66,69765523140
greenjeanbrown,63456345769
greensaber25,63361989092
greeny__diamond,62786262381
gregalfredo_,69075483869
gregbouraoui,63317664331
greglease,63632616151
gregorydanielmu,69049232216
gregphone,66070715019
gregrubbert,63433670884
greit206,64509737744
grenade121269,63435137423
grenierideco,63455082345
greymax_performance,63390758045
grich,63302624569
grie.tonya,63871940807
grizzlednomad,63430789133
grizzlybear_2008,68110092329
grizzlycharly,63915865369
groek_andgroel,63965941933
groom_layla,65152317517
growmyyoga,68819190847
growth_lab_journal,72023620238
growthack.me,67961759232
growwithmigs,72481687341
grumpy_grandpa58,63454755742
gsm114,63463260215
guideyourvibe,63038061870
guipuglia,65179945512
guiyerminaa,63428417403
gumby.jeep,63081022127
gumundermyshoe,63136377835
gunacar,63072502008
gunjankhut,63240454461
gunman_aim_kill,63257969770
gunnar_tatts,63410410366
gunnargrosch,63086871521
gunsondrums,62985944666
gurmstreet,63411243043
guru_foundation_007,63411973374
gurundoro9,67519770460
gusgitapurnama,63477584781
gussy2268,69689890844
gust.avobriones,63371229256
gustavomatosrodrigues,69699556872
guy_garnier_collages,70845503490
guy_lehenaff,63299985510
gwati_boy,67702245255
gwensaschasversion,63315058721
gwiazdzinski,68964193291
gwynndal,63451248470
gyan.music,63079551174
gyancarlos_legion,63600832819
gymjabronis,71883697764
gyutae_lim.dev,64186825850
gz_bey,68061626789
h.annahjs,63312736588
h.c_0105,68179177039
h.darg82,63103870177
h.lwm_,65161637393
h.o543,64715477136
h0e4horror,63148887318
h0f_y,63033806814
h3artst0per,65931786948
h3n_ry5,63085661580
h3xify,63406851008
h4pzzz,63275135046
h4x354x0r,63299528406
h88129,63077395611
h9mde_,63947503207
ha_nh3530,70469509493
ha_rika8307,72508907585
haazah,63067557193
habib.haider.127,69373495904
habibasherif_04,63294650670
haboosh_amr,63458089950
habte_gmb,65936268215
hackzenacademia,64608122620
haddieharris07,63133741356
hadi.hassan,63257912617
hady_shaban_,62789221710
hadyer13,63372059812
haelmikk,63535711790
hafiz_bakare,63291123415
hafizsupreme718,63127406769
hafsariaz02,63506480152
hagaysobol,63273710317
hagermanhour,63440125516
hahahassica,70026911208
haii_nguyen,63252481758
haileyrabdau,63436788512
hair_by_elenaaa,66322596625
haithamoon,70088345058
haithemaouabed,63363719353
hajaaribrahim,63238759923
hajan_jii,63240798866
hakeemhaya5,66669384506
haku777,67787651451
halchynskaya,63397234056
haleigh__cole,63084130355
haleyju,66446307214
halfpintpixie,68847810665
halfway_hippie,63633960175
halime.graphics,64481205190
hallowbard,65222058303
halonoelle93,68315991323
hamccaslin,64529836764
hamde87151,68853873268
hamelsmu,63302394526
hamm25,67485304008
hamma.e.o,63494529248
hammadkhann,63258701699
hammertimez,69478428769
hammyrich,63051143818
hamodeh_dg,63100051182
hamoutyy_,63299400324
hanaan.me,63435926560
hanacodesxo,63242583145
hanalytx,63378489357
hanchung.lee,63089332389
handa_lopez,63492433804
handmade_market_ks,63400405482
handsskills,63427525358
hania.molina,67466612204
haniarizki,63228174894
hanimun_travel,63426444818
haniyaniaz12,64231052584
hanna.zwart,68169008992
hanna_saidin,63282920013
hannah.chesney,63057868276
hannahlove970,67055333007
hannahraezamora,64157207147
hannahsfit.x,69740283433
hannahwebberreads,69937366686
hanonesail,63395892529
hansen.mark,67746978002
hansen_liang.617,64230602560
hanshadow1,63249750944
hanzla_arain_,63171877865
haphunggg,64571777450
happ.ygirl6917,63820314872
happiness_is_doing_what_u_love,63388695863
happy_hagin,71917669713
happybethw,66037438356
har_lorlly,63661040355
hardey_daguitarman,63079749826
hari2274singh,71322732400
harishbhai_bhuriya,62809942056
harishhnair,68505634556
harivasagan.b,63443817232
harjudaniel,63469633791
harlabii_thenkie,63063132574
harlanvaughn,63034311863
harley_hon,66039396680
harpercreekphotography,67476962165
harpreetmatharoo,63485113425
harricutty,63471699392
harrie_schoots,63025215872
harrikirik,63296514672
harrisonsteele,63296331990
harry_map,63453387759
harsh17.in,63075702907
hart1558,67452008139
hartandsoulsoundtherapy,65394316775
hartik_consalt_001,63301403155
hartkehaus,63431190877
harun_bakka,67545771963
hasanalawi,63096035548
hasanware10,70825787177
hasee._.24,64756621664
haseeb_anwarrr,63402908701
hashimwarren,63425959678
hashtaglensman,63146479325
hasidilrangavitharana,67488322607
hassan.elhawary7,63251714568
hassanthakreator,63280727180
hatamu.san,71325507388
hates_milk,64479498289
hatfieldbillyjoe447,66347880302
hatsuhatsu_nigaoe,63085868676
hatsunechastity,71865395601
hattyb00,72518099764
hauck.steve,63102474354
hauguelcatherine1,69197920638
haukr777,63873723820
hausbeckmiller,63562437816
haute_ketovore,63133596634
havemercy68,70440120005
havid_lil,63262210806
havlant,68016710596
hawt_robbins,65924080854
hayatnaseri1,63459388837
hayden972,65679863540
hayley.dickson.xo,63093494645
hayleyjeanninex,67489693355
hayteeola,63274614297
haytham.elswerkie,63434886616
haywhy_designs_,63220437991
hazatulamie,72007697964
haziqfadhullah_,63651824334
hbhrwzyn,68489656798
hchoww,68814844317
hcoyote,63078241309
healingschoolsa,63248617112
healthandstats,63319978368
healthyaddict,63390885437
healthyhappybethanne,68908409309
heart.patches,63140116884
heartandhomehandmade,63085823163
heartwell_okorie,63476880470
heather_schoenthaler,64245376458
heatherann778,71062096446
heatherbradley.realtor,63084171539
heatherbrownsmith,65680125680
heathergay2,63461420504
heatherjwest,63618400132
heatherkamillemoore,67548178712
heatherlynnfaust,63046678456
heathermarusiak,63209599122
heathermcg.94,65562783170
heathernealphotography,63463712645
heatherrealtrlbk,63057431451
heathertuggle75,62856551704
heatherwhite.realtor,66283127417
heavyditt,63295019634
hecalder1964,64618546553
hectorddmx,63126338602
hectortejedo,63301668724
hectortriana1204,63063269517
hedda_roman,63480505346
heddita,63412493491
heheejenni,65083349019
heidi_pruitt19,63387760209
heikkikeskitalo,68016618452
heikomilitzer5,70233926843
hel_offthepress,65717088196
helen.tinyuniverse,69545551668
helen_taylors_version,63859891710
helenalwrites,63319545410
helenearle38,64430244404
helenhensell,63152517622
helenlfk,63250208483
heliedsonsilvah,63176245364
hell_changyoon,63325457228
hellafineanddivine,64354228652
hellcat7777,63450866936
hellcatbetty,63421916347
hellenic_tv,63361583526
hello.onthewallla,67574741262
hello.wink.balm,63287607039
hello_nurinuri,63093166623
helloamyjane,63123258939
hellodavidryan,63251958501
helloimjaci,63433995595
hellokeila,63098680346
hellokikit,70844279217
hellomynameisdebbie,63049364379
hellorosey.yeg,71461140325
hellosardi,70895139789
helloshinyobject,64994891541
hellyn7,63503537436
helrabelo,63217813810
hemanath.1712,63100544296
hendrasaputra380,67591218875
henitiramitsu,69324168129
henny213,68466984998
henri_haile,63225527782
henshallandco,63106309216
heon_yun,63457995574
hephzy_14,63496265464
her_highness_markie,63103956329
her_nanigans,65393641055
herald.oberender,63428689138
herbamaniac27,70160136754
herberthistory,63238694927
herdailydecadent,72281730311
heremytatersat,63251050347
hergrowthunleashed,71351750484
hermannrplank,63298900226
herrymloge9575,66344506599
heryeni_1010,63167231035
hessamyekta,63392628499
hexotica,63260201671
hey.mini.mohani,71605214567
hey_its_me_arden,65254429026
hey_jmac,63480001389
hey_mary_henton,63389573010
heyajababy,68124523515
heybara,68712918521
heybeefit,68290389555
heydanmorun,68346381482
heyits.hanita,63079926816
heyitsmetodd_,63100940841
heyjoe459,70088416961
heyjudedaniel,63083738054
heymommaapple_40,70198519932
heyomateo,63084974974
hgentges2,63101702777
hhhevnnn,63394974702
hhhvnnah,64133171263
hhoney.bbunss,68250280412
hi.bangtoy,63095826408
hi.im.vijay,63235726876
hi34_takata,64141160220
hibeebabs,63208102865
hicham_elmourad_officielly,63308761872
hichem__s,63608040953
hidden.eyedentity,63417140354
hidengoseek,66274664865
hieulee77,65371803590
higemegane_art,68681287223
high_foreign_chick,69230487741
high_kouhai,65641308402
highlandbookbinding,64352622685
hikenthanthony,63395211321
hikill27,68598956110
hilary.otto,66634896223
hilarysglassman,69291889199
hillaryclemens,63206743053
hillarylshay,63245108239
hillinternationalexprealty,63064035377
him_stay_so_hi,64641197211
himjooper,63912415040
himu_uuuuuu,63139476973
hinaki_yz,63307952412
hinata_asahina,65550827270
hindsapril,64985752125
hinz4,63403734429
hip2bd0x,64389197318
hiphipyip,63465756523
hiphop_beatproduction,63734016246
hipk.enn,63422182758
hipsterwannabesa,63449209143
hiroki_ohbayashi,69789952090
hirschbeverly,68693379198
hisgracespeak_,63371858368
hislilchickennugget,71396245307
hissyfittinmama,63144853373
hiten,63419007023
hitesh_shridhar,63033642331
hithisispanda,63086004635
hitomi.me_iro,63089368114
hitupdee,63393959238
hixeta,63440221571
hjinfotech,64664883769
hjw622,64423296198
hk____kk,63410740892
hmervin75,63032750061
hmessi5,63495464690
hmmonley,63466716060
hnbatikart,63096922320
hnrysnts,63287105414
hoang.thepessimist,63143548735
hoc.tieng.anh.moi.ngay,63742149171
hocky.10,63223372065
hod_cannon,63058943771
hoelatthemoon,69036984815
hoitab,63453246922
holaitiskim,63090749034
hold_up,63341714571
hollieblakeneyart,65474129421
hollisbischoff,63412603181
holly_realski,63089971311
holly_rozanskittles,63421579684
hollycraftoriginals,63420478381
hollyhoodphotography,63146039024
hollymarie777,63408017840
hollys_book_nook,63041743712
hollyterrill,63419941568
hollytherebel,65919136189
hollywaller75,69644836487
holy.devil7,64694403672
holyzen__,63294126243
homeecmel,63465676707
homeswithdenisha,63302145762
honestifnothingelse,64251738194
honesty_cook,67474061056
honey__bee18,64006731784
honey_and_salt_home,63429791263
honeybee_bythesea,69576523404
honeybeez200,66375120550
honeyyymel_,63084138180
honeyyyyyxs,63404872407
honky.lipz,63433777211
honorable_bigmadam,63433511869
honoredcodes,63388186701
hoochy.coochie,64842235829
hoodgooods,63094396217
hoodoomomma,67837178465
hoopinant_22,66190254829
hoosiertype.co,63381399471
hoostin__,71226084924
hope.huang17,72293712450
hope_and_sincerity,64529933044
hopeisthething,67180621784
hopeperkinsart,63154822686
hopescloset18,64931059855
hoppermcmahan,63193211656
hoppockkelley,67980467764
horaciovazquez98,63290866893
horizonpropertygroup_,63248132024
horlah_87,63299474215
horrorqueen0_0,67501442100
hosein.abaseian.9,66323329775
hoseinfhii,63694926707
hoseinrezaii389,63229637489
hosiuchuen_,63392367216
hossaimdmosharaf,63096284280
hossrogersjewelry,63243131068
hostinthemachinepodcast,71160945214
hot_mess_les,64936979240
hotminxart,67557367666
hotmomig,71792230913
hou81towa,65214676069
house0fsuccess,63237302647
house_of_burt,63143213123
houseofharwood,71969767014
houseofswordcastle,65022928022
houstonfashionweek,64365173714
houstonrebroker,67978709498
howardhoward,67460958641
howdychef,63092424033
howdyoufigurethat,65484113082
howell._.p,63405149509
howusay_cucumbare,70413538484
hoy_original___ganga,69461274121
hoyajuan,69701438430
hpat298,63382061951
hphan848,63408533648
hq_print_lab,63074719772
hqb_beef,70224303823
hqcssj,63269096782
hrguimaraes_,63260920035
hrshptl_81,63269726555
hscarborough,63094015007
hshanegarcia,63803260913
hsn.3.k,63238642954
htimbat,66031396948
htjimcheng119,63097348807
http_remy,63479432239
huck709,63080507363
hudy9x,63303915333
hughlett_travis,63427533147
hugme_hugmi,63146542175
hugo1618_,63541678778
hugoalbertoibarlin,67491899865
hugoinnovus,63261687502
hugojulioyanibelli,68251324437
huja.be,63896062682
hulisani__m,63218022897
hulk5oh,63252025671
hulseyheath,63263912035
huma_nity911,64808081760
humanresistanceart,63342215348
humbertocabralmejia,68803044165
humphrey.koraag,65565563918
hunglethanh,63457252950
hurkledurklerr,63456770154
hust33n,65566259933
hustle.hobbies,72072070793
huzai_fa2686,67043435032
huzairazak,63061596714
hwsiu147,63519921170
hxtruong6,65345120180
hy_folic,63186023771
hyaib,64748475014
hybeekraft_koncept,63502472483
hyde_the_amazon,63977212115
hydeparktheatreatx,63415309736
hydrojerald,63560623166
hyedoug,70403962420
hyeppy_j31,72009617904
hyinnovations,66185271737
hykey.unbthrd,63209625002
hylian_bean97,63619840006
hypn0c1l,63256970578
hypnojoejo,63301584366
hysni_9,63869014205
hyukho83,63504713249
hyundong8948,66344779946
hzm1126,63328918032
hzqhrn,63045333131
i._.brahimmm,63286178132
i.am.finney,63519648737
i.am_oluwademilade,63279298327
i.b.k_international,63499033435
i.fe.o.lu.wa,63448105448
i.t._lynetta_g,63436007257
i.zafirah,68833439257
i3ethany_,63133652344
i4k_w,63423220772
i__anujkumar,68734301016
i_aint_never_scared._period,65465938149
i_am_adegbuyi,63237941851
i_am_darealist1,68697175720
i_am_hisexcellency_,63023494964
i_am_johnson_femi_andrew,64529983618
i_am_mandz,69049688401
i_am_not_jorge,63039925665
i_am_oladimeji,63259031105
i_am_phayvour,63612328398
i_am_rishih,71692583680
i_am_sedwell,63540082160
i_am_thoyin,70100243268
i_parth_joshi,63278041170
i_s_o_l_d_e_,64146307072
i_sakshiagrawal,63164862774
i_sew_in_atx,67659969623
i_wardaah,63249041074
iagogspr,66858107774
iam.maarco_,63230330012
iam__sree_shanth_,63430585196
iam_ajibs,63427812058
iam_alams,65682737974
iam_alhison,63244884839
iam_autumnstyles,69065767949
iam_chusie,63266614005
iam_danstrings2,63400215094
iam_daveleroy,71603567513
iam_ddr,63145748910
iam_hopehenry,66883446241
iam_jrenee,63158038330
iam_laronanthony__,63381260349
iam_mattlucas,63446577932
iam_mayor042,71949251961
iam_mcdee,63416101671
iam_price_less_,63398828177
iamadagostino,63720978902
iamakunnaprecious_,67527778208
iamanitabanana,64727761957
iamanxnth,65715859105
iamasupakit,65381294895
iamcarlosnc,62838117706
iamcheerag,64321981627
iamdamdoz,63444358415
iamdavidnrob,65666812895
iamdeb_taylor,67338159259
iamdianacolucci,63572667498
iamdineshkokare,63056540598
iamdivabee,63417745959
iamdjeternity,66492995505
iamdoayneclarke,71542747382
iamemeruwa,63099295254
iamezefranklin,63274297000
iamfedericaokay,63852239176
iamgbutovf,65282753385
iamgregt,63125120049
iamher.ranada,65781050890
iamhollyb,63088914776
iamiveyleigh,63069821851
iamjasminerenate,63081290079
iamjaysoto,63432065387
iamjennhernandez,63056335777
iamjoshbecker,63085349419
iamkhaleel_,63464993398
iamkierrad,63279623712
iamkrispee,66836444341
iamladeomotayo,70206732630
iamlexb1123,63441129760
iammcqwory,63429153701
iammedorri,63472136811
iammistahmo,63428941627
iamolurinde,63498945069
iampathakkk,63486306939
iamracheljgraves,65181266711
iamrahemuboy,63432542396
iamreco404,65529487349
iamreneestjames,70824850684
iamsagejwalker,67247135143
iamsamsesin,63360590333
iamsocheri,64665982699
iamssyria,63268110225
iamsunjeff,63274838055
iamthecritic,63246667437
iamtherealsam2022,63288463207
iamtia_sa,66451425335
iamtierney,63301610133
iamtimmy__notorious,63466595793
iamtroybrooks,63260986666
iamtsinnia,64027382704
iamvatsalpatel,63037471008
iamvickyhilton,63525248989
iamvishv_,64427367563
iamwhyjustice,63389990886
iamyunghot,63046814611
iamzakiarani,63154596793
ian.jack.lee,63472299799
iancruchley,68978927316
iandloveanddata,63461496730
iangerard68,63259015656
ianhopkinson_,63465546485
ianshukr,63276031377
ianthebroker,63401707156
ianujvarshney,63445714600
iaviantsoamaya,63105638029
ibadan_realestate_and_cars,63087022149
ibetterbefunny,63409463820
ibgabriellemarie,63286435917
ibilalhashmi,63406341190
ibironke__,63486122556
ibtokin,63103193120
ibukun_mo,63625176631
iburl__,63419075995
ic.unv.me,67034801657
icadamanda,63563777880
ice.gina,63023334887
ice_avalanche,71341934910
icecreamcastles_99,63419196050
icedphoenix,70114253199
icedrouxlatte,71932833569
ichigobego,63441972496
ichrisadams,63301301459
icii101,64033305534
icstevens11,63136669214
ict.moments,63464737223
ictarawilson,63090157571
ictartscouncil,63388119295
ictblackbiz,63989662408
ictbrokegirls,63082346558
ictcarly,63420898615
ictfloraldesigner,63059914862
icthomecook,63071845301
ictmakers,66691122564
ictminimod,63457005281
icttreehuggers,63252535674
ictwoody,68814845414
id.ninaaa,63447270460
idagaston,64514060786
idandahlen,63397430953
idavid160,68545944147
idb_faceless,72124578508
ide_ligorio_07,63370782843
ideal_girls_photo_by_arinko,63235150013
idetterodriguez,63102529002
idkdayla,67249502918
idkduelly,63403407734
idoloridelgiovanenetzer,63889450860
idreamofnuggets,67920197644
idrenalion,63004270624
iegdev,63441117827
ierahatirah24,67483977535
iervolinomatteo73,63223961320
ife.smart,63670416109
ife_a4lab,63460836174
ife_oluo,69969251429
ifeanyinnabuihe15,70322561412
ifedamola_a,69884880119
ifee._,63959049449
ifoundmalevich_film,63435414840
ifthismiccouldtalk,63094182371
ig__tirtha__,63094712967
ig_kiranj,63446972243
igakoncka,69858622841
igwekpohraror,70180638553
iha_arshad,63270796263
ihateferrariii,63410660450
iheartmilliexmoxxi_,65167554010
ii.karley,63535181443
ii_werd,63284662459
iiam.neja,65867381250
iiroselynflame,68127747510
iitzcinnamon,63373754677
ijoye_12,63451894023
ikigaiarthaus,63082783902
iko_beee,67616370935
ikwagner,65240431549
il_cristallo_creations,63378559089
il_frasko,68261711412
il_gaspo,63268825439
il_mik_84,63712367305
il_peppo_,63729624623
ilaria_seva,69669037542
ilblogdielsa,70081436545
ilbufy,67514552838
ildalca,63854869214
ileenieweenie,63120065735
ilenia.utzeri,63544244448
ill_behave,68767047701
ill_moon_,63288385410
illtakethisrd2,63442272887
ilmira_24r,63055789225
ilonkadesigns,63412181815
ilsunnyli,63255996506
iluhheav._,63440516684
ilvelaio_davide,67552322621
ilyaizyann,64152961302
im.bmoney,63058373785
im_blaize,63398355303
im_not_very_original,63089875691
im_pranava_kailash,71963090379
im_riccardoschillaci,63908489346
im_so_humble____,63432309672
imabhishekkrjha,65913355274
imah_u,68329607308
imalienaj,70577459537
imamovics,65955461648
imbobwoods,63227911979
imdamonconway,62974736024
imdettprettymf,63382341851
imfederiico,63263526606
imfurness,63093084182
imjaniyah,68690824967
imjoseitoh,63411191048
imjoyee,65164476231
imlindahigh,63296001470
imnogeniusbutuhhh,63290757412
imoan_barbz,63302569925
imojaymediatv,66298078955
imperial_kay28,65224236740
imported_collexion,64103325195
importedhorror,63405163526
imposingperfumes2024,66344553993
impozit,64756841562
imran__afridi,70923102028
imsobella1972,69029861359
imsoofaded,63246767567
imthatbrit,63396228336
imtiazvive,63655608165
imtiyaj__216,68363468946
in3rtiatic,63459204149
inara_bedel,64186948218
inariindustry,63083143784
inattentivejedi,63260608654
incredible_nightmare,65924893123
inder.baldawa,63280677812
inderrobang,69509626545
indexed_tree,63402020528
indiagray._,63913353569
indiaravee,63652816505
indiemusicwomen,63078643124
indigoviolet,63443299498
indrajit_._,63130780717
indrycute_,63455828664
industrymademe,63375331606
indyhoneu,66203431788
indyjcl,63053502582
inesanai,66279822244
infant_solo779,63276714804
infantajo,68171877990
infinacci,63230451487
infinipi,63773002097
influencifi_northyorkshire,72013354320
infohubtoday,63419917699
iniee_x,63499216050
inks_by_kayla,67083291585
insfam.foodworld,71578398154
inspiringselfcompassion,63141747931
insta___jt___chua_25,63639040584
insta_feral_cats,63132797863
instamichaelmje,65771940472
instance_art6,66904236081
instanes83,63057875544
instanow,63480788004
instone_realty,63188869286
interherald,64361942368
international__ace,63082473275
intfachi,67754785395
intima.immagini,68924117250
intolifeleona,63580252048
invisible_spoonie,66997649864
invisiblevalue,63328603864
inword8,63284319051
inyomannatanael,63273974593
io_imagery,69785461513
iolanda_1988_,63729912865
ionyamazaki,65144117064
iopfelix,63216567381
ioscribbler,64331638737
ippocrampo,65423008579
iqafqa,67096090389
iquincy3lvck,66420260989
ire.olu_,70156102574
ire.thelionqueen,63572998122
ireee.a,63439497229
irenethomas8107,67006811746
irenoyd,63444735174
irinamarie_strong,68754285367
irisfromohio,63072732612
irishmexi,63020551513
irissouza2189,68815924577
irkulasatyanarayana,71319575671
irnnr,63207167110
iroalkally,68323322948
iroemotion,63088109174
iroka_studio,63132308367
irrelevantrenzo_,63624808290
irteza_gunner3567,63241092044
irvandyin,63239940306
irvingpinzon28,62779214925
irwanrzn,63398343187
is.iris.c,63078316612
isaac_esosa,63465104603
isaac_redagave,67030742498
isaacogoyombo,63069795667
isabel_tohelpu,63081138152
isabelortizz___,63254975092
isabelrcho,63281473495
isad0ramarie,63402135197
isaiahoby,63422178991
isao_miyaji,64087048507
isburmistrov,63377687692
isdurian,63219797299
iselofficial,67544683811
isewvinyl,63058542649
isharduld,63312193678
isholaolubusayooladayo,63366951310
ishymaria,63311137680
isiluvs,63058358957
isisharm01,63421022762
isitdarkness,63883669276
iskakovtimur,63091702144
islamzahir.zpk84,67035794960
ismaelouattara87,68696941598
ismariarosa,65762858615
israel.d.bailey,70961816269
israelayoolaa,67165099073
isz.su,71298855705
it.s.me.07,64352935764
it_aint_fair_jear,68731363685
it_be_nito,63471578594
it_vturbo,70207347559
ital_counselor_music,63090466564
itawaiian,63392062349
itenji,63312872392
itgurlnikki,63796672848
itoro_offiong,67580331288
its.addie13,68822662345
its.aiexpertbro7,63437253893
its.clox,63285541845
its33aziza,64807512679
its_andi_2u,70635198980
its_brittmick,70086220674
its_comunity__king,66764207664
its_cristianc,63037190810
its_ferr,63380172769
its_giso,63031126268
its_jannat_world_09,63655416292
its_me_forrest,64029602807
its_scumpy_general__,69091158977
its_zadia,66652592017
itsaboutdar,64235849381
itsaishadorn,69395277044
itsalessiogarbarino,63220816005
itsayoni,63475388657
itsbharath_insta,63459046115
itschargonzalez,63286189826
itschloemanson,63401078824
itschubchub99,68278200911
itsdavekamau,63047535276
itsebep,63244866940
itserin.kay,64016863918
itsgarima.soni,63063412684
itsharrisonjay,63463973032
itsherriej.t_galore,63407581030
itsjaedavis,63262628070
itsjohnphillip,63042268856
itsjust_jymie,63421967386
itsjustcty,63444618114
itsjusterianna,63259825937
itsjustmedbs,69439046022
itskish13,64949472877
itslordof,63074851174
itsma.riee,62864535271
itsmayapendo,66634025226
itsmaynerd,63424158255
itsme.adriel_,66738716646
itsme.tinad,65043925862
itsmejanet,63022111089
itsmejun,63271374862
itsmolas,63267019418
itsmora__,63281021490
itsnayoyo,69499903375
itsninaaw,66933866870
itsonlycassidy,64582974814
itspatricelangley,70364676162
itsrachelplummer,67542504940
itsramel,63124912107
itsramijames,63232247638
itsreallyfadilat,63610776822
itssammiebaby__,67233047556
itssimply.vee,63291669151
itsstatix3__,71435421559
itstalhanahid,65052051420
itstelvin_,63159950352
ittskaylaboo,63365369808
itunu.tech,63444948314
itz_.chenny,67274391179
itz_.minato.___57,70500957060
itz_laric___lifestyle,70868307393
itz_maybelle,63241076156
itz_ninii,69235676284
itzcaptain_gametoons,63079082124
itzzda_ni,70098806257
iulusianualis,63930569011
ivalin_visaipalagai,63375830625
ivan_jgar,65821620931
ivan_smartly,63484168231
ivanovicmarko5,63927293467
ivanoviedo,64367239111
ivanwhitaker,64194219941
ivens1981,66865183487
iverralls,63470817782
ivester_contemporary,63287523536
ivette1t,63385901862
ivie.costa_official,63075107822
ivonneegalvezd,63145859376
ivonnekinser,63273901001
ivylaruep,64433332539
iwantinteriorem,63100670504
iyanublackie,63222420561
iyeloluwa_,63498513502
iyklee62,63128481095
izabellausha,66916378638
izauratrajanoaraujo,69490106433
izayoiluna555,65902545816
izmaylova_alina,63021303247
izwh4titiz,69953130317
izwuzhere,68698470365
izza.afiza,70411269469
izzie3030,63052518832
izzie_bo_bizzy_,63934986772
izzuddinrzli,63417573474
izzytime1,63295282464
j.a.s.m.i.n.e_t.e.m.s,63413401461
j.codesfullstack,64911655999
j.d.suarezm_author,71673628951
j.diaz_v,64189604624
j.e.i._,63230962641
j.gutierrez82,63437298502
j.k.spivey,70571097828
j.madrid_chua,64538827833
j.nicholson.phd,63303570767
j.quintanilla_82,63889931923
j.u.g.h.e.a.d,63100248570
j0ebee_,63484185150
j3110o,63081872877
j9nealon,63250529057
j_aesthetic_facial_bar,63538793872
j_dentn,63074339046
j_esty_,69023238144
j_matthew_r,65521839861
j_optimist,63300380392
j_r_kitchen,63378622787
j_smethers,63444890485
jaat_introvert,63292795658
jabbyd,63275216911
jabirsoopi,66327258174
jacekdziwisz,63090585477
jack.p1310,63393253725
jack_josias,63426410302
jackalstudio16,66128583301
jackcorvidae,63429354843
jackdonaldstark,63424342795
jackiemurilloxo,63446709553
jackiesstrength73,63310626224
jackietaborfam,69708613430
jackietully6,63481482965
jacklynn020,68693694038
jacksongrahampercussion,63247321865
jackstepp42,70662742737
jacktownyo_no_diddy,67447984639
jackyg4kids,63139005917
jacob_iyalekhue,63426419413
jacobamelia__uil6386,68886046669
jacobbutler98,63446266432
jacobmccoll24,65410066307
jacobmuimi_,63427323737
jacquec30,63155314611
jacqueline19931224,63460660269
jacqueline3312,65460655721
jacquelynrollin,63409319573
jacques_koffaltretes,63103752051
jacubinthecut,65064149978
jadasymone__,67776561638
jade0rade,63240274903
jaec_123,63086886574
jaepilla,62794535932
jaeshhhh,69725771699
jaewoong__44,63425330840
jafar.hoseinzade,69571172364
jagabanofhype_,63405964526
jagthegrateful,63055789419
jahablasts,65768288260
jahe2382,63083890106
jahmarc96,69246606113
jai_britten,69452574472
jaicapone,65501114354
jaideinpink,70469956958
jaime.green,63431901534
jaimeisraelmejia,66668015664
jaimeperalta4real,63457772066
jainil_jani,63461792554
jainslie,63050525308
jaixial,63218765681
jajja_konde,72271810309
jaka_ong,63214583236
jake.a.myers,63430796487
jake_liebert,63307920423
jake_mentor23,63418734956
jakeb206,63464928332
jakeclifford1.0,70183957157
jakemarsh,63438107441
jakemckay,67939991343
jaketreat.art,63047374579
jakobjelling,69509232001
jakovljevic__m__,63442238853
jalaxjala2.0,71627591608
jaleh118,63129920167
jalischa,63056398664
jamali.kia,63515888222
jamayaxx,63297752471
james.norray,69038640659
james_inq,63481387626
james_knifedge,62841503754
james_xplore,63387343277
jamesbautista21_,63301128680
jamescgarza1,67053199059
jamesgenoe,63053692652
jameslandau,63248334502
jameslouise,63459099558
jamesmbrock,63418002553
jamesostewart3,63342999182
jameswritesurprisingly,63381245915
jamiereeve_1977,63430246357
jamievmayer,63398700445
jamiewitter,63240909193
jammanhh,66157976396
jammersmith77,63045613211
jamoran2002,64379460528
jamorenx,64576749231
jan9woodruff,68911061398
jan_buchanan,67616824875
janab04,63464201558
janahmina8,67200655162
jandrucci,63374341688
janellanndavis,66671386888
janelleslama26,66965693561
janellrileyj,67751217698
janeskoala,63418718179
janesusanhammer,63460554824
janetreadstoomuch,63287676662
janeverman,63428953524
janeyarodgers,66322160180
janeythefirst,63082738934
jangra3097,70997928038
janiceince,63462418424
janicejtt,63405620812
janinergb,63101850595
janinetiger98,63037991955
janisbania,63073651073
janl0012018,66405313078
janreckers,63243349717
jaoobatista.correa,69019953205
jap_fabric_painting5,67976746311
jaqui_davies,63212831541
jaquinsmith,63241902704
jaredcosulich,63390311434
jareddataflow,63442389548
jaredgarza79,71732216692
jarl_monty_salomon,63471457729
jarmnm,63050453403
jarod7736,64280586662
jarrettgreen,63085919440
jarvis.ka,63393903975
jaserison,63445739912
jasi__jasss,69495200068
jasleighton,64161266330
jasmine.cousins,63430053847
jasminelasouriante,71616592848
jasmines_jewelry_box,66376096186
jasminesilva624,69040258797
jasminevillarreal7,63036094159
jason.biggs.182,63867515198
jason_1708_04,63683999258
jason_graystone41,70302732173
jason_lo_va_to,63091554404
jason_mcconnaughy,63065613301
jason_rausch,65832421926
jasonashface,63138389405
jasonbennett856,65214861758
jasondevitt,63124636816
jasonhan1984,70160511546
jasonmaine,66119004334
jasonquinnmalott,63106867558
jasonxphotography,68739926830
jassmynealexis.art,63379182147
jassylady_1103,63844067589
jatindersingh2231,65873070226
jau_lani,63434236999
javaberrydecor,71064008658
javaskrrt,70182821619
javidgy,63269593614
javier501971,63415915443
javier7of7,63130763943
javierbeltranrozo,66241611947
jawuil.p,67033129211
jay.jay_reads,71542295139
jay_maheshwarii,63218980397
jay_monique_,63491815533
jayaramanjayram,67514603727
jaycebeasley,63137370591
jayceelewis_,63464969789
jaydeflix,63074669861
jaydenwebr,69367315822
jayesswhy,63414026518
jayezike,69872698938
jaygandy2023,64675980924
jayhameed09,63439700288
jayhawk76,64639590681
jayhawk_prof,63092932246
jayjayninetyfive,63394023624
jaymehaase77,70260714052
jaynegaskinsart,64157984312
jayprecocious,63080820481
jayrob_music,63408358314
jayrock_418,67352819759
jayrowithay,63899258531
jayson45269,67571505080
jaystrandberg,63279403393
jayvon_anderson,70107404511
jayy_thee_dancer,68252891013
jayyb88,63433888431
jazjanuary,66918763623
jazminnmurillo,63261221903
jazzcabbageenthusiast69,64334799148
jazzcat71,63168902390
jazzmarlene_55,63427742807
jazzthecreator_og,63619408486
jazzybluvex2,70647318520
jazzyj_31,66423779217
jazzythreadsbybhg,67096504510
jbadger01,66328933737
jbar380,63092969131
jbencina,63472939287
jblessed09,63096060698
jbohnslav,63268959684
jbsocialstudio,64695130754
jbwtf54321,66419142457
jc4.18,63439505200
jcas1216,63274772994
jcavil,63266862050
jcbthnflrs,63092142913
jcchurch,63214527565
jckmccnvll,67504582866
jclarkpaints,63313855839
jcscubed,63375655228
jcuozzo90,65073687430
jcvert1982,69407978636
jdoggett0296,63458070401
jdpatton,63385478257
jdubmusic,63239789554
jdyc3rtxb3z,68654342797
je.re.my_h.a.y,69008869581
jean.anderson29,67515844519
jeananderson4284,69895551448
jeaninepascua,63434900138
jeanna_bluedot,63098758424
jeansymolanza,63404439614
jecklestv,71338052721
jef1959,70933498936
jeff.macpherson,63211558304
jeff_dean_photography,67574160709
jeff_l_walker,63467504958
jeffbarrass,63405851220
jeffhollan,63150757582
jeffholton,63099973701
jeffreyalanhutchins,66833731347
jeffreylamm_,63264636455
jeffsongslaughsphotographs,65231117932
jeffwatsonmedia2023,63961780967
jeffyouel,63277049570
jefpease,70535110851
jehnaejasmine_phd,67370089484
jeichks,63262970676
jejett177,68080586714
jejochetzjr,63485624254
jellybean1975,63434631754
jellz17,64400087918
jelmore311,69149860270
jelsert,68826853981
jem520,66351595592
jemelpowers,63105069235
jemessonlima,63069495716
jen__briggs,63363799590
jen_phoenix68,63409463998
jenadile.realtor,63275038448
jenb.13,64655383661
jenbuttersagency,65052536694
jencadyphotography,63292876938
jendenbrat,63123608834
jenerayte,63105178725
jenesequa00,65354251423
jenfagan512,63099806407
jenidoom,63297642766
jeniph_28,66151389696
jenkizza,63096993912
jenmierisch,63126509072
jenmulkerrin,65491728041
jenn.konderka,63234109653
jenna_deville_,67060316431
jenna_mcleod_author_,63421263906
jennafiala718,63262731684
jennakali.w8so1n,66873002970
jennamarenrichey,63214935706
jennapederson,63438274384
jenneaton,63057436702
jennelykit,63374132753
jenni.drinnen,63290283066
jennifer.loving.photography,63294619196
jennifer.paine.50,66942100085
jenniferhalewilfong,63282416603
jenniferpavilonishealingmagick,63395542182
jenniferverhuel,63967475763
jenniffernrg,63053813774
jennifur.v,63050206117
jenniphilic,71603372616
jennisimonis_author,63043437031
jennshort75,67416324584
jennttzz,63270621886
jennuinedesign,63386222308
jennwiltatl,63424130044
jenny_ruch,69278884026
jenny_villarreal1618,68913825560
jenny_will_travel,63065931282
jennyjive24,70509506947
jennyjune_0623,63394612918
jennyquackles1,70603624433
jennyrw29,63048413263
jenrenpody,63261459636
jensbooks247,63888361280
jensentommyb,63365752457
jenshen89,63413774615
jenshouldbewriting,67181926138
jenthelittlebird,63098637923
jenunruh22,69464081383
jenvenn,63446540915
jenvny,72090650871
jenwhitedop,70819305634
jenwhiteict,63240662904
jeonghongyun815,70644721841
jerelvelarde,63092595279
jeremy_brisacque,63844910154
jeremyfact,63420243121
jeremyjuliangreco,63467761216
jeremyphoward,63135526665
jerid616,63292498282
jeriluvt,68582218545
jermaine_2027,66573228254
jermjerm93,66935514157
jeromebreitbach,62378520722
jeromenicolas1031,67166284149
jeromydeblieux,65820585319
jerrin4020,67644345444
jerry_john_7,68723828971
jerry_on_code,64622594970
jerrycarpenter82,66894464165
jerrywilsonsitompul,62952053717
jerseykate,65797689715
jersonestradaa,67219839150
jeseiferth,64170589194
jeseva,67040312747
jesi.potts,63483866735
jesimika.p.wright,67516697731
jesperdramsch,63248050295
jess.suhr,65488720781
jess__a__v,63084960859
jessannfonseca,63622064840
jesse_eb10,63454356809
jessi_unique93,65433503742
jessica.lewis,63476496631
jessica.roche_,71327244266
jessica_branning,63398439714
jessica_jsong,64363061408
jessicaangelinii_,63560014221
jessicaannemoreno,63936645305
jessicaashly,67691608878
jessicagnarly,63412235079
jessicamarieci,63372422248
jessicaphillipsmills,63241227819
jessicavauthor,63440599934
jessidenver,63450556284
jessie._ig,63445131635
jessie.lynelle2,63293654105
jessikays_,69862868372
jessipagel,69235521639
jessparkmoth,68140484481
jesspier80s,63529031582
jessramosdata,63436339297
jesssandate,68767927637
jesswasnthere,63374328268
jesswiththeflex,63071298889
jessy_whitex,63581930617
jesther.tech.corner,65571350671
jesufemi.ojo,63094845522
jesuloba_,63297963803
jesus_ec98,69123481585
jesus_of_suburbia_22,68205386750
jesusmarkian110383,67498774144
jethac,63273741509
jeunecuisiniere,66440729181
jewel327,64129560179
jewelnewsomethin,64738028828
jewelry_one,63036486314
jewelsart22,63088773106
jewelzcandy,63432612967
jexarjexson,63399166213
jezbryan_15,69061709975
jezzlyp,63380086774
jfbland,63283473979
jflax2205,63251069000
jfoxpetersen,68674255227
jfproduction18,72006030432
jfs_imagery,63309921079
jgaspard,63311045450
jgkuester,63666960128
jgove_art,69025273114
jgp_designs,66202846242
jhabibi918,63272390882
jharless__,64608113603
jhay_ad_,63380479741
jhernandez4869,63815545077
jhosep_26z,70415370595
jhoyce_rhinoa,63252223689
jhsaqdha,67209676837
jhsolorzanouio,63250402955
jhudsonlindsey,63468546035
jhuntley65,63421445610
jhzszk21,67033515408
ji.brownie,63479185891
ji.dey,63438046103
jiannegabriel,63229475148
jieroberto_,63308553430
jiggypreneur,63264715656
jiji___jnr,63264658430
jiliwosysalainti,63027599911
jill_o_real,63498704477
jillchasens,65046413435
jillcomart,63283726876
jilldoscher,69934184803
jilllassenlyman,63083358789
jillrward,67657899818
jillsy516,63030559769
jillyenfuego,62861487455
jillysriser,63472388571
jim_odeniyi,63447240252
jimdavisnet,63082289989
jimelobosm,63274629792
jimena22743,66574777865
jimilapointe,63566024630
jimmy_the_fat_controller,63396188974
jimmyedgell,63131245518
jimmyt68,63501462589
jimmyxan27,63162615339
jimpinainteasy,66760410775
jindagikorachana,71554572649
jing.yen03,63438830362
jinupatel1196,63140724835
jionni_aquino,66259743426
jiratcation,64635445320
jistagirl7724,71915568545
jivent.official,71844283548
jj.simpson.5,64127249197
jjackyliang,63156781161
jjconceptsinc,63217151260
jjdoborwrites,63125879808
jjjhawk123,63273928182
jjmorgenroth,63124801254
jjongsta__,63372071889
jjonkfdi,63472587951
jk13t,63884308228
jkdesignict,63400124075
jkhilsinger,70378304565
jkp913,63255818954
jkrollingcc,63778628461
jkt0105,63375291103
jlangdonj88,63549477324
jlarict,63460922185
jlatin_,63448487202
jlfmcnichols,63189250948
jlhumphrey_13_,67020089763
jlkits,63423338850
jlme_loon3y,69075306963
jlothian,63366855486
jlw.xx,63408967908
jmaartenson,63091495518
jmadelined,63136373333
jmbaumgartner2,72099617428
jmdmhc,63020399946
jmelanindreamz,63656520289
jmelea_author,65401730120
jmfinnigan11,68519581702
jmills148,63393447797
jmirandap,63397631649
jmmiller96,64047405287
jmorton0709,72124099581
jmotto1,63127314103
jmspalover,67946366625
jnotrixh,63414638510
jo.___h,63068426662
jo.be.inspired,63123534563
jo.sy6294,65222913588
jo_0hanna,65256465031
jo__ca,63717993012
jo_embling,68946255033
jo_fuss,63270842321
jo_jogermain,71589032358
jo_savage_shi,63148069264
jo_teach30,63372382642
joakpapa,63539862872
joallisonh,63426530852
joanapgoncalves2,63202239038
joanb59,67500403705
joanbettykimo,63653620661
joanderx_,63453492227
joanfihu,63233198111
joaniehelget,67776480112
joanmancini,63280112371
joannealmondphotography,63493914843
joannevwbug,68640056964
joannie_davii,69451406154
joant723,63425633924
joao.matiass,67061009423
joaoantoniomarchini,70467089998
joaopedro_,63403661010
joaovbeutler,63370554058
jobgumba,66912875247
jobsfor.freshers,68706759345
jocelyn.montoya,63129749291
jocie__j,63293224600
jodigroom2019,64889327238
jodioleen,63138124986
jodokushi,63241239641
jody.james.7923,63841551255
jodyallenrealtor,63099967101
jodyhaller,63435114052
jodyjoe325,63087206021
jodz_is_it_,64590647931
joe_bimmers,69931767823
joe_dirty,63610352469
joe_ish_off,63941515875
joealbert1911,69513699432
joecleezycoolkid,63278264859
joedonnewrites,63475451080
joefinchy,63462536891
joeflemingwoodguy,63377916199
joejulthompson,63456771454
joekirmser,63527712616
joelbary,63361203983
joelcuy_17,63132308337
joelkelford,63334008085
joell38,63384709667
joelmuuo_k,68702172329
joemcgill96,63370639452
joemonte9280,63203787028
joenandez,63021383173
joenr76,65675012630
joeprisk,63391671136
joer3is,63439301712
joereyesmusic,63956962168
joes.watches,69017163922
joesmash21,63205783623
joewrightwrites,63121941226
joey_utah,63311281133
joeybass22,63066814876
joeyinps,68892243806
joeyseye,63070884277
johan_14_05,67609764650
johanesalexander2211,64719994343
johanna_fng,63901890345
johanson5860,68832682700
johhannamua,63224206295
john.b.hicks,65135544843
john.engelbrecht.507679,71687441873
john.graybill,63208559478
john.lee7922,70940505155
john.simkins1,63051140616
john_celesk,63077711766
john_fromero,63209599081
john_omina,67970580453
john_senan,63430611231
johnathanaguirre,63075202790
johnawilsontn,63439656370
johnbosco6140,70608591801
johnbrunton1979,71639544563
johnbuckley3,63249711802
johndare_,63368651121
johndoe020202,63255614145
johndsg,65775032757
johnfdohertythebeehiveschool,63865108521
johnjac,63463712978
johnlenardonauthor,63259893297
johnlmix,63714708661
johnna713,69744641030
johnnietreadway,63201295633
johnny_debrah,71454521257
johnny_fracky,67949988501
johnnyman1332,63227683994
johnnymorocko,64463457485
johnnysungs,67651309788
johnnythegeek,63075242775
johnoakdalton,63392644700
johnpaulot.b,70440060313
johnpinon,68723492768
johns__666,66784038248
johnthejames,63025270811
johnweigand,63276493159
johnwilliamson537,63442191957
johnymaxwel,64774801123
joiceborges12,63274496264
join.theanna,70136490334
jojo.jezebel,68769816513
jojobeephoto,63244613844
jojocapp,63419275819
jojodancerphotos,63423602629
jokelly164,64164755873
jokretzler,63401717319
jolada_rotti,68545464200
jolray67,65113342723
jomamma0121,65455707224
jombo.paul,63275438559
jommaintogether,71729161834
jomxri,63159541516
jon.olp17,71920115931
jon_bzt,64088988962
jonas.pabst97,65171080162
jonasdery310,67637329140
jonatancortes1441,63033640667
jonathanadeyemi10,65907969331
jonathanajsmith,63102044000
jonathanbiemond,63422511240
jonathanjoseph_____,65697646575
jonathankalkin,63444206209
jonathankjw,63230485722
jonathansilasbullmusic,64122125697
jonathantbalderas,63380726150
jonathantesser1,63078359287
jonathasbarboza,63394310082
jonelepagan,65929229782
jones._83,68325822413
jonnah.jr,63390990208
jonnieleigh71,63247575820
jonny_stap,66698920092
jonnyhoang,66368662699
jonnypenthouse,66413562253
jonshuler,63479816532
joolz_treasure,63123588586
joostschuur,63469016212
jootylicious,65084377375
joovenogani,63311545825
joramon114,63128821022
joran.lefevere,63686341614
jordan.woods3,63258245358
jordan0air__,68091384018
jordancalhoungarcia,63376837838
jordanrigatoni,64220401772
jordon.cooke,63044727844
jordyfresco,63249753655
jorge.chagas.7,63476338622
jorgedaniel_ac,63107333810
joriann723,69694905110
jormerys_1983,70111168490
jormillz,63267567254
jorpex,68084580238
josackson,68591560512
jose.c.payeras,63294154132
jose.pavon.9256,69858721224
jose_joaquincifuentes_30263377,70723393598
jose_raul_gil,64258845663
joseale_dev,66051719743
joseantoniovenegasver4,69236860207
josecols,63030583523
joseesaanzz06,64048571250
josefelknawy,64416198792
josejindriagop,65308890668
josellzuniga,63426353925
joseluisquintero76,65653439371
joseortiz.io,63097516880
joseph.jibin,69388678146
joseph_sells_enchantment,64127610467
josephdavis6551,66732894810
josephinelipuma,63391703389
josephtheplatypus,63032438116
joseruizgb,63490498077
josh.mccluskey.796,68011718036
josh.mcintyree,64265400255
joshburnstech,63306082033
joshcgriff,63058477036
joshgunnar,63398837871
joshhtal,64242184018
joshrenteria33,63615000331
joshua__msechu,63244061198
joshua_saxe_,63397604331
joshua_wanders_,67106776382
joshuab1922,63283105499
joshuamsteger,68653973813
joshuanewtonn,63263918107
joshuaoyeniyi_,63165510794
joshuaw82,68199610001
joshuwonn,63361261482
josias.mulwila.5,63570715180
josiasschneider,63259687100
josie_gs_,63050543406
josiegdumagpi,70181495469
joss._44,63475481680
jossylados,63440562048
jostudio1,63277594877
joules_16,63234005357
jouquinfox,63403456859
journey_to_the_pit,63092356760
joy_adeotan,63483289480
joyannbrake,67009794131
joycehazlerig,69639173745
joyouslongevity,66327669628
joyphulness,68564648241
jpardiana,62958859587
jpark_photos,66255897120
jpbengemd,69388593814
jpeezy1966,63161650641
jpgoodale,63159773488
jppettinger,63222412015
jqc006,67491388451
jr.jasonfreeman,68825813356
jrhurst2,63392524749
jrix777,63369053035
jrrouse,63262895588
jrsudip96,69740772114
jrvs138,63385391480
js_hickerson,64837909486
jshepard_17,63050022819
jshigley,63097980640
jsimonds02,63471995740
jsingular747,63082651611
jsladek1,63389294136
jsn114,63572845741
jsnowball81,63475129899
jsnsaji,63464139083
jsosary_atm,63432385730
jstagrldarla,63454822917
jstamps1812,64105219687
jstuart555,63252989456
jsusammap,71474884172
jtaylor_ig,63455014766
jthomas_lol,68310941633
jthomasmock,63149093334
jtiverson33,63887558570
jtowlen,63085498059
jtr55408.jr,63144326633
jtrenett90,63293989953
ju_yeon_yoo11,71721943147
juan.f.ponce,63449409545
juan4425alberto,68996354861
juanalbertomartinezmezones,69495863906
juand99,64659843294
juaninam1ll10n,63235371328
juanshocl,63042885132
juanvg1974,63075457971
juarezzagal,65810617157
jubalgmg,63407963470
jubril_akin,62857639958
juby._,63431595458
juca_crimson,65809709313
juco100it,67074590213
juday1ka,63435960237
jude_naturebug,64008509869
judes_paranjothi,63295946775
judi_better_life,67662329050
judithanexisbatistagonzalez,67103503395
juditwrites,63317116618
judycruz777,63861281657
judygaynessebastian_gussiejs,63478363287
judyhandley,63277792909
judykaykotter,69854797938
jufygr,62785295222
juiceconsulting,63137397033
juicyjuice81,65004880237
juju_per_carr,63783619767
jujubella_2016,69065819775
jujuonthat.beat123,66278557237
julia.federizo,63874972076
julia_convery,66733702804
julia_kliavzunyk,72245297986
julia_lbdl,72072529081
juliakweaver,64321662350
julian._18,64096428179
julian.manes,63607248476
julian.the.third,63057926669
julianamenesesh,64885736498
julianasantiago_37,63460826332
juliancreates,63092688960
julianne615,63074314673
juliawallacemakes,63259461782
julie.defeo.design,63745532304
julie.goat,63076030830
julie1grogg,66329634545
julie_glass_,63159334664
julie_imbrattacarte,63524658361
julieblackmusic,63628968944
juliebrin01,64987400072
juliedmissen_author,64638297934
julieemovon_author,62863447280
juliegoodjuliegood,63655304446
juliegossclawson,63444626233
juliejayebird,69617047617
julienellalola,63455184440
julieroyceatx,70168893317
julietemirella,63264111449
julietin2000,63311097070
juliewallacewrites,63091650434
juliewalls.showroom,63381078448
juliewrightmassage,65053609176
juliezstiller,63479280048
julio_runs,63205575443
juliojohnnyh,65344740315
julpauluca,63232691849
julywoman53,67742145288
jumarithesweet,64215514714
jumpinthewater333,63395662330
junecarve,64233432878
junechengx,63067218739
junf89,69014514233
junghoonkay,63475530135
jungranjitsingh,65740747542
junior_socorrista,63461219491
juniorcorona1,70228142921
junjaeu_,63067772274
junkxhauling,66828467601
jupitor2,67423733982
jupsenior,67097289464
jurandirpinheirodecastro,70288773759
juroy_lim,63404631185
jusbrea.mamax2,63300180256
jusdeproon,66286289157
jusmellow,63287259256
just.a.gorll,63458991564
just.ladyme,63274244544
just.robinv,65611498784
just4ease,63434705790
just_aya_oyes,63392102203
just_best_finds,68717217656
just_driecey,63301680863
just_enlight,63071330352
just_for_entertainment13,63133061407
just_jen_n_dae,68991654107
just_mandimae,69899936390
just_trish0716,65635693529
just_veazey,65248242242
justamomintheworld_0910,64210005659
justannief,63255947792
justapoeboyfromapoefamily,63427220750
justasmalltownkansasgirl,63249023294
justbeingnia_,63200847854
justcallme_fern,63405884562
justcody7z,63049197672
justedharris,63105034886
justejykes,67177286416
justfresheee,63445773081
justice4jermaine,63464413535
justice_developer,63885283000
justin.diiaz,63449086076
justin_keener,63079822454
justin_mutunda,64137627533
justinmathew7,63386623805
justinpaulwarren,67590479191
justinshoreks,63425571550
justinstevens96,63559837182
justinwaynekillion,70012095302
justjamesict,63445647206
justjan465,63263531582
justjenjohnson,63500673553
justkeesh80,63072203455
justkellykellykellykelly,63416203260
justmalhar,63296252069
justmeplanning,63088674472
justmeshakey,71981097544
justoneleenda,63153391883
justplainpaul,63452177756
justsayjg,63450833655
justtcallmedomm,63099806133
justvintage4u,63028755401
justwreaths1,63072147578
justynamariaanna,71855736604
juuleessss2.0,66776324537
juwonthetechie,63293929277
juyomo,63941815157
jvalebar,63447231096
jvburnett,63971754118
jvlambers,63311888391
jvlinthacut,64487704697
jwalton_4th,63106928427
jwbict,63297305022
jwdesignofficial,65452776968
jweydeck,68683064971
jwiggi21,63492079848
jwill123,66314392834
jwjwbean,64773456528
jyarmis,63444248782
jyothilakshmiathira,69238276257
jyotiikenjale,63408563735
jypthemiracle,63447653530
k.e.m.i_,63363074689
k.m.m627,71403429347
k.marie017,67025967371
k.peez,63145071661
k.song6555,69454655225
k.ymnii,63387590842
k1mbr1y_,63326355367
k3jerk111,68896162588
k8_dls,65837795397
k8_tracy,63316072720
k8twong85,63516688154
k__stokes,65695166178
k_hack,63406765561
k_ho_kuro,63451929691
k_m1988d,63659736366
k_seguelr,66742787752
kaatrinulrich,63517459825
kaayy_p,70244941608
kacee_who,63333600226
kaceyskorner,66934586335
kachaewon74,69451373059
kaci.blue,63023703165
kaculp123,63449726669
kadenmiyasato,66858045386
kadora.co,69519285906
kadraeallday,63255845760
kaduko,63151686690
kagwenash,64090732123
kaheldigitalservices,70676030024
kai.mattson,70395081822
kaicex,63076563219
kaichen1008_,63258207634
kailasullivan,63254455739
kaileycherisse,63394774891
kaitamine_dreams,66640820576
kaitlmatt,63494440773
kaitlynpaige64,63052836871
kajalldream,63483976725
kajonez98,65799761764
kakakakakvi,63410468967
kakenzie101,63066967459
kalamari95,63147468653
kalenrasheed,63423083405
kalimapus,66356910748
kalimariamoon,63281657974
kaliwood2003,66668516625
kallie_schu,63303627214
kallysperez,63087733974
kalyope.eko.98,66291134207
kame.lia5326,67234486274
kamil_dimililer,63265548864
kamisheldrake,71532536863
kamki7284,63267003697
kamo_devv,63631184576
kamousmepinilla,71009057463
kamranabbas9,63085592857
kandee.kisses,68295842663
kandicenikolephotography,63261257082
kandile71,71711106017
kanekyo8034,63489209577
kangheong,67175167445
kanmi_dipe,63452258619
kanna_venkatesan,63394153362
kannin1123,63437711591
kanphydenz,63469771580
kansandoge,64334235995
kansas_city_kyng,68277189449
kansas_independent,63232829953
kansascupcakeco,65262303631
kansashealthorg,63400109096
kansaskansaskansas,63401019453
kansasmatt12,63454448777
kanu2310,63286532047
kanyazov,69404479823
kanyesouth,66922722915
kao.2004,63101163598
kao_art_drawing,63418123133
kapten_grogg,63628552935
kara_swinney,69079554866
karaevanshunt,69605399624
karafrigon,66408997831
karalis_60,63569380288
karelys_diazp,69750532396
karen.e.huber,72053015937
karen.harrison.14,64210282327
karen.hernandez.b,63054981462
karen_friedland,68040731313
karencarlen,69256366950
karenohughes,63260863818
karenquiltstexas,63443326025
karenshideler,63244175404
karenw328,65421991892
karim_emadl,65865518742
karime.orosco,63024831078
karincalabrese,64680403554
karipov_serik,67651409730
karivelvet,63090990227
karla.chloe,63468569399
karlasastaunik,68278396225
karlea112,63296363143
karlee_a12,64411243644
karleetranslate,63081673266
karly__harrell,70609527147
karmaistleben,64614373068
karmalifecollection,63187601363
karoleehammer,64285377513
karriemariemontz_,63377552626
karsakmelanie,63105436510
karthi.keyan__,63493184117
kartik_gautam_,63472329656
kartikayudhap,63248148309
kartithebody,64289582146
karynren,63548264636
karynreyesb,63072660608
kash.khronicles,63103166137
kashifmajeed400,70322178999
kasielynnt,63401884828
kasim.n.mohamed,63239053985
kasnoni,63416980939
kasperphotography1,63265383261
kasschill,64854284891
kassi_reads_,67843368819
kassierbrown,63470008069
kasson.marroquin,63718633048
kat.doobie,69553838727
katbrede,63098242931
kate.duren,63398823776
kate1957252,63238875159
kate_ausadventure,66398269761
katecarterbrown,63610232006
katephoto___,63246763175
katerinasanders,63079986020
kateshelty,63079825619
kateturner1,63157782634
katharinemix,69009077641
katharinemsully,63274703117
katherine_berkeley_art,68972885774
kathleenkalb,63327392380
kathleenparriss,71249440083
kathleenshanahan11,69688430890
kathlynn76,66743066558
kathrdz81,65928945969
kathryn_e_james,65091609029
kathrynaylabarnes,63062717707
kathrynbouey,63477312476
kathy_watson_art,63466260087
kathybiele,63621397147
kathyjlindberg,63049175428
katie_grover,63074509663
katie_riffel,65780705850
katiecai_,63026927414
katieklb1025,63383086010
katielightfield,63303361493
katiemaher.raw,63266405801
katiesail,64999891783
katilack.exe,65087525322
katpazmino,63407135588
katrinaituarte_48,63259858383
katrinakorolova,70513171673
katrinbaleva,63927313458
katsmediocrelife,63567335207
katsmeyow_,64115753782
katsuyuki_tazumi,72116810373
katycataclysm,68924691463
katyeshorkey,63456480500
katyinthevalley,62858815817
kave614khan215,63216181662
kavee1320,67139439321
kavinprasath.a,71487281327
kavyafatwani4,63624952020
kay_of_sunshine,63849652968
kayakpregnancy,68953918001
kaybabaa,63441809212
kaybnicole,63125016774
kaycodev,63440566952
kaycstayc,70916456849
kaydeegermany,64014284125
kaydeeotaru,63424132766
kaykidskingdom,63362743480
kayla.standfast,63454952500
kayla4u,66796341239
kaylakurucz,63134414342
kayleesi_g,63445363280
kayleethamrin,63055933908
kaylieasf,65098451679
kaymahogany,63106896711
kayrun,63434622818
kayteestewart,63399164369
kaytunez10,63623896198
kayugwuzor,63419322272
kayvantirdad,63096595576
kayverly3,63265568076
kb.southaustin,63309441918
kb_3klipz,70819328886
kbaizer,63139727343
kboodle2,63299868126
kbstillman,66367871153
kbuck.ict,63494513734
kc_lemson,63414870328
kcaywood,62865303119
kccharliebrown,62620877256
kccomedyhub,69020868842
kcerasai,62363177514
kcfringe,63265039244
kcjones5315,63062262881
kconnaghan,63475816499
kcshortes,67580978209
kdeebs_ok,63234733879
kdubbydawg,68302208761
kdwred,64127909688
ke.viz5,63422389796
kea_bea76,63435294538
keciadelene,64685059601
kee_andiv,63076437284
keem773,63415269906
keenes.biz,70208839385
keenethery,63436254241
kegbot62,63368055807
kehinde__a,63924904653
kehinde_aa,67479631137
kehsmichael,64771956333
keibobo,66410830818
keila_andreolle,68380238906
keira.94009,67487427045
keiraleal,63244710503
keironepadayachee,68752062095
keisuke.ugai,63070178603
keitasqkey,70085066299
keith.ocitti,63087421098
keithmcglown,69706747122
keithsteven2024,68981178648
kekebaker,63415708345
kelancarson,63298816260
kelennaa,63244671572
kelitadenver,63419222349
kelithelen,65872224085
kellendrinkswater,63641336483
kellensunderland,63511304586
kelliepinkkk,63247230523
kello_hara,69270965552
kelly.daney07,63427681136
kelly.leegreen,65209526216
kelly11958,67952794663
kelly__peters,63475112063
kellyholmes72,64726261163
kellymariesams,69865288877
kellymsmith,64516143802
kellynopants,63057627561
kellypoukens,63281967017
kellyrourke,69401243434
kellywilliamsart,63054196822
kelmward,63048151520
kelnuts311,70222289922
kelp_prf,65760883470
kels_aparigracias,66240141600
kels_nn,63446912642
kelsey.reanne,63209433517
kelsey_jaeger,64363342020
kelseymarie72999,63442597468
kelseysheppard93,63441397496
kelzz272,63073771116
kemiadeyera__,63293068033
kemisolaaa_,63435255421
ken_kuznia,63404638689
kendrabitches,67516854676
kendraherkimer,63162610725
kendroboto,63133251944
kenkreator,63401878032
kennabehystory,64565480868
kenneth.pope.585,62618327785
kennethmusiclover_official,63710905077
kenny.lema,63387262930
kennyboglia,63143006269
kennyfrancis17,66241233527
kennyfrc,63612936371
kenzie_.lynnae,63137762202
keoofthem,63874521584
kere7810,66837053429
kerikrupp,65555961445
kerinoxio,63476411048
kerosene.snd,63418380992
kerri.cavlovic,70408325989
kerri.hummingbird,68310925044
kerrietyndall,63407181431
kerryd.sing,70151437157
kerrypqueenb,68648902863
kershuthakur_,63062751904
keshavprasath,63258264536
kestrelstory,63073493116
keta81,63255981753
ketchup.jessi,63409700279
keunhei__lee,69707002333
keveman,63271171623
kevin.cowen,67448752161
kevin.mc4,71541457311
kevin.nowlan,63063014809
kevin_il_king12_siciliano,64498972405
kevin_ondialo,63399158493
kevincolborn,63125887958
kevinelong,64630776695
kevinhaynes9041,63308962562
kevinhogan23,63659984417
kevinjeffries_smg,63167501534
kevinkillerrobot,63446142022
kevinpkellyart,63283138674
kevinrichardsonsports,63253186471
kevinshje,63260433762
kevintakano,63056046718
kevnabbey,65122023620
kewlacezh2o,66524121447
key__kelly,69634508524
keyonnataylor20,65444201812
keyrolkreol,65446272764
kezannn,63062629529
kfield603,67617772350
kh.onello,63206455798
khadija.ezzahrany,63523403267
khadinegrantauthor,64370111934
khahn50,63083797793
khaled_dado,64562300039
khaledthebest1266,63305506374
khalile513,63246815067
khalilemerald,63566926275
khanwaqas904,64894029890
khardjosoemarto,63534670040
kharitastos,67575785723
khetsinghy,66898006221
khloe.slggg,72127832832
khmitchem,68737375286
khnguyennn_,63225103063
khogan214,63612752592
kiafmhofficial,66363427125
kibibyte10,64028599163
kibkyo,63530441741
kiddynomite.nzo,63278984606
kidgillis,63368302898
kidslyce,68328889140
kier_stennn,68263157398
kierratanshae__,66586874259
kiiracrush,63139581350
kik_holy_day,63488520998
kikeneri,63233223550
kilioni,63985216687
killbilltx,67098736402
killua_parker,63420410388
kim_carter_15,63613656470
kimbeastly,63364532189
kimberlee9429,69004791209
kimberly.krh,64199089865
kimberlymajernik,63123446385
kimhojune__,63421319213
kimjoffe,63120192451
kimmbberr,63237663116
kimmcgeethewanderer,68328434017
kimpaz425,69557143975
kimphox,63317864524
kimplatt719,65502939523
kimsvocalstudio,64192987832
kimy.scarlett.24,68649346650
kinakohisa,64773845309
kindredcomposer,63900721287
king._kohli_fan,67159038925
king__mikey1508,63389342936
king_aleja,63232069284
king_damian89,67632709606
king_juzo1,63488794232
king_of_tamer,65414225859
king_persevere509,71011150517
kingartie,63410309660
kingbolo___,67515240526
kingg_fatmah,70288526137
kingjames1983,63382574336
kingjmansuo,69902608125
kingjuniorbab,64577711013
kingkeviorr,63089828771
kingkrystoff,63409723477
kings.solomon7,63132516822
kingsberryteam,63251459094
kingtayinspires,63423805146
kingwensel,64625875380
kingwhalshyfyre,65661924617
kingyacka,65120468160
kingz_lyfe3,63217158612
kinkasushibarizakayaca,66496952834
kinky_queeer,67133571003
kipdurney,63053869214
kipperkris,66915381032
kirancreativ,63433265124
kiranraje_2803,63036183915
kirasoleil_,63436577507
kirb_stomping,63279858376
kirit_m_29_,69527679406
kirkpwatson,63493097386
kirsty_e_healey,66417596149
kish_ml,63385123939
kishii.ab,63127373776
kishorehandi,63281099721
kismerrr_,67080328272
kisses_from_a_killjoy_,63463796828
kissmyazzthma99,63439907001
kistijantoro,63066884747
kitazidev,71644997429
kitch1969,65834337375
kitchkatsklutter,69471195480
kittycatkae,67509133548
kittyssecretsnacksorcery,71054154111
kittyta328,65441128531
kiwi_driver_tours,63263084170
kiwikalal,63230790953
kizzydotcom,65124661705
kj_awholevibe,68574607555
kj_model_shoots,63533266990
kj_teck,63408141325
kjham.mp3,62967838336
kjzwrites,63667968109
kk_anushka_sandaruwan,63306426767
kk_boy_tn75,63179021514
kkeel1z,63637992384
kking1967,63138717398
kksacdesign,63087122329
kkyanaandrea,66564793740
kl_rig,63451020015
klarq_kent,63244242549
klawedbytyy,72306609273
kllyliza,63049838860
klschlegel,65186632641
klutzu24,63416485296
klyn_borah,63362668760
kmcg45,65150511600
kmelkight,63438276308
kmhallaa,64293252546
kmiranda1015,67274184644
kmkibble75,63257814058
kmos.88,63497152800
kmsammy,69616521473
kmz66,67632861498
knightblaze_1,63249668186
knighthawk114,63132322493
knittingtopia,63442304708
knottybits_pj,64908749977
knovelprotocol,70854790498
kobadk,63414751709
kobbsmens,69335409616
kobe_y_,63410199402
kohancyo,66375674049
koitohhei,63232883426
koizawa_life,63369279742
koj.koj__,63408741306
koje.development,67610520142
kokoletjenny,63271747123
kokosamer4068,65185384672
kolodieterezinha,71053996304
komesiau,63499496805
kondababu27,69664391874
konstantin.boban,69060551267
kopotakkho_electronics_,65920645871
kopplerbernd,69490797365
korbinrikkole,63954585506
korean_mike,63270140276
korinedwards,63092962676
korr.the.warrior,69372140645
koshuang,63091822506
koszula2502,64656470576
koutrasakis,66970425873
kpandit56,63080942685
kpaxphillips,63547046437
kpcd29,65555437459
kpgretzky,63417684444
kpkenken,63469131061
kpolzounov,63406708578
kr3nk1,63084188424
krav3nmor3,69418581870
kravchenko4686,66449410515
krayolarn,63086601337
krazy_jay83,66220393982
krazz_chef,67472402828
kreativitybykenz,64006522380
kren_hm,63428583519
kreuzbergliebe,65003518982
krewelgirl,68136419031
krhyyme,63252920605
krikkyk,63249729271
kris10bogner,63092936411
kris_walker,63609240308
krisbabe473,72321081697
krisdaviphotography,63319042227
kriseadeh,63201206227
krishna_sai__21,63429004276
krisj_mysteryb,65250326371
krisjimenez,69724994496
krislgooch,63422198386
krispix8,63297954343
krispyxla,63253985882
krissjr_rsl,63985884989
krissyincolor,63414683657
krissymurphy4,63064724642
kristencraft2020,63094281485
kristenlchin,63411566787
kristenmarumoto,63449613828
kristenmcknight,63606016743
kristenthompson22,63458177781
kristiakastens,66293846771
kristianhfoged,63563525222
kristie_uwaya,64742745134
kristiequebbs,66343485513
kristilynnphotography,65111167199
kristin_pep,63155615863
kristin_with_a_capitalk,63032814514
kristiwischnack,64474995797
kriston.dev,63435936557
kristyveleskophotography,64704727615
kriti_g_9,68520334163
krliver,63251525832
krosschicago,65821512527
krosy61,63051093857
krpoo40,67963223956
krunchlein,63910497771
krvyung,67539242094
krysienka321,63858430629
krystalelambert,64021378674
krzyvy,63298533586
ks4isu,65050321567
ks51119,69558742708
ks_ultralightgear,63455702137
kscott520,63031391681
kseniia.design.fairy,63319217469
ksheas,67055374245
kshitij_ai_tools,63293786904
kshitizkhanal7,63446032937
kso_bandz,70194790844
ksooter35,63451661414
ksozgirl,63919759471
kss_homeinspectors,63442023143
kstevens27,63121027852
kt.knilans,63131501773
ktblaisept,69912071511
kteflon,65967834177
ktkartist,63515320330
ktolive72,65069924435
kuatecyrilleblaisetekam,65088169097
kuebikoreads,63425462330
kufre.frank,70246883187
kuirabaa,63218766361
kuljit_sidhu13,63433068290
kuma.attack,63267419621
kumaresen.nair,66735015406
kumxr_997,69453228129
kunal048das,63086256957
kuratorkelli,63094368897
kuromi_glokk_princess,62831147554
kurtriebel,63423954285
kurttrevallionofficial,65242014616
kushwah1080,63288823213
kuwatarou,68721711077
kuyamekel,64374028360
kvgstuff,68368673872
kvngkuti,68851353863
kvparziale_stirlingite,63649144191
kwamepaul30,63078927901
kwch12,66894065737
kwinner0322,70612116982
kwpledger,63477184572
kxtruji,67803377029
kylaaky._,63258523076
kylanichole.c,65934330362
kyle.goderwis,63404228454
kyle.ireton.phd,63490768176
kyle_c.y.h,66260815505
kyle_chiesa,66598730637
kyle_hughes,63047223091
kyle_will949,71978386214
kylejones1095,63285651788
kylekabasares,63204007743
kylelday,67543280586
kylep_kk,63098572667
kylesonlin,63233477680
kyliesaurus_rex,63555322048
kymhunterdesigns,63231306955
kynn17_,66292605073
l.yoly,64378094439
l0dservices,69029504312
l0tus1389,67277303944
l3g3nddary_r3dd27,67015139631
la_woman31,64779555368
laallenva,63436650875
laaye47,66311329919
labeebismail,63107885194
labeyvy,63079002988
labiojc,65050137132
labruja2206,67600604149
laceyrenee_____,70324777506
laceyspray,68699550044
lacoscia__vic,63976707005
lacquasantiera,63572356070
ladan_izadi52,63280665020
laddie21,63238403491
lade_ajibola,70221083431
ladeeps513,63237557923
ladeibuoye,63376462872
ladipoololade,64130626568
lady.of.falling.tree,65879313358
lady_alexandrite_111,64998042693
lady_arty19,66450700767
ladybabyblues,63578748320
ladybrown.3,67420808942
ladydi0410,63457541609
ladyfrancesofyorkshire,70452553373
ladyfrost.ttv,63482171278
ladygigi2u,65489928423
ladyjane830,69376275553
ladyjane9,64007359743
ladyjaye79,63163854757
ladymc322,63928298599
ladyparcifal,66366415951
ladytota87,63253771920
ladyzeke72,63130417896
laetitiacaee,63098165281
lafemmegrecque,63102844481
lagartijaprints,70816229735
laglad,63362128409
laicie,63061836888
laidback_the_don,69646793846
laiitiismael,64182172194
lailacteee,63243103785
lainiehart,63237691083
lakira_bohanna,65709276898
lakshyaaagrawal,63292403322
lalalauralady,63398353910
lalltul,68204099530
laloletechipia,67897029380
lalonie.fox,63900871942
lalora_s_,63461938832
lalrinchhana53,67872650261
lalune_monne,67102149095
lam_dv,63141116642
lamae.art,63314368718
lamonalove,63751594906
lan._wuz1984,63288265755
lanaeck1gmail.com_,68169511916
lancegbf,70387730571
lanceporter,63431680925
landalins,68966786871
landlookersociety,63488855404
landonbarton,63089909309
landryokoye37,72253826054
landspeed_chisenhall,63256974877
langdon813,63454491970
langenbergyvonne,70715487029
languid_abyss,63450096214
lani26croft,64873636594
lanlovettsbakehouse,66765365179
lanneredits,65694519725
lanon1956,63090711705
lanoupha,63265029131
lansky.tech,63099090134
lanybug75,67216235041
lapedagogiadimarta,69903450297
larailalia,63522482011
laraiyass,70253367457
laraphotographer0,68173903403
larisakofficial,64225812656
lariscy_watson_mortageteam,70122040375
larry_banx,63496225096
larryhymes,68087058457
larryrountree_realestate,64242220905
lartpreneur,63309672898
laserlynxx,63580407468
lasha.malania1979,68567147864
lashtemmy,69691270440
last.lovers.left,67514930847
lastellarossadelkinotto,63847095574
lastudiolafayette,63214317707
lasvegaslifestyle_,67689393504
latates,67111408192
lateefaah_l,63415362702
latevihamcnatt_,65189446855
latonyahayles7,64409251846
latoyachenelle,69876705117
latrayonna,68715276897
latuariv.ale,63579573966
laudiee_lou,66331704935
laulaurentiu_vlad,63314894351
launchboxdesign,64575230281
laur_17._,69006264607
laura.papavero,68709873331
laura_bling,63263427324
laura_brianna,63067459220
laura_in_tx,65133722033
laura_k_umma,63312481058
lauraant_,63950901798
lauracohenpt,69791981079
laurak0702,68647989673
laurakelly.qr,63420231866
lauramarie2020,63266605793
lauramerrihew,63124648056
laurapinacoli,67440910847
laurashaneyfelt,63236540226
laurathefones,63409658883
laurawaldro,63403201259
laurawic,63307187181
laurayuzheng,63382736464
laurazapien_7,63479875701
lauren._.sharpe,63105867061
lauren.c.lax,62847917046
lauren.l.david,63434738541
lauren.meow,63003258190
lauren.qv,63187387926
laurenahays,63466577178
laurenai79,63413872469
laurenandmeagan235,64121441417
laurencaseyphd,63307343313
laurencerouesnel,63364115804
laurenpcrane,63055062503
laurenrachelg,66273039886
laurensandersart,63505001590
laurensovereign,63446368296
laurenwandry,64595144493
laurenwheelerbooks,72260320787
lauriero66,63273666525
lavenda_watila,63239603310
lavishdcc,69306519049
law_withyou88,65887638186
lawrencemakumbi,68980291860
laxeykitchen,70178044055
laxmanndhotre,63372447061
laxmi.pant_10,63603512903
layemi_lateju1,63418277457
layla_yamamoto,63411973401
laylaluvs__,63055085109
layne_kimberly68,66401922780
laynepaigee,63083730950
lazarinifreitag,63299338701
lazycat.ai,63460697523
lazyytrick,64427677159
lbarr_lolaxo,69689858735
lboogs1223,63433840785
lcata90,71628114739
ldennisp,63043951374
ldriskapic,67225954193
ldriverc,63100854608
lds1906,63268994821
ldsaboe,69378536059
ldvidh,63432198215
le.git607,66294996401
le.wole,63156078743
le_ann__,63387386654
le_boujee_boheme,63276492160
le_svmuel,63232663256
leadwalrus,63601360824
leah_lavs,63293984232
leahallis,64530887717
leahkdoerflinger,65704134374
leahpeah4,63388933710
leanallllthewayin,66409767083
leanintothegap,63235555314
leapin,63646856943
learnandearnwithvijay,68356434688
learning_with_u_o,63959570468
lebca_92,67538105234
lebon_chirha,63250855396
lecanardzero,63438762227
leckerkaffeebohne,64081576070
ledenisur,63547535306
ledliew,64570552168
lee.curatorr,65339284577
lee_babbyxx3,67074913609
leeannmulford,63612408692
leebweaver,63393693998
leeeluxx,63368117345
leenabodii,64615571892
leennnaaaas,63445821893
leeonygo57,65292610439
leesbeauty_palour,67040561080
leeyateles4,64586645351
leezabettab,63454998797
legarialessandra_,63916113037
lehongthaireal,63042855905
leifu,63657624103
leighpam,63233451256
leilanabuco,70327443307
leilanispage22,65098590118
lekhoa.artist,67443018385
lekxykunle,65789686212
lellaila,63459812666
lelodayungeen,63105362892
lelvin3717,63271427564
lemi1021,64150962101
lemmyg,63048052647
lemon_aa_,63230902539
lemon_aesth,65836232882
len.mortal_,63391183056
lena_lark1,64578915685
lenalea_,63074173728
lendborg_melissa,64247845326
leni_theoneandonly,64142339889
lenkahones,65928032281
lennon_fitzgerald,71501727323
lennox_saint,63278624367
lennyg84,68983827233
leo.yang.77777,63441544514
leo_orta70,63136845503
leogamboaduran,65933282173
leokironvb,68171790296
leomadvisor,63390997962
leon_devontaylor,67037437994
leonakaybilbrey,70245645925
leonalvie,63250708065
leonardodalmagro,63421454600
leonderczynski,63250803505
leonightusdj,63294532280
leonilaalvesb,70140813937
leordalben,63507768605
leosculptur,63543046501
leptir1313,69681848802
lesedi.bgoni,63284654555
lesgars_,63258476195
lesharntaylor,72265365351
lesleyhutton68,63486553701
lesleyschwartz1885,65979239044
leslie.sirora,63285758359
leslie_marie_muhlbach,63099717614
leslieannkraemer,63059134667
leslieeh2023,63448900787
lesliejenkins,67632937169
lesliejonesatx,63525820177
leslielynn05,62943581677
lesman__,63087939994
lessandgreen,63157933278
lesstaver,63425949746
lessthanzero72,63407959146
lessyoulie,63391987351
letandraa_a,63093214721
letashamarie,63234435805
letha_weapon1nonly,64369301372
leticiacampos.art,64568300613
leticiajovani,69555544066
letisia4344,67391773328
letiziaaaa_,63704615611
letmommysleep,63403613210
letphuongdung,63498048678
lets.gossip2,71698058083
letssolveproblem_,68761174052
lettaneely,63077895968
letterstomelly,63097791006
lettres_ouvertes_,63563021544
letty2u,65662572208
levi.destinnee,70881514502
levpcraig,63405179988
lewis.0629,63120627341
lexagirl77,63474020820
lexbeimages,64020379368
lexbex316,66896981462
lexie.zachman,63090334736
lexisoninsta,63254889553
lexissilverstone,68898044901
lexlinkroy,63501695948
lexolas__,67948003205
lextakesthecity,63124356972
lextunell,63382263797
lexxiiee93,70207607212
lexxxinstereo,63120793284
lexy_anne_83,68761890346
lfallara,65247223642
lfinucane,63088218316
lgm1908,68322105816
lgusmartins,63021127870
lhaideybugs,65524371073
liaelm,67148335767
liamejohnston,63650856099
liamhayes93,63282730176
liampassion,63222551737
lianirsandria,70230975808
liasia28,63277869899
libraryparkinglot,63254729130
licencas_saruefilhos,69243508631
lid_bean,65021872330
lidyabarbara,63423502650
lieslmen,68179706847
liessylush,63232862953
life.inthecrowsnest,69539786663
life.of.davidson,63440888792
life.of.l__1906,63396341305
life_agile_coach,66815179262
life_is_beautiful.6,63327723866
lifeatnaamche,63406180394
lifebybreanna,68770649259
lifeindetaill,68678601053
lifeisgreatestforsure,63099177123
lifeofdymphna,63281538377
lifeofeskayy,63033254212
lifeofnate.__,66259641234
lifestylemystic,64767324254
lifetime_adventure9,68112870252
lifewineandbooks,63365287556
lifewith_dara_,63363488366
lifewith_kierra,65117085178
lifewithdes,63122798747
lightfire444,63855661604
lighthouseengravers,70856342468
lightpink_4,63422579343
lightskintattedup,63472849653
liibert.y,63131595841
lil_boss_mommy24,66065135699
lil_kat_06,68882195868
lil_scoota2021,69758490729
lilaclvnv,63224566937
lilacsantiques,63495705794
lilaperanteau,63095567036
lilawaro,65089232941
lilbmx702,63077781234
lildecaffeinated,63122188530
lildevilz247,63074925167
lilhoneybuttereats,63492601888
lili.m.onroe,62861327566
lili_5.3,68890912339
liliabeee,63094209386
lilianaurbina08,64447719317
liliancheongofficial,71417551792
liliuh2,69982279769
lillyandhendrix,67874225236
lilnate8057,63385954703
lilswayclientkeg,63136517059
lilvil___,64121259802
lilyayanaa,63387944514
lilyaymelek,63264123630
lilybradleyyy,65937755147
lilyeustace,69401860070
lilyjohnasson,66928859231
lilystrations_,67613895123
liminal.angel,63440389144
limitless.inspections,63244999424
linajamilah_gold,70223924643
linaloveslviv,63563540608
linasinhermood,65711478362
lincoln.neighbors,65422196551
lincoln0206199429,63502801618
linda.conners77964,66503751779
linda.loves.tech,65069152132
linda.malott_realtor,63124500332
lindajoplin,63421547813
lindalbrobeck,63495664355
lindapierce303,63446181145
lindarazrhmt,63207262900
lindawegmannart,65331162653
linds_rose07,63268509258
lindsaelizabeth,63261344014
lindsay.villandry,64332677385
lindsay_hart_healing,63428669257
lindsayatx,69076644322
lindsaybionic,63452443546
lindsayfordfranklin,63371846946
lindseylouv,68172030165
lindss.11,67008480760
lindylou_musicmama,63343661010
linkid91,65106006045
linlizas_parlour,63033391824
linpibo15,71236305981
linvanessa_,65371425727
liny_fs,68372529195
lionaruc,65110255031
liplocttt,63305537168
lipstick_ranch,63099458481
lir.yen,63440647017
liriodosvalesyt,63143469435
lisa.danne.baker,65186265486
lisa_pfoser_7,71444392682
lisa_sacred.light.healing,63248158399
lisabystarlight,63217205839
lisaclamens,63248067654
lisacoogias,63076265413
lisafaydickison,63466257663
lisagordoncsusb_mktgdept,63478586043
lisainsask,65118297563
lisajanine13,66810503904
lisajdigitaldreams,71062243375
lisajeanneyost,67487756099
lisalovelylife66,63223468445
lisamarystevensphotography,66905778849
lisamckean63,63097548063
lisamich82,66911296151
lisamorrisseyart,63385203607
lisamtoy,67550286835
lisandra.cblo,63440688905
lisaseidl_music,64179993377
lisastern,63364193847
lisawaltonartist,70142447317
lisha_olaseye,64919473294
listenretreats,71660143279
lisy_model,63717937015
lisymichael,63084439035
litsterdan,67003780090
little_g_tx,69932590477
little_ghost3_,64230107243
little_unsteady___,63141330986
littlefieldkoch,63206095148
littlejetplane,63448791002
littlelatinaatx,63049846977
littlelyonsmama,63383450356
littlemissthisandco,63388740199
livdavis09,63974905069
livelaughlovelisalisa,65094751043
liverdub1969,64109181890
living_my_bestlife_124,69076774556
livingashepardlife,65485163285
livvybivvygirl,67052260968
liyabonaa_m,63231365249
liyah_icyy,66133584020
liz.mcgaha24,63444772236
liz_can_fly,63493832145
liza_soto76,68230361667
lizahiatt,63064955182
lizdao88,69755529879
lizethnancy02,63029430683
lizettejoan,63397317490
lizetteme,63050615095
lizhamorislivingloveoutloud,67542160824
lizwas,63454584769
lizzieb_genx,65874642317
lizzietlc81,63080874278
lizzy.xstar,66396550341
lizzyakadi,63501113403
lizzyanastasis,63715049014
lizzyks1024,63429829549
lizzymay1022,71134321744
ljayconcept,67706339350
ljberrigan,63090621158
ljk_24,63552049932
ljloiselle,68911914639
ljsinaustin,64666618759
lkerstingict,63245853739
lkhby4330,63071687248
lkohls01,68124036361
lky1212,63270466701
ll_drenfroe,68942778964
llbt956,63290810908
llewellynsiduna,68606184106
llgar.sae,70083604765
lliissaa76,63058659724
lllluiullll,67997748354
lloydhollins2012,63307809555
lmorris_writer,63426158397
lmshb2024,68783505215
lmt_mila0204,63163066236
lmurondeza,69614843509
lmvoppedroso,63993964493
lnmberia,69294506595
lnrewa,63084724320
lnwalt,65927282349
lo_ma_go,68775463870
lo_sackreligious,63372879012
loadingdrcandy,67861057950
loansau.official,69817141608
locatelli.stefano.qt,63244108976
locd.n.lovebybelle,68332826284
locd_in_godslove,63168206592
locd_n_loved78,65479410388
locd_soles,64674629455
locnessproduction,63579739193
locs_and_lessons,70336816956
locs_n_beyond_,68901706805
lodhok,66304869402
loewenjill,63398485259
loezgem,66678072077
lofi_said,63085182714
logan.dhiraj.ad,63438039522
logancyang,63233563180
logans60,62851149423
logbasex,64934320609
logicalwonderz,69043119902
lola.amelia.a,63612377207
lola__lou__,66749390946
lola_oyus,63449740512
lola_shares,68174977048
lolamont79,63660264029
lombardi8076,66312672990
lomingisaman,69283091700
london.elizabeth,63432862656
london.m.harris,69017883058
longlivegoldenboy,67046477219
longmanyo,63527985637
lonnieaftermidnight,63270641974
lonricck,63745513205
lookthroughmyeyes,64654601267
loolie21l,63386739670
loomisk101,64105512384
loooveanni_,63253070103
loop820,68263124663
loopysplace,63309794516
lopri.hours,63907146414
lopsicologorunner,63577364024
loquenuncatecuento,69050274708
lord_david68,66559232636
lordvoidx,63309856483
lordyhwach_0,63391257860
lordzigzagallah,68942174619
lorenbelew,65098156197
lorencohykaa,63222208203
lorenzini_jp,64612354641
lorenzo_castoldi,63889187065
lorenzodalmazzo,64147082553
lorenzodanzieri,63262869573
lori_santo_,63442759573
loriblackburnstl,63499377888
loribuselt,67587976076
lorihicksrealtor,63885726281
lorijones93,63264662656
losingtofindlife,68705997206
lospadillas17,63410415835
lostartict,65054844324
lostboy0427,68891751326
lostincoderland,63275794232
lostuisauce,70616667192
lothomas07,69813490419
loud_light,63433732882
loudangrymusic,63222293300
loudtaulkinturtledove,68046732129
louiehaydenhurt,63225679261
louis.builds.ai.agents,63251043060
louisa_7_holland,64226900000
louisngatale,63501488721
louizamartinez24,70939520264
loupiggy085,63445776875
lourdes_rodrigues_de_sousa_,67973387820
lovasplash,70538673797
love2hatedk,72116346787
love_our_backyard,63457373901
love_thegame_,63487554532
loveclairepia,63311770672
lovee_lost,63286842950
lovelacecoding,63401109960
lovely.kenzieee._,66922874345
lovelylifeglimpses,63443890000
lovemsgorgeous,63450008032
loveridgemia,63467193049
lovesmagicnature,63026407149
lovesmagicuniverse,66393265019
lovey_sinni,72006323825
loveyourwifewell,63093961089
lovinghomedecorco,71293716448
lovingyouyesyou,69372960642
low_bandwagon,63424129732
lqdrbwshmybd,69555554683
lra2107,66324370653
ls.casini,63360312010
ltlovering,65426154391
ltracunas,66528689154
ltravelingmerchant,63032094912
luanbrao,66375196229
luanettaa,63913472413
lubbockleft,63328760326
lubiarsada,63394990262
luc_ai_insights,63440701890
luc_constantin,63278670573
luc_delattre,63566421802
luca.cimaroli,63693812763
luca.marke,63574147595
luca__ausilio,63542356904
luca_oberwasser,65966122085
lucas.chennn,63218711043
lucas.heverly,63270446482
lucas_a_meyer,63062975385
lucasam_t,63232498925
lucasnavarroschlegel,66447335932
lucasrezza,65440240971
lucasroman.mloka,67163071248
lucasswed,63701953412
lucaswavi_,63057237304
luchaaavandross,63376646951
luchunhsian,63875618029
lucianacolella__,69061403851
lucid_voyager,63405639810
lucifersakai,63105166255
lucindarose1313,66791524923
lucke.stephen,63253725944
lucky1190_,63099347482
luckyl1111,68308227005
luckymcelfresh,63073980308
luckyphotoig,63380303287
lucreziamapellimua,63430643177
lucyelijah__ayn5ft6,67514508939
lucyfro,63096358635
lucyhpearce,63857471369
lucyinfinityx,66044511768
lucyroseslife,63097690618
ludovica_mecozzi_,63744960883
ludovicadeleva,63257156799
luffy_1.5_,63461168241
lufuoena,63462321626
luiginacaraccio,63730016904
luis_fidel,63381726739
luis_severo_,63126422389
luiscepeda269,70083638747
luisdetrejo,63472939556
lukas_c_e_c,63097387206
lukatphil,68757545599
lukepreece5,66332556733
lukmanonge,68926428276
lulu_lehmann_,67613878297
lulucitron,63045780560
luluisblue_,63397588437
luluismyname55,67059320855
lulutakespictures_,63456110288
lumbanso7,63059804021
lumeaparintilor,69731704050
lumi.neons_lights_tcg,65231976831
lumilumi6363,63405235517
luminalytics,70885080637
luminous_spark1,63451347196
lunagirlfriday,63440791636
lunahairstudio,63290024533
lunanoir52,69534654496
lunaquilts,63382558804
lunarscorpio_,63630176545
lungi_maile,63125676333
lupa_nil,63661224160
lupe_camarillo_777,63956294004
lusbnz_,63459729357
lutherking1_1_,63411332473
lutravels111,63411939050
luv.ka3,63409190448
luv.viridi,63093770330
luv.yall82,62986255203
luvelyapril_,64443070697
luvlucky_1,63083075542
luwa_vi,70358470781
luxochainofficial,63916867637
luzi_shares,71336735017
lvdmaaten,63450603149
lvspacefan,63245377767
lxxlawliet,63060547236
lychasalchicha,63208343426
lydia_mmink_lydia,68286285806
lyhimages,71216245162
lyingwithstats,63097321634
lyliana1277,63843145317
lync3_,65897592674
lyndonperry,63480368936
lyndsaylazybones,63281017275
lynettecampbelltextileart,69055227179
lynn.gwn,63380134537
lynnsanittyy,63403962964
lynnyleigh,66130699620
lyonscreeklocal,64265828246
lyriclove22,67283829983
m.arya.m05,67581414473
m.bajkowski,63099868823
m.ele_nora,66727438457
m.fistra,64752375408
m.goddessintheflesh,63606240738
m.o.j.o.s,63460045066
m.prowler,63423105982
m.rae.c96921,63431914185
m.walken420,63070306885
m0n0x41d,63382834699
m0nty9o,63101107855
m1ngle,63267665161
m33kish,63386246468
m4rkgrech,63861245533
m_3media,63072667023
m_a_h_a_k_a_s_h,66371361936
m_elodious,66551984822
m_iqbal_ibrahim,67991039034
m_o_h_s_s_i_n_e_v2,68819158045
m_o_j_i_s_o_l_a_,63044541724
m_s_kamal_7,63411894850
m_v.i.p_tz,63272399945
m_vince,63079417763
m_wenzlick,67131345045
ma310_4516,64669740230
ma356728,69702905882
ma7moudalagamy,63265882454
ma_r.i.e,63388335437
maahipriyanka,63454168659
mabrasm,63383369874
maca.jezabel,63241052810
macdeity,63084614407
macgregor7894,63064470626
machinestein,63407644902
macilynn.913,63100834585
macjawny,63294395810
macjulia,65120455370
mackaber,63435844388
mackensie.cornelius,63443293530
mackieatmyhouse,63423876041
macklinbradford,70420842859
mackliving_,63627432531
mackmyke9018,63425495558
macpuffins,63488865722
macramebeme,63145997114
madam_shilah,63286196179
madamicella_sasa,65975521425
madamsinaga,67163782008
madamswriter,63686421176
madanthaper,70232465897
maddie.codes,63273782527
maddie.poptart246,70083360901
maddisonchantangsu,69389593863
maddog852rs,63172095461
maddymay1111,69541009691
madebyrichi,63286072672
madeia_,68359898135
madeleine_albert_,63381944611
madelyn_haught,63326976272
mademoiselle_hirondelle,63715377094
mademoiselle_milla,63291416240
madennis8,69710282553
madface235st,70367544431
madflojo,63052365229
madfrolfer,69900407404
madgeface,63225558111
madhankodumudi,63077379326
madi.aidarkulov,72037722542
madimebaloyi_,63501784354
madina_sabitqyzy,63454056945
madisonpalmer_music,63314608216
madisontucker2000,66867130839
madlylovely_,63048343505
madstitcher20,63923060019
madwoman1028,63436512338
madwoman222,63308335051
maeliny,63430607050
mafiya__mitul__bha__king__007,67122677336
magan_kelly_earnshaw,67248479796
magda.em.cee,63403991077
magdaeos_caes,65732435319
maggettoandrea,63514940754
maggie9611,67062004609
maggie_eeee_20,63251632178
maggieannmotivational,69376278533
maggiemae6116,66129478785
maggienifica,63104556005
maggy_ombre_eyebrows_,65102355353
maggyhiltner,68086221574
magically_lost_at_sea,63523171015
magiccaravanaustin,65935491225
magillsgiggles,63459082082
maglomaglo46,63278942538
magneticsteel1,64175389368
magnificentessence,72132800912
magnoliareadings,69026737728
magnus_the_red,63435826872
magpiegemstones,63140923891
mags_tsek,64769324173
maguuch,63371254295
mah_khoder,63038798002
maha_fane,66941780612
mahavatoo,66304111884
mahdi_fersi,63085341103
mahdisaleh.kfj,63442071727
mahek_mishra,69818008326
mahmoodi738,70591462765
mahnoor_22,63453195541
mahoney_003,64562587000
mahotei0,63145695363
mai19870623,63093743437
maiatries,63238042767
maiden.chinah,63252538726
mainagibsonke,63398613251
maiolinisanches,68787852446
maisarah1017,67727466203
maisdoherty,72169457012
maitaylor01,63401036079
majd.aryan,63378150177
majonesiv,63477042344
majorbenbo,63470648531
majorization1,70409704373
majorlabl,63427066569
majortom303,63245467613
majstoridoo,63262418567
mak_inwaa,63050708226
makaih.dom,67446690024
make_it_with_krissie,63321058296
makefish.work,63253082233
makenzirockers,63210959044
makenzycarter,63333824319
makerbun,63424806352
makeshiftuniverse,63307386946
makeupfetish,63432876638
malcolm_elshabab_x,63430095224
malgorzata_cegielska,66356963357
maliab,65334506422
malibutravelbooking,66006935108
malikrishi1606,66762804148
malkialauren,63435558194
malo_mtn,65241650904
malorylane,68200484680
mama_mettlen,68828326539
mamadieter,63083521567
mamadye1984,63375782662
mamafoxnm,64635631858
mamafoxof3,63092480764
mamagxoxo,69941527079
mamahunley,63032431059
mamajenng77,63466017585
mamakella88,66284080490
mamalamaneustupa,63074756139
mamali.fathi7391,67625861255
mamas1962,67463103419
mamat226,63959421392
mameta_001,65102628077
mami_milkdudz,68025756418
mamichampu,68682676516
mamutealfa52023,70294434233
manage_marriage,72251835576
manajae_,67218451747
manalikg,63098801113
manamidori0707,63068436163
mancavemasters,66210423508
mancha_tong,69365731346
mancusito_,63860437371
mandanaemamhadi,68268709465
mandarrrrgh,63265823392
manderson.sh,69790000698
mandie_is_tired,71949361104
mandijune17,65659275652
mandilee_m,64298962330
mandy.loraine,66071150133
mandyrexina,63242476217
mandzy_23,63277733651
manel__sam,63276084808
manginobrioches,63249828839
manglam_shubham,64407165628
manhphim,63880782869
manictrashcan,63434921136
manideep_pellimari,69539524934
manifesting_abundance2day,71729668145
manifesto_pfs,72001226482
manikanta6928,68649150265
manikrathee,63414086258
maniscalcoantonio1975,64086352259
manlike_gabby,63279752932
mannam.mohanrao,67211832625
mannatmkm,69625333032
manningstagram.v,63214798057
manny663,64970736004
manny_the_mo,63451644276
manoloswrld,63224182212
manrique782,70592742312
mant.udash,63252084047
manti_menna,64224949353
mantruc,63397819260
manu.el.boludo,64652280007
manuel.luna.127201,64244851729
manuel.morais.63,66797955840
manuela.fiori.creative,66167180204
manuelasandoval1561,68711518773
manuelcarrasco2013,63446249137
manuella_azzi,63446928740
manufebie,64052464765
manuvaglez,63403883676
manyafrika,63441756778
mar_____yam23,71852234903
maracanda,63457780409
marbarceloscos,66324614349
marc_english,63518884832
marccodess,63480699129
marcelloj.silva,63394176284
marciacristinaschwartz21,63265621067
marciak,63058291975
marciemeow,63436156100
marcin.krzyzanowski,63061955930
marckdev,63841903327
marcmason115,68176987090
marco.m9494,71085890417
marco.mendao,65882970676
marco.saba___,63905611603
marco_monogatari,64767087413
marco_muraa,63248805348
marcoaghilardi1961,70811675180
marcocustodiotendencia,71693160606
marcodegiorgio70,63982526414
marcojaramillo338,67348039185
marcopracuccii,63527743857
marcorh_,63417508312
marcos_vinicius_machado,69472227940
marcoschiesaro_sindaco,64253898509
marcpalmerdev,63403116104
marcsky2016,63617424715
marcslove,63095262819
marcus_kanash,63536485796
marcusfborba,63282353922
marcushawke,68361680457
marcusthegreat38,67030669111
mare_dawg06,71679870247
marebirk,63251766502
marelyn_alcantara10,63209167894
mareofsullivan,67079946470
mareshah_shepard,67967284125
margaret_daniela,63438164452
margaret_unusual,63271057428
margarrrita_,63040039575
marge_dapo,63130317233
margiesgarden,66104200151
margolynnelee_textile_artist,66367609444
margot_o_o_o,63283276093
margotdurkin,63281870813
mari_annie_ojeda,62999263339
mari_tuula,67203963728
maria.antoniak,63263954426
maria.oliveira_60,71443103854
maria_ilza_s_7495,66802467058
mariabelentirasol2023,63075159034
mariaburnadeth,63440824925
mariadejesus815,66918075841
mariadosocorro.pereira.1840070,69508346647
mariaelenacorradini28,64197170822
mariahclair,63058181084
mariahjrogers,63252218352
marialena105,63600312985
marialuigia.mh,62980551588
mariam_sw42,70137241227
mariamarleiderabelodasilva,67459569278
mariamkabirzara,63046471278
mariamoyolola,63414284823
mariana.beija,67046713686
marianagamah,63261475108
marianamelx,69273779417
marianatechacademy,64209243639
marianeuzajeronymo,69483628577
mariannaevansyoga,67561280276
marianne_mccarthy_designs,66977098189
mariarosa.mfb2,70904005286
mariatina.greco,63703015805
mariayca,64029090140
maribeths.jacob,70671152485
maricruzcarlton,63619992121
marie.barker678,63387201976
marieart.dk,64430317562
mariecotter1979,63432214919
marierao,63062909064
marietaylin,63257707081
mariettduh,63365803015
mariiomateoss_,67651422723
marik_ivy,63084742483
marika.camm,63242316546
marim_596,66284645138
marina_samy225,63456312228
marinaleitecabrera,65935649039
marinamarzulli,64042371598
marinbillionis,63258203484
mariniambarsari,63642254762
mario.__.dauria,62992862702
mario.no.sekai,63077852081
mario24757,63465893538
mario_vqa,63397365088
mariotarasini,69725588407
mariposa_d.p,68275441452
mariposa_devine,64113025673
marips,63496390595
marisa_kimonojazz,66271093295
marisareginakipper,70241215817
marisoldegado01,63104084420
maritaatorraco,63533572498
mark.shapiro1,63418746129
mark.spencer.esp,63257207625
mark_michailin,72043306196
mark_r_vickers,63285454611
mark_thompson2176,63238451805
markaysthename,66138119704
markcariker,63414243539
markcowardinsculpture,63228812611
markdavenport328,63440948722
markdurrenberger,63149342236
markdwaldron,65427537892
markelzur.p,63098396765
markerpenc,72013571196
marketaempire,66495960258
markheynen,63069986819
markhorner,63104118765
markieridgway,63124797135
markmiller6065,67729872180
marknca,63471483735
marko.p.radojcic,63520429522
markrussellwoodturner,64110603531
marksfisher3,65360168880
marksimi,63421484644
marksuttonrpt,67388917782
marleen_24_7,64005677465
marlenegtz,63301475102
marles_stjames,68840742976
marleygoodnight,67374641494
marlonpaulorech5,69098959946
marmy_alfry,64459727054
marquetta_atkins,62861119635
marquitosmx,63455533744
marrydeth,63303593551
marryefrancessca,63057484224
marsally498,68254753656
marshall.flores,63492185329
marshallaross,63078227275
marshalmallowplays,63093313536
marshmarlo16,63451100087
mart_rodrgz_adrian,63237506307
martamariac2,70925674196
martavalli,63885631399
marthabmarshall,63467467025
martin_skorvan,63287120405
martina.dipinto,63773944374
martinb44,68967628257
martinbarreto142,68781723238
martincellista,68107073619
martinezkenn,63562088840
martinhajovsky,63438673369
martini_peligrini,65897402589
martinlaschkolnig,68290906223
martinossar,65567939606
martinsanchez5534,63292745106
martinsphillip,63122252886
martinthomas47,67583585929
martuduran,66420785732
martus1978,63881803812
marty_didonna,63252624158
maruanadelsaabrichani,67466402041
marvelignite,63433009884
marvellousamani,71834215785
marvielocks,69810691824
marvisaileen_,68833638689
marwan_9h,63075342683
mary.5_creativeheart,68895962547
mary.l.wilson.927,68598921160
mary.stasulis.ayers,69518012549
mary.tabata,63396704464
mary_ikudehin,63124183765
mary_pointstheway,63312347315
mary_silvestri96,63901289806
mary_tosho,63334724936
maryann__o,67077002592
maryann_rhodxx,72503172663
maryanncasipongmaglaque,71425528372
maryk.phelan,65856315715
maryluz.palencia,70380355887
marymackenzie37,67454019111
marymargaret_gray,63317575958
maryminenna76,67836630134
marypat1935,63438111666
maryquitemerry,63101842457
maryrose_97,63924633039
marysojuanna,71282431219
marytamasiunas,70088283974
maryullmer,63076789200
maryyyy_john,63225199505
mas.amar.id,63383093701
masa_88w650,70433296094
masamin.id,63474291578
masboy74,63160294271
maserati_trill,63613064951
mask_idol,67876426811
maskxplorer,63161359577
masmith0719,63851007934
mason.deathforms,62885823941
massagebeemama50,66875895018
massgiek,63262479295
massi8686,65801817453
massimilianomangione,63894194641
massimo.ost,69953694457
massimo.sandal,63728080632
masterpiecerestoration_,72041418177
mastp71764,63052526154
matadoraguante,68943031088
matcha_lxtte,67455556256
matdmiller,63400413279
mateus_araujoo1,63499144990
math.randria,63863117213
matheus_rozeta13,66911235489
matheus_tips_100,66614917567
matheusjcandido,63056253792
mathias_boje_,64964184723
mathzdev,63448851706
matiasjuanm,63103152465
matic3d,63317984643
matilde_nov,64387039524
matish_aslan,63446737678
matsonj_v2,63255685410
matt.farmer.mo,63223165989
matteakonker,63412364647
matteo_achenza.1,64106666729
matteo_rapo,62975855148
matteo_volpone,63701335261
matteobalzani,63463059721
matteotemperini,64202873647
mattesonpart3,67307387043
mattfiford,64598168804
matthew.taylor.photography,63452054452
matthewdalbertson,63126653816
matthewhessing,63241948134
matthewhilyardstudio,70610126532
matthewjonsmith,67964957054
matthewryanwalton,64242954954
matthewsena88,67566808174
matthiaspetzl,70128417433
mattia_magno.93,63843702517
mattiamei__,63905434374
mattictkc,63516696170
mattmc1127,65223042974
mattmucklm,63050173463
mattschloneger,68971006367
mattsheehanmusic_,63956665847
mattsunbulli,63295852216
mattturck,63448501212
mattydems,63418122165
mattys.tech,63092526771
mattzatorski,63071723871
mattzocc,68080262154
matua.prof,63439188961
maturely_,63447726462
maureen.pennels,66728407288
maureenanndriscoll,65172495235
maureenllc,64483766140
maurice_5218,70232727880
mauricioisbad,63390303083
mauriciolopezofficial,67045144648
maurobuse,66973506578
mauruspinguinus,63842383823
mawadaalexander,63292259956
max.omina,63405062398
maxim.mackenzy,65151786353
maximumjamez,63438123815
maxmiri,63226424012
maxwellandrews42,63303017129
may.bria,63311049408
maya.saralee,72046727958
mayaisxyz,63276247704
maybemonika,63123309226
maychang77,71599814102
mayeddddddddddd,64660011799
mayo.adeniyi,63429446811
mayomi_tee,63445161605
mayoorpsalmz,63467090251
mayorbrent1,65063699370
mayorex23,63061659674
mayowa_og,63465498570
maypighettigetlucky,67104857775
mayra_vene_,65837689153
mayraa.zamoraa,63447230086
mays_eyephone,63239885751
mayurcb,63093673762
mazenassfour,63299138559
mazi_chukumezi,63301210755
mazi_kelvin_uchenna,63997771670
maziiimusic,63166038128
mazorlori,63458451613
mbahareth,63455922727
mbeke_mwesh,63420628432
mbetobongjohn,63041694572
mbgasmi,71645584438
mbmartineboulanger,70137483468
mbrigida88,70096732621
mbyepes55,69511918792
mc_uriel29,64743206667
mcbrooksart,63264090274
mccarty.billie,63430302725
mccoy_rockford,63616208468
mccrayfamilyrealestate,63091325956
mccrory.d,63066037934
mccullough_oc,67408685779
mcelroy.mk,65173027502
mcewenar,63139131737
mcgrawdesign,63130057400
mclaire1957,70594767182
mcmackmusic,66040966778
mcolleen3,63408179703
mcooper417,67175720280
mcpoundc,72059477038
mcrothstein,63092680537
mcroydon,63318368534
mcryinglaughing,63882451456
mcs32757,68976973868
mcspnurse,69515892696
mcueharajobs,68643079325
mcundy83,66409354368
md_sarfaraz_ansari_1996,63491536532
mda.jet.1,63269892808
mdale1031,67102105197
mdcreates,67406072343
mdirfanirfan983,65842862372
mdmgeek,63432869778
mdmoner97md,67758739422
mdmonoarulislammukul,62832052189
mdnasiruddin.uddin.3762,68342479229
mdnorine,64972472263
me.as.polly,63532426708
me.shahaan,63101496588
me_tamilselvan,63257043222
meanbeansuzay,63467426348
meaneyedwillis,63048972620
meatballbaz,63029039426
meckylytoz,66135199566
medassist1969,69166521183
medazzled,63986650146
medeiros1776,63143300904
mediahometours,63412583958
mediamoon,63443738878
medicalworldwithgrey,72082140997
medini_v,72166145681
meditation_with_tasha,69682014630
medium456786678,65552399428
medoatbib,67995886232
meechiex1,63373241854
meetjmb,63242119628
meetlordnova,71684819528
meg.an.ne,63086934883
meg.elizabethsc,67080237112
meg.reed.710,65907292028
mega.south,63051374631
mega_lauren,63236054905
megabeth5,63638262613
megaeralwrites,63309816372
megahurtz121,63322776258
megankyle38,65870280465
meganrayetc,64040469905
megatekictacademy,69530925172
megglynn1983,68238480629
meghansherlyn.hc5yg6,67240917204
megin607,63251415374
megliz814,67594778642
meglovely,63233930775
megnbrwn,63416566077
mehdi_moghaddam47,63221470353
mehrad_25s,63438855378
mehreen8429,63202223179
mehulsavadiya,66849086369
meiageddes,66669777390
meikacrumbles,63456867707
meikan.prado,63433530351
meimur,63271278502
mel_issa_4,63969388853
melanieapancoast,63247895211
melaniedarden_,63476049618
melaniejbjugan,63449868786
melanieladdington,63486441174
melaniesgallo,65071722070
melanin_moonshine,70823100435
melanintravelsmagic,63425779527
melanyimbrechts,66387745181
melekbekai,63100058138
melgiescakes,67691066859
melinda193,70401836104
melindajweis,66243867994
melisnmike03,64867225432
melissa.mcbride.73345,63919137696
melissaboreal_art,69776609011
melissaharran,63465155635
melissaklob,63627704697
melissalovetristan,69196961911
melissaluna00,63478722431
melissamgillen,66814557770
melissaminnix,65562487164
melissamvigil,63439418482
melissap,63318753279
melissaromehomerealtestate,63100862173
mell00w,63362559796
mellow_moon4,63147913788
melmcclell,63286744247
melo_malebo,63266521703
melodieuxofficial,63073085957
melodiewoerman,63600064459
melodymccraymillerusd259,63134596895
melodymoon_model,66263125935
melogreen90,63555499088
melvin_rossrio_almonte,63263104878
mem_0026,63511515323
meme_.zania,71848260163
meme_page_god7,72044483189
memonotorious,63649768551
memory_leak101,63132876559
memphiz_made_me,68349654345
memphizzmarc901,63263601231
menace_life,66720198339
mendculture,63143527874
mendi44.tm,70561334608
mentasha_,63136938156
meraculous88,63059453936
meranibunni,63505367898
mercedeesbettis,66378848981
mercedes.been,63973085177
merciphilly,63857840052
mercurygq1,70638918091
mercuryqueen1,63310744124
mercurysulfurandsalt,67547572612
mercyblackstarr,68027286491
meredithctrexler,63387624410
mereleestar,67465429859
merenwenz,63261318666
mericano1,72101497713
meriemelmasbahi,70451714560
merki1930,63156950684
mermaidmedspa,68847987508
mermaidsoncapecod,63046013984
meroni.dev,63891565515
merriber,68765962734
merrilgil,63085644233
merrmaid.megan,65577996786
merrowmachine,63476032718
merrymaryinmaine,63218711947
merubi2s,63211453042
merwinbray,63286521155
meseis2003,63893922520
messa0925,65623469201
metal.druid,65351568348
metal_muscles_muerte,69699011641
metalmorphosestudio,65114405545
metamutator,63218935979
metasonics,63450097994
metasynchronic,62882862090
meteoraerrante,64179731233
meti_bayissa,63471202141
metodoforza,68502899194
metosie,63683902907
metreay._.lulilove,63384274211
metroonthego__,64180658903
meughmore,64379670451
meunomeemarii,64325757191
mew56_lainie,63434311809
mewing23,63509008713
mexican_stir_fry,63535914875
meyersolsen68,63099932098
mfarjadhassan,63611400389
mfbsorensen,63431974034
mfeneque,65081446715
mfordattty,63047191674
mg.santanasp,68826766408
mgalpin,63455129756
mharmsway,63319321560
mhel8605,65964462983
mherceeey,63090150478
mhidecors,63447882859
mhieuuu1304,63139132700
mhiz_beccaalli,63291274848
mhiz_jeyneephar,63264625726
mhiz_otobong,63331219557
mhmdbdljbrlhj,63324496401
mhmmdaswin_,63339674856
mhshmmhmdbdlzyz,69813527072
mhurtado00,69305206384
mi.salgado,63382312287
mi6onti,64721196253
mi_dun,63449958867
mia_investsinfreedom,71204762021
miaanetiss01,63475140384
miaathompson06,71321581482
miabelle.08,63311200608
mialasp81,70173666503
miamigirl_4,64492764602
miamor_goddess,63490872845
miariley100,70510117305
miaroseiuliani,63619432371
mic_tha_don_,63895889788
micaels,63900497565
micah.holmes,63087487025
micahstreet11,63457730479
micawbersmu,63467609964
mich321,63297525252
michael1017556,63312240176
michael98sound,66298971566
michael_a_jacobson,66013623008
michael_bahan,69054435367
michael_ekin,63506553232
michael_mala,63683029114
michael_quintanilla,63137078613
michaela.wtf,63412882515
michaela_aguirre,63424825476
michaelabookish,63609608962
michaelareddick,63403423557
michaelasileviian,69791597913
michaelbrooksuk,63505673219
michaelcere2,65769316249
michaelcordova83,66549720525
michaelkcheung,63389089254
michaelkisanga,63079011554
michaelmattin,63460612733
michaelraylittle,63768584305
michaelrighi,63435001566
michaelsebastiani6653,63378245038
michal_the_dev,67474431580
micheal_ken_,63084156161
michele_dp,63879806510
michele_vanolli,63264902514
micheles.pineapples_,62811831830
michelesfamily,68133539174
micheleyorke,65497031344
michelita83,63414187458
michelle.dougherty,67809468991
michelle__melki,69617336960
michelle_d_geminigoddess1980,63842964294
michelle_green316,63279321572
michellekworiya,68829287013
michellelrobbins,63295025682
michellemadonnawellness,69455210540
michellemagriet,68837002659
michellemishka,63248194780
michelletorezcares,63251611200
michellewidener5,63080821976
michiamanonenne,67485824174
michieldelaet500000,63869868179
mickey5055,63422652215
mickjohno1972,63392281876
micmac.eth,63249159898
mictlanian,63431110457
mictv512,63425725979
midmodcinnamon,63220614525
midnight_rider_060,71016462999
midwesterner74,63438403677
mie_akatsu,63281547772
mieuhha,68731164705
mifdeli,69131548654
miftahol_arifin,62963395273
mig6513,68071907691
miggy7575,63076420796
mighty_robo,65260366929
migrimah_textiles,66825582816
miguel_almeida_14,63410380837
miguel_reflexologista_df,63123720072
miguel_verastique,64464828543
miguelezvanesa,68676345397
miickniivonn_,63476906808
miiiiiiiiila,63404867965
mik0401a.s.life,72040456478
mik_la1993,63872725902
mika_1902,64455166419
mika_byrd,63090006120
mikaeel_biro_munaf,63475075297
mikaelacaron,63027431933
mikaelafwright,63096429181
mikaelasolali,63073742472
mikal__olsen,64683117623
mike.braqq,70163013316
mike.mike508,63034078952
mike_acepoet,63417682218
mike_likes_books,64530287411
mikechangofficial,63411044235
mikecheruk,63085305970
mikeclawsonatx,67035029283
mikedmerrill,63321689555
mikef365,63438731517
mikeglassburns_gallery,63606368294
mikegodwin,63360399967
mikegrubler,66400997322
mikehos3,63068599567
mikeirwin1134,67531847194
mikelady,63388895502
mikelawsonmusic,63444108467
mikella.mihaela,70966040019
mikemcgovernatx,67544760393
mikenol3759,63259828104
mikesontheslopes,63264287087
miketrippiedi,63456106100
mikey.sarms,63464449631
miki_themleng,63065764838
mikishahhh,70262425938
mikkibaze1,67612183322
mikkik11,64211442269
mikymolino,63869893378
mikz_art,63082287304
milady_debauchery,68784474808
milagro.rosado.492y,67499328223
milan.milojkovic.69,66828195791
mile.ph20,70227749857
milesonpaper_,64955405982
milindsimages,63439144723
milkman.core,63402620589
millanmirla,68822073401
millennialficouple,64094116163
milli._starflower,65794090513
milliesmi,66661361292
millrace422,63162446267
milly__the__staffie,72013960964
milo_xylotto,68035590993
milonehometeam,63245051227
mimi.uttz,70782437188
mimi.voynova,64675359307
mimimav,63276423542
miminycks,63304906031
mimsy.bush,66582457624
mimundoymicielo,71575768963
min.ominomino,63381751695
mina3est,63420079338
mina_harkey,63085977576
minah_treat,68290488414
minardi_317,64189300732
minayalx,63412548560
mindfulasfuk,63066764256
mindfulasfuk2,66273983854
mindfulmomentum_coaching_llc,65678766542
mindofmerk,66963908589
mindyjo_1111,63019503529
mingo_hernandez1,66691849307
minh_dung1604,65293572927
minhinaustralia,65562063769
miniknitti,65135985488
minimalistic_objectivity,63391156513
minimalmoustro,63250046873
minimoart03,66521856047
minimorejaymie,69405859863
ministermariagordon,65089831927
minj.ish,63046677780
minster_levi,63255145974
mint.sugar.oak,63601920854
minxi.sphinx,63396154956
mio_verismo,63416295945
mipesos,63883657501
mir_shahryar025,67489033681
mirabellethefrog,69760208048
miraclemola75,67006596108
miralahmedd_,63228053296
mircuz_08,65155446338
mirhu.medina,67308304293
mirielleawana5826,63423342807
mirotammi,63764064035
mirror.class.jp,63480263730
misa.9830,63463067740
misa33non,63277287223
miseacademy,64644905387
miserabyllxzst,65210314013
miserly_portions,68438713249
misfaraza.riah,63878104881
mishalshahid29,63098124776
mishamac,65876373779
mishmashmeeshmonster,69428261177
mishmcle,63391519505
mishtiquelegance,68987237102
misoul00,63441476367
miss__skc,63990714413
miss_allornothing,69442230784
miss_dammii,63061084110
miss_emma_jade,63096847873
miss_stilp,63056333187
miss_talyah,70188137585
miss_teelz,69647189400
miss_thonie,63138406066
miss_zydrate,64668897007
missaejones,63364868489
missamandajennie,66455655851
misschaybella,63392102058
missclowy,63270524418
missdianalynn,66069208594
missfyda18,63683456312
missgrimreaperherself_,68794121419
misshaitiacademy,63384830173
missjadecherelle,63231207128
misskentuckyus2011,63298786808
misslillysbestlife,63984694815
missmonky,63079126336
missretrorobot,63434367730
missrubylamb,63239275693
misstiamarie24,63473096001
misstikito,63564573282
misstralynza,62381474421
misswisefinance,68829222563
missy.c.11,63060517505
missyknots,67973613592
missyspelltanner,69045675140
mista_albertmimniefieldj,63143201943
mister_briggs,63447070450
mister_coach_dessert,63310633969
mister_sapiosexual,62839088486
misti_lynn_guidry,63260912228
misty_krant_harlowsalonaustin,63864427234
mistydudley42,70428705305
mistygale72,63139155833
mistyrp99,66124654010
misz.rayee,66969871486
mitch_bataller,63564701071
mitchkompaniez,64450717071
mitchwehmeyer,64855099819
mithilyaganti,63311921376
mitra.jam8,67787544978
mitsuru.eng,63153141770
mitziannieo,63277083046
miyarose190,63240076612
miyoshi3951,63778044865
miyukisk_art,65287112882
mizan.khan2,66204825246
mizo_yassen,66275657278
mizz_world,67940599373
mizzezharris,63104484639
mizzymike4l,63138166165
mizzysworld1.0,63074113825
mjjay99,63725456922
mjkwho3,68304093828
mjleiii,63081082310
mjmenjivar,63645768404
mjsquidpaintings,62978847233
mk4_afridi,68945434016
mkgstitch,65402296763
mkovalauthor,65797968707
mksignature_,63391482257
mkt_consulting_llc,63238743503
mkultra8710,66458044117
mlanseur,63259439116
mlaprise,63223691957
mlepath,68951649566
mlhobbyist,63102374004
mlopez.7577,68286653980
mlov,63333192175
mlssfshn,63310777769
mlt.picz,63276372571
mltaylor13pt1,63295805926
mlwmusicllc,63042518448
mm.lutolli,67517451927
mm_fhun,70398209193
mmacchiavello4,63057638444
mmarianaaa_,63446105154
mmaule1917,63487441453
mmillar,65106657020
mmludz,63429533384
mmmargueritemitchell,67087096891
mmmokac,63295060176
mmteixra,63403539651
mmwidman,65337496206
mnmharrington07,63458557514
mnmsharpeningservices,63248035992
mnshiplet,63094287270
mnswr.smwr,69091012405
mnv0gtt,64745302742
mnx78,71412363429
mo.hame5143,68364893758
mo.rola,63426138815
mo.ses854,63104856585
mo.yo.sore,69702094704
mo_emad_04,63073589097
mo_layo26,67844093292
mo_morose,63249458881
moaabdulkrimsrkaar,67334343559
moabiodun,63386772500
mobis_dad,63053052130
moboluwarin_oladokun,63385517184
mocanu.marian.28,63554982478
mocclatif,63609744995
mochi_shizuku943,63142380540
mochiibean,63255752916
mockapapella,63449029378
mocktailonamission,64021709800
moddtalecki,63252982053
modenuolaoluwa,69776714988
modern_andy,63937782693
modokbiswajit,65588771705
modygouda,63435487792
moeomrani,63490530900
mofetubo,63299219328
mofiyin_nn,70562974678
moglover21,68050093962
moh_simmy,63268567126
mohamadesa_r,63060733369
mohamed_onsy_714,66929778730
mohamedtarek.201455,63043406360
mohamedwahba10,63257280715
mohammad_albdiwi_,63423300241
mohammadisaabdullah,72022786564
mohammedelmouissi1,63130739291
mohd_firdaus_abd_razak,63134364327
mohdnazri_fd,68672401528
mohdshawalsidek,63628488160
mohena208,63582117675
mohit_mp_69,67050793336
mohsin585,63050580184
mohy911,63415099747
moikapy,63054636534
moisesportillo911,67174348538
moizzzzzzzz7,67400398532
mojdehnajafi,63603904264
mojicaj1221,63943641829
mojo2o,63311298967
mojo33_a.c,65007860591
mojo_jo_jo_,63273163965
molinar.ai,63105529882
mollieoneal,63065418885
mollykretzer,65100597620
mollymcferson,63485921763
mollyrask,63535596110
mollyvancott,69447353075
mom.of.mason,66661819623
mom_o_pedia,62998966754
momaburg,70625673750
momashworldpeace,70823454176
mombossao,63033790800
momhaven.marketing,66255907394
momma_ravs_too,65975131369
momma_shine,63063637281
mommintheprairie,67657099741
mommy_dearest19,62977579081
momneymonica,65619667304
momo_cchii_moi,63278570423
momof3tdot,63383690680
momofboyslegacy,72161713596
momoni24,65875372690
mon_flak,69856143153
mona.in.munich,64007054388
monaaleesah.poetry,63400215433
monafriend7,67717289786
monana_goinky,63120970788
monarchpapa,64044687620
monasupah,67034216981
mondeepressed,67150442516
money_maniac1,65021688483
money_official_com,64351125474
moneynosleep__,63606736341
moneywithpurpose,71689153646
monftwtx,63379284503
monica.burdine,63268079849
monica.dybuncio,63482089802
monica.mxm,63490106851
monica_barreros,63376322363
monica_resta,63912211562
monicabjohnson,63253027710
monicaelyse,66334230870
monicakeona,63274459546
monikagontarska,63013503104
monikagoossens,63515355508
monikahouse.events,63071326454
monique2923,63608136149
moniquebananas,63365668892
moniquern77,67707636692
monk2temple,63256153583
monomono1533,63264335983
monroepope,63096742462
monsterwave,67076786552
montana_tattz901,67137670027
montgomerysiopao,72067323866
montsponts,64327332683
montyneke2007,68512256557
monyca._.hap,63388171811
moodys_multiverse,63234148837
moomoomoolai,65442516556
moon9112024,63462905982
mooncatkait,63133854921
mooncatsrus,63065541961
mooniecole,66019215256
moonlight_magma,63430238291
mooonbug,63460005520
moorejh28,63104334155
moosethreaddesigns,63453777701
mootown4,63441780058
morales.riggs.0113,63107416768
moralii_interiordesign,65824686226
moraxshelf,65468745957
morayorvich,68317398373
morcali01,63366511378
morehumanthanhumanisourmotto,70226238312
morelayerr,62605543006
morenikejiii25,63220876201
moreshwar_pidadi,63604080684
morgan_dallas_foto,63244729504
morgan_sperry_writes,71051793074
morgancapasso,64376414989
morganebultez,63916192806
morgangeneraux,63065963940
morganomedia,63128224796
morgyshevski,64367117589
morjhie,63138230121
morphman30,63296512368
morrisonmercantile_prim,64537190217
mos_deff,63205687596
moshberm,63233446842
moslembrati56,67507667665
mossy.dwelling,64584028188
most__desired,63515442008
mostafahalim30,63285058326
mosunmola_zainab_,63438983817
mothballhankin,63051878569
mothwa__,64722305395
motivation_stationn,71661478285
motokoninja,63073948333
motsepang,65646350860
mounaimbelaid,70196610865
mountain_lou,64360205377
mountaintownsoap,63391228701
mousefoyer,63986038730
moutansos,63248449618
moving2arizona,63246754473
moxiestylie,63630384926
moy_terrones,69101603969
moyousryabouelhoda,65556183138
mozstefanek,63543183103
mpartstudio1,68270174895
mpb85_,63097172534
mpbroadhurst,63088074345
mpcooper64,63083246676
mpdesignsjewelry,63627560924
mpfisterks,63427613673
mportraitsphotography,63797901704
mqdarkblue,63407815813
mr.agyei,63120126246
mr.e_jewelry_,63391959444
mr.gold.starr,71085473832
mr.henny83,63508585034
mr.luhar,63258428189
mr.matthewkylewhitt.s,64244979012
mr.me_92,64741435362
mr.murcielagos,63409818969
mr.nerdcoffee,63494946173
mr.pompa25,66987983280
mr.poohb3ar,63136023658
mr.sn07,63103185790
mr_0ulik,64844984511
mr__24_7,70883246470
mr__agyiri,67128403427
mr_bdiamond12,66829355649
mr_benjamn_,63248254205
mr_blue_to_you_,63423423778
mr_decentvisuals,63451686963
mr_frankie_jay,69070243862
mr_leo_king_777,63257047545
mr_mmartin,64062988005
mr_r_root,63406692107
mr_sidd.cool,63429539375
mr_sunil_kumar_b,63535650432
mr_vinod_.vini,63466292043
mr_wayup,71902032543
mr_willjackson,63440674727
mramirez3414,63078386803
mrbakerdozen,66205878687
mrbigpoppa,63413219250
mrconermurphy,63063307962
mrcropes,63443910581
mrd.boy97,69601219255
mrdanishsaleem,63045135480
mrdeds,63624296739
mrdershewrte,64144937919
mrdlorenzo_,63272493951
mrdufilmclass,69879446902
mrentropy88,63366933043
mrfavourstanley,63459650464
mrfinker,63449606915
mrgeneral_blackvelvet83,64056940265
mriduldey01,63244340088
mrivan83,63291112241
mrjordan827,69479551587
mrlemons,66405908515
mrlinxed,67655180104
mrlivingstonepics,64048242951
mrm_9186,70053600951
mrmackin,63237295241
mrmackmajor,68845799359
mrmikeg,63105096466
mrmikeymonster,63137978796
mrohlander,65920715684
mrs._bolton2025,71388486200
mrs.ender2016,67119389978
mrs.papalois,63139925913
mrs.tashie,63424733767
mrs.und3rstood,65818848718
mrs_luchie,69603878531
mrs_mesec,68912976322
mrs_mitchell_official,63403957822
mrs_oneand_only,69445157797
mrs_parker_the_broker,69414518125
mrsadriangraham,63321040016
mrscoachmartin,63079716132
mrsdanipage,69822782519
mrsdeveraux,65104452056
mrsdondada,63082907781
mrsdvspompom,70372433394
mrsemilyoshea,67711177568
mrsterracciano,63530799335
mrstrangerband,70186553617
mrstsstories,70712917268
mrsyuccacircle,63476827437
mrtcnkyln,63069781416
mrun.__,69438763562
mrvalvetronix,63258411514
mrvinny_official,69465188286
mryashb,66553009107
ms.bbeauty3,71479581056
ms.jen.norton,65622125234
ms.lady.aye,66450431249
ms.mmedia,63467588630
ms.nikema,71578102086
ms.nonchalant_21,65053362224
ms.seara_leone,69665121581
ms.tiffanykt.1,63394798056
ms_eskay,65944558503
ms_glassy,63488528958
ms_kiky_,63218991255
ms_mausi,63432879768
ms_mignon,68942697458
ms_nonchalant__,71492039503
ms_too_sexey,68029638803
msabotti,63685266714
msafaamohamed,67298064140
msalikesamwel,65967813864
msallin,63498322222
msandreacamille,64600348460
mscadero,63488219528
mschwilliams,63634441185
mscoz1,66271194042
msdami_oladosu,63120966969
msdarcygray,63446056534
msdeb44,67681197755
msdftexan,67046374623
msflyallday,70397620744
msg48,63136646323
mshicks86,66647568991
mshipman98,63364277688
mshoneybee144,63435071906
mshonle,63262748409
mshyde76,63501353123
msjayyho,69625712840
msjesslyn,63427026154
mskadijak,67821279619
msladybee1,63452361030
msmarshellw,63298160692
msmcbutterpants,66991187613
msmlroberts,63260528855
msohai,63263911279
mspaner,63237297869
mspsytrance,63916070397
msrndiva,68667670281
msroulettema82,63303123541
msueagee,63402313860
mtg.magician,63613800553
mthobisi7345,70824294186
mtn.barreto,63413862232
mtthsvss,63466952559
mua.sheri,63984839211
muaadzzafakali,65433424276
mubashar__abid,63100331650
mucika3,69129193698
mudit_devloprr,67752320505
mueezayinde,66094494830
mufty619,63161653189
mugondunguceo,70293193099
muhammad.mushraf.332,70935258770
muhammadshahbaz8278,65059556774
muhammadsirajulfahmi,69267225364
muhammadyaseen8483,68892698026
muhammadzubairirshad,63233659652
muhammet.k22,65431768275
mujerebonita,65189344964
mujiboy09,66170223331
mular4,63485296993
mulikatoyivo,72275120257
mullanarky,63442184565
multidominic,63457996711
munchiee.6,65318912556
munequis,63427492938
munk_solo,66537176859
munyua_solomon,65623724182
mupherfoundation,69406324948
murager_shabdenov,68054843004
muranoglassempire,63477848341
murdy_mu,63246164272
murffresolute,69179364246
murielberkvens.art,63945884265
muriiiiii_chang,63271546049
murphwithajesterhatontopofthey,63506918016
murphysp3450,63411355286
murraystill,63187901127
murshi_org,63149380826
musahgreatness,63246831930
musana.engineering,63149716728
museumofmemory,63099493579
museumofworldtreasures,63360571704
music_ctb,63226023226
musicaos,63266686986
musicbyjerf_,70910204206
mustafa_khan213,66164928078
mustb3th3mu1a,63084626658
mutahirshowkat,63218415726
mutantjedi,63410815129
mutheumaima,69817130113
mutualmisfits,68364597734
mutunga7435,68970468681
muvamob,67650791394
muzeenat_imam,69546448435
muzikihiphoprnb,64711223257
mvalanos,63094618659
mvd_aninha_50,68505352136
mvene018,63420463313
mwangangi,63406360868
mwheatleywriter,71459492115
mwitiderrick_,63457704572
mwrightbaylor,63463314980
mx.sarabellum,65180396240
mxkoder,63074545829
mxwlbrks,63248775224
my.ngtr,63246484305
my_only_angel_1991,63094901701
my_plus_closet_,67099912995
myaopel,63271345180
mybloodyguillotine,65044499313
mychaelablatta,63507872984
mydadroc,71713500469
mydeeron,68971447682
mydesignstudio.atl,64367175250
mydog_is_eraser,63433316240
mydumbpix,64141530367
myehia67,63738268861
myflorology,63343986560
mykeokoye,63372782975
mykhaylo1604,70244829779
mykolasoo,63317505259
mylittlebusybees,63122836836
myloveadornsu,67009927653
mymodelsinfo,63439850569
mymoxie.club,68471362796
mynameis_shauna,63293520678
mynameisnotstephen,63474393633
myohmymyleeah,66113047940
mypal33,69502401179
myranbinas,70368904036
myrasclassicfinds,64031771189
myreccollection,64259824757
myriad_of_ben,63146157342
myriah.busch,64119590098
myrjamharrewijn,63773048295
myrooty,63362901267
mysoftwifelife,63261615843
mysoulintowords,66550954689
mystery.wifey,67822700351
mysticjewel2022,63048020240
mysticleoine,63327688375
mysticminerals_teri,65256461753
mysuitelifevegas,63263545408
mythicalhvbris,63105390456
mytiktoksarehere,63280385214
mz.kayemzkaye84,72083231773
mz_wayne,63040735218
mzanne72,63028039306
mzomg_travelz22,63460833650
mzscout3,65841135042
n.e.k.3000,63072850573
n.h.b.m.f,68846158420
n.jay19,63298176283
n103314665,67585142165
n4vni,67170367780
n_nnamdi,63291812318
n_s_collections_,63070158711
na_boogieee,64593072671
naathan_j_thoppil,63105995460
nabeenaekka,69815834002
nabilaaisyah152,69453476594
nabuccodg,69556169862
nach0princess,67171636719
nachomommy512,64089547970
nadcota,65608703446
naddy.zee17,63217191928
nadia.moz,63465602550
nadiaallyb,64344500707
nadiahisham,63446283742
nadiakubaobaidi,63428398160
nadiasanchezz,63581913832
nadine__nr,70774086737
nadinej12,66905782322
nadir_ali_019,66092294125
naedatruthhh,63262679798
naeem_tuwar,63421381101
nafas139765,71672705344
nagibina_marina_fx,64505535761
nahiddotai,63416530454
nailsbykelexus,71483491262
nainaafiqh,66677895807
najafiromina2,69445759690
najiaazainuddin,63449921743
nakatsubyjna,69471439810
nakul_n_,63467010816
nalagetsemwetter,63321600866
nalienla,63539447088
nalo_crafts,63098253391
nameisalana,69033753077
namelesssnerd,63067654230
nana_amatiwaah,63139604788
nanabashir__,63040485037
nanacaribbean,63138061047
nanaschurwanz,64165938033
nancy_zarour2,63253277735
nancycoplin,63308170284
nancydinell,63643888713
nancygoreckianderson,63089628759
nancysalderman,63252783601
nancysmoderndayentrepreneurs,71851064387
nancystratton53,70821114536
nancywallisdesigns,63272986081
nand_kumar10,70916812366
nanhuang413,65104102113
nanibracho,63280220029
naniisinterlude,71249306016
nanmade13,62925239975
nannermonster,64253625672
nannuessle,64813096158
nannybeej,63842557706
nannymary2015,63411316466
naomi_scheherazade,63440338994
naomielewo,64259683494
naomijuarez__,63418035148
naomimillersatx,63611149096
naomitrotto_hairartist,63124886023
naonope,63480107128
napoli.de.boca_mara_diego,71621414148
naresh_mehndiratta_,63398182431
narimuvaaa,63374952625
narnia1210,69822182487
naro.stillflossin,63408596123
narulchol,67328277333
nasimanxari_,63457457967
nasivam,67119007148
nassim_kebabssa,62814139263
nastaran_motiee,63490177745
nat30ago,68226566124
nata_vladi_art,63242958573
natalia._.davis,64730951333
nataliefromvenus,63278002783
nataliejdill,63473324322
nataliesellsutah,64439472547
natanaelmaia,63097679575
natasha_c_ict,63164198679
nate_dango,67619825146
nate_dog_1st,65875792779
natejaffee,63327328330
natematbo,63394158632
nathalysgabrielamedina,70686918941
nathan.betzen,63292731550
nathan.crews.10,70115119819
nathan.john.m,63089449685
nathaneo_j,63377900294
nathaniel_swenson,63079140656
nathansudds,63120701094
natigron0,65159515274
nativedreamsict,63189497321
nativefloridianbeachbum,63096753228
natkingcrain,63468763219
natkoho,63278336644
natolmsted,65260482878
natsa21,63276129679
nattileigh,69792190729
naturally_dopeaf,63419011607
naturasolmedisun,71728033287
nature_gymgirllife,69523496935
natvrme,63233730879
naufalsamihanifi,63449305344
nautilaa,64533541909
nav.johl,63498919173
naveeennnn._nani,65789238968
navi_reddy369,69695106391
navyas_mystic_code,63135107093
nawabdera,63093438565
nawtymidey,63295236257
naxodev,63283206875
nayan_dhali_nayan,71248086412
nayara_valadao,63239069730
nayarbkram32,66327103886
naz0105,63107758266
nazanin.rian,63384887652
nazareno.lazarte,63277007224
nazmarcel_,63135527011
nazmulhasanahidbd,63247196562
nazmulhc7861,70115311988
nazwoodfield,67143943189
nazzsam_,63089826967
nbktechworld,63390638997
nbsnewboyshine,63143870477
nburisch,67036396803
nchappy23,67897210358
ncharles_realestate,63310345965
nchureborn,63451267594
ncm53,63465036417
nco24885,67204128619
ndungu_jay,63474764177
neaclarechannel,63086886645
neailhuttom,63291232426
neblanc,68729626483
neckbone_tony,68946782607
needleandnotes_,64334500577
neeksxla,63461267640
neemgod,63077484077
neerajsngh330,63759846108
nefarious.vampire,64608710552
negin.poorbabaei,68916651897
neha_kule,63439442099
nehakevat336,66359836547
neil_writer,63370822871
neilgriffin5001,63023644080
neji_benzarti_,63409439989
nekhai_tse_stanetsia,64768287212
nello.c84,65973576006
nellyramirezg,64470590889
nelslindahl,63106025083
nelsontex,64114363857
nenhiro625,63936154858
neo_a.b.k,69534297170
neon.chowdhury_niu,63273167833
nepley8,65667971040
neris_vai,63254454346
nerrmine_haddar,65225581576
neruda1952,63078348872
nesevutepasebyhif,66937362674
nessahebert,65949043162
nessayogi7,64691395996
nessicorn,67494071531
nessjae,63984829568
nethushars,63610568361
netreynolds,63417866152
netroby_77,66392632448
nettymey1042,66495048601
neuralbreak1,63483914557
neuro_valentine,63261560399
neutrino3,68254857224
neuwengreen,63260546457
nevadajanebarna,63463435843
nevaoktavia,63449646627
neverknowsworst,65395550944
newdaebooks,63434328768
newlife22204,66199126244
newlifeupholstery11,66882061823
newsxchain,66276552553
nextgenupskill,70289044328
nextidea.go,63424540597
neyokazzy,63431258826
nezubn7,63408966052
nfizamj,66776117863
nfuchsie,63478036188
ngdinhduc___,63100777629
ngenavieve03,68214109729
ngeter2,71701542764
ngochung.tran.505523,72104145379
ngrunz,69431358820
nguyenhongphuongthao888,65766968592
nguyenvinh181,66496298741
nguyetbieuriversidehue,69466153862
ngx.tlam,63140222275
nh.quynf,65130158033
nh_smart_designs,63125871348
nha_hudaali,69087543077
niaaawjan_,69172129466
nice_bajablast,69221625813
niceboyism,63259098277
nicholas.d.ward,63294837202
nicholasgould1,63274746176
nicholaskraich,63419302810
nichole_rizo,69394378449
nicholeo_,67359999563
nicholson_steve,63382463584
nicivini_dev,63413058504
nick.kimel,63058684858
nick.wetta,63457633393
nick_whitman1211,63107691372
nickalex46,65735645865
nickdavilavila,63310609062
nickjungman,63102051168
nicknack0223,64339843743
nicknacknyuknyuknyuk,69382603522
nickogarat,67587735051
nickpestell,63405833807
nicksilva.co,63394964699
nicktheg33k,63060655285
nickwertzberger,62863911464
nicky_dawn73,66434510290
nickyguns84,65433971386
nicnac_face,66903748610
nico_creates,63634104748
nicolaaskhamdata,63256167167
nicole.greenfield,71638767448
nicole_essays,63471610745
nicole_gwen,63386839984
nicole_v333,63139525493
nicolehurley,67304918758
nicolelabrydesign,63088290974
nicolermuniz,63094649632
nicolongram,63886762592
nicos181987,63848205849
nicosquiroz,63079357714
nicowsaldivar,66919390100
nietmanuel,68899409859
nifemijosh,63068623671
niftyjames,63035333850
nigeriannightmare45,63669360138
nightly92,63268372762
nightmare_ulas,70894623771
niilkutthiraakaas,66538546830
nik_hill_insta,63050246535
nikafterdark,65368658672
nikch925_,63066717874
nikdee17,63142813467
nikhilkilpady,67112192139
nikhilvinaysharma,63453339748
nikiyamsimpson,63064150885
nikkamineth,63252453803
nikki.brown.pfeifer,63322528019
nikkies4711,63477020416
nikkijb22,63089561968
nikkinonicole,63293178227
nikkiteea,64023894145
nikkolas311,63475560701
niklauz89,63456849586
nikmorah,63250484222
nikobandra,63058771630
nikofelan,63419757219
nikola.vejin,63062027740
nikolamecavojnovic,63389022187
nikolas.crum,66729310391
nikolay_osnach,63424868063
nikosga1,63081858136
nikthepm,63474480386
niliyelin,63130950426
nilloy_barua,64667948553
nimra_maqsood10,70482610326
nina.skyye,70241571423
nina_moraes2,65006381004
ninagloria,66389539262
ninasayswhat,63492081393
nine20digital,68409431858
ninigi_art,63484771029
ninipeartree,72168952552
ninjasouthside,69884012575
ninotschka_roll,69415869187
nior_jewellery,63202231559
niqueek15,63217759291
nirbanpankajkishorsingh,68896701640
nirmala.patil1157,67128879478
nirritiandthefish,63099215093
nisamadzar,63370055095
nisarapaee,70425712974
nisha__lovee,72268424037
nishitandco,63414534367
nitesh.tmrkr,63407060017
nithishdivakar,63227311953
niun68,63678391809
niwalen,69479849879
niwre.cc,63558245174
nixveritas,72041152060
nizintk,63399794375
njamutoh,63402695088
njerisky,63272804166
njprunty,63069607860
njrxozb3,63089972244
nk07522,63043607664
nkpv5,63489505947
nlqhung130403,69069242182
nm72tend,66750454228
nma.dinma,63159125263
nmboy,64002825354
nmpfinesse,66812247944
nnatashaanwar,63401823104
nnemlux,63396206013
no.more.shelf.control,63388630412
no_hypothesis,63269602357
no_life_no_begin,63901620835
noble_wtf,67636700943
nocondemnationministries,70762150213
nodal.alfredo,70955476018
noel.serrato.official,63141460909
noelandcollins,67707041200
noeliasolange,63257736465
noelndj,64228065320
noemi.figura,65699515633
noemi_dagostini_,63937993672
noguntuberu,63095009267
nojokesmokeshosh,63891561467
nola_godfather,63451340690
nolan.welch,65637364373
nolanrothict,63291612272
nolanwhitneyvo,70050177823
nomadic.suraj,63089355936
nomadic_candy,70586157068
nomadsmobilebookstore,70835039381
nomikipetrolla,62964667500
nona_kerryandfriends,65107790161
nonchalantnanaa,71181584870
nonfarmerdan,65255058628
nongzkies,71705501853
nonono11187,70231803685
nookwavy,63601080626
noone_here_in_darknes,63217441452
noor.aftab.27,66970040939
noor.mozaffar,63655128322
noor_chouchen,65830548943
nootch_vader,63085666879
nor_aiisha,63075284872
norahnorsh,63079651985
norahs_bitesmixology,63076948719
norajewett,63454812404
noralynn_holmes,63723672966
norasguidetothegalaxy,63273007632
nordinfinke,63960911289
noritaka_abe,63061134737
normativity,63085118282
north_cyprus_dragonfruit,67606489478
northernvoicescontent,63413338993
northofbeige,67066764726
nostromo.9,63427745970
not_klitton,63056091465
not_me_disassociating,67785617051
notanarco,63308530555
notbhavaniii,63290454571
notcrazyloud,63297042327
notdelaney._,65144473565
notgoingbacklisa,63230013706
nothing_good_yay,66436550568
notimenow94,63130344775
notions.of.nobody,64338268138
notleahspov,63485425763
notnice169,63267438535
notorious_sax33,63398232222
notsmashinurmoms,67464544578
notstripes,63217957709
noturmomsbookrecs,69867258797
nounderscorejaek,68119602364
nourishandgrowhair,63094473364
novac.poubel,71917159897
novacaine72,64737101462
noventaysietee,63506976003
novlucisomm,63562229997
novyyxden,70167325960
noy_uxui_designer,63283981941
npc_nonoky_spain,69132390113
npienofficial,65360962271
npnpsp,67453072442
npp2049,62861631273
nrlhsnsd,67842178737
nrvansell,63076741803
nse_j2x,65720003063
nseari,63378966873
nshickey,65953628138
nsjames_,63253414997
nsw125,68215191652
ntokozokate,69617834976
ntuitivehealing,63394261993
ntvxh3,66274885761
nu.terry,63391262959
nuahlightsun,66978766565
nudgatatianaicloud.com.2,71329239642
nuel_oj,63274674272
nuelkissbrown,64612237450
nul.lnobody,68505274547
null_value_user,63407243792
nullpntr,63416271555
numani_chouhan,64563579063
numeodeo,66928565572
nunaa_yanaa,72284202551
nunerichards,65206390615
nuradilaayub,63057923524
nurainiasyiqinrahman,71403189497
nurfareeza09,63075946148
nurimbe1ov,63451417212
nurruladilla_,63387085922
nurse_myra,63394339473
nursehuntie,68062562827
nursyazwani_rahim,68718253832
nusnooks,66851574292
nuthx,63086991637
nuzinator,65933499127
nwodg,63512555665
nwokikefelicityonyinye,63474514454
nwunye_eze,63279666946
nwylynko,63221775721
nxgrowth.ai,68284428335
ny_til_i_die_,63432069980
nykezofficial,63496584832
nylifestyle123,65818611534
nyprettychik917,63041405508
nytia.nikole,63172110184
nyxiesnebula,68720638827
nyxlcntr,63048550077
nzappleangel,63294758142
nzatiee,66396800294
o.fiyinfolu,63066686813
o.h.k.a.y_,63305608564
o.k.o.th_o.d.u.o.r,63450998426
o.l.a.m.i.d.o.t.u.n,64234130223
o1iebo11en,63056020607
o__buque,69608300801
o_angel98,64154621683
o_oreoluwaa,63063133468
o_san_54,63488898550
oakley_40,69629437612
oatmilkgoth,68931378471
obaferanmii,63410092419
obamaaluta001,63244961403
obanlaesther,63464282586
oberonus,63411746928
obie_ellmoos,63073629333
oblongsquare.records,66194327716
obscure.marlin,68299871637
observantmediaks,63104496662
obsidiandaggertx,63410839978
ocamilo._.torres,63079755789
ocamposbenz,63467059292
oceanamar,63432728407
ochirosart,63094299037
octavioabs,63282010843
octoberex0dus,64949377357
odd7oddities,64401916447
oddryhepburn,63092008607
odeleke_janet,63082561670
odiase_destiny01,63392079795
odibross,68291494893
odii_ikechukwu,63266659495
odiliadej,69130788286
odyseano,62981142950
oehmjohn,63100989778
oeniola18,70053424178
ofelia.francisco.526,65725662312
ofelipemarino,63484458848
off_dwal,63087108642
officealpooja007,63254457816
official_nick_patil_0888,67116631016
official_phaqwasi,63387425457
official_princeshegx,70826473321
official_sonam_bharti_,70217280993
officialblessingokafor,63240282313
officialbrittanycash,72312585567
officialdaleanderson,64041921650
officialdavidbasile,68905675499
officialjessicadarling,63465114759
officially_eb,66442622461
officialmwende01,64283359893
officialsrscinema,71324892320
officialsterlingmasters,68369186728
officialtemmy__,63272134430
offshore.is,63412598723
oficialjolandamayberry,64235992887
oforiesselchristian,67293869765
og_sugar_lip,67495248673
ognus,63431063115
ogoniflavour_,67323781213
ogoyopopovi,67127550366
ogzensei,70893708209
oh.rosie_,63084719185
oh_fufu,63453357913
oh_leeve,63417506251
oh_no_its_carchy,64007825240
oh_shells,67515444465
ohitstuhry,63082816963
ohkayhonestly,63136387367
ohnelleyeah,63251591131
ohpointybirb,63072665775
ohthats_sj,66890268460
ohthestitches,63406115477
oi2lam4,63087194261
oianamniseis_mou_my_memories,65373610626
oigresrevrsd_,63698540612
ojay_thediplomat,66410384692
ojoaodasmagicas,67096370359
ok.aldo,63439287115
oka.agatha,63612440428
okandeji_06,63266137221
okaren_oh,63253890283
okaybadass,63151789277
okaypendejo,69330929417
okeoyeniyi,63433503681
okewusistephen_,64675438146
okido22,63372607551
oklahomamoneybarbie,72113939411
okohohenss,63245705633
okoye_chris_,63260675500
okpammy,63415175761
okte,67768539319
ola_of_abuja__,63069562078
oladimeji2018,69982875459
olaneeyi_wilde,63294875770
olaniyiphilip_p.praise,63137194141
olanrwaju_adebayo,66533768365
olarrh_mide,63080778249
olasubomi_cineaste,63282464125
oldgreybeard43,63430641340
oldmanmeta,63372663376
olearydj,63030998484
olena828282,69502171863
olesiahukriedeauthor,65386833870
olgaanabela,68309470684
olive_oil6,70410666515
oliveresources23,67517625687
olivia.romeo.music,63565789945
olivia_larregui,63268784336
oliviavirginia__577,67782084524
olivier_2,63253246076
oliviernguyen,63150374427
olu_segu,63098173410
olucasloureiro,63363135396
oludolapo.dictioncoach,63462130920
olufisola_,63421342632
oluhle_tj,63127500937
oluwa_excellent,65309626337
oluwa_shatta_221,63139076589
oluwa_t0sin,63373691326
oluwabukola_omotoshoo,63169839523
oluwaileri,69873143340
oluwanimi_,65723336865
oluwapamilerin_akpata,63127018939
oluwasegunadedeji_,63267175538
oluwaseunfunmi_love,63297323101
oluwatobii_o,63416207564
oluwatoosin,70188365390
oluwatoyin_olayinka,63261922524
oluwfemiii,63216479795
omahawk1,63328856023
omar.khursheed,63068774136
omarsar0,63627720829
omarshahine,63460370028
omcadenas,68729786425
omiedahomie,63123531901
omirbek_aigerim,63459882086
omkarn_2127,63397934593
ommashares,69121693223
omnidexxghost,64612868649
omobaogun,65796216649
omogbolahan_oo,63390962012
omojay_,63458517291
omomotoko,63073269910
omotolani_xx,63414828418
omowy8,69361658711
omoye_loved,63308457606
omp44a__,66975795415
omranazz,65358993319
on.a.design.high,63100187887
onarresjserdna,66264204415
one.million.sidequests,63152522241
onebigtexan,70055576174
onehandman77,63413723792
onejasonknight,63478193760
oneluckyray,69643937873
onemancipher,62855351917
onemattreilly,63092759828
onemeanjean,63279935649
oneninefive2,63378911248
onewildsoul,66423195521
ongdevlab,64599749343
onimisi_digital,70451119750
only1flj,63668760170
only1izzyy,63242566637
only1kinglo,63458455713
only1soa,63094292623
only1tammyy_,63230323510
only_franns,63286320402
onlyd33,68887899885
onlygab__,63267003302
onnnalee_,66360160894
onthemarkdata,63230676198
onyinyeekanem,63071798266
onzogram,65337976462
ooizumi_soudansyo,63304146466
oonest_liar,65213929791
oonuryyavuzz,63251724144
ooreoluwasdesk_,63304401519
ope.chey,64420328442
ope__adewale,63435071997
open.ai.kr,63282732263
operahugo,63092191649
opeyemi_adedoyin_ok,63612208031
opeyemi_fagbamila,63220636481
opnotmusic,63399164021
oppaoppa1991,70417817810
oppy_amodu,68108344519
opulent_james,66657287267
oputesam,63070343778
oranda_mulmung,70487717286
orange_presh,63498496150
orcadianhaven,63413127406
ordonezmorenooswaldo,63278193860
origabriela15,63084083861
origbycode,63397719153
originaldogmom,70859127174
originalhoc,68440713233
originaljimkuenzer,65764564168
originalmks,63527255724
orijing,63428906238
oriole_thistle,63876447137
orlowson,63253083821
orororrrrrri,66833326735
orrxhouse,72088380918
orsola_vitagliano1,63872837385
oru.ogbo,63248505004
oruano18,63362339011
orumatessy,69583571862
osas_ade,68001826961
osc__car420,65216107200
oscar.lara.3382,63098061576
ose_joe,66386958614
oseymour18,63058956744
oshanimi,63490697553
oshio_kita,69413547532
oshun_yemesi555,63793949857
osiacedeno,69625627201
osinimu007,63453470142
osino723,63327384666
osinubitobi,63097102673
oskarftvenegas,63422644973
osma_bho,69863815739
osuolaleoluwakayode_,70116329192
otieno.swe,66390658267
otsucouture,64155327890
ottertim,65348951270
ottreasure,63242646360
otun_2,63425367224
ouijesuist,63251737750
ouiseaurebelle,63472138613
ouivirginie,68413674744
oummiey_la_cruz,69737082849
ounchaioliver,63302540957
ourchickenhouse,68361269125
ours.universe420,68680116605
oussamabz_official,63387367756
oussema.khl,63096308317
outandaboutatx,63080394633
outdoorfabricexpert_zenda,65674939197
outlookindex,70989245344
outstandaedu,63090086292
outthinkmedia,63407637946
over_developed_,63410117007
overdosethatxo,72020814100
oversevenseas,63483032781
ovieme_furnitures_,69582242917
owangutann,63440742578
owen_huang99,63253064516
owhite._,63425951363
owl_dawn,63076254306
owldtup,63962627246
ownbywesleysr,63454446460
owotabuacbfw4,63409094731
oxocre8,63467977708
oyeboadetaiwo16,63097830472
oyedepoakinkunmi,63398205900
oyedoyin_lolade,70583503567
oyetunde_kenny,63645672385
oyeyemifs,67478014113
oyindamolafakile,63477412387
oz_keisar,63321640777
ozempicmami,65095926086
ozizapesemi,63305947639
ozzyman1987,63234550565
p.a.l.u.k.u,63317640999
p.ashaii,69884135924
p.beardwriting,63943933959
p.resley_bb,64747479347
p.s.lovejazz,67008524636
p.somdach,68511090761
p00nracoon,66822702164
p39mom,63443842320
p3ac3_yo,66898758338
p4blask,63692582752
p_elumi_,63300146675
p_mmugica,63778320546
p_tife,63139963134
p_zk56,63270539915
paaking1,63944392680
pabloguerrero,63304515515
pablomzz,63280967538
pablopusiol,63078802955
pablourib,71136155276
pabpereza,63911096453
pacaunt,63075652728
paduaroseli,67541639163
pafford,63221885007
pagame,63556314300
pageistherage,63230341872
pagliomcnamara,69198466308
pahharper,63254121918
paialiving,63444879451
paige.kristo,63383518996
paige_anu,68225195084
paigetheclayfae,66249256948
paigethevampireslayer,63323061396
paine_jeffrey,63236135835
painterjoe1964,63328779326
painting.on_clouds,65257550999
paisa_4real,62833505020
paiukmariaa,65923539363
palashvijay,63064845320
palazzo_palace,63866974570
pale__goblin,64017101592
pam_melllla,63261538779
pamala.cooper2,68912367028
pamcarenrice,64647962281
pamelabolivarr,63390822603
pamelaenglett,63408477016
pamelagraggcurcio,63926280741
pamelanorton3515,63770336956
pamelasaucier,63472265120
pamelasilva9291,69893822951
pamelasites99,63436106880
pamn684,63279030955
panache.life,68114077353
pancakeso,63281721100
panchavati_kiran,63436262560
pandaandpets,63288329033
pandoraartss,65889368075
pangniubaobao,68303044631
panjab_333,63192694200
pankuu__dhami,63485811098
pannadozsa,65225241413
pantip24,64627838418
paola_711,63404445574
paolaarizmendi,63325832265
paoloantonini3,63220544062
paolochamorro,67447337556
paolozu,63267006065
papa_text,63099173327
papablk,63427636496
papaetormackwaku,63094651377
papalo2122,63430661798
paperpaintand_ink,63294435013
paps14800,67597633799
para.cosmica,63073547736
paradisepatterns,66973360731
paramongetty,63541783155
parg21,68746701358
parishdomi_,63120950343
parker.bradley.atx,63254891677
parkerm,63448364419
parkermolloy,63022703275
parkertaxes,66667586173
parmelina,71329141214
partyheartymarty,68349913995
pascal_chiremba,66028727527
pasha.rng,63253643146
pashanjit.d,68778290893
pashazoro,63265798012
pashminaqueenofthedesert,67519954884
pasperfection,65363877952
passthes0ysauce,67091560114
password_7000,63946463941
pastarella62,67094693834
pastarte,63414458310
pastoranoaderamos,63401451918
pat.peterson.359,64860468577
pataphizz,66743583853
patbuchta,63398567676
patel_kelvin_,63426777618
patfromwva97,63429013994
pathandley,70368809638
pathself2,63395238547
patient.advocacy,65591260427
patililac,65898049429
patomm75,64448484923
patricia_cakes_atx,63072269675
patricia_sews,63044940860
patriciadeddy,63124229665
patriciarose7221642024,63938884563
patricio.mengue,64278476296
patrick.kirwin.5,66608704120
patrick.merriweather.14,69567179878
patrick110,63102947914
patrickcurtis472,70399530949
patrickheathdesign,63314089517
patrickjosephhealy,63452881486
patrickrodrigues__,63270203980
patrickskinner.tech,63414914589
patruck1904,65870888737
pattimblondie,69388662559
pattitasker,64721081791
pattiwfreeport,63431343374
pattkovach,63312178412
patty.monge.s,67804240171
patty1770,66346614459
pattycaddy,63443207969
pattyevans8037,63408357070
pattyverano,64140593573
pattyvond,66455073682
paul.alvarado.dykstra,63388221023
paul.duncan.509511,65452945490
paul.littleton,66626624062
paul.pillio,63430014586
paul.terrad,63432595730
paul_melitar,65207988432
paul_vietnam22,71713174519
paul_wrolson,63019174015
paula___nabil,65129884218
paulabastiasb,63280924223
paulabpaiva,63437973307
paulabraynion,63379487210
paulamcfarlandjohnson,63403256866
paulasparadise,63453776004
paulaustintx,63082136910
paulhayward.3557,66691986798
pauli_7r,63450029607
paulinpville,63472944199
paulivermodeling,63384751065
pauljanson2,63273443056
paulkarry6,68094442605
paulmoreira_,63255770361
paulo_vianna7,65818858619
pauloadriel,66844822321
pauloafonso251,67530441591
paulramos7924,64007994854
paulrichter4645,63631720505
paulsebalu,63278209127
paulsuellentrop,63091337923
paulwilliams_8484,63224869889
paulwittyy,63075692434
paulyandnukhas,63455520320
paulyns4real,71481652390
pavelsurmenok,63460947455
pavlosnic,63414998732
paxtaru,63436052381
pbaby_baby,63517488151
pbrewster89,63463461068
pburress06,63269023584
pc4ny,67556301664
pcady,63360057159
pcalcado,63380465813
pcd1950,71304742397
pdaviddavids,63237039941
pdevine44,67750995272
pdf_david,63397287855
pdiks,63449924025
pdrmnvd,63406019824
pduegaw,69534465015
pdziura,63096105588
peace_love_homeloans_realty,68912721804
peaceandpretty,63454952831
peachez_82,70916323524
peachezprogramming,63431635779
peacockinit,63715816749
pebakke,63627944807
pebblick,63160053480
pebipebriadi,66806675429
pedersonr1,63399106018
pedriryan,65424473771
pedroballack,69382992550
pedrocosta9960,71544941493
pedroheyerdahl,63058445199
pedrooleadess,63424053829
pedrosvaetichin,63470809003
peel_kittens,63101308173
peeteysplanet,63071019526
pegah.pena.rees,62985485412
peggyasciolla,66749342797
pegijean,63284772176
pegkenspets,63460898616
pegpete842,63182975658
pegthompsonphotoart,63415670129
pegvessels,63362510938
peju_e,63405997999
pekaiphotography,63442800005
pellmell89,68121643149
pelon209,68757961247
pelumi__i,63229244703
pelumi_praiz,63460096546
pemerc_ltd,63409862387
pending.chan,65046015893
peneller14,63068639719
penelope1_4__zimmer,63170120182
pennycandy,63126317539
pentee_force,69726281767
peohhhturbo,65255057648
people_call_me_different,63950723601
peopledrop.app,65440208241
pepevalls96,63676599712
pepinsuter,63474776074
peppermint_candle,63462020316
perceptions420,63104084439
perelandrian_seas,63433230043
perezsalazarelizabeth,63425929429
perfectlittledream,63252863166
periquita01061993,66996973998
perksofbeingabookworm01,63477475775
permanent_headache,65678627736
perozo.miguelangel,63246788250
perry.2031,66835006608
pet_rich_or0,62792415531
pete_najera,63270562565
petelerma,63265420993
peter.clary,63493656098
peter.melendez.80,63492256151
peteradealabi,63465035791
peterdcomedian,63209270536
peterfreese,63240425829
petermoriarty._,63414797692
peters_sweiya,63388741319
petershall,63041645974
petervan1966,63447417325
peterzeus001,63508283252
petewarden,63068494725
petipuasaturno,63266887228
petitelilsx,68436485251
petra_lee73,63059015634
petrjonstockton,67738505339
petty_savage__,71872068851
pexanhlacay,63569803588
peytonjosleyne,65654909117
peytonknattsr,63095166931
pfeiferart,63495012657
pgg.nophilter,65578667536
pghhistorypie,65059673213
pgktr,63089150315
pgktr2,66055761984
pgodwinhypeangel,63412478703
phamngocvu050187,63080510153
phamvanthinh16042005,65548150344
phanphan96,63276763474
phantom247,63493864934
phantom86,63659232236
phantom_fairy,72007443590
pharmd_gomygid,63377613267
phasouza1,63472616066
phatphat2015,68682798564
phd.mami,67237720672
phd_e.o.m,63095668612
phdaportugal,63567694549
phenomenal_petite,70835406511
phenomenally_me21,67312702327
phenomenalnique_,63064759172
phenomwomen803,68950300566
phi_phoinix,65084420377
phil_belichick,70134877384
philburns55,63408140506
phileash,63314473614
philfung,63393918381
philgillen,63795436060
philip674p,67994039950
philip_j_waters_author,63218343120
philiparaicesrealtor,64295893502
philipcortese,67619885831
philippaburgess,63457805554
philly_hair_bae,67841396867
phillybookfairy,63081453630
phlash0811,63419340779
phlippseitz,63066631657
phlygod,68944641924
phobjc,63471570868
phocusondesigns,70241084597
phoen.ixx7,71551697034
phoenixcorndog,64685242307
phonecity__,63446933203
phonggt_,63433489443
phongs.world,63420276500
phonmato,63073418724
photojac87,69852254926
photooasis_,64386020597
phrayniac,63507600125
phreqoenxi,63220252250
phuonganh20242025,71786814760
phymog,63092253617
piakiviranta,63571157377
piamuneca,68314716890
piccirilloomariannaa,63266404823
picketfenske,63121632765
piercingbyricky,63014630097
pieropizzato,63157150248
pig.whiskers,65857235588
piggleandpop,63446833646
pillowjones,63466138442
pilotoralia,68225453846
pinata_goddess,63267182952
pinche_taurean,63382630587
pinchechina_phx13,67972237194
pinkbarbieee_rn,63092183449
pinkdeenster,63163391517
pinkgirlgems,62881798100
pinkmeadow1,63773376557
pinkmingo,63096465470
pinkngreengirl53,67022203964
pinkroseha,68006317998
pinktatum,63293181756
pinktipps,63425603695
pino_original,67544404368
pinyonpictures,63421258811
pipcardstarot,63443371352
pipelinewizard,67313813021
pirrabu,70139423376
pishochu,63099146440
pisithrps,63093360918
piss.flaps69,64036195205
pit_mom,69815476148
pita.lopez916,67586940079
piti.toru,64178866568
pitzanu,68661034826
pixarfan5678,63243293986
pixiegrace_service_dog,63234709934
pizza_burger_taco,70290564124
pizzapapi_parmeshawn,63050014333
pj.quatro,63096474402
pj4533,63136562151
pjbeaulac,63442105339
pjbontrager,63075122279
pjcunniff,68225099411
pjrossi1430,66746445013
pkblondie3,63021391266
pkyliew504,67116456643
plaangelcabreras,63165703867
plain_anxious_messy,71710261162
plainolemeee,63360259106
plan_with_v,63897902394
plasiuse,71695856593
plasticsodapop,63250953489
plati_not_plato,66688448292
playgrdstar,63437130023
plazaliu,64403894079
plobo12,65763270578
plottwistkhris,68722517863
plscounseling,63029399101
plum_flat,63135581663
plutosparadise_,65898121863
plutospurgatory_,66281041013
pmigyanko,63224958592
pmpkncrkcrplr,63093519242
pmwoodstudio,63085503029
pnutt_thee_barber247,67812196414
pnycityafrica,63217782262
pocahontas_37,66907062198
pochowahine,66748340110
poet_r.j.toews,63136479333
poetgirrl,64839720354
poetry_by_ed,63943005455
poetryoracle,71901903657
pogoer512,63444097231
pokechoppums_howlinunderoos,63397332321
pokerprored,63423829547
pollobini,67177195106
pollymallen,63265643616
polychromelion,63469987491
polyfyto,70237568665
pompdesigns,63379520280
pompeyashley,63463052946
poncebilbao,63571881300
pongpat.pumma,69294697933
pontax33,64759062652
pookayahhhhhhhhhh89,64274322704
poonehseyed,63286141675
poopingjaden,63420033508
poorxkitty,65676038694
popalshazly,66263360474
poro.puff,69544438438
portalyxz,63689813911
portcityque,63370575050
portrait_and_figures,63613481072
poseidon.ivy_,68765335320
posemin_jp,63129668818
poshmarkbykathy,63436162897
positive_attitude__,71048944434
positivevibessps,70963482113
possocristianojulio,63399781206
possuminside,63423637020
postcardsfromsa,67322701328
postitnotesinventor,63391373394
potro007,63063203409
pounceys_peepshow,65693133992
pourya_ovissi,63096317066
ppopernack,63038582216
pradeep_dmk1,67175084224
pragati024,63414801411
pragmaticml,63260300099
prahlad,63435748111
prairie.punx,66821093030
praiseolatona,63470993249
prajapati._satyam.4239,63624357313
prajeesh__prakash,63088274470
prajwal.vijendra,63232855713
prakash0,63089240348
prakashkumarpanday86,65644319511
prakharshikhar111,63295728515
pranavkatariain,63417946594
pranesh_official,67988259239
prasoonpratham,63447689749
pratapaadii,63458915246
prateek.k.t,63467916632
prateekkeshari,63379190426
praveenphotography_official,64531085257
pray_for_your_leaders,69443337092
prayingmomma2020,67039350794
preachersparables,63075538559
precious.nkanga,63134645571
preciousdeveloper,63286617381
preciousodoemenam,63619208470
preet232877,67641552920
preethzilla,63639208445
prem_kudupudi,63640160203
premsinghnayak71,71122240142
preservingmysanity,63372895533
prestondemeritt,69571270077
pretendfriendmusic,63417235815
prett.livv,63454517925
pretty_little_fitnesss,64387734174
prettybirdie_17,63311633029
prettybrown_eee,65172415950
prettygirlgracexo,63439596382
prettygirlsdoingeyetricks,63269451479
prettyredbyrd,64625592238
prettyspookygh0ul,63445120764
prevail.eye,63386544611
pri_ramkrish,63274930028
prichbuckeye,63051774931
prichilla,63280135174
prim.wkh,63436514642
primadonnajo,68450666973
prime_of_the_day,68883347165
primetime20769,70053495182
primordial_aeon13,65854776651
primus_yshu,63267840407
prince_demo_,63083338709
princeandprincessofwales____,64095131488
princecain,63296641805
princecaspian1969,62733316539
princess.flibbertigibbety,70048575163
princess_ade92,63079852417
princess_sugar_cube,63196050488
princessadesolaajayi,67101871577
princesssudi,63457360430
principal_ini,63434811718
printmakrstudio,63164374722
printyfabrics,63039882583
priscillabjorn,63077220009
prismquilts,63258375380
prisoncrewink,66939415380
priss_privatae,68232406316
privvlifeeofjaii,63034606169
priyadharshan_chandranath,63066411284
priyanka_penumarthi,63252152415
priyavaswani_23,63216661873
pro2exceliacrypto,63277741249
processridge,63245966575
prodbytomcash,68594876959
prof.thimbleberry,63457193246
professordebwebb,68690827301
profhaddad,63285027607
profitablepretties,69521129635
profpivec,63303778972
programaerevistacostume,69372245873
prohorovstory,64474630830
projet.radial,64563724200
promiselandtrev,67072077478
proof.of.concep,63432782670
propagandistasincero,63230443111
properties_vicxximconcept,70194437773
prospee_don,63433683698
prostocode1,67133197604
provisionstonourish,63273656877
provzero,63143846214
pruettography,69620416978
pruspiotr_98,66300673795
ps._.pruthvi._.855,65797764803
psalm___27,63446712654
psbeautysupply,70184052133
psh_photography_film,63460010803
psicologia_clinica_e_sport,63742806344
pslime_laffaire,63422605474
pstick05,63240758451
psycology_prasanta,66979799998
psykat420,63906226975
ptown.arod,63448540719
puddin087,63419506410
pulakhandam_kaalam,65448387292
pulkitrawasthi,63131974224
pumpkncheesecake,66450703627
punknub,63459921681
puppettnoisemaker,67584100380
purin.momo.hita,63457587427
purlygirly,65475371337
purm.tr4vels,71000527728
purplejellydisc,62802917789
purplemountainsoaps,63266030306
purrfectly_digital,68380458367
pursuitofhappymess,63476772304
purvaaa.19,63218535209
purzbeats,63454097901
puterinuraaina,63083315817
putonthe_redlite,63395892593
puzzascr0to,63549031280
pvcollinsphotos,63066220801
pvmederos,63079333977
pwetty_miss,70693293966
pwlot,63094232552
pwwroa,63647336340
pyenomm,63264140304
pygyal,69581734474
pyuana_love,66284671517
pzmorgan,66723213256
qarido,63456409933
qculpepperkvue,63394701054
qcvisuals,63406563748
qdpiesigh,68192671914
qeovjslvk,72133538196
qfrdyxn,63069786458
qilajeffry,69421404217
qin0ooo,63286913495
qn_oge280,63290010247
qra_afrokat,71825603491
qsaid2muchalready,63079390777
qtsyaaaaa_,63495561658
quagmiremagazine,63383085895
qualifilter,66866341996
quandaries4me,66191263622
quanghuy0497,63225459569
quantumbeingnow,63059286452
quarbby,63451210411
queandres,63100067965
queen_boss_babe_1111_2020,68783170658
queen_hazel_eyes,64606354728
queen_lade,63134631365
queenbeth__,63237861300
queencandycrowns,67564227527
queencutelyn,64032362925
queeninternet,67611234395
queenjessx__,63448118163
queenkhanya,68802599108
queenlyvibez,67047266365
queenredd0069,66660825817
queenreneebryant,66432413117
queentoadam,66771172995
queet_shontea,63455078019
quentin.d.h,68258046872
quentinbertuol,72036795470
quentinbower.design,63143685918
quesnot79,63090033326
quiannaspider,63388734815
quicksetdate,63869918430
quickstitchwichita,63401658209
quilt_engelchen,66802820561
quiltaunti,63444314331
quilter112,63440201078
quiltinghorizons,67576120673
quiltnsew,63486168743
quilty_af,63415758074
quiltydoodles,63456379945
quinnkerschen,64081892128
quinnyqd02,71882368880
quinterooscar,66911958187
quite_bzr,71445990416
qveen.jenna_,67034868904
qveengvinevere,65654941899
qweezy07,63494946125
qweezymakeiteasy,69705577009
qyrgyzman,63398494162
qyune_,63577125603
r.a.s.chimp.rob,63383172164
r.prashantharadhya,69950250267
r.statusking3536,63201339545
r.warren_,63247591546
r07hsktch,63091521689
r0o0b0e0r0t0,64445574992
r17a3w,68658354264
r2solarservices,63103258596
r3s1nsm1l3y,69932595201
r_fuugee,63326624931
r_h_a_y_c_h_e_l,63297340437
r_h_x_3_4,66861722767
r_valentino444,63282284398
raa9___,66885772266
raajikhan,63268678492
rabbi_dude,63602824578
rabbitfroofroo,67653786253
rabbitholecuriosity,63606704518
rabitt.marketing,65835444819
raccyraccoon,64224976239
rach__mcp,63379699166
rachaelbl72,63256099308
rachaellynnwilliams,63142341019
rachaelpirner,63071146216
rachaelwakeman,65311624905
rachel77curtis,63075686201
rachel_coats89,63286363262
racheldanae_,67633526806
racheldaviscreative,64898400696
racheldulaney,63096842305
rachelefalco_official,63541191399
rachell.smithhh,64104113864
rachelltsaiii,71424412390
rachelroe_13,63928561688
rachelrosatoauthor,63499994118
rachie.xcx_,63063420730
rachodonnell_xo,63045926611
rachsallese,63302155029
rad.birdie.and.mom,63103621511
rad_artworks_,65859547245
radiantwellhub_,63281306366
radiojjjames,63296291478
radioman210,69772226288
radka_hassaine,65137830208
radmegan,70177057406
rae_domesticated,72054125641
raeanneadair,63074348206
raedrum22,69568966049
raefmndz,69026430622
raelchlo,63436712938
raerae7835,63237891707
raetoya420,63274040975
rafadpacheco,63423212771
rafael.bracamonte.792,63059103530
rafaeldiaz7933,70660707178
rafamohamme,63083285862
rafaxavierm,63428013618
rafeeqce,69402547104
raffaelegrieco.it,63539719016
raffiozo1,65966989944
rafikajmerwala,67978614269
rafiq.m0015,71000232127
ragan.cassidy,63421371525
rage.quit.brb,68857701645
rageagainstleaves2,63296284148
raghavendra_since_1998,63257816713
ragrossman,63453297245
raguilarphotography,63368439084
rahad_broo,63472649517
rahmaa_mmahmoud,63260523048
rahmahamada669,63218276935
rahuddev,64616826114
rahul_shankar_mandwale_,70154072950
rahuljha_1908,67880040792
rahulkumaran4,63121480818
raianna_martin,63064273609
raidernationceo_,65195687002
raigords,63446832352
rail.gee,63080099024
rainbowsunshineinfl,72244166429
rainy.yyyyyyy_,70087023834
rainylakechick,65129075484
raising3bearcubs,71850378402
raisnurwahyudin__id,63045180635
raiyahaj,71191644950
raja_haldar,69307824079
rajadevendersingh,70984645373
rajapatnaik,63404924347
rajatjaindecodingdata,71636148444
rajaundipnomor1,63281012287
rajistics,63160598350
rajni_navjot_kajla,68717638738
raju.hukare.79,63447125008
rakemir89,63297016663
rakeshjungkhadk_,64238857272
rakshak.bm,63282906665
raleighsjourney,64637128154
ralphie_sol,63416279156
ralphyy_legend.d,63094653697
ram10.sabrr,66268739233
ramarduk,63053773390
ramblelikeamother,63160070077
ramgarhia_harnoor_,67759108920
rami.krispin.ds,63432006365
ramoon0429,64529094440
ramyd2022,69771456651
ramymedhat25,63077534179
rana.lyyina,63222740117
ranaasadullahzafar845,63202263779
ranchocrystalsprings,63291316424
rand.arete,63077426624
randa_armentrout,66773816464
randall.24,63457374405
randallbc777,67840257186
randi.farquhar,63366470788
randi_lynne_w,63429343744
randiader,70173682699
randomliftedconvos,71821284981
randomsadi,62848811581
randy.store04,66736822294
randythomas87,63295338683
rangerbakerhologram,70630044932
rant1pole__,64757443794
rapgamesamliu,63059862375
raphael_vincenti,63036231799
raphkidd1,63135182381
rapzod_,63426661648
raqueleux,64165228951
rareanabell,69549554945
rarebirdart,67487581383
rareify.02,70198331411
rasel_0500333723,67941898985
rashardmcleod,66186716684
rashheed01,63478696092
rashi_shrivastava98,63070351458
rashidirahmad,66301871130
rashidtumiran,70501856359
raul2900,63307096654
raul__ceballos,63419140507
raulmartinezsocarras,67457672812
raustylebyro,69509687565
rav.i590kashyap,68851463623
raven.nicolexox,63396118222
ravengosney,63277208930
ravurivunesh,65783589570
rawdemand,69502225335
ray.thedivine,70649373512
ray_flakes,65696188756
rayhemman,63126729208
raylater73,63937208727
raymond_jr01,68108692948
rayray.creates.empires__,70737503315
raytray4,63419719618
raytzan,65100721875
razafindrakotonekena,67003997781
razorrus,63269615416
razorslitwrist,63125607968
rbansal16,63373759976
rbsilver,63048621786
rcg1232,63099050329
rchiquillo,67981357054
rchrise7_,63296043269
rcthrive60,63089118150
rcuthbertson.writes,70834502504
rdaetha,64118306600
rdarioh2711,63425357621
rdennisfirm,65600158680
rdgreen91,68483021329
rds_agi,63317857781
re.build_noir,71497380753
re_and_up,64461436759
reachvalente,66830959617
readers_together,63518595271
readingnks,63209682596
readsmyshteriously,71410141432
readwithrosalyn,64053958049
real2rrobert,63431733302
real_gabrielemerenda,63971578765
realbraydenvuong,63440801277
realdjalphabeats,68778698792
realestate.by.daye,63137055864
realestatemarketingwithmohamed,63093360608
realestatewith_jessburditt,63162078800
realhugog,63214693540
realifearthangel,63285700205
reality_liveak,63392432058
realkylemckenzie,63055557681
reallocdinfitness,71250225475
really_tiredgirl,70511184093
realpuneetsharma,65867397872
realrahulpoonia,63104792267
realreddirtgirl,63279427639
realrileybrown,63293730862
realsarm,63394397531
realtor.thebeardedrealtor,63256271742
realtorrhiannon,63292417875
realtorshaybrunson,63410435628
realwanita,63133269390
reasntm,66984205682
reauxstarot,68403489250
rebecacarrillojj,63413895604
rebecaesterarosenberg,69400199176
rebecca.hrndz,63240659515
rebecca_4c,63466131973
rebeccabennettartworks,63250654359
rebeccakw,63489002417
rebeccamatoni,63555559139
rebeccawstewart,63054629192
rebelle_sue,63420004664
rebirththeboy,64806753163
rebmoti,63028127581
rebrokenglass,63040294332
rebwayne,63425277828
reclectic_goods,67965317305
red.the.living.dead,63426811037
red_rebel_dame,63964741356
redavfinedaesthetics,63142613176
redbinary,63025174647
redbull_319,64599525880
redcali444,65607331007
redduin,63124878084
redhaulim,63169735763
redhead1341,63273150637
redheadnancy,67608657970
redi96_,63262926322
rediboy80,67073843475
redmeg1053,63035438623
redneck.501,63518767562
redra_24,63410668410
reducereuseremake,66694798912
redzuankasmuri,68161903839
reecyru,63297072666
reedrickards,63248281503
reese_hc,67991755319
reesekianethequeen,70989714673
reeselandrypoetry,70171962998
reesewithnospoons,63933271013
refaat_alkh,63104867474
regaldave,63509216080
reggiemizu,66841297743
reginald.bowen.61,67712412407
reginanicolecarter,63213255555
regismachado.dev,63488610736
rehatalyemen,63615456351
reichenbach.enrico,66728911440
reighneydayz,72070815854
reign.of.tara,63382196301
reikiree,68989027697
reikoism380,70151456809
reillythebookreader,71708573380
reimers_77,63066212021
reina_s_kimono,64729670640
reinaldobrunarivera,63072103807
rejectgirl_,69079771170
rekaa_as,63145118923
rekha_solanki_patolavala,62952101837
relativelypestonji,68174394753
relentless.183,68923616969
remcovdvuurst,65731342669
remimichele_,69015298563
remliebert,63448147595
remy__yo,63424690631
remzy_a,63259507603
ren.katrinaaa,63084695115
ren.michaela,63224956012
renah76sam,63051679930
renalafrance,68940141466
renatapieronidesign,63868782273
renatareps,63450592977
renayjade84,64430655815
rendotflyaway,64123248218
reneapooh,65109883852
reneeintune,64121033673
reneemcgrew49,63507638579
reneeperea_,63262560224
reni.bosh,63627153394
reniawhitley1989,65241661254
reniedhanani,63384134391
renike_77,63269707322
renzotherealtor,63242487984
repeat9999,63376686827
replygirrl,69195696999
rescuepupmum,63273487544
restless_breathless,63131882681
retired_plumber,63100140022
retrochick73,63128012515
retroyeti,63250975744
return_of_the_archons,63455341692
reuben_magala,63466465042
reugabszy,63295536324
reuvenlerner,63285550897
rev_chez,63418437256
rev_christ_fernandel,67969224319
revaprilkling,63981993353
revcomasterclass,71681034618
reveriedee,63422861133
reves_de_rubans,70267982134
revhelenjames,63242102663
reyazb_18,63303817228
reyimilano25,63881390932
reynolds523,63032622475
rezen.worx,66555545077
reznikib,63444873029
rfberry,63390736468
rfeers,63867476710
rfr1956,68950210654
rg_akbar,65187828756
rg_atx,67817973212
rgpatnode,63080519451
rhamawati98,65929824617
rhaywire,66419498506
rheena0527,65770245534
rheinardkorf,63448034329
rhenson52,70237721131
rhey_verified,67892360966
rhiannonsionneangbarad,63399111167
rhinno.732766,71772576734
rho_lall,63140197444
rhoeseanaaaa,71718804644
rhukow,63427551800
ri.ce1259,63234103680
ri_ontheinternet,69876591566
riannhassell,63244406946
ricardojduran7,68750299988
riccardomascolo_,63876355687
riceneqqs,63098760828
rich_off_tech,67453456880
richard1050129,67307399070
richard_armstrong8207,71598862149
richard_b_stone,63134700919
richard_davies_art,65236048787
richardawoyemi,63435589061
richarddiazdeleon,63415643090
richardmaldonado336,68011983590
richardrruga,63214120148
richardvbattle,69560350562
richay.bikhari,64219829722
richithelender,63420878686
richmain,63298435496
richman_mthembu,63082870264
richobrien1162,69514833455
richsch,63212663621
richsimmonsart,63258424537
richwhitjr,63071581112
rick.haines.965,63224476184
rickeusanio,63102314804
rickmuma,63438266517
ricky.villa9,64092571372
rickybiblay,63456187910
ricmarole,63271988123
ricochicomico1,67978722813
ricow,63120647007
rieseypieces,63374662452
riezlbakerrealestate,63396253462
riggrplz,63437959369
righteousdog23,64256529436
rigo_gregorio_,63275837825
rihan_malik_1393,70100076351
rikki_millennialmanager,68435568676
rikster21,63543526509
riley.wil3060,67423777240
riley646,64131386979
rileymonday11,67260803728
rileynicole_atx,63389007771
rillsmart_foot_wears,63264224648
rimzy001,66245689514
ringoringoringon,63495985216
rinki__kushvaha_4120,71520827964
rip_my_speakers,63046671757
ripepods,63490154942
rippypeggy,68361547395
ririspiro,68133587624
ris_tisms,66992746726
riseanresist,63026343164
rish.rd,63421099224
rishabhstha,63086868309
rishu1185,63132555362
riskiapriyandi,63474176933
riskprokpi,63466385384
rissierichards,70437269911
ritaabisola,63463460955
ritikagunnar,63079238597
ritishpentapalli,67782441334
ritters90,63496929946
riva_isms,65426097594
rivearahq,68114076095
rivub03,63452652780
rizkitama25.id,63407917139
rizyafitya,63480616211
rjamrose,63063859005
rjdavisgolf,68430833089
rjthomp1286,63294915633
rkaage,63258810905
rkhanna,63139077263
rkkeval,64815230038
rlancaster243,63271133637
rlcbell,63211718047
rlittle_jr,63440279524
rm.mvs,63048527331
rmatthew_joyce,63259630432
rmprincess17,63436377181
rn2ny,63635040259
rnaynay05,66685491140
ro.road,62934543536
ro_on_theradio,63421583437
roadkill0u812,63925195492
roaming_enn_reads,63424804500
roarjmckay,63446498907
rob.menard,63846275431
robayele,63265819709
robbdunewood,63037567587
robby.moto,63440057399
robby_saroya_,63413093675
robby_stark,63414891898
robbytruckman,64919960541
robcsantana,63306451813
robert2014,63392116783
robert___de___neer,63536119293
robert_steven_schumann,63077330560
roberta.covelli,63565557322
roberta.puschinsky,63300051771
roberta_raeli,63580571477
robertarrayago,63141223314
robertboyedavies,62864871026
robertisaacs,63439226033
robertkochdesigns,63269972312
robertrodriguezmusic,63248818263
robertsimsca,66149373284
robes.eye,63581990418
robhughestx,63446319125
robin.hood.in,63459641288
robin_angelini,63642824147
robind4444,63083844770
robinsonvisualss,63273233158
robiwine,63915704798
robkoonce,63123895807
robotsocial.io,63458125871
robxlev,68093438397
roby1world,68187146320
rocc_orc12,67023614729
rocheeka_moves_u_forward,65981502680
rochelle90250,63057630013
rock.philip,66876532774
rock_bodum,63367253444
rock_my_wings,63080845372
rockettesauce,63083885629
rockinmomof4loves,63313344216
rocknrolljunkie.tx,70485226860
rockofages667,66556170516
rockthekessbah,63478459227
rockwood.tim,63271089773
rockyhdez78,64653915924
rockymtncourtney,65488632225
rococo.kiss,63074059188
rod_wongg,63266747463
rodb4real,68016975133
rodoloco,63388887189
rodrigophamacher,63437132460
rodsanarq,64621022003
roforlove,64160747296
rog_sterling,63253621435
roger_lawler,63279665625
rogerlsmith.music,63090193365
rogertheplantman,63291137908
rogue_mandrill,63386391872
roguecurrents,68927363440
roguepuppet,63468961083
rohanaras,63439647906
rohityogeofficial,68734586964
rojdurutti,63421002490
rollwithdata,63032911474
rolypolyrecords,63056652841
romanini.massimo2000,65212939472
romanow.lesha,63379934932
rome_the_enchanted1,63416555334
romoluo,71010643308
romzluague,67082728730
ron_i.am,63255599837
ronahanson,67888609550
ronalddpinho,63460363175
ronaldreeserealtor,63426138565
rondakernodle,63061678802
ronkjeffries,63493394277
ronkussss__,63279444102
ronlouisphotos,63236146419
ronnieannmo,65088003912
ronniebear_,71259349182
ronniekasule_,63446425066
ronniemackfunny,66251918829
ronnieterrellwilliams__,67988582550
ronnietheinvestor,68199776722
ronny.blog,63435910208
ronrichman_za,63476251737
roo_tf13,63080505709
room13_creations,63138788779
rootedinlovequotes,72095788696
rootworkenthusiast_90,63306891102
rop2055,70195926122
ropiknur4,65524004158
roro1977,63484386564
rory_michael_guerra_999999999,63277936226
rosamilagrosagarden,65860235052
rosario.zavala.mx,66769701118
rosarioforjaz,64057919914
rose.k.wood,67141461550
rose.margauxx,63081749161
rose_cauthron,65783098707
rose_loves_shitzus,70649175149
rose_maille,63601352794
rosedropsoflife,63274284395
rosekezy,63288182047
roselilypads,63052727434
rosendo.salazarr,63250824970
roses.diaries_,70773781938
rosetteresty,63083596527
rosiananguyen,63336555113
rosidiroesli,66249453175
rosie619sd,63086732101
rosie_revive,68214824885
rosiesantiago64,64290284734
rosiesdad365,67038305602
rossanamonsalve.s,67399359754
rossella_martielli,69687195315
rossramsey,63492018092
rossy_039s,70175603979
rosysperanza_mental_coach,69325367445
rotate_cube,71238272651
rotgarden,63084055694
rothmanfabrics,66267225687
rouhiiiin,68983969947
rox_visualinstincts,64604706442
roxanadaneshjou,63477240530
roxanna_in_the_garden,65127197477
roy_taro,63861227122
royal_oso_craft,63959952635
royalbrand,63298016467
royalmiguel,63235805881
royaltraders645,68290440965
royclemmons,63459597862
roywilliams2k302024,68910807752
roziejae,65305576865
rp1969er,63269495428
rpens10,65876474417
rpgregory87,68540281382
rrfongool,63142510336
rroberta_bergamini,69698578364
rrrobbed,63463778367
rrrwn_,68780483704
rs_creations,62809454601
rstorch420.rs,70979180258
rtherwig,63414520295
rtlustosch,63911126415
rtouspraiz,63462902080
rubberbanders,63299624333
rubenoliveira.27,64006172394
rubensjeansimonn,63051246307
rubenvanwyk,63250822539
ruby.bugarin,63059845478
rubyceraldefabian,69956341703
ruchiiiii333,63447965230
rudahbee,63454848554
rudylee_jr,63565266889
rudzzvidd,63928362207
rueteas,72489451793
rufiknows.jc,63082964086
ruhinaazz_official,63412068459
ruhulamin65040,63465700323
rullitorresofficial,63091881489
run.writerepeat,65175809786
run3wide,69782593311
running_tech,65644787882
runninmamax3,63254243270
rupawala31,68933546342
russ.gh,63454348582
russ.varnado,69713522269
russell_links_official,63499856219
russellakred,63411670251
russodeanna,63059126065
russty,67384791760
russvoteblue,63457915902
rustybones0520,64885884970
ruth__paulina,66529515927
ruthelaine877,62858039663
ruthhanfordmorhard,63410788711
ruthie3149,63364879566
ruthie_williams2021,64329318700
ruthparson.art,68267012431
ruthsmor,63453933862
ruthvkelso,66558848186
rutwik_karra,63445731334
rvnhurst,63335491904
rwilliamso,69201369425
rwilsonross,63180042180
rx_happypills,69444029644
rx_oma,63795782714
rxmomnina,63398471027
ry.codes,63276250270
ryan.brooks.501,63739472690
ryan8670,63390926059
ryan_biondo,63475674814
ryan_from_corporate,69726965113
ryan_kneeland,63377525734
ryan_mlohrer40,65388730378
ryan_reads_and_writes,63474617901
ryanabberealtor,63396886235
ryannn.yy,63470448229
ryantweb,63265854573
ryanwgates,63507865280
rybrock,63037798945
ryderdashork,63383273862
rygeltech,63100427122
ryleefrohberg,64945481381
ryliebusick,63059743987
ryliesawitsky,64770811476
rylokinn,63549924316
rymakdj,63278133793
ryndisnts,65103260924
ryo_to,63462305377
ryotajp,65546407419
ryuilseok,63123933400
ryumer.g,63487329238
ryuwukijano,63278762410
s.aa.vvv,63267793380
s.arahtonin,63105746416
s.bishr10,63237484498
s.felice1125,65832536930
s.h.a.u.n.c.h.e.n,65086034281
s.yuen_28,67036672451
s11ew777,67350246840
s4raaax_,63562414431
s_cloud,64090227579
s_fernandez._,63777345394
s_mahmud_niloy,63131071768
sa_coknee,63125588758
saad.jorge,63302656670
saadahlokman,63043613321
saawan_1309_,65069362043
sabajamalian,63084257979
sabama1,63230307703
sabatino_catuogno,70101858605
sabb.fans,63557812393
sabedoria_salomao,67733976972
saberdogbrand,63258182530
sabi_mechanic,63241132111
sabintanasaa,64773163318
sabioukounda5,70428950709
sabir_fit_ness,65000676443
sabourinmarieanne,63469842737
sabrina__fuqua,67938171700
sabrinanotar,70273664439
sabrinanuncio,65931827768
sabrinaworthington,63034239785
sabrinayoga333,63151910142
sabrosobiscuit,63456978333
sabvasdance,63053855510
sacajungirl,69296714937
sacha2115,63436858143
saching6750,68930269933
sachinpc9,63421157868
sachinpendse,63409403857
sachisusuki,65701318427
sacred.zee,63033877953
sacredbeast,62955126559
sacredspaceforfatbodies,63411540585
sadeamyfinn,70466330413
sadie_caroline02,69461837652
sadierita,68697303182
sadiie._,63386056057
sadnesswong,63893209143
saeedelhanafi,63396567313
safiakhann648,70257795632
safiullah7,64384623706
sagarbadaik1777,64159049403
sagarm3hta,63446800780
sage_meadows_kjellgren,66877566817
sagergren,67074314591
sagersmusic,65117286141
sageryt,64085860183
sagheersandhu7511,65423755565
sahaskatta,63235275226
sahilmalik2507,63264084171
saia.alicia,63059460740
saibitomic,63105473714
saidmoh1982,70365876991
sailordigital,64405574776
sailorsdaughter_59,63403827550
saimaa._.786,66364338809
saint.shaad,63631264434
sairatoor,63472585050
saispinner,71717184375
saj.o7,64286715577
sajere_exult,63632936778
sajikuttan1997,63245218702
sajousman,67370247933
sakanacafe,64341902520
sakeeb.rahman,63644408442
sakiiwakii_,63154284964
saklabhshivaji,67405781533
sakshhii25,65216948937
sakshi_ashoksk,63239233862
sakunthalapriya,63581813849
sakurabliss__,62378676072
sakyxo,68309812399
salamamirabdul,71552990726
salamatknowles,63130507943
salbalkus,63381628344
saldanapr_,63308361876
salemghouili,63135505450
salimelliye,63264103814
salimkhosht,66176039308
salinaartcenter,63335936784
salinda.insta,67957074459
saliou_011ze,63945416931
sally471123,63451384824
sally_k,63818760791
sally_washboard,70118811420
sallyjo0210,63261535240
sallymerle,63269978466
sallyncindy,63105651181
sallynoodle,66645395940
sallyyasini,65192452445
salman.code,63419525028
salman_ahmad985,63062099736
salmanibneeunus,64101024197
salrinax,64591147859
saltycirce,63244683788
salvo.gentile02_,63926969292
salwani973,68448792151
sam.imhaus,68054715047
sam88_tee,66011103628
sam_gitahi._,63394420620
sam_gold_makanjuola,69676413560
sam_o_b_a,63073981124
samadhilee,63428295476
samah_ahmad5,63262094925
saman_fatima81,71674783561
samanaya01,63145851337
samanazane,63448514429
samanfa.smith,63068382734
samanthaanderl,63448108652
samanthadjb,63268451640
samanthas_.world,71571396483
samanthasutter,70294482599
samara_jamie,63271569862
samaralsul,63478243478
samazingtravels,63433267283
samchiu11,63429620062
samdeepak1990,63610104746
sameek,70116744356
sameerizzz,63139798468
samemahoney,72083415023
samhansal,63070711016
samhippie420,64687277230
samiatlawal_,68702078613
saminc97,63251956265
samirariahi2000,64814664936
samirariyahi8052024,70808977905
samisdataa,69031102581
samkundert,63880987777
sammiammnot,70619901837
sammiloya95,63894633858
sammimarti,68836329991
sammyross632,66416076043
samoli_onthe_track,65594623778
samoya_.xx,63284982536
sampadaxu,63141895660
samson__ola,63438666804
samsonogunrinde_,63128260876
samsoper.art,63444928340
samsquailia,63421319750
samubarreto26,63336993551
samuel.thomas.v,63997903819
samuel_nonso,64150860047
samuelschweickart13,63247267403
samuraihawkku,63137491977
san_jid_islam,66362937224
sanaoriana,68161794390
sanavardi,63064989734
sanchita_g30,70347643406
sanchokm,67582728720
sandalsandfun,69901777765
sandee_olllllllo_,69019798369
sandeepsinghjgn3,66087278394
sandra.o02,67058797054
sandraadelaidefelic,67829025474
sandrews125,67267081543
sandro.ieva,63805839355
sandrone.ai,63292529715
sandu.73,67633232163
sandy_kay_webb,67045920270
sandyhandsher,69411519749
sangwon__you,71801336291
sanjaykumarverma661,70094595283
sanjeevni09,64287937467
sanjuniper_o,63272050808
sanmok_hwi_gallery,63215157757
sanset_4568,65204121568
sanskar.23,63418055187
santadohude,63231603534
santafefashionweeknm,63395798476
santanaadriangela,72241464374
santarich777,67466401680
santiagoarcelus,64900641437
santiarano,63284867775
santoshapoetry,63142131882
santossvro,63061230912
sanuvishal14,63428626594
sanya_paula,68769781243
saoudatou422,72104512500
sapp1963,64610456636
sapphire_6_knight,64607233265
saqibm_11,63036262650
sara.hsarah4901,63249641707
sara.mataphd,63408310685
sara.pound,63408970888
sara_piga,64092120574
sara_ska089,64693838477
saraayaqine,63695325187
saraberraboo,63233046207
saraclaiborneofficial,70663711623
saradaustin,63311931094
saraeleta,63437707499
saragrunsten,66326358771
sarah.grace2.0,66110878730
sarah.lzama,67079000683
sarah_learningheroine,63103510508
sarah_mari_chan,68041939307
sarah_o_xo,64693137033
sarahasslinger,64109408708
sarahbawili,66331277203
sarahbwoodhouse,63193573098
sarahcecilganger,63257011484
sarahdactyl_atx,63253295476
sarahdille,63060957787
sarahdinh_,63412487224
sarahgage113,63153566473
sarahgreenks,63309930216
sarahhaertl,63429267457
sarahjane_sea,69843154504
sarahlizdiminich,63254937661
sarahlonegro,63229121742
sarahlostintx,68106330368
sarahloveslife_4,63301448574
sarahlynnfreitas,70882468447
sarahmac1816,63386385456
sarahmichelleamador,65082194468
sarahphaelle,66307054967
sarahpryorphoto,68981756102
sarahsellsatl,68369369526
sarahtonin26,70192730916
sarahturner7888,65551766515
sarahymasters,63058556471
sarainatx,63469296220
saramarlowejolene,70615622115
sarampedersen73,66503483412
saramshadotel,63068826740
saranyaaaa.a,68715781418
sarapeloso100202,69514439128
saratheblack,63296948416
saravulgamore,63053108877
saray_rub,63426406821
sarazafar,63446328990
sarbjeetkaure9370,70475799275
sarbuvanesa80,63853454560
saritasyrah,68376540370
sarkastik.desperado,63611856906
sarmourkay,63434273939
sarushette,63269952414
sarvesahpandey,70813745500
sarza.wiz,63057348759
sasharoseloves,63382356455
sashiomarda,63422927286
sassiniemand,63234791585
sassy_n_classy1968,63669716266
sastitcher,63217319060
satanscallboy,63143711757
satita_official,67079936601
saturn_rage,63488897893
satya_singhhhhh,67252963737
satyr_john,70564289374
satzhan.aizh,67957419164
saulamsal,63132116923
saunders.nicholas.social.media,63564276775
saurabh.prasad2,63163630274
saurabhnative,63456683040
savage___c,70265601678
savagegentleman_,68077923977
savagelove1998,63012094324
savatterii,63724344767
savetime.ng,63068715531
savita_kumari_19,69744029120
savlovauschron,68369376232
saweetyaz,63515077941
sbarraez,63447180969
sbbstudios,63693232936
sbeck0420,63256799675
sbellelauren,63445670046
sberg69115,63107305819
sbllaw1794,63485265516
scariemonzter,63451963166
scarlett_rosie,63291193598
scarpa.marco,63522632362
scarsinbloom,65641847586
scasewv,63424146732
schanegross,63127941476
schatzgoblins,63254174065
schesser2,63287933868
scheulioan,63275025526
schuster.tal,63237603559
sciaraanne,69032960936
sciencegeek007,67081493356
scienceresearc9,63610704003
scirocker,63269621758
scobleizer,63278530842
scorpion_lover,66050230345
scotiablythe,69246745150
scott.a.corbitt,63450577334
scott.kurtz.731,70710364958
scott.treaster.5,63438317924
scott_fenstermaker,63048382300
scottbyars1,70579837120
scottc968,63243172147
scottcollinsproject,63269070553
scottemad,63263914129
scotti32hotti3,66669058594
scottiecaudle,65804638820
scottinallcaps,63368741254
scottwblack,63258625072
scottxdavies,63438465302
scramblethis,63794488357
scrappdrbj,63104418723
scratch_512,65807957590
scrawleyart,63387055820
scriptgenielynn,63101356064
scrittricebresciana,70108475660
sculalive,63399951037
sculpture_bitch,65391368021
sdeeg13,63449773907
sdotatx,63422334593
se_ukasaki_,66830534801
sea_rey64,64571258734
seablue13,69739172688
seamstressing_simac,67660703851
seamusbyrne,63122873184
sean.327,63120761039
sean.leesj,63273483986
sean.slick,65053796070
sean_orr_art,66907173032
seancitheanalyst,63398790878
seaniaaaa,65895361300
seanmbarrett,63091291230
seansong314,62929863130
seasonedstationery,69636682359
seaverde,65904442467
seazeamiami,71669496509
seba.void,63361214734
sebas.tama,64236533796
sebasfigueroa29,63278023304
sebastiankindermann_design,63735217124
seckmanmusic,63475139709
seddimon,63284626318
seechangehappen,63475139764
seeingsafety,63387509186
seek.wellth,72481376322
seeker_mcmanus,68176886164
seemandasparkle,63052174655
seikacreate,64095259178
sein05._,67327432148
seitaroy,63067647114
selcoeurl,63103596835
seldon.markets,63104522010
self___bad___boy___7984,63309672720
selfcreditrestore,69205850176
selfportraitwithcompass,65296067310
seline.noire,66249180351
sello_ngoepe,71187798866
selvin_rios6,66853875606
semilorecoker,63132406968
senseigroove,68120981803
sentdex,63451324559
senye.kuma,63252061755
seobrien_economist,63269763132
seok_seungeok,63436478048
seospecialistsujon,65203305658
septimusbrown,63307928336
seremook,69401437514
serenbo53,63278587268
serenity.ardjomand,66837342074
serenitychia2,71532785228
serenityspringswellness,63454763700
serg_dot_ai,63051699498
sergei1972,63431950352
sergio_dionese,63704433163
sergio_soage,63638056096
sergiotar_00,67597131992
serialsade,63477057500
seriouslynotparth,63219972083
sermao_,69033397378
sese_tree1983,63476998903
setemialone,64759760394
setemii_,63058803991
seth.goldin,63314072912
seth.nuzum,63285947660
sethappeal,63261413757
sethclaudepierre,63130652340
sethless,63285858666
seto09nature,69017084479
seul90a,70404620099
seun.eo,63249253858
seunola_,63475000711
seury2019,68099482597
sevenmoonlightsteps,63417636513
severed_knees,68654963074
sew.julie.ann,63473753883
sewannsew,63415515430
sewfishplant,63432057420
sewzinski,63423507857
sexy.k.outlaw,68498801233
seyficinema,63564340958
seyiolanrewaju_,63416846047
seymitch,63228717552
seyzart,63470865650
sf.chick,63467266036
sfreidheim,63427060068
sgaseretto,63082134789
sghasem_2253,70161402022
sgorumlu,63407713817
sgwaldo,63788467817
sh.an.as,63492080308
shabbah.tee.official,63266273518
shaby4523,63265976430
shacker0210,63226052062
shadan_zafar,63448321633
shadoesntsmile,68752945622
shadonlife,66010127896
shadowblack_entertainment,63269275180
shadowsunbound711,63252514271
shadowvalleyquilts,65427001274
shadyhall82,66314664464
shafeek8130,65521117778
shafiranoh,63061940703
shahada_the_islam,70162507750
shahanneda,63415014579
shahas_kc,69440646197
shahebaaz661,70408982778
shahid_anwar001,67014105888
shahrilazrain,67621880979
shahustle,69386322891
shai__hasan,63453846190
shaila_roach,65434282358
shain4_,63264207675
shaitowwwn,63298954830
shake1152,65600180916
shakeea_lee,65134835546
shakirn161,65472161820
shakyfish,63482419694
shalaperez,63064467721
shaleyharper,63426281795
shallyog,63370237851
shalmali.walimbe,63374974923
shalottlilly,67926895261
shaluyadav4168,66922853751
shamana.grace,65659387348
shamdigital126,72498437352
shamimkhan.9,63434090607
shamus_reps,63477888416
shan2p,70095863047
shanaaaaax0,63393313856
shanakaychisholm,65474153957
shanasmohsin,63283008521
shanedrumming,63381233868
shanewc,66408883273
shaniluciddrms,64693063067
shankar_aditya,65960729743
shanlscott,63407719556
shanmoodfreak,63947677305
shannalaurahoward,63380686660
shannemnelson,63261102661
shannen777,63488384677
shannon.rose.00,63436388563
shannon_angelique_garcia_rico,64646506703
shannonambroson,63457664804
shannonamity,68088886932
shannonbickford1382,63448434027
shannonlorrie_,63436129581
shannonvallejo,65774309512
shanootay,64175787588
shantanu_kaushik21,65650842975
shanwowsue,70622331384
shaqilshaheen10,63312072617
shariwhaley1964,63279607705
sharon4844campbell,65106652897
sharon_bradshaw_,63443690037
sharondurmaskin,63416039836
sharondwyerart,68682270949
sharonjrobbo,63268289767
sharonmarie.1427,67724745704
sharonnrosa,63360408466
sharriboyett,67637563668
sharrmi.raj,63420390217
sharronmelton1,63148412635
sharry___saini,63396014345
sharvinsoham,63231634998
sharynsjolseth,65822330718
sharyoh_,63454618250
shashaaldjufri,63099471209
shashay_shunta,69786795204
shate98,69232503989
shaterasocialmediasidekick,63461227793
shaunak08,63223943167
shaunarenee84,70633205182
shaunasuperfood,72289552032
shauneternal77,68735957326
shawn_knepp,63246699072
shawnatkinslively,63407755181
shawndaduvall,68123279561
shawnecesellsatl,68261970350
shawnemarie,66322488243
shawngarner66,65762525036
shawnieannie,70391725631
shawntiemann,63305208478
shay_mccoyy,70820234630
shaychiced,63513064000
shayforshort,63207607896
shaym133,63607280105
shaynalinda13,63430179778
shayronie,63419142322
shaysharay,70971297205
shazee_tee,63314816739
shazi_thabiso,63143398424
shazia.qureshi.18400,71578327312
she_boss_university,70055510243
she_still_savage_,68383537009
sheabutterrr,66643147709
shedstudio,69362420788
sheena.p.rebel,63267612033
sheenawarriorclogger,63854992189
shego.eth,63041135386
shegz__,63402629607
sheikhakatototv,63247705110
sheikhusamaraeex,65175142322
sheikhwahaj,63445689537
sheilaekoz,63420004365
sheilaskeen12,66292955445
sheissmokinghott,67139811712
sheisundefinable,63319402460
shekhar_ankur,67974474395
shel.beau,63149222237
shelbicounti,63434251182
shelbsmariee,70340140491
shelbythreeshoes,63094255665
sheldon_ouma_004,64325687826
sheldonaintcool,63239948422
shelleyamills,70139574053
shelleykingtx,63409068139
shelliemartinfit,68454082724
shellwalsh,63413055860
shelly_19xx,63082638647
shelter_4pf,63104594359
shennifer.xx,66040494497
shepherdsong_,63268953413
sherellmennell,65807753256
sherizle,63258711926
sherri_33,63258597306
sherry.feliz,69214663790
sherry_mccutcheon,63507208234
sherrywoodlee,62862759783
shes.magical,66834618656
shewhoflies,63249373127
shey_ypee,63289696218
shidonichan,63435038059
shiftpulsemarketers,72134914972
shihaaz,63404434106
shiloh.cerise.writer,70145248697
shin_dwon,63609696429
shinarmeiramova,63049060608
shinebrightlikeadiamond2016,63251606947
shinelovia,67011859613
shineonjds,64190797528
shineyrays,63389431195
shingohigano,63261319295
shinigamikutie,63016533406
shiningfawn,70983303669
shinningshimmeringsplendid,65844620550
shinnybright_,63269435180
shino_0910tw,63144820793
shinobi8023,63631104266
shinobi_1_the_god,65626030439
shira_ishi1982,63905314395
shirandesilva,71791233399
shirenag,67099443521
shirleyaparecidasantos.silva,69886728470
shirleyschlax,62824701835
shirleyxdd,63468715921
shirokanji,67556520683
shishirrr.dhasmanaaa,63074258528
shivacharan_9,63035719853
shivdutthalady,63861726869
shkofaraj,63085628848
shnekhapriya,63069980123
sho_aib_003,63471929696
shoaibbhati677,71672837523
shockroborty,63087395832
shoegameallstar,63123499876
shokakibito,63254270005
shoko_pencil,67830546506
shonnabug,63998250845
shontel.s,63052541587
shopadamo1987,66163914968
shoplovejentry,63469268948
shopwithaay,68571902023
shore_shahbazian,63944470788
shorty_b89,70059063661
shortyy.privvv,63185749095
shoulders_not_knees,63067083067
shoumikhin,63096421658
shouryabose07,64920161731
showroommarketingchi,63099979626
shravan.acharya7,63103381310
shreya_varshini,63101294522
shreyasmalakarjunpatil,63067799759
shru37,63434903381
shubh_basu,63443081102
shubham_dubey_only,63468954996
shubhamdhatrak_,63244818728
shubhayan.me,63305281631
shumankind,63097166707
shumingh,63382718054
shumpdogg,63124527466
shunnosuke_yamauchi,64760096209
shuva.dass,63229199897
shuyoong,63134334184
shvkxir,63315569224
shwithi.reddy,67999091918
shxmrvck,64607736284
shy.opossum,66620904166
shyamala_sonu,63041501104
shyamushyamup,65766035658
shydeleston1999,65190716943
shygirl.designs,72148809028
shyidonofficial,63407611042
shyincomeboss,70943780104
shylinprabhu,65251115334
si_dyn2,65020604643
sian4dy,64162954778
sias6281,65105811120
sibidei,63500753694
sickchickkie,67924453501
sidad_nerwayi,66939282447
siddah31,67047200254
siddanth_adiga,63428212531
siddharth.rout1,69613044086
siddharth_vash1sth,63458091469
sidebanks,63048252714
sidgore,63060492864
sidhartareyes,63080762037
sidhuz_h_,63044143108
sidiyoussef_amarzou,63323576636
sidneip,63427532244
sidneydrew,67317407994
sierasyara,67243623953
sierraspohn,63632160861
sigala_joey,67487446804
sigh.of.a.siren,71378012142
sighsmatters,63416148323
sigitmeng,63916946115
signed_byant,66325828957
signs.perfectgmail.com1,70091377819
sihab.uddin.12720,64666343007
siierjones,72039233681
siiickxz,68314532724
siincerity,63361105260
silaendina,63178315949
silas_babs,63253436312
sillylittlething95,71530949399
silver_developer1,63264135085
silver_kat97,70888348539
silverpan,70440826177
silverscreenpinups,63902352091
silvertreesandjasperbees,63100729318
silverystarrz,63091359708
silviadp_,69734233378
silviettaberto,68642081851
silvino9944,66259573232
simba_jesus_christ,66513720510
simiolowolafe,63244055614
simonacosta332,68586338943
simone.pollo,63237315296
simonefayelavallee,63383591538
simonjames700,63443881684
simonpeetheart,63253039742
simonsaysvote,68793702596
simple_little_likely,63282856750
simpleapi.app,64171197345
simplereignsoaps,63483600328
simply.kristelle,72149849406
simplybeingdiny,63843813923
simplycaprine,66840941224
simplyfabrics,63240182858
simplyglasser,63144160789
simplysarah113,63609104575
simsi.a,63420695587
sincerely_avirgo,63498424958
sincerely_theresa,62966031737
sincorchetes,63857582374
singhabhijeet_07,63296653847
singhakanksha221b,63472873663
singingdata,63046479161
sinx_maths,63274286159
siouxfire,63239989207
sipblood,63878605102
siprewriteandshift,70699949871
sir_atwell40,66401054089
sir_narsh10,63289250713
sir_sit_,63459265280
sir_terrynce,63262987490
siratlex,67055425688
sirbashirz,63324120411
sirbiladzevakhtang,69438198003
sirenofhellfire,63414038003
siriaaleman,68985635773
siriusedix,63483291125
sirnoel32,63422701898
sirona7,63430301929
sirperry100,67713473303
sirromssur,63251486898
sirvik5000,64160636596
sis.raraa,63439974461
sisi_trish,69156769176
siskahaidan,63460851983
sismaaa_m,70229358203
sissoko9541,71540048970
sisterleroysvintage,68301827528
siti.raihannahms,67716682206
sitinorzubaida,67062138827
sittikhdjh,67277111363
sjhall0121,63063374311
sjhshshxhs,67005237144
sjmona._,63855333547
sjo.digital1,69751585165
sjr.reads.books,63272371412
sk.itty,63250391283
sk.sahil.ali,65001317890
sk_akash_163_,63126152290
skalskip92,63386229823
skaru.morocco,70256535001
skaulana,63608312643
skeetbobrown,68303325272
skepti_gal,63437090850
sketchibunnii,66456633568
skimkare.israel,66305780629
skinn._.glow,63602601479
skisherpa,64671281439
skp_karun,63448716582
skuubydoo,63532585540
sky80526,63524898629
sky_walker.eth,63021703672
skyemou5,63041332221
skyepolk,63452020026
skyhawk_three_eight_foxtrot,69013961581
skykristen,67022079642
skylinestudiosphoto,71014554076
skylukiee,63259239258
skypstarxnozinator,63250407260
skyvcheung,63421939729
skyyrichardson,64245073996
sl535336,63435795618
sl8tersun,63460544483
slab612,66151892348
slappymachete,65676094709
slavakurilyak,62861063683
slay_news_,63275843275
slcarvalho,63409835834
sleemvisual,68072070692
sleepstagram,63525705263
sleepyjesus76,72182448261
sleepyxbunnii,63451274408
slhersh2,67043312507
slhstones,68938858017
slineyp,68764287516
slivelyhill,64626230233
sliwkarj,67274035821
slm.lkrf,63418554516
slobamarkovic,63423891419
slosos007,70680598285
slutty.leidy,64246706505
slztface.angel,66395310153
sm_michael_,63374942668
smacpherson67,63064107062
smalltownlifeandbeauty,68203148321
smart_coded_,69073676544
smashem,63621800996
smd_chalad,63088467418
smdigiuseppe,63394493196
smeiisyarah,63299808527
smesselt,63391150105
smfausto,63233995970
smgstow,63223174291
smhatelier,69251847970
smiling_seyi,63462249990
smk_kaur,63255944950
smokesfretsandskulls,63074530286
smokeyquartzeugene,65530453772
smokkincanada,63501913494
smoothbraned,63394625836
smoreswithgiggles,63385791309
smruthy_hanumantharaju,68734012512
smutville_vintage,63945077266
snafu_artwork,65171688384
snakebird54,68054289959
snapsteel_1on1,63312505982
snazzyc,63661616272
sngarey,63469596646
snickerdoodle_210,65099516795
snodgrasssue,67804907288
snowbrigade84,64173152342
snowy.darling,62864671989
so.odeep,63088876509
so.up____,63072599757
so_over8t,70200224899
soan_by_design,63313297927
socaseinpoint,63048591863
sociallybloomed,65726341507
sofarraraway,70411973203
soffy_soffy_styl,67056909604
sofiejnn,67117688029
sofili1986,63399252814
sofrlowi,63277418993
softgalsociety,70679654028
softluxry,71924215669
softpixiehugs,63079379712
softspoonie,63106460240
softwarekangofficial,66293359095
soga_joshua,63466728663
sogo.sule,63499433024
sohanour5186,70594159802
soindigenius,68804964075
soitsmadisynn,63478259458
sojournerweaver,63460213473
sojumain,72066878811
sokorelos,64080899630
sokrdad,63283554460
sola.veritate.mea,63085676118
solapeeee_,63455275190
solasouthatl,68187681679
soldbyjulia,68926245046
soldbyyanely,63128937260
solenzzz,64805563822
solitary_nyo,63139997220
solitude_king_3.0,63294337479
solmarineris,63244067067
solnze120912,68906003469
solo_jnr_,63309153716
solo_m.o.n,63449128383
solomon_padayattil,63433532576
solosmom70,70004707201
solr_died_skating,68642382102
solteacher_,68771422582
soltren58,63429733883
solving_aging,68658196482
solvingthepuzzleoflife,63502328988
sombretch,66838725656
somebodys__.sunshine_,65200972816
somebodys__mom,71371181411
somehowtanaya,63489464003
somenolaguy,63387886084
someones_dane,65060367280
sometimesdante,63095570633
somyaa_aggarwal,71378157350
sonali__yadav__,63090509064
sonamutown,63492704710
soniadong,66905878233
sonigirl6,63425289887
soniia.g2,63130366979
sonjachafin,63241042566
sonjathegrey,63233135143
sonofalpha,64581263093
soofi.evaal,68677833468
soooooobbygirl,63063007518
sopakate_,63479473468
sophia___autumn,66976615256
sophiakuttu,63951273958
sophiehodgson.music.life,67491167970
sophisticated_tifeh,69674027542
sophyy.luzzz,66451637796
sorcererofsoundx,66136818971
soriax0,69397439465
sotaro_1203_,63403349631
sotiris.glastris,64024955970
soul_power426,67382895621
soulconnectionswithmichelle,69540049874
soulfiremage,63426434349
soulful_journey_,63292780402
soulplayland,63409117023
soumayalgn,64645502877
soumith,63450485716
soundarya_abirami,63423622920
soundbyte_tv,69805184445
sourabh_verma.05,63236822489
sourapplegoth,66223711512
souravbaghz,63627184621
sourcepotrob,63602921330
southern.blacksheep.refuge,69653661216
southern_outkast_82,66394426257
southpawgoldenlover,69048291330
soyuz11,63060668180
sp00pkittn,63091461877
sp1core,69410586403
spacegrep,63411255010
spacekitty91,65947129996
spacerachel,63030495411
spadinz,69433669518
spammwiitniyaawiyaa,65411352960
spanish.goddesss,63606440869
spanishmamialee_xo,63448816026
spartan_518,63266890562
spather,63448816529
spdosteven,71637285950
specialblend99,63251799667
specseyewear,63459523636
speedtreez,66333805909
speedyoza,63253285940
spencher_1804,67366983215
spennazzi,64346806902
spiceyyounggal,63120193292
spicychickenflavor,63449381699
spicyfuneral,63370372773
spicyskits,63227731314
spider_man_si,63410322011
spiderbaby4444,63043966589
spiderhooch,64127314075
spiderpalace,63393559551
spikysky,63056270112
spinning.webbs,63402431348
spiritualgrey,63215865503
splashofash83,63444507168
spoilermagilacutty,63964293509
spooky_little_heart,63948103385
spookyautumnleaves2,70610563436
spookyy.ellie,63438326017
sports_socks.mehar,65829009788
spotott,63815384573
sprdctns,63878179464
sprucingupga,63423243653
sptstoyanov,63448591331
spuros.pi,63904955769
spyridont,70418019161
spyros.langos,63908548213
spyrostamilias,68799031279
sqrlly,63413174095
square.and.co,63366143295
squidwatch_,71309214564
sr.vincent,63343568557
srabybaby,63459739429
sravanik_9,63379214613
sre.chakra.yeddula,63313506172
sreedharan.jayaprasad,71617904803
sreekar__ravipati,63144437965
srgntrunning,63955798114
srgriffithauthor,63219982571
sriram.ramesh312,63035214982
sriramchandramouli,63267633579
srivitya,63250352698
srotriyo_sengupta,63482242728
srustivijayakumar,63449763681
ssaarraabbee,68862958535
ssarapanzerii,63236089948
sshufina_,69145394131
staceeemc,63268824695
stacey.childress,63271392086
stacey.lynn126,70202311300
stacey_vdc,63845663218
staceyrenee1966,63102868761
staceys_astrology_rhythm,63450012035
staciapratt,64015368971
stacidblack,67036773813
stacyk_rdh,68129039291
stahlschmidtsarah,63259130743
stampsbykate,64989599998
stangelandsuz,63394246942
stanley_afriyie,72064193011
staples_y,69980463440
stargirl17.1,63447591271
starkphotographyne,63444523370
starlamartin,63664432381
starrobinsonrealtor,68381837177
starrr.seed,63414308965
starryaraceli,70173799258
starrynight.art,64708855139
state_of_grace123,63070418078
stayingforeign,69009114211
staylo_key,63237493409
stbs0,70532872579
stealthita,63917616782
stebow60,69096298813
steedbowersock,65111506221
steely.xan,63402005020
stefan.orlic1,68052558173
stefania_galazzo,63029046699
stefanimmtz,63085343022
stefano_minopoli,63571326811
stefanocaramia2016,64612865366
stefanoluconi,63231281388
stefanomari1606,63894882774
stefanomosss,63733992955
stefanospoetry,67183823061
stefanus.raymond2,64364159737
stefanus_adri,63216342576
stefene7,63255194478
steffi.chan_,63481563041
steflugli,63488818445
stelamuz271496,63499688923
stellanonesiste,63842286708
stellar.y5,63288318051
stellarsyntax,64176685312
stelstar328,63471657277
stelys_love,63121900829
steph.codes,63238547689
stephanbugaj,63247102556
stephanie_cakes_n_more,63271021954
stephanie_tien,63261118058
stephanieannemccurdy,63259738522
stephaniekristen,63061163268
stephanielanter,63405662826
stephanielbrogdon,63484274977
stephaniencrg,63430908649
stephanienicolerva,63379318891
stephanienuesi,63380694871
stephanierenee_2,69772352906
stephany.mcdermott,63455498834
stephen.ramsey,63384653038
stephenarice,63224325553
stephendoesstuff,63065447614
stephengofckurslfdonovan,63606704298
stephengruppetta,63501129277
stephenk900,63064163438
stephenonmars,67989824415
stephfunnylikes,66348584482
stephham_,63417134135
stephiez_luxuries_,63415794556
stephofimp,63259926432
stephreeves758,65609183507
ster.mss.8,69637212048
sterlingstark730,65930400285
stevebarbaree,65253487290
stevegriffin.author,63316161624
stevehopson,63484329596
stevejsteiner,63146900381
stevemuthusi,64081245305
stevenbward,63160173465
stevencoffin21,63271447699
stevenhdezb,68950720251
stevenpdennis,63401681258
steveornelas38,68318957707
stevesi,63436901067
stevewalsh94,63090427354
stevie_orlando_cutler_jr,66856330314
stevieleighmcphee,63604720325
stevocci,63360737006
stevyamou,63404304624
stewartdesignco_,63262554866
stf3377,63252219599
stfaery,63069579229
stharlock,63216201083
sthilagan,63621264210
stikk.mori,66309448361
stingr64,63638096807
stitchinhenhouse,63460397167
stitchwerth,66446395570
stitchwithjoy,63092008972
stj.klain,64739770737
stllargirl,63468611426
stoicheadaurelius,70801981820
stojboj,63443009100
stolencow,69623114855
stolze_mutti__seid_1985,64449630524
stomachclub,67496014628
stone.cold.jane.austennn,63401254451
stoned.charizard_,63167878964
stonelock,68252549738
stories_bang,63407604434
stormabigail27,63387379015
stoymyboy,63228204498
stphn.maier,63083577985
strange_facts_100k,66284481475
strangeartkc101,63056063281
strategy_guy1,63388189973
strawbabeshortcake,67699043340
strawberries1580,64675389889
strawberry_cough.syrup,67736592515
strawmelonjuice,63773560342
streetzishere_,63131061567
strelitiar,63433375393
strictlyjenna,63092615327
strilll,66440375049
strongworldtonight,67275419588
strotebook,63405981464
strumanchu,63083517308
stuart_marolt,63282890785
stuartbobby5474,69412596342
studio62harrison,63299584721
studio_fierro,63474276045
studiobabakgolkar,63099761134
studionamepending,64266116124
study_calmlyy,72088432242
stunt_double_2,65048703256
sturdysturtevant,63280651402
stuternhq,63456123473
stylingbydeluna,63310579218
stylishluckycharm,63102401975
suami.san,67643674503
subflw47,63619176581
subhashisdeb934,67317127308
subomii.xo,63269918306
subtotalpoet,63243418374
subzerodayday,63426914936
successlab101,63821425100
suciaidadahhar,63080179336
sudeshna.saha_,67831924258
sue.j.ro,67105173079
suede_4real,67347768270
sueishere1955,64128275608
suella.holland,64404735666
suelylyantunes,69647568070
suendercafe,63240855987
sufal.mardi.90,63098884275
sufia_silva,67581745055
sufiyanhamza07,63085180774
sugar.water.purple,63100562485
sugar.y.spite,69054533247
sugar_lalita,66911108535
sugargayisber,63414637644
sugargirl_acres,63082505330
suharmony,67571386477
suhas_madupuri,63137868354
sujankumar91,63233413995
sujitranofficial.__,63081698962
sukainakubba,64057658231
sukhpreet.singh__,66922866987
sukmawening,63377566787
sukrutassociates,65143564694
sulistya.aw,63242874826
sullivan.engclub,71795026247
sully_frfr,63953260470
sullynsoul,65394617002
sumannegi20404,63088729774
summatime._,63205492616
summerhart29,65490042774
summerhill_zinamon,63644096938
summerlilly1,63857403677
sumudusiriwardana,63298994259
sun.shine.023,70578381124
sunbird60,69446170932
sunbugged,68787300889
sundar.jeyaraman,63290180280
sundaskhalidd,63268724007
sunflowersoaps,64447222581
sung.kim.mw,63134047866
sunil_reddy96,63083270683
sunilraju,63290573718
sunmi_3838,71295111708
sunnique_96,72112888719
sunny.ghorpade,63428830533
sunnyspirit777,70447449815
sunsing,63635088246
suntameh,63418966312
supabasecom,63482153622
supchica,70226437743
super_bling_cowboy,63139189329
super_issy,63255123616
superadvicenz,63429179340
superboy_6446,68856335443
supercoolguy366,63071822426
superdumb,63228235210
superfattybuttersauce,63075266736
supergirlstoryies,63432248895
superhotoilchange,65820972655
superkimbo,63091323709
superman.0908,64175632225
supermjh12,65735966306
superspitzofficial,70203905062
superwife64_,65618532244
supremebagholder,63373347108
surendra__gupta___,63403126515
suresh7029babu,70623990627
sureshsoloman,70215135163
surimaille,63086623269
surplussatire,63467155018
surtada_nao_demoste_amor,63267568482
surya_bhavisha,63488113575
surya_ganguli,63474971954
surya_yash143,66939874345
susan.goodspeed,63253521068
susan.lynn28,63247647288
susan.moisey,63440420526
susan_ford,68563804777
susandeblasio,63240697763
susandyer,63476257147
susanfrenchy,63746298916
susangracestudio,65197588745
susanharrison875,69313075690
susannah_kate,63420994877
susanneabbott_,64996359687
suseq505,63246346289
susheelmulberry,63321917004
sushibookcat,64677159376
sushiphaze,65383850365
sussexmusic,63425246792
susy_ray_0507,63507562983
susysewandsew,63395660927
sutheerak,63084047761
sutton.tina,70225760115
suvekpawar,63613961151
suyashsayankar,67897337276
suzannegregory,68558860016
suzannemorgan6875,67464774382
suzgrant1,63083282181
suzperezict,63049078407
suzyq2260,63444426338
suzzie__sue,63276820431
svatantrata_samarthak,63450857730
svijapurapu_,65946910053
svp1n0,63442384941
svs.ro,70664585122
sw3timesrollin80s,63912283106
swachira117,63077437228
swalehatrash,63370055016
swallace1029,70374885295
swampgarbage,68902982301
swampninjacomics2,67022746290
swansonvs,63256739564
swappy_doody,63421651266
swardlattin,69915216598
swaykmom,66761121067
sweet.nothings.222,70894663398
sweet.siren.eyes,70834743845
sweet_bartlett,68211352480
sweetdaddyafter9,66890150934
sweetdruu,63273604855
sweetkatieski,70866329324
sweetkidsclothingco,63416907092
sweetleo86,63221687641
sweetmelissa691979magentaskies,66739053225
sweety_tarnly,70044745873
sweetybir,65308945197
swellcopy,71402547890
swiftie__society,66498375768
swilua_,63629296283
switch.the.creator,63495746278
swoodsrm,65703451244
sxx11446,66704080809
syahrulkhafis_,63272802973
syavatkar,63033903514
syazana.bh,63098907323
syazz_syazwani,63252710111
sybil_the_writer,63310297267
sydbkillinem,63161157592
sydney.knght,63439701706
sydney.steimle,64737791785
sydneylenox,63419326745
sydpolk,63288765840
sydthevampyre_666,63123137462
syed_ali_husnain_jafari,63395908233
syfslh29,66082439136
syifaahassan,63120347292
sylas_artist,65362873011
sylvia_jojoz_and_familly,66994646519
synapticlabs,63268955065
synta.cog,63408189910
syorai.zadran,66966588427
syringamarie,63640800546
syscoder8472,63387159224
systemig.01,66884155422
syuhadaanr,63416834665
szanati5,63408967424
t.a.m_m.i.e,63396759127
t.coleiii,63559421084
t.grayson_author,71501291744
t.h.e.c.l.i.t.s.h.o.w,64602253614
t.peng,63239087221
t.taka.v0o0v,63381242712
t.tomonari,63126606754
t0rn_k1t3,68295586819
t13nd_,67931670982
t8dagr81,63429778292
t_carbetta,69743412344
t_sies,63371545107
tabbethaoakes,64525094453
tabenazad22,63240391722
tabitha.dunham,63487193076
tabitha_elaines,67608175542
tacobandit,66612033366
taeken1step,63265522322
taffy_axline,68786413654
taffyarcher,69940688180
tahia_rt,64636695816
tahinah_,63421052320
taillightrebel,63446429196
tailuan_nguyen,63488610564
taint_behavin,63433460968
taiwo_tom,64633751079
taizona3,67018280513
takalani_tt,63281333930
takarhinoplasty.japan,63154598352
takemetothe_library,67050204218
takemytechaway,63040125413
takeo247,68722744778
takit_official,63066218809
taku5026,68087631219
takumab,64124645109
takumix1984,64359549736
talamatchett,63436335211
talgatovna_09kz,63288931019
talhajajjvi,63066054710
tali76,68575445452
talia.k,63244641716
talktogrt,63276919731
talktomeee_niiice,65782369405
tallgrassfilm,63252196119
talygonz98,63455280785
talyssiasymone,65067274110
tamajama,63420622140
tamaki_nakamura,63452971087
tamar.abrams,69753492208
tamarajoyks,63252626343
tamerlzein,63239374462
tamiasellsmichigan,63066558386
tamika_leeann09,63362787311
tamikorussaz,63404390811
tammisheafer,69530616876
tammy8629smith,67612412384
tammy_hodson,65692283360
tammymiranda,63086517322
tammywestfahl,63072102208
tampadogooder,63072695465
tamsin_crossland,63203503727
tan.mapu,63246724227
tanaklesfitch,70334782927
tangminhanh,63100113436
tango.charlie_,63028910140
tango.radiotelefonia,63094606704
tani_momorebe,63245867006
tania_dada,63197149239
tania_tania_tania_tania_tania,63511568399
taniapemar,64666639767
tanishqai,63419051816
tanjalin,63995732074
tankhighlyfavored,67990658676
tanngmz_,63307881726
tannicdiamond7,69432387377
tanvirhasancoaching,63091985658
taphie_miji,63240459485
tapinwithtracey,68374192160
tapos5607,70888232217
tapullima.marisol,70736679830
tara.baird,63414396585
tarabyte1024,68280670325
taraformed,63064126619
tarahnichole,63422228258
tarajkramer44,63940129565
tarancantlivewithoutcarbs,68489828980
taranndavidson,63381163235
tarascarbrough,63442989207
tardrock,63280073363
tariq.jn,63279382060
tarishahmed,63318200324
tarka.abdelaziz,71151712358
tarnz.tee,64196272091
taro_yamamoto_japanese_art,63328380256
taroapril23,63614576664
tartaatan,63427396121
tarunnraj,63137573083
tarusheebhalla,63234475046
tashawnanicole__,63286430307
tashymanifests,64227299357
tati_dms13,63064178589
tatianaimann,70941967007
tatinurhayati5107,67279198463
tatjanaloshko,65637830264
tatoesistegia,63900074155
tatoponcee,64704946168
tatted_hemi,64342646062
tattoedtacocarebear,66992892872
tattoo.lover.forever,65155702797
tatuagens__feminina,63510360781
tavarespacola,68592595018
tawanna512native,63989634729
taxmary,63401486495
taxniek,63448897925
tay.and.books,71294343305
tay_henry13,63305089069
tay_ray27,65210607459
taye_ale,69370678488
taylorann.place,67242534750
taylorisvegan,65816714230
taynararochac,63261928706
taytay_522,63436284365
tayy_elaine,63251759092
tayybahyasin,63104890339
tazlilgirl,70430257108
tbagingit,63461652584
tbaibi_mehdi,63250425390
tbeard18,63234139695
tbonecats,63445163528
tbradley19,69576274197
tbroghan,63398454161
tcathey_1908,63041030203
tcopes02,64117867690
tcu4545,69562627475
tdmfh,63468720439
tdw5676,65464935283
teacher_ezekiel,71221617219
teadelvecchio,69493679825
teairrajariee,63300306253
tearinmy_heart21,63398844704
tearrablackempire_,70525762605
tearsofvenuscurated,63337987842
teatimefortarin,63215702459
tech.tourist,69787844053
tech_blast_webdev,63281868810
techcareercoachjoe,63366494441
techchatchelsea,63258761568
techdoktor,63240867278
techelf,63818624826
techgirl517,63023727519
techgoddess,63127544445
techgoddesses,67988437364
technicalasthavi,63304872676
techronic9876,63320809409
techtalksglobal,63126848449
techtualchatter,63253515204
techxmaven,63635344288
tecnomac_reg,65520207736
tecnoose77,69536541266
tedclaney,63379657619
tedifx,65789180538
tedsan,63407541701
tedunderwoodillinois,63243414943
tee.bmx1,70177534215
tee__richh,66546225042
teeeaaarbeee,63638336385
tees_blueworld,64727110627
teesampson_,63102544624
teexfrost,67632176521
tega_spencer,63427363464
tegan.j.white,67182476660
teia888,63625112019
teixeira_tadeu,63278081706
teju_xo,64606971873
teleportercafe,63452637820
tellem025,63203631544
telltom77,68748838776
telstarlogistics,63602705134
tembzs,69842078912
temi.xxii,63433877790
temi_iyinoluwa,67040673137
temidayo_awowoyin,63242543291
temidayo_matthew,63457315975
temiloluwa_praise,67368894634
temitee07,65661456196
temitopebamire,63054973196
temmytorpe_1990,63052780140
templelivewichita,67102528087
tenasiaaa,63417693910
tennesseetaylors,63093780002
tennis_professor,63174196214
tenuun_d,64146856468
teo.biagini,63537391244
teobuzzo,65474948535
tequilaandkissess,63408100078
terenzio989,63086309255
terez61,63093836762
terikayauthor,64019732067
teroc914,63409287881
terraeterea,69412119620
terri.is.here,63454181141
terrigolas,67460147180
terry.lowe.355,63971396120
terry_louie,64027121122
terryblackmon,70571399872
tesema902,71281023931
teshawncraig,63481360529
tessyp11,67031946270
tetamont,63896604643
tevin.data,63397248614
texasanet,63159773414
texasflapper,68898040801
texasgal50,63066635855
texasgranny56,63087443162
texasinsider,65192920015
texasinstituteforantiaging,63419940798
texdedhed,66843199191
texharpersueq,63292445705
texy04,63400518619
tfeiner,63577286652
tfz04,63440463863
th3cookiestore,63448567068
th3redfox,66891581261
tha.trillisill808,66849261710
tha_boss_way,66985702473
thaddius_cho,63266538932
thaflavordifferent,71614437080
thagodbighomie,64332918081
thalitabritocontadora,63266697361
thanhedman,63465821224
thaofficialjohnnyb,63487153354
thareal_jmia,64437867785
tharealest_2,63440124408
that_b,63427663598
that_bookworm_guy,63426714633
that_creative_medic,63039493200
that_fckinguy,67612199078
that_lion11,63148396636
that_man0,68267499704
thataltdoll,69436492686
thatboilase__,63429199314
thatboiworm,63048687021
thatboy.maj_,63737822212
thatfuzzguy_,65234754609
thatfwitch,71622001172
thatgirl.wins,72071703013
thatguyhmua,63072795279
thatguyrice19,66378846350
thatredmanguy,66829855884
thats_biggie,64221904973
thatscoolcam,67403799037
thatsewlex,63161458164
thatsme_stephmarie,63327380689
thatsmypigga,63063203978
thatspookybabe99,63450540425
thatsrains,70040286199
thatwastheory,63292186336
thatweirdgirl_kylee23,66543433885
thatyogiandteacherbrooke,63073431968
thawftathe,63247436063
the.amirii,63084575780
the.baustin,70490988271
the.community.heroes,63293779843
the.don.stone,63482521851
the.mrs.stovall,65858606709
the.nacera.project,63504240793
the.onlyclean,70216185104
the.reading.vvitch,68688975893
the.real.ciity,63494937602
the.road.less.rambled,63214677733
the.stylish.guy.lkcs,63979711225
the.wxcandy,63475241774
the7ven7,63449475733
the901therapyguy,63391871251
the_512boxing_lawyer,63129570119
the_abikeade_,68503857016
the_ai_night_owl,66597266718
the_ajeolajumoke,63374463426
the_antiquegeek,72135904173
the_artist_vei,67628684702
the_bad_girl_from_the_tree,70382313887
the_beast_with_class,67182905151
the_brandnyamodhi,63070124116
the_brides_katana_,64654109449
the_darasimi_ajii,63407889863
the_david_jiang,63071055566
the_devil_wears_ysl,63478033447
the_dj_siesta,63854515066
the_doc_beezy,67647398575
the_dragon_in_the_mountain,70610167581
the_drummist72,69721858855
the_edgram,63557661772
the_essentialbuddy,63407119172
the_fabricker,63208503194
the_formidable_alchemist,72105514412
the_four_lords_duece,63437268684
the_fuxkin_man,67527831051
the_hexie_lady,64382459689
the_ideas_girl,63278375088
the_invisible_d00d,63073637328
the_john_griffin,64379163038
the_karthikr,65114467392
the_kipco,63099114312
the_lacey_j,67981111805
the_loud_introvert332,64205571549
the_male_nurse_1,64612496039
the_maverick_mind_resist,63277804295
the_mini_manager,65788096345
the_minimom_art,65524564268
the_modern_youth_pastor,68230360531
the_night_miles,67150128863
the_other_martha,69036213659
the_oxymoron4,63270643765
the_pawar06,65093558297
the_pocket_ninja,66353410680
the_preeminent,63230583894
the_real_carmen_sd,62866439881
the_real_jaquelinehyde,68709479130
the_real_trainatm,64344391239
the_rookies_cookies_,63102292132
the_special.breed,69234410149
the_sweetest_smallest_,64321068575
the_texistentialist,63093627887
the_tiannah_,63319466026
the_tolkien_vault,66269530144
the_word_of_yahushua,63241109866
theacdntlpoet,63634480522
theadhdinfj,69548373902
theaffiliatemind,63051983951
theahmedabdelhafeez,63435486090
theakomolafe,63267405913
theallenmiller,63128154542
theamazingbriankibler,67081817931
theamwalsh,68178582730
theanthronurse,63088522640
thearabnaima,63311411061
thearchipreneur,63459100070
thearmsonspace,71362006812
theartistoflove7777,66651221624
theattanunuadlerdreams,71816024437
theayokunlepraise,63274886941
thebadthings206,69771924759
thebakhtiyorbek,63477185669
thebeetee_,63418946384
thebestmarianna,63065908874
thebigbeeclub,63365039751
theblackadler,63270915492
theblackalpha0706,65659123445
theblackfemaleengineer,63236231446
theblessedadrian_,63079722581
thebrianscaggs,66317236395
thebrishow__,63386998521
thebusinessactivist,63458824184
thecallmewizzy,65586679053
thechairmo,63267981994
thecheflulu,65716886180
thechetq,63422108331
thechillwill,63045854019
thecindykelly,63059046463
thecoachemmanuel,63434731129
thecoffeeshopgirl,67124222895
theconstantvoice,63428878626
thecotillion,63621344986
thecountofmehdidisco,63088473540
thecreativecraftco,70882199377
thecreatorflowofficial,70404395158
thedarkerberry,63279898870
thedickeyshow,68086848419
thedroseguy,68305866549
theduchessreturns,66766911861
thee.philosopher,63283899671
thee_aldavis,63030991165
theeadrian,65794886388
theedance_zaddyronin,63459250725
theeeginams,71897515150
theegaines,63409357192
theelixir_ade,63390907262
thefareastmovement,63394999302
thefarplaces,63406347938
thefastbow,63141811744
thefoxglovefairyy,63063763812
thegambill,63615570848
thegamervillage,69147424111
thegateofnanna666,68342256165
thegermygerm,63125669138
thegingerleigh,63236541649
thegood.boss,63442041647
thehausofthrash,64081739048
thehazytones,66779550689
thehoo316,63145579375
thehoopersvoice,63232727802
theinspiredchicanamuse,67330094806
theinstantreader,63130769286
theintrepidengineer,71766357155
theinversecollection,66561421601
thejacobpeter,63103521608
thejadewalker,63434147088
thejashree_hegde,66720839873
thejasminenichelle,70429187510
thejayspotof,63250938701
thejenshepherd,64609988062
thejessicaholloway,66932436829
thejobsearchagency,63412004020
thejournalofablessedgirl,63431573615
thejoyofpancakes,63447372508
thekassam,63138195392
thekatelynmattson,63364836741
thekintann,63370663216
thekissingproject,70085336500
thelaja,63058591220
thelankan_dude,63383838429
thelastwolfmedia,70091878006
thelcg_,63500409628
theleeheather,69246200124
thelendingvillage,63278605787
thelifeinpink,63078738013
thelifeofashhh_,63432844337
thelifeofolise,63292920724
thelifestylestrategist,71075057506
thelisteningharbour,63261270032
thelittleprince1234,67260999186
thelokachi,63411309106
thelosingkind,63437808060
themagickofarte,68130178430
themagpy,63470665069
themanbroiderer,64835484965
themattbern,63415941879
themattjbaker,66686008377
thematty,63420068834
themeg.x,63394916712
themichellewood,63380759780
themilkieshub,66638204278
themilo_,70023217771
themindfulnutritionist,64272994021
theminimalsophisticate,63459410649
themiracleegbude,63430028912
themobilehomeclosers,63428395621
themobolaji,63475956212
themockingjaytoday,66331474952
themomboss.club,71158810559
themonethome,69880434562
themorganalexis,63302050995
themothernymph,66112995566
themtgmagician,63905171598
themujerpoderosa,63053390469
themysteryinc,63662496293
thenameswolf,63439946230
thenetherrealm,68776160928
thenewessentialsatx,63487280136
thenewjessicamarie,63029414115
thenorthspace123,63462716616
thenovelizers,63401069504
theo102654,63287501819
theodortomas,63731784874
theofficial_a,67107609672
theofficialcharlieangel,65704468569
theofficialloz,63446977507
theofficialoddaly,68354062924
theofficialtechmedal,71609333801
theohiomylf,69791714588
theojamesphoto,63712152534
theokeowodaniels,63301648434
theolawalebadewa,63061693106
theoleksander,63433607357
theonechung,63033007911
theoneilgrp,69427324459
theonlyjamestaylor,63456046048
theonlyjaymarie,69682126711
theoo7wanderer,63436409427
theopeyemioyelakin,64591739338
theophilusbanji,63411413197
theoretical_sips,71719904370
theoriginal_matty_b,63289493315
theoriginal_tabby_g,63485354873
theoriginaldra,63872410131
theotherotherunc,63470090022
thepackagingboy,65451754583
theparisjane,63422095480
thepassivewealthmindset,66446490640
thepauldevlinband,71149153067
thepdove,69543805502
thephoenixmarcy,63047647612
thepillowgoddess,62813380951
thepinkfirehawk,71890648772
theprinceshanto,63390607275
theqbproject,67839948646
thequeen.of.nothing,63277527048
thequeenelyon,63446600849
therapyist_j,70543332542
therapywithmaray,63270566594
theravitshow,63435389462
therawvisions,69859463215
thereal_tashaaaa,63393052895
therealabrahamjoseph,65766692142
therealaiazzi,63852805364
therealazarel,63405062385
therealbiztrapmom,72148601422
therealcassilda,63407894143
therealdonsaucy,63256013704
therealfreedomrockcoco,66810806821
therealgeorgianoel,68372980231
therealgxldsociety,68501202725
therealgynomite,63430638458
therealjenniferjlee,63026183420
therealmarcnaigeon,70855321308
therealmegachud,63450891889
therealmistere,63131127923
therealpiperflowers,67392939592
therealreko630,63891097518
therealsamlaki,63628384148
theredrickshaw,64143801809
thereisnoplacelike_home,66596939491
theresaroberts,63553567346
thereseflanagan,63100251888
therockgarage,63045559303
therockstarmikeb,68774773955
thesadiemontalvo,72241563318
thescienceguyx,63445024371
theselfcareking_kenneth,63363112162
thesergeant83,63141387375
theshadowgrim,63475907634
thesherrycode.ai,63431226969
theshootest,63313761433
thesilkandcottonco,63448632116
thesilverforager,63493169285
theskyadav16,63449068331
thesolajaolawale,63224732113
thesoulbytes,68342292761
thesourcingdistrict,64621648232
thespeakingbillionaire,63232949653
thespoiledwfhmom,64743745046
thesquaregrid,65552778915
thesquee,63472211925
thessyrainn,63100913175
thestarbeeezy,69763835668
thestefwithanf,69324103957
thestoryofvarun,63129614244
thesugarinmytea,63222654552
thesystem____,63238539211
thetattoosavior,64233043351
thetechcowboy,63240308261
theteslim,63464205868
thetestbear,63129264202
thetherapist2.0,63085514490
thethingsicarried,63260617321
thethreadshedstudio,63241492440
thethreadwlc,63432713552
thetimilehineniola,63127550923
thetoddramsey,63444032896
thetomiifawole,63447540024
thetonysadowski,63376839342
thetruefireguy,65399991495
thetruthnation_,63247284075
thevahubus,63069691019
thevegan8brandi,66886013850
thevinesartmarket,66727891199
thevpwright,63379819314
thewickedeye,63622240163
thewickedstylist_llc,63451017921
thewisdomsflow,71793823787
theworddegree,63016257369
theworkroomict,67018029044
theworldofempress,71451947732
theycallmecandybar,64114636031
theycallmeroksi,65388530977
theying,63072378400
theyknowashleyb,63092557154
theyluvv_kenken,65244205113
thezaidenhughes,63494985784
thfagallery,63244372489
thia__e,63057115515
thiagodesouzali,63462235455
thiagoyield,63264159912
thicboirob,69453107658
thiegojaccond,68842505395
thierresavio,63212823679
thilankadr,63436270725
thinesh_7194,63049638980
think_virtually_ai,63070013973
thinkimbigneek,63136300820
thirdspacesmiami,67652682804
this1isonme2,63400687620
thiscrazydrumlife,69312255960
thiselyzajayne,63271421851
thisisadityaas,63214119721
thisisaltgian,63387940542
thisisboycm,64062638244
thisisdavidkelly,63464424606
thisisdrabo,65915824001
thisisit.original,67013388756
thisone777,63431437800
thojae.dsp,66671659093
thomas.buskirk.14,70955474225
thomas.offcial1,63265160908
thomas1801,64051034446
thomas_clmt_,63292622051
thomasandrewjackson,63288872248
thomashouse_atlantarealtor,63471320421
thomasmilde,66900342749
thomasmyathwin,63494345142
thomasstevenson872,66442628888
thomazfb,63386205771
thomnjerry_11,63248004018
thomothy.b,63315858933
thompson_gilyard1995,66855197939
thomyabad_86,65932806438
thorntonsteve,70326548033
thosevendingmachines,63467953546
thosiawa,63287896710
thousandaire_phil,65838889421
threaderinchief,63501680814
threadersintech,63096656412
threadtothread_quilting_jayne,63397119882
threegirlsoneboy5sisters,70171331120
threepointsomething,70408098886
threestrikes911,63258296255
thriceborncommunity,67343945387
thriftedapothecary,63486490623
thrillckr,63378414906
throughbeeseyes,65195920968
thx1766,63303040694
thylacine.queen,63283416870
tia_interiordecor_,63268066881
tiadaartista,63121622248
tialisa_c,67901474023
tianahester,63436231055
tiara_m17,64132452334
tiarravstee,69411113350
tibbs_512,67894451049
tidesofeternity,63438619247
tiff2_02,63457290713
tiffanyfaramelli,63238925872
tiffanypep,63070311372
tiffanyrules___,63073934287
tigerbabycharlie,63232886049
tigersden_boxing_kickboxing,63086743616
tiim_dev,63384127923
tikeh_a,63376403941
tikristilogo,67866159615
tilenfilms,63413427717
tiltedpixelstudio,63474457551
timber_and_tannin,63223422039
timberlyflowers,68719932262
timchann124,63086516809
timczm,68292072361
timhalburpdx,63394395311
timiadeoti,63139654342
timie.e,63060996540
timiologunde,63044870302
timirie,68946939179
timjinx,63401350458
timmyalbertshoes,63399861332
timosuonpaa,63892604140
timothy.laurent,63300539640
timothyjchambers,63419516493
timothyngige,63106242239
timsofetch,63279483250
timtogram,63857653532
tina.peterson.33,67064696629
tina_atomic,65806887487
tinamorton,69817525645
tinaphak,63770039611
tinashanieleofficial,65132090682
tinathomasart,67042604955
tinawais,63126551363
tingfuzhang9165,63000486730
tingyo777,63417427635
tinhoang_phd,63415733193
tinkerbettie,68989180551
tinuscakes_treat,70268641303
tinyawakenings,63052717234
tinykindnesses,66341037645
tinztwinshub,70427234767
tionna_queer,63404059807
tirriahmayhan,67499913922
tishalocs,62998832302
titecurtis,63441186507
titilayo_oj,63437671226
titiloyesamuel,63450674847
titoluwa__,63241238259
titusmug1,63424637705
tiyaslens,63468763795
tizia.na081,65843042385
tiziano.iaco,66500297698
tizzyrankingfire,63489712051
tjayspecial,63426839906
tjskinner1,63886137637
tkautzmann,63318050300
tks_2_yuu,63464124933
tl_fotoz,64742449844
tlaroccaxoxo,67952566336
tlazorik,66406833025
tlee_is_music,63629455060
tlg1122,63092068227
tlmii,63414876994
tm_lawro,63246243114
tmartin_333,65140051300
tmcp2001,67724450428
tmgsr02,63373039648
tmhorrocks156,63411213493
tmitch_20,63551855419
tmon3y4real,65919965081
tnewman2018,67497375090
tnicole403,68679734521
tnmonroe,63388557294
tnqh_1505,63054303308
tntownsend84,65648427023
to.my_research,67598481339
to_shred_u,69412679795
toadr0ad,63048197823
toallthecars,63297657376
tobestradamus,69521216078
tobi_tas,63373406999
tobiaspelamakoae,63152279346
tobyrichey,65770302386
toddmac59,63440745402
toddmatic,63402741364
toddrundgrenofficial,63473298193
todea,63102336476
todie.io,63439288531
todney_rhombus,63456616195
tofupage,63087542527
toggergirl,63095265108
tokestak,69693101630
tokirosa,63377655406
toknabjit,64293843006
tokomoon,63449020528
tolanionigbanjo_,63273812016
tolj.p,67069598296
tolu.saba,63064508693
tolu_matilda,63468770145
tolutoluola,63085863231
toluwani_ppt,63649760518
tom.developer,63477560699
tom.mcmull,63417402086
tom_insugarland,68450088092
tom_t_24,63713696733
toma__demchenko,67456740238
tomcarpenter0216,63425516801
tomcatfj36,67408296087
tomgiles,63447750423
tomi_footwear,63400803990
tomiakinade,63445752384
tomilola_.a,69661973666
tomimi242,68117349493
tomiwa_ajibola,65344817199
tomlavelle23,63638720241
tommasogaggiotti,63851694262
tommasomello,62983903000
tommasosorchiotti,63581258604
tommyclarkcantlose,65159522973
tommymedina3320,63322264272
tommytacconi996,63553212005
tomnicholsgmail.com_,67978606130
tomporarily,63257118042
tomr1031,63058515220
tomschungry,63307506706
tomsoderlund,63230417962
tomveugerbusiness,64032141340
ton1_.to,68424728727
tondyahoyer,63942707284
tone_drippin,67837076795
tonettee01,63436884997
toni_j_gaston,63221622931
toniedoan,63410997612
tonmi_ki,71451149058
tony__gray,63376021250
tony_drc,64126504674
tony_studium,65763544391
tonyareneedavis,63282773852
tonyarenner_,63082366555
tonydeon1964,66765983801
tonyhand36,70832632091
tonyprater79,70953100043
tonyreyneros,67572982510
tonywhocodes,63876360726
tonywide8,68203526279
tonywiththey,63253669932
top10tenchannel,63306394054
topbusinesstools,67100400012
topher_tc,65703462283
toplinephotography1,63250179814
topnotchdesigns55,68142382753
topsuitetravel,63601624361
topvaluebooks,65254475722
toriaakanbi,63402067603
torianneivan,63428314506
torijanerises,63227494460
torinrodd,63269800981
torisypert,63085190369
torvdog,63255694402
tosh_212,65075096859
toshojr,63406839784
tosinbells,63271851656
totalclasshairbraiding,71400155532
totally_in_love_with_me,66448662084
totallysharky,63438812472
totallytech.io,71443167979
tothpetruski,63214589842
tottenhamphilly778,63306164313
tounetar_.xx,63275435026
tours_by_greg,63279625826
tovah_leigh,63252695118
townzealarts,62792415629
toye_the_global_light,63506904967
toyosi.gambo,63309699394
tpandalf,63360786853
tpepdesign,63104302821
tphamtvy_,63433439697
tpots_journey,65973561863
tqatuan,63406633267
trabadass,63244538763
tracey.curtis.507,64343718875
tracey35zombie_,64729037047
tracieverett,63272152246
tracimae,69044784218
tracy.musolf,67898512015
tracycameron_,67030221582
tracytrips,63258930966
trae_day,63574769584
trae_talk,63375534309
traffic_czar,63024103737
tragic662,67571510470
trahwsu,63291971305
tramy22_,63294088600
transitions_office_solutions,63640832570
transplant_mtb,63467626609
trapper_d_,64140301450
trashjerouacsworld,69893847309
trashpandasbeadery,63250995548
trashy_weasel,67746178128
traumaqueen327,63062091372
traumaticco,68280952031
travelcodingninja,64028254385
traveldarewithligersafaris,63147364819
traveleira,63628088910
travissmith_efc,64039374449
tray_dawg7,63426239992
trea_christopher,63387685848
tree_person_,67116639058
treece83,70086873849
treep_ng,65669088982
trekkie_420,63494544541
trekking_basso_lazio,65383376164
trelawnychris,63287243959
trellis81,64248580283
tren_setta402,63286451511
trent.guillory,63245566305
tresekikameivor,63473812123
trevino_amanda,66857655628
trevor.h_,63415526822
treygay11,66750951707
treyhoel,63150765864
treynach,63395060648
tria.sdad,63420825625
trial_card_human_version,63252943681
trich_13,64104221449
tricia_m_dj,65000121026
triciadee18,70413050971
triciaforbes,63876236365
tricialovee,66987722787
triciawbsn,63319977479
tricie_jai,65415392526
tricky__ricky,68883567793
trigg_901,63071572878
trillesta.m,63086620860
trimmerchile,69528729334
trinadh__t,63231109748
trinity_veee,66690064182
trinitychayse,64575698017
trinn.marie,63578286587
tripleaquarianvision,69779925483
tripletmom15,65480001344
tripprintpress,65875191638
trisha_cocanougher,68372578532
trishaaroberts,63235589906
trishrawlinsmakeup,63370796499
trishw527,63285389071
trista_84,67648899756
tristan.mcclain,63094321565
tristan_ireri14,62880775557
tristannothling,69410139415
tristantcarter,63259284494
tristantylo,65102552054
tristanwebbb,68909898878
triumphantly.me,63342771996
triwicaksono_com,70132185454
trmartin,63490768097
trntsllrs,63259794718
trojan_bae_,72005337544
tropic_sun_love,63202206000
trotterv,63149205490
troyerlayne,65146157119
troygun,63308096825
trraeex,63504536025
trt.s26.real,63184748203
truc.nguyen__,63448242782
truckpowerr,64133466468
truelifemusician,63662744989
trueone.1,67062332539
truethao,63325848267
trumaccin,70128781380
trumf,66990698352
trung.ger.many,65777917527
trunoncreations,63304352714
trw_129,63440929697
trytobead,63872372053
tsankey1,63283314416
tsartrek,63446200431
tsco.reza,69766582533
tsepelis_optical,65849763326
tsergiofernando,63048053391
tsilos77,65657566004
tsmcki2,63607776602
tsundraaa,65576007559
tsvndra,63279071240
ttbizkitt,63296380180
tu.mininu_,63431564536
tuazia.real,70392442793
tubadoug,63320081380
tuff_t_up,63064895304
tuffy527,63228125786
tuffyg5191,70263842824
tugover,63381648917
tulliovileda,63761238609
tumi_sarah_,63054615452
tunayobaby,63449510539
tunedintony,63148989146
tunegod_rapchore,63616664343
tunguz,63412726247
turkeyredstudios,63403139828
turnuppixie,69847866209
tushar_8013,63046199039
tutormoses101,63602136554
tv.divine,63412084727
tvnishx.shep,63377142468
tvtothema,65151513893
twbigmama,63090373562
tweekdev,63410607506
twoodus,63487000131
twopar,63102325578
txbiloba,63382606791
txeo10,63902681992
txneworld,63459368296
txstarjess,65405473476
txuse26,65121739611
ty502.eth,63094118929
ty_phili,63330547888
tyanawoodard,63438494059
tyannabosket1,65342218320
tyger_bright,67900298488
tygerariawoodz,65290007281
tyler_072205,63422601918
tylerdonavan_,63036375026
typewritermark,63442738650
tyranitardude2004,63427382950
tyrannasarrarex,64592031044
tyron_etrades66,68824972647
tzlogan,63408767844
u_mbr0,63462067720
uaptransparency,63076930053
uche_erem,63387623909
udarstudio,63914909500
udomotive68,67129424076
udyavarpurnima,63413635958
uf_u_oma,68108621417
ufologiks,68945143037
uglyass.fuckinnoodlehead,63760774350
ugwejessica,68802949276
uhnsootuhbuhl,63067086916
ui.tega,63044381621
ui_ux_expert,69958262808
uicannie,63275506475
ukiq_,63289768582
uknowmeyaboy_d,63319808622
ulfeid3,66276488755
ulyana__t21,64675046252
ulzja,63398926950
umairconsulting,63377734694
umangx,63123787192
umberto.dr,64201020505
umpox.dev,63318888083
un0blogger,63071911572
unadave,63037734236
unavailable1215,63497841681
unc._dip,63130006679
uncle49mitchy,71589182503
uncle_pennybugs,69313014458
unclejobs.ai,66531872472
unclekipps,63067749361
unclepraise_,63070774765
uncrowned_king46,67973986221
uncultured_nerd_,63231318437
underratedcoder,63245889758
unhinged_feline,70409092129
uni.perte,69900670117
unicorn_kitty_99,63062196798
unik_unni,66569478914
unimastodon,63130668657
unintentional_possum,63453703012
uniquelycarrie,70160719567
uniquelychinaa,72042519378
uniquelyhaide,69901305820
uniquewebworld1,66614936918
uniteddogsrescueshelter,65376978522
unklesanik,64404246475
unknown.rebel__,63453429905
unlikely.hippie,67610737129
unnstromberg,68166584636
unoanthony210408,63094137686
unoriginalusername0001,71280062911
unseemlyyou,63314089762
unstoppableones43,64200725053
unsweet_t33,63259758875
untalyei,65575825033
untameable_mickey,63287364288
untitled01ipynb,63450595946
unwavering_uterus,67029104501
unwind_mind_body,62760031959
uoft_tcairem,63231607656
uppercasem,69551927518
upwithbri,63273417917
ur_favourite_kitten,71864305843
ur_foreign_goddess,65722460633
urban_plumbing_and_electrial_,63600032885
urbana.canvas,63309760400
urbanannie_ng,63438706179
urfavvannah,63160990349
urtyanareels,67262561606
urukim_,63401303046
usamah127,63434046076
usamajatt999,63306079817
usmanplusone,63383877759
uspitamasc,68223129328
utkarshdev2411,63442620417
ux.filippos,63434891574
ux_lucas_broken_sink,63928078780
v.marie.ella,63294675393
v.th1rt3en,64234458112
v1beshift,63262652186
v3nyz,67885178775
v4lka_,67043421614
v_delsid90,67078900445
vaga__bond_,63774960453
vagbacagja,66987630172
vagentleman2003,63085418984
vahid_khan_000,65639748888
vahidrahmani325,71641499696
vaibhavvshharma,63036630113
vaingirl71,65649493228
vaishnavi237237,66044387303
valderlanioj,63451564020
valdineia.maria.5070,66817662040
valemexxina,69852150746
valentin_sorin_lunescu,67759504766
valentina_cocco_77,63892916595
valentinabestiaccia,63247037070
valentinanic,64346461691
valentinaquila_,63708413146
valentinavanini_,69704395480
valentinawyatt849,70661349588
valentino_p.m,70205726532
valentinssoini,64353343742
valeria_.itzae,63063908702
valerie.vapi06,63508906062
valeriecrisp,64202348690
valeriethorp,68677205086
valerio.yancarlos,69000963180
valeriosantii,63551349345
valerixys,63496224629
valery_sherek,63516956675
valhalla_beerpub,68271760286
valiobeats,65834507934
valleyvegetarian,63619112152
valmariesantos,63418310860
valmirz83,63988947034
valval216,63203431403
vampireintheforest,63230187223
vandeloso,63104121990
vandewcandew,63377218012
vanesadieziglesias,68913028043
vanessa4xo,63753040495
vanessa_vee_cee,70874722194
vanessamuir,63098032117
vanillasflower,63536085806
vanleeut,65921444422
vannesioox,63458241663
vanntheman07,66436807549
vanwilks,63430734016
vanyadesignsbridal,63163854188
vardigeula,68828341275
varezen,63060613334
varlottaang,64691920738
varun_khatri18,63369255872
varun_rajpal,63264658892
vasquezacademy,70397776588
vasveliyadhaval93,63475404077
vatchethorossian,63384295750
vaybaxatha,67205872416
vayhaqha,67059408031
vbruzha94,70813700260
vcalhounrealestate,63422958721
vcw1000,63278891307
vdmata,63070781462
vdstoan,63218180814
veda_xo,67183197284
vee_youngsavage,69946207799
veej_xubba94,63297512431
veemeelee,63624264341
vega_allx,63065887465
vegas_in_atx,63392709278
veloveshieffa,63030431869
velswab,63143394652
ventie_overload,63044972715
ventje_engel,63073185765
ventsy,63225780138
ventumelba,64716666464
verheerender,63276543584
verse_bell,63469864101
verticalviolet,63246219811
very.sedated,70090860545
verybentley,63300866244
vh512,63338108867
vharwood,63392735231
vhill520,63073428686
vi0lentswam1,63490190252
viaduscita,63906473058
vianca_367,67635602989
vibeke461,64641946827
vibeswithaj_,63481024097
vibewithmay__,72300924373
vibhorrastogi,63427810097
vibi8168,67024219420
vicarious_icarus,63147701341
viciousv6,67087876965
vickiandloki,66317169056
vickierath,63649990198
vicks20013,63443760376
vicnew_the_distro,63430718666
victor.n.marta,63441614570
victor_m1122,67028439215
victor_rhenius,63408375593
victoraularmtg,63318257215
victorburga,64569979123
victorgonzalez3333,65774756918
victoria_lorae,63274216950
victoria_voice_and_voiceover,63287377108
victoriaaagraves,67623458635
victoriatoba_,63443210479
victorquinterosmarquina,63435152453
victorsothervector,63311058847
vidmar.luka,64355789525
vienonovz,67210720368
viera.harley,63155494797
vietti.tv,63253440131
vighnesh__77,63091172845
vijaykonakondla,69682785217
vijayv_inst,67496729804
vikashgirwal86,67456423044
vikaswakde42,63086327482
vikhyatk,63447245311
vikkybabex,63095785315
vikramsingh.rav,63285508253
viktoriaakills,63044005198
viktoriaakillz,63488657761
viktoriy8744,69132282747
vildan_km,63988018610
villainchrisk,63367833785
ville.imelainen,63911272926
villegrupau,68193151306
vimalkalyan,63446755287
vincausa,63615408502
vincenzo_volpe__,63570603924
vincenzopak,71482162512
vincenzoracca_dev,63576124083
vineetvermaauthor,70854888684
vinib_isme,63160598669
viniciusmedivh,63448918056
vinnyyoung_1,69751918796
vintage57_blk_mtn_hiker,63711798344
vintageprairegirl,63131372795
vintagerosereads,64929775938
vintinwelding,63506829765
violent_skully,63097541651
violet.ravyn,63373695716
violinjudy,63073758876
vipan_verma_007,64425601641
vipul54723,65378850390
viragdiana4,66751495655
viraj4371,69674250999
virginiapriest,63077907545
virginiaslimm,64737023680
virginiaxrm,63081414785
virtualstaging_job,65866530223
vishal_kondi_21,63245867648
visheshmalhotraaa,63487248173
vishvanands,63232678949
visiblemonk,63091432635
visitgreensburgks,64446686031
viswasvinayakumar,66880389087
vitaliy__dyachenko,63461601984
vitbyst,63085078568
vitogonace,64996462489
vitosrh,63582292384
vitovitomtg,63392724681
vittadipalma,63412532893
vittofio,63894236445
vivaan_vashxxth_,67089705185
vivek_aglawe_patil,63265326809
vivekchalasani7,63384825257
vivian.nm,63074797079
vivian_oyebade,63275332492
vixbears,66769523967
vixenrainfreya,63363309811
viyils,68337102350
vjwadaken,72249778854
vk_crazy,63863569672
vlaad,63140014760
vlad.techlead.notes,67680609694
vladmeisteer,63553821988
vlladimirs,63146110743
vmoraconsulting,63105718161
vmpzsq0,65955733464
vn_karti_keyan,63398982283
vng.lxvi,63442412037
vnshchvd,63121544495
vntgclst2591,69513288195
voice.of.gloria,63433583048
voiceactorfergs,63132868864
void_machines,63293964170
vojedac,63946712060
voldendave,67633371962
vonpratt.art,67481208200
vontemathews,63051119552
voorhees_dnb,63613344044
vortex33,65315968372
vossmosis,63499793968
votran.phuc,65489594146
vou.ssy,63546558571
vox_coonass,63034694022
vrasabregot,63407692825
vriera28,69081989280
vshurnproperties,63106316612
vsinclair.art,71320847543
vsjenis,63421419134
vsmintegra89,63243705702
vtg.jen,63494069171
vubiz,63230883494
vukasinseferovic,69368037065
vushua_,63392800626
vvolscheebna,63893483769
vwluvr64,69610233719
vxwwn1,67515835676
vycee,63386353848
vycette,65803918074
vyvy.jupi,66789214180
w.a.t.e.r.m.e.l.o.n.n.e,63073439712
w.a.w_official1,66043911378
w3stfa11,63032327075
w_blanchard,63440385946
wa3zgt,63143444633
wa_woo100,64028981409
wafaa_mo.hamed,63236883043
wafflelover5952,70142825186
wafmichael,63488392374
wafrel,69549474502
wahegurusekhm7,63424070640
wahinebakes,63235380064
wahyou_nay,64585787624
waikinl,63422938495
waitmetoo,63271991641
waldy508615,67355952147
wale_astro,63391534546
waleabba,63091388577
walex_davies,69544147440
walidr314,63393134317
walker_ar,63430498196
walkfromayiti,63448079153
wallflower.marie,63245083217
walyhamer2000,66846171658
wandering_kiwi95,63070028270
wandering_wildflower83,63487106129
wanderingdeerpoet,62971506123
wanderingthruthecosmos,63504664148
wanderlustzoe,63159373407
wanderwebs,67527960244
wanermiranda,63394519125
warmaudio,63077581127
warmblue56,70126354055
warrencampbell48,70602221040
watashi_tesu,66799858584
watchthisfoundation,69512847482
wati__mardi,65776309527
watt_media_au,63229004206
wavepoints,63258662454
wawa.sherry,68707483531
waxpen,68645733938
waynebrown72110,68763935379
waynegottstine,63427941681
waynepainters,63126147724
wayofjuan_,67452513620
wazcher,63435239020
wbloopy,66444273730
wcquilter,63298219599
we.code_,63098014011
wealthdigitalgirl,71691818113
wealthdreamstudio,69204705924
weareherenciastudio,63603424171
weasttechnology,64638689446
weatherviking,63444190410
web_devlopers,70880097462
webdev.abhilashrana,63883323998
webdevmadeeasy,63207927693
webster_o_,63439837110
webworthindia,63656161185
weeblackcatstudios,65091752331
weed_warrior66,63437379077
weetownnonsense,65129460125
weez_berlg,64294627706
wei.li523,63655128170
wei____wu,67739499386
weichun0127,66387357748
weighted_by_gold,63215127561
weinixue0617,63413940006
weitcinfogmail.com5,71449903846
wej43645,66996741198
welcome_to_andieland,63282690418
welcometothealterlyfe,70161682036
welcomingwitch,63078964764
wellamade,63446188449
welshmanus,63450723222
wendy.slater.77,68981748936
wendy_and_the_hooligans,63308049502
wendyadele.ev,63022054664
wendyecheve,66591888085
wendywoodleebernhomes,63265498763
weng.tai,65743701296
weng_bing_tony,63128266640
wenghebero,64652961388
wennuh,63726716260
wepray4all,63544471751
werefoxauthor,63394282010
weresobayes,63426858598
werneck.michael,67383190296
wes.blaze,69385175453
wes_pilley,63243413984
wesliveshere,63430486340
wesreeves,63060036117
westworkswoodworking,68884350977
weswinder,63294435164
wezi_dev,66522434880
wfa.coach.ish,63472860070
wgaiso,63246192980
whampowpop,63420567326
whatifbarackorhillarydidit,63064839081
whatsamattamatta,67379840633
whatthecj,63642520446
whatupworld88,69626235436
wheatstreetdogs,63285129414
whereis_roland,65899800936
whighsmith,63418215995
whimsicalerin,63602768591
whirlygirlygirl,63525838734
whispers.in.code,67472339240
whispurrlickens,63472228024
whit.ev,63295129916
whit_thashyt,63081879445
white.andlacebridal,63048087729
whiteboardprogrammer,68984944590
whiteekat,66557966873
whitmcc13,63406987205
whitneyiswriting,63097540723
whitneynasabal,63285423205
whitneypm10,67803098819
whitni_ann,63155902344
whittyart,69413773487
whocaresyeahh,70055222890
whoisgangho,63433581305
whoisques,63036950437
whoisronda,72269977539
whoscasserole,63445538353
whosehair_,63094237801
whymadyyy,66417886528
whyte.167,64763362405
wibo_23,63273352824
wichita_earth_crew,62919639863
wichitacindy,63271947069
wichitafoundation,63099193285
wichitafritz,65081012984
wichitapromo316,63086435527
wickedbooksandtales,70834202911
wicklighter,68138155794
widiahaizu,66353525515
widiraspitoutomo,63465083979
wigglyfiggly,66731924755
wilbran509,67147142996
wilcox_bart,63133533092
wildandloveofficiaal,64863516958
wildcatsguy32,64418313244
wildebeest3e,63259526813
wilder0_,67829624451
wildflowers.photography.tx,63398325682
wildmoonmade,66356392602
wildzipper,63140012967
wileswilliam,71333603283
wileystyle,63093308057
wilfredo_ggonzalez,64396813042
wilhelmina1972,63440963466
wilianascii,63126844780
will.acosta.16,63805562849
will.froese,63053675734
will.h.jin,67482627658
will_novus,63425980282
willard1970,63194815113
willett2174,68235837940
willfranca78,63438619755
william_west_iv,63264084237
williamk.365,64126875342
williamklawrence,63459435858
williamlighting_69,63460994475
williamsandres.quirozarin.33,63843584258
williet70,63121428987
willipeek72,66262291033
willix_jay_grammm,63447836026
willowishlight,67829280677
willsdotcom,72012592413
willserpaa_,63938678666
willstomber,63014063875
willtech.studios,63261255283
willwalton.1,63237298058
willy.beki,63384118700
willyangelesrodriguez,63254553213
wilmaschindelerart,63399558465
wilmingtoncroat,66106763118
wilsworld54,63053860582
winbuzzer,66522272512
windsorharmreduction.oat,67360712488
winiedenise,63310235002
winner.oa,63280814411
winnerdjnam,63227611210
winni_gandhi,63105318312
winowhit,63402942672
winterfedyk,63261053983
wintobaba,63389423955
wirklichkeitsverkaeufer,64615905170
wisconsin_transplant,68087996979
wiscowriterguy,63429545438
wise_is_awoken,65385472847
wise_lass,63180693144
wisme91,65554595327
wisnusetiawan990,69817564805
witchcast9,63103442218
withhomemadelove,71439383586
wiwi_why,67579610414
wiz_smith,68959481695
wiznet_technology,63095294104
wjwils512,63482409948
wkbwkks.sousou,63027223662
wlanbolha55,63523188344
wllnu,63085081810
wmg75,63545984119
wolf.rayet_starship,68303311215
wolf_jeffery,66626931237
wolfbr2021,65930645217
wolsorocks,63258304362
womaninwales,66547912377
wombatartist01,63545978791
womi_s,63270010323
wonder.way,63557893177
wonderdude2k,63412483335
wonderfulianne,63391207030
wong_yuen87,63402478330
wonkyfrogcraft,64614117037
wonuolalanre,63611840394
woodscourtbooks,63474134685
woodthatdude,63244861872
workandturnwood,63256853587
workinstasis,67822848912
worldclassmodels_chicago,63048933123
worldonastring,63241786709
worldslargestthings,63465616728
worldtopcomedy,66374544912
wouldnt_you_like_to_know_2025,64035616960
wowbunny,65979198290
wrayfoundation,63092731057
wrexach,63404708981
wright_gadgets_zimbabwe,64752355022
wrinjaya,66881226397
wristbanger,63227851797
writepraytravel,67850184377
writercarrie,64056239901
writerchicknj,63299772291
wrld.ada,63229843862
wsg_benniek,63264203994
wsig,63068917394
wtfngmi,63059311286
wtxleandro_junior,66986462121
wulluryenni,71792905728
wuthecat,68896928505
wv2ca2wv,63439515676
wvan.bg,63458400975
x.akintola,63078031507
x.daisy.o,69501096813
x.dollface,63395615332
x.u.c.c.e.s.s.f.u.l,63410871387
x.xo0oxx,65413760638
x_._valeria_._x,64184985466
xaiguy.agi,63103289007
xalionc,64662416873
xamatriain,63419846156
xamphetanina,63233794888
xavierhillman,63072309216
xavierlake1,67006996879
xcharlottex89,64163096417
xelabethx,63299523657
xellux_technologies,63630944396
xia_o_aix,63069523135
xissejx,64196250873
xizhong.zheng.35,65790604609
xkrystalm,63401309295
xlxricoxlx,63431414106
xmacabre.heartx,63296865416
xmary_elizabeth,63250780137
xo.modern,70721083488
xo_lovetasha,64459278304
xoallday,68379316369
xodeadagain,63258446565
xodivinelyguidedxo,62795086726
xolisavondane,63608824592
xorla__li,63439373667
xoxo.baby16,63458688309
xoxoleola,66931146659
xoxosavannahrae,65805745013
xrayj3nny,70300812893
xsushil,63609696421
xtimsanityx,63385069550
xtragramball,70028309180
xuwinifred,65638598603
xx.abhi.xx,63075318160
xx.cheetos.xx,67467077172
xx___yourstrulynae,66421046448
xx_angel_1004,71404323821
xxjustanothergirl91,69805130086
xxjustjustin31,63311216127
xxkitcat_,68967429293
xxprincesshayley29xx,63255443259
xxstacy.sinxx,69416377477
xxtheblackmambaxx,63234882675
xylenastrange,64368819697
y.e.s._ceo,63126594205
y0s0yjuan,63406028118
y57pbe7i,64355781471
y_asir_az,63100518174
y_jin.2.5,72136440751
yaakovision,63228188425
yaba.5kamarah,65223433491
yachting.expert,63437370088
yadav_king_mp_33,72079552502
yadevparveen,63306392216
yagirlmdotti,63465081182
yahomied,63022175332
yahwehs_honey,69049848801
yaisahagoodrealestate_,69396343829
yalengkatudiken,68040653277
yamachiyan9306,63140813214
yamadakenji.org_,63269376129
yameneldehleb.official,69027122117
yananoottt,63452685701
yancibeatrizlandaeta,63256863078
yanick.nb,63608616139
yann971et972,64571465441
yannidecaprio,63280081465
yanninasir1111gmail.com1732,66206327583
yanrenl,64529686493
yardleyspast,67219862631
yaretzidendal,71011976905
yariscross22,63093112411
yarningforsanity,63283261555
yarnkeepsmestitched,63131101478
yash_makavana,63050655331
yashodeep_d,63273043265
yasmiinenasri,63913517907
yasmina_benamor,68308811599
yasminlaurahannah9,66885740465
yassine.boutakbout,63455782176
yassinedotai,63316632272
yatayata,63069685821
yateschar,63236493638
yayscience,66373370595
yd._satriana,69341513465
ydeming,65600684018
ydwolferealtor,68979790275
ye.hia1997,63411317718
yeah_that_femi,63125135965
yeansonchandra,64445750016
yeboahkwesi27,65220487407
yeganeh.the.scientist,70153960457
yeilynn,63389565550
yeiyoha,63077046923
yelard67,63416204879
yelathebeast,63220174291
yelebala94,68111123439
yellowmiss,63084213965
yelygalindo,63990407893
yemcrown,63238397893
yemi_akanji,63068226214
yemmight_,63631704469
yenny_gym,63613696267
yesitsangiebell,70855100180
yesoungkor,72485438532
yesu_dollar,69794354960
yetanotherlizzie,63439018971
yg.sam,63474539832
yhunng_g,68833986181
yiannisvarlas,63255573371
yikesamerica,63056614135
yilaumaru.e,63452124534
yimiihan,63236607795
yin_mmo,69570094641
yinkapinklady,63079067314
yiota143,64329577043
yippiekayak,66807718772
yitrokurniawan,63391573924
yizheng4779,70202418169
yk.halo1,66411349920
ykdojo,63326904254
ykyoulovechris420,68294306695
ylan.chrem,63394598057
ylnslaughter,63608920282
ymdrk29,70689317146
ynlf_twaine,64213484177
ynvme_79,66127226770
yo_yows,63128350121
yoann.eth,63399709934
yoanna_dialyna,68921435237
yocosu_313,63498367942
yoditdeet,63433306052
yoehnnnmielee,66326867797
yogeshbina,63302321020
yogsk,65122904157
yojubaba,63619144034
yokesh.sankar,63473068822
yolkole,63306002364
yonghosee,63472825423
yongsing_yee,70171966338
yonko501,63098035058
yoohaeyoo,71816691355
yoongkiatttt_,63472652372
yorlysoro,66175110713
yosa_gutierrez_photos,63273691687
yoshi451,63360853811
yoshinewarts,66153952047
yosoyelcore,64624142709
yosoysamayra,63424628764
yossisukarno,63072533079
you.love.peaches,71901777502
you_the_reader,63313864512
youabsolutefool,63234130873
youadire,69701860748
youdontknowjck,69322880244
youfeencinny,64444552876
youfixit1,63138502518
youha_ry,72035457874
youlove2seeit,63030598798
youneedpotato,63905921823
younesenizzar,68766550938
young.mete,63279513421
young_correntino,63933061128
youngbandit_tbm,63411979505
youngkingjr254,63022287307
youngprinz_offixxial,63461629464
youngsmug_jigs,69613138293
youngyanni99,67082186495
your.old.pal.goldie,63652180511
your.skyness,63329576251
your_og_doctor,68992378555
youreawizardcurry,63469417353
yourfav_homegirl,65319832031
yourfavvnurse,63082719926
yourfriend_chichi,63601777044
yourhomegirldani,63521872282
yourmomsasaurasrekt,63259905468
yourozzymandan,63157285029
yovannipc1,71824086213
ypt0406,63057071399
yrnclndymn,63049654416
yssf_io,63270797206
ytsje.tilma,63868286986
yuan0717.zero,63466813109
yugenphotog,63091580216
yuheng.lai,63042223666
yui_ryoko,64615533369
yujinaspenkim,64182484183
yujjoh_,63463519548
yukko_96,63411876917
yul4itaaa,70224477982
yunganwang,65315865849
yungdrakula,66161431738
yungesquire,63259786837
yungworldpatriot,63445968515
yunni._.i,67016272573
yuntian.deng,63120235373
yuriichaikovskyi,63496569192
yurimar2903,69680528887
yurimochi,63237271894
yusuf_hussain10,66972274020
yusufkhan009877,64087691220
yutathetamuu,63369178674
yuwonmii,63249952503
yves_mugish,63417189214
yvette.thomson_,64664329548
yvette_pann,63056167078
yvetteyarger,63046957793
yvonne_loves_austin,63295728831
yw._blue,67051634784
yxzwayne,63232708370
yysseelll,67121385756
za_ch8,63104468709
zaaliej,64043374162
zaalika_aziz,64247159245
zace_la,71376995177
zach.estrella,68015155792
zach.renwick,63079684583
zachery.delong,63432207406
zackarydeancreative,63229292303
zackgrossmusic,65926866152
zackleblack,63023631262
zackrydlangford,63244556315
zaebryant,68819007162
zaetrillz,63445985045
zafarqoziboyev,70852785504
zahirahzuhaimi93,64595262809
zaid_ali770,63392669280
zaidehsann,71252169645
zainabbkamrann,63484792131
zakuwatorka,63923089309
zakyalhamzah,63387711872
zanderwidjaja,63254310931
zangao_bs,63369407924
zanna_dd,63377534315
zapatameg,63279646590
zapatazr,66352339028
zapologypj,70525504626
zarahmb_molly,66530953447
zarahti,63247725889
zariaxzaak,67792434911
zarina_131824,69918671888
zavey,63457780785
zay.uncurbed,63026214916
zayn.yassine,63281629605
zb_moa,65896882586
zeal_tech_links,63450337539
zec_2206,63248025126
zege_zaki,63121741506
zekaigroup,63064788431
zekra2690,63870763437
zen_doe42,64516644874
zephyrsuerte,63429637456
zephyrzilla,63265864515
zeroerrornull,63394877933
zerosequencenft,63950560362
zeshan_zishiii,63275546868
zestyindianman33,67956670378
zfleisher_realtor,63466275288
zhuldyz_shugaring.krg,63254159845
zhymarc,63146718269
ziggy_metal,63613952970
zina_ars.kodz,69387594042
zinniminii,64680062759
zinnydmore,63452884317
zionahh_cc,63466091611
zipstraw,63497016145
ziraxphotos,63439312994
zisimopoulos_dimitris,65100940361
zitudiary,63473224807
ziyad_3zzaz,63159149346
zlqha___,68031077708
zman2828,63516208001
zmoonpearl,63062530731
zn26x14,63246965907
znatnaiatarahnova,70265122497
zoccofrancescoo,63942568714
zohaib_khan02,63384022817
zohairy,63421195162
zohraserhenova,63250391795
zolotkowinterleonardo,68710180696
zone15_romethegamer,64374591257
zoranvasiczoran,63470808165
zoshua_93,63268282448
zozomadre505,69614032057
zroyvis,63422245343
zubaydi13,63362263971
zuckerhaus_875,63635184006
zugallery,63049222270
zulhilmihamdun,63051367187
zulikhmalz,63633936310
zulkeryusuf,63261182944
zumbaching,63088540232
zunhomes,63402788815
zuraini89,66728443934
zuri_rose_,65171568556
zuridomonique,63522590254
zuxfoucault,63130157096
zxrockit,63447867846
zyxkrychyk,67501311611
