63048252714.0,63241858225.0,sidebanks,cheeky__lion
63048252714.0,63073085957.0,sidebanks,melodieuxofficial
63048252714.0,1223791246.0,sidebanks,bcurleejr
63048252714.0,45409867199.0,sidebanks,valkeough
63048252714.0,56143244001.0,sidebanks,buskingaroundmusic
63073085957.0,12987604.0,melodieuxofficial,jameswilllliams
63073085957.0,244817345.0,melodieuxofficial,tropicalontour
63073085957.0,187419340.0,melodieuxofficial,tru_skills_
63073085957.0,46020147535.0,melodieuxofficial,erikashergermusic
63073085957.0,56143244001.0,melodieuxofficial,buskingaroundmusic
63073085957.0,63241858225.0,melodieuxofficial,cheeky__lion
63073085957.0,63048252714.0,melodieuxofficial,sidebanks
63073085957.0,63444108467.0,melodieuxofficial,mikelawsonmusic
56143244001.0,63241858225.0,buskingaroundmusic,cheeky__lion
56143244001.0,63073085957.0,buskingaroundmusic,melodieuxofficial
56143244001.0,5830464669.0,buskingaroundmusic,antiquitysessions
56143244001.0,12987604.0,buskingaroundmusic,jameswilllliams
56143244001.0,63048252714.0,buskingaroundmusic,sidebanks
56143244001.0,63444108467.0,buskingaroundmusic,mikelawsonmusic
56143244001.0,63365752457.0,buskingaroundmusic,jensentommyb
56143244001.0,63265641554.0,buskingaroundmusic,dirt_floor_record_production
5830464669.0,56143244001.0,antiquitysessions,buskingaroundmusic
5830464669.0,45409867199.0,antiquitysessions,valkeough
12987604.0,63048252714.0,jameswilllliams,sidebanks
12987604.0,63073085957.0,jameswilllliams,melodieuxofficial
12987604.0,46020147535.0,jameswilllliams,erikashergermusic
12987604.0,3569213039.0,jameswilllliams,from.dre
12987604.0,56143244001.0,jameswilllliams,buskingaroundmusic
63265641554.0,63048252714.0,dirt_floor_record_production,sidebanks
63265641554.0,45409867199.0,dirt_floor_record_production,valkeough
63265641554.0,63365752457.0,dirt_floor_record_production,jensentommyb
63265641554.0,1223791246.0,dirt_floor_record_production,bcurleejr
63265641554.0,46020147535.0,dirt_floor_record_production,erikashergermusic
63265641554.0,63444108467.0,dirt_floor_record_production,mikelawsonmusic
63265641554.0,56143244001.0,dirt_floor_record_production,buskingaroundmusic
4356433144.0,8220630659.0,curlsz_craze,edera_rose21
22484154.0,9012223520.0,dj_larry.p,rhythmsincere
48781294201.0,6317859276.0,kassidydidit,hayley.james.0
48781294201.0,22484154.0,kassidydidit,dj_larry.p
48781294201.0,1169443583.0,kassidydidit,husonc
48781294201.0,686272305.0,kassidydidit,laniloowho
1818483587.0,61269964201.0,haydonjules_,karynneal63
1818483587.0,6807373900.0,haydonjules_,togo_8888
1818483587.0,5522926852.0,haydonjules_,manny__078
1818483587.0,1082902281.0,haydonjules_,smarzziwoo
1650536985.0,5612729152.0,ryanwake_photo,jrgmusic.au
1650536985.0,63408358314.0,ryanwake_photo,jayrob_music
1650536985.0,63447509752.0,ryanwake_photo,fletcherkirkman_
3288994964.0,63095622792.0,meelllissaaa,kyroee
235706456.0,11025004.0,nickjamesaus,vmsqueenvictoria
7457464979.0,63408358314.0,nikkileighbt,jayrob_music
7457464979.0,63278133793.0,nikkileighbt,rymakdj
7457464979.0,4280762354.0,nikkileighbt,howexaus
7457464979.0,3528243814.0,nikkileighbt,rojormg
7457464979.0,63095622792.0,nikkileighbt,kyroee
1568935.0,52278918612.0,miiikaelaaa_____,crazy_mia02
1568935.0,63408358314.0,miiikaelaaa_____,jayrob_music
1568935.0,3857999715.0,miiikaelaaa_____,jessiesparks.au
7089437974.0,4624546509.0,snacksduby,demetriuscolston
5522926852.0,9012223520.0,manny__078,rhythmsincere
5522926852.0,187821523.0,manny__078,nath_claridge
2338677125.0,66933866870.0,thezendenmedium,itsninaaw
55088904923.0,33043716570.0,code.e_dj,dj_jimmycarey
2328094704.0,11025004.0,imbrandonkh,vmsqueenvictoria
2328094704.0,3320141885.0,imbrandonkh,eric.reyes.official
2328094704.0,3528243814.0,imbrandonkh,rojormg
2328094704.0,399819213.0,imbrandonkh,iamxhloe
782385014.0,21135720.0,mattjames_dj,trenttredman
782385014.0,33043716570.0,mattjames_dj,dj_jimmycarey
782385014.0,56352447972.0,mattjames_dj,itsyaboijava
782385014.0,11752479.0,mattjames_dj,lukelabeat
254925996.0,11025004.0,brandonsaena,vmsqueenvictoria
51894071700.0,63408358314.0,elemnt_gc22,jayrob_music
51894071700.0,55088904923.0,elemnt_gc22,code.e_dj
51894071700.0,7214456594.0,elemnt_gc22,modeozz
51894071700.0,3320141885.0,elemnt_gc22,eric.reyes.official
51894071700.0,2518917472.0,elemnt_gc22,rachaelelorde
587290877.0,9012223520.0,gregsvarcas,rhythmsincere
4366933263.0,7214456594.0,chrisdirollo,modeozz
4366933263.0,63095622792.0,chrisdirollo,kyroee
5580767243.0,1591374251.0,partyshoppersng,kreativebekoncepts
2188421256.0,9012223520.0,elouiseclark,rhythmsincere
63058373785.0,686272305.0,im.bmoney,laniloowho
63058373785.0,1082902281.0,im.bmoney,smarzziwoo
5612729152.0,11025004.0,jrgmusic.au,vmsqueenvictoria
5612729152.0,48781294201.0,jrgmusic.au,kassidydidit
9151622.0,21514312.0,ashtrlmusic,nedcrimmins
1790143164.0,8015766531.0,_._xciarax_._,fabio_singe
37906585.0,9012223520.0,reneedavy,rhythmsincere
3028318143.0,63306392216.0,kasim.k003,yadevparveen
1120689590.0,6807373900.0,bron.kh,togo_8888
10130962029.0,55536906153.0,laughfulcorner,abimbola_dennis_01
55956989.0,56352447972.0,djmistag,itsyaboijava
8472742405.0,63306600656.0,lacrow13,brendenaccettura
1727640929.0,66900342749.0,baydennnn,thomasmilde
21135720.0,11025004.0,trenttredman,vmsqueenvictoria
1019842314.0,63239789554.0,christempestdj,jdubmusic
1019842314.0,63408358314.0,christempestdj,jayrob_music
1019842314.0,1276836632.0,christempestdj,bullo_dj
1019842314.0,5612729152.0,christempestdj,jrgmusic.au
1019842314.0,56352447972.0,christempestdj,itsyaboijava
1019842314.0,33043716570.0,christempestdj,dj_jimmycarey
5865768136.0,1169443583.0,shuntmra,husonc
5865768136.0,22484154.0,shuntmra,dj_larry.p
5865768136.0,1082902281.0,shuntmra,smarzziwoo
37151118.0,1169443583.0,casssav,husonc
6317859276.0,9012223520.0,hayley.james.0,rhythmsincere
63447509752.0,9012223520.0,fletcherkirkman_,rhythmsincere
3579116001.0,4719952505.0,arthurempire1,kingdee_original
3472929.0,11025004.0,jakecarmody,vmsqueenvictoria
3472929.0,945333958.0,jakecarmody,chailynmacfarlane
3472929.0,65933499127.0,jakecarmody,nuzinator
11939663.0,11025004.0,gnge_au,vmsqueenvictoria
11939663.0,21514312.0,gnge_au,nedcrimmins
11939663.0,187821523.0,gnge_au,nath_claridge
11939663.0,176494128.0,gnge_au,tny_bass
11939663.0,1082902281.0,gnge_au,smarzziwoo
11939663.0,8490460434.0,gnge_au,jaiwaterhousedj
11939663.0,22484154.0,gnge_au,dj_larry.p
11939663.0,235706456.0,gnge_au,nickjamesaus
11939663.0,7457464979.0,gnge_au,nikkileighbt
11939663.0,1568935.0,gnge_au,miiikaelaaa_____
11939663.0,6751602330.0,gnge_au,fontanellavitoria
11939663.0,5522926852.0,gnge_au,manny__078
11939663.0,254925996.0,gnge_au,brandonsaena
11939663.0,51894071700.0,gnge_au,elemnt_gc22
11939663.0,63058373785.0,gnge_au,im.bmoney
11939663.0,5612729152.0,gnge_au,jrgmusic.au
11939663.0,1075559148.0,gnge_au,davidjohhn
11939663.0,1276836632.0,gnge_au,bullo_dj
11939663.0,2518917472.0,gnge_au,rachaelelorde
11939663.0,55956989.0,gnge_au,djmistag
11939663.0,7497629651.0,gnge_au,thebravodj
11939663.0,8561811240.0,gnge_au,sundaiofficial
11939663.0,21135720.0,gnge_au,trenttredman
11939663.0,63278133793.0,gnge_au,rymakdj
11939663.0,37151118.0,gnge_au,casssav
11939663.0,189304310.0,gnge_au,harpoon_official_
11939663.0,63447509752.0,gnge_au,fletcherkirkman_
11939663.0,3472929.0,gnge_au,jakecarmody
11939663.0,11752479.0,gnge_au,lukelabeat
11939663.0,3528243814.0,gnge_au,rojormg
11939663.0,6709611526.0,gnge_au,highupofficial
11939663.0,56352447972.0,gnge_au,itsyaboijava
11939663.0,277233635.0,gnge_au,willoaus
11939663.0,63095622792.0,gnge_au,kyroee
11939663.0,63239789554.0,gnge_au,jdubmusic
11939663.0,33043716570.0,gnge_au,dj_jimmycarey
11939663.0,2116003784.0,gnge_au,chunkydip
11939663.0,5019071700.0,gnge_au,togetheragencyau
11939663.0,63408358314.0,gnge_au,jayrob_music
11939663.0,2189718558.0,gnge_au,vdjdan
174558085.0,66308281490.0,tye_talley,dadboddandtheeveryman
395442174.0,6067480870.0,985themixfm,djgreenguy
52278918612.0,1790143164.0,crazy_mia02,_._xciarax_._
52278918612.0,63278133793.0,crazy_mia02,rymakdj
52278918612.0,63408358314.0,crazy_mia02,jayrob_music
52278918612.0,3320141885.0,crazy_mia02,eric.reyes.official
52278918612.0,1079674551.0,crazy_mia02,djbose_au
8050203480.0,63095622792.0,duda_magal14,kyroee
3528243814.0,57944001954.0,rojormg,4bey_life
3528243814.0,22484154.0,rojormg,dj_larry.p
3528243814.0,235706456.0,rojormg,nickjamesaus
3528243814.0,7457464979.0,rojormg,nikkileighbt
3528243814.0,55088904923.0,rojormg,code.e_dj
3528243814.0,254925996.0,rojormg,brandonsaena
3528243814.0,4366933263.0,rojormg,chrisdirollo
3528243814.0,5757604576.0,rojormg,itslukemumby
3528243814.0,63278133793.0,rojormg,rymakdj
3528243814.0,11939663.0,rojormg,gnge_au
3528243814.0,33043716570.0,rojormg,dj_jimmycarey
3528243814.0,8490460434.0,rojormg,jaiwaterhousedj
3528243814.0,63095622792.0,rojormg,kyroee
3528243814.0,11752479.0,rojormg,lukelabeat
3320141885.0,14657420.0,eric.reyes.official,david.bo
3320141885.0,48781294201.0,eric.reyes.official,kassidydidit
3320141885.0,5522926852.0,eric.reyes.official,manny__078
3320141885.0,8561811240.0,eric.reyes.official,sundaiofficial
3320141885.0,2518917472.0,eric.reyes.official,rachaelelorde
3320141885.0,5757604576.0,eric.reyes.official,itslukemumby
3320141885.0,63278133793.0,eric.reyes.official,rymakdj
3320141885.0,63447509752.0,eric.reyes.official,fletcherkirkman_
3320141885.0,52278918612.0,eric.reyes.official,crazy_mia02
3159488810.0,319790686.0,lucas.gio.vanni,markinho_bp
1079674551.0,11025004.0,djbose_au,vmsqueenvictoria
1079674551.0,7214456594.0,djbose_au,modeozz
1079674551.0,1421196536.0,djbose_au,officialkaitu
1079674551.0,254925996.0,djbose_au,brandonsaena
1079674551.0,51894071700.0,djbose_au,elemnt_gc22
1079674551.0,5612729152.0,djbose_au,jrgmusic.au
1079674551.0,4319589946.0,djbose_au,bigmoomusic
1079674551.0,1276836632.0,djbose_au,bullo_dj
1079674551.0,55956989.0,djbose_au,djmistag
1079674551.0,7497629651.0,djbose_au,thebravodj
1079674551.0,5757604576.0,djbose_au,itslukemumby
1079674551.0,63278133793.0,djbose_au,rymakdj
1079674551.0,63408358314.0,djbose_au,jayrob_music
1079674551.0,33043716570.0,djbose_au,dj_jimmycarey
1079674551.0,63239789554.0,djbose_au,jdubmusic
1079674551.0,8490460434.0,djbose_au,jaiwaterhousedj
1079674551.0,6974867510.0,djbose_au,3milialau
1079674551.0,63095622792.0,djbose_au,kyroee
1079674551.0,8561811240.0,djbose_au,sundaiofficial
1079674551.0,52278918612.0,djbose_au,crazy_mia02
324845798.0,8355050978.0,mcghetto_,king._.neptune_
324845798.0,246236392.0,mcghetto_,kingjagmusic
11752479.0,11025004.0,lukelabeat,vmsqueenvictoria
11752479.0,56352447972.0,lukelabeat,itsyaboijava
11752479.0,21985833.0,lukelabeat,djstevefrank
11752479.0,782385014.0,lukelabeat,mattjames_dj
11752479.0,254925996.0,lukelabeat,brandonsaena
11752479.0,20104535.0,lukelabeat,zannon
11752479.0,55956989.0,lukelabeat,djmistag
11752479.0,7497629651.0,lukelabeat,thebravodj
11752479.0,5757604576.0,lukelabeat,itslukemumby
11752479.0,63278133793.0,lukelabeat,rymakdj
11752479.0,3472929.0,lukelabeat,jakecarmody
11752479.0,11939663.0,lukelabeat,gnge_au
11752479.0,63408358314.0,lukelabeat,jayrob_music
11752479.0,5019071700.0,lukelabeat,togetheragencyau
11752479.0,201456375.0,lukelabeat,ashufflemusic
11752479.0,63239789554.0,lukelabeat,jdubmusic
11752479.0,33043716570.0,lukelabeat,dj_jimmycarey
11752479.0,8490460434.0,lukelabeat,jaiwaterhousedj
11752479.0,55002064827.0,lukelabeat,ordleyofficial
11752479.0,277233635.0,lukelabeat,willoaus
11752479.0,63095622792.0,lukelabeat,kyroee
11752479.0,8561811240.0,lukelabeat,sundaiofficial
11752479.0,3528243814.0,lukelabeat,rojormg
1657482832.0,1722584272.0,jamesclarkin,prettydrummergirl24
1657482832.0,6724380793.0,jamesclarkin,omre_jiiiii00
1657482832.0,2556699005.0,jamesclarkin,michael_matuszewsk1
1657482832.0,67051634784.0,jamesclarkin,yw._blue
1657482832.0,6163096580.0,jamesclarkin,ur_rico
1657482832.0,971890671.0,jamesclarkin,fate_of_faye
1657482832.0,7620012973.0,jamesclarkin,bismarck5_4_1941
1657482832.0,2116100521.0,jamesclarkin,xavico1957
1657482832.0,5724098084.0,jamesclarkin,d3883gonnella
1657482832.0,1247244734.0,jamesclarkin,ameeht
1657482832.0,8200276155.0,jamesclarkin,ezz6_030
1657482832.0,2257449066.0,jamesclarkin,zainuliqbalz
1657482832.0,4335910773.0,jamesclarkin,sd_nox
1657482832.0,8521716230.0,jamesclarkin,asr232002
1657482832.0,269095015.0,jamesclarkin,newozen
1657482832.0,2063865498.0,jamesclarkin,mikayla__lomax
1657482832.0,8178958709.0,jamesclarkin,rayen.ben.taleb
1657482832.0,1522800217.0,jamesclarkin,lakacha1
1657482832.0,63095622792.0,jamesclarkin,kyroee
52650083585.0,63095622792.0,this.is.tjbyham,kyroee
201439551.0,63411287051.0,anthonyfrazer,bigbaddrey
1651628604.0,58233712941.0,chelio123,witchy_helen_
6067480870.0,63734016246.0,djgreenguy,hiphop_beatproduction
6067480870.0,395442174.0,djgreenguy,985themixfm
3647277189.0,5580767243.0,partybydearkefty,partyshoppersng
3647277189.0,15752019244.0,partybydearkefty,bibey_tiradslyfashion_
63408358314.0,1169443583.0,jayrob_music,husonc
63408358314.0,57944001954.0,jayrob_music,4bey_life
63408358314.0,1635022642.0,jayrob_music,justinbrazier
63408358314.0,945333958.0,jayrob_music,chailynmacfarlane
63408358314.0,1082902281.0,jayrob_music,smarzziwoo
63408358314.0,14657420.0,jayrob_music,david.bo
63408358314.0,22484154.0,jayrob_music,dj_larry.p
63408358314.0,1650536985.0,jayrob_music,ryanwake_photo
63408358314.0,235706456.0,jayrob_music,nickjamesaus
63408358314.0,7457464979.0,jayrob_music,nikkileighbt
63408358314.0,1568935.0,jayrob_music,miiikaelaaa_____
63408358314.0,5522926852.0,jayrob_music,manny__078
63408358314.0,55088904923.0,jayrob_music,code.e_dj
63408358314.0,782385014.0,jayrob_music,mattjames_dj
63408358314.0,254925996.0,jayrob_music,brandonsaena
63408358314.0,51894071700.0,jayrob_music,elemnt_gc22
63408358314.0,63058373785.0,jayrob_music,im.bmoney
63408358314.0,5612729152.0,jayrob_music,jrgmusic.au
63408358314.0,9151622.0,jayrob_music,ashtrlmusic
63408358314.0,1790143164.0,jayrob_music,_._xciarax_._
63408358314.0,1075559148.0,jayrob_music,davidjohhn
63408358314.0,1276836632.0,jayrob_music,bullo_dj
63408358314.0,8561811240.0,jayrob_music,sundaiofficial
63408358314.0,7497629651.0,jayrob_music,thebravodj
63408358314.0,21135720.0,jayrob_music,trenttredman
63408358314.0,1019842314.0,jayrob_music,christempestdj
63408358314.0,5757604576.0,jayrob_music,itslukemumby
63408358314.0,63278133793.0,jayrob_music,rymakdj
63408358314.0,5865768136.0,jayrob_music,shuntmra
63408358314.0,37151118.0,jayrob_music,casssav
63408358314.0,63447509752.0,jayrob_music,fletcherkirkman_
63408358314.0,3472929.0,jayrob_music,jakecarmody
63408358314.0,11939663.0,jayrob_music,gnge_au
63408358314.0,8490460434.0,jayrob_music,jaiwaterhousedj
63408358314.0,1079674551.0,jayrob_music,djbose_au
63408358314.0,52278918612.0,jayrob_music,crazy_mia02
63408358314.0,11752479.0,jayrob_music,lukelabeat
63408358314.0,6709611526.0,jayrob_music,highupofficial
63408358314.0,63095622792.0,jayrob_music,kyroee
63408358314.0,277233635.0,jayrob_music,willoaus
63408358314.0,63239789554.0,jayrob_music,jdubmusic
63408358314.0,2116003784.0,jayrob_music,chunkydip
63408358314.0,4280762354.0,jayrob_music,howexaus
63408358314.0,2189718558.0,jayrob_music,vdjdan
63408358314.0,325902919.0,jayrob_music,its.davo
2189718558.0,61269964201.0,vdjdan,karynneal63
2189718558.0,246236392.0,vdjdan,kingjagmusic
2189718558.0,63408358314.0,vdjdan,jayrob_music
2189718558.0,5019071700.0,vdjdan,togetheragencyau
608040780.0,2223306545.0,foreign_liga,droppo_beats
608040780.0,8472742405.0,foreign_liga,lacrow13
5019071700.0,11025004.0,togetheragencyau,vmsqueenvictoria
5019071700.0,21514312.0,togetheragencyau,nedcrimmins
5019071700.0,21985833.0,togetheragencyau,djstevefrank
5019071700.0,686272305.0,togetheragencyau,laniloowho
5019071700.0,22484154.0,togetheragencyau,dj_larry.p
5019071700.0,7457464979.0,togetheragencyau,nikkileighbt
5019071700.0,782385014.0,togetheragencyau,mattjames_dj
5019071700.0,11752479.0,togetheragencyau,lukelabeat
5019071700.0,56352447972.0,togetheragencyau,itsyaboijava
5019071700.0,5612729152.0,togetheragencyau,jrgmusic.au
5019071700.0,9151622.0,togetheragencyau,ashtrlmusic
5019071700.0,63249753655.0,togetheragencyau,jordyfresco
5019071700.0,63095622792.0,togetheragencyau,kyroee
5019071700.0,1276836632.0,togetheragencyau,bullo_dj
5019071700.0,55956989.0,togetheragencyau,djmistag
5019071700.0,21135720.0,togetheragencyau,trenttredman
5019071700.0,5757604576.0,togetheragencyau,itslukemumby
5019071700.0,63278133793.0,togetheragencyau,rymakdj
5019071700.0,63278375088.0,togetheragencyau,the_ideas_girl
5019071700.0,189304310.0,togetheragencyau,harpoon_official_
5019071700.0,63447509752.0,togetheragencyau,fletcherkirkman_
5019071700.0,3472929.0,togetheragencyau,jakecarmody
5019071700.0,11939663.0,togetheragencyau,gnge_au
5019071700.0,2189718558.0,togetheragencyau,vdjdan
5019071700.0,33043716570.0,togetheragencyau,dj_jimmycarey
5019071700.0,63239789554.0,togetheragencyau,jdubmusic
6807373900.0,1169443583.0,togo_8888,husonc
6807373900.0,7214456594.0,togo_8888,modeozz
6807373900.0,65933499127.0,togo_8888,nuzinator
6807373900.0,945333958.0,togo_8888,chailynmacfarlane
6807373900.0,1082902281.0,togo_8888,smarzziwoo
6807373900.0,14657420.0,togo_8888,david.bo
6807373900.0,61269964201.0,togo_8888,karynneal63
6807373900.0,48781294201.0,togo_8888,kassidydidit
6807373900.0,1818483587.0,togo_8888,haydonjules_
6807373900.0,647936707.0,togo_8888,samksteele
6807373900.0,254925996.0,togo_8888,brandonsaena
6807373900.0,63058373785.0,togo_8888,im.bmoney
6807373900.0,9151622.0,togo_8888,ashtrlmusic
6807373900.0,4319589946.0,togo_8888,bigmoomusic
6807373900.0,1075559148.0,togo_8888,davidjohhn
6807373900.0,1120689590.0,togo_8888,bron.kh
6807373900.0,2518917472.0,togo_8888,rachaelelorde
6807373900.0,63095622792.0,togo_8888,kyroee
6807373900.0,5865768136.0,togo_8888,shuntmra
6807373900.0,63408358314.0,togo_8888,jayrob_music
4280762354.0,1169443583.0,howexaus,husonc
4280762354.0,945333958.0,howexaus,chailynmacfarlane
4280762354.0,61269964201.0,howexaus,karynneal63
4280762354.0,7457464979.0,howexaus,nikkileighbt
4280762354.0,254925996.0,howexaus,brandonsaena
4280762354.0,4366933263.0,howexaus,chrisdirollo
4280762354.0,5612729152.0,howexaus,jrgmusic.au
4280762354.0,7497629651.0,howexaus,thebravodj
4280762354.0,5757604576.0,howexaus,itslukemumby
4280762354.0,63278133793.0,howexaus,rymakdj
4280762354.0,63408358314.0,howexaus,jayrob_music
4280762354.0,2189718558.0,howexaus,vdjdan
4280762354.0,63095622792.0,howexaus,kyroee
4280762354.0,33043716570.0,howexaus,dj_jimmycarey
4280762354.0,5019071700.0,howexaus,togetheragencyau
5356301655.0,63277527048.0,_6god,thequeen.of.nothing
5356301655.0,15362431104.0,_6god,motivate.travel
5356301655.0,2016270017.0,_6god,___asamoah___
63430718666.0,61639260073.0,vicnew_the_distro,caleriealexander
2116003784.0,11025004.0,chunkydip,vmsqueenvictoria
2116003784.0,21514312.0,chunkydip,nedcrimmins
2116003784.0,176494128.0,chunkydip,tny_bass
2116003784.0,1421196536.0,chunkydip,officialkaitu
2116003784.0,21985833.0,chunkydip,djstevefrank
2116003784.0,945333958.0,chunkydip,chailynmacfarlane
2116003784.0,48489632353.0,chunkydip,ry4n_w4ke
2116003784.0,235706456.0,chunkydip,nickjamesaus
2116003784.0,7457464979.0,chunkydip,nikkileighbt
2116003784.0,254925996.0,chunkydip,brandonsaena
2116003784.0,63058373785.0,chunkydip,im.bmoney
2116003784.0,5612729152.0,chunkydip,jrgmusic.au
2116003784.0,4319589946.0,chunkydip,bigmoomusic
2116003784.0,20104535.0,chunkydip,zannon
2116003784.0,1276836632.0,chunkydip,bullo_dj
2116003784.0,7497629651.0,chunkydip,thebravodj
2116003784.0,8561811240.0,chunkydip,sundaiofficial
2116003784.0,5757604576.0,chunkydip,itslukemumby
2116003784.0,63278133793.0,chunkydip,rymakdj
2116003784.0,1079674551.0,chunkydip,djbose_au
2116003784.0,3528243814.0,chunkydip,rojormg
2116003784.0,11752479.0,chunkydip,lukelabeat
2116003784.0,50373146836.0,chunkydip,jordanlambert___
2116003784.0,6709611526.0,chunkydip,highupofficial
2116003784.0,189304310.0,chunkydip,harpoon_official_
2116003784.0,63447509752.0,chunkydip,fletcherkirkman_
2116003784.0,3472929.0,chunkydip,jakecarmody
2116003784.0,11939663.0,chunkydip,gnge_au
2116003784.0,8490460434.0,chunkydip,jaiwaterhousedj
2116003784.0,63408358314.0,chunkydip,jayrob_music
2116003784.0,63239789554.0,chunkydip,jdubmusic
2116003784.0,2189718558.0,chunkydip,vdjdan
2116003784.0,201456375.0,chunkydip,ashufflemusic
2116003784.0,277233635.0,chunkydip,willoaus
2116003784.0,33043716570.0,chunkydip,dj_jimmycarey
2116003784.0,55002064827.0,chunkydip,ordleyofficial
11942676728.0,63095622792.0,unchiliondedolares,kyroee
201456375.0,21985833.0,ashufflemusic,djstevefrank
201456375.0,5612729152.0,ashufflemusic,jrgmusic.au
201456375.0,11752479.0,ashufflemusic,lukelabeat
201456375.0,50373146836.0,ashufflemusic,jordanlambert___
201456375.0,63095622792.0,ashufflemusic,kyroee
201456375.0,277233635.0,ashufflemusic,willoaus
201456375.0,33043716570.0,ashufflemusic,dj_jimmycarey
201456375.0,1276836632.0,ashufflemusic,bullo_dj
201456375.0,7497629651.0,ashufflemusic,thebravodj
201456375.0,63278133793.0,ashufflemusic,rymakdj
201456375.0,8490460434.0,ashufflemusic,jaiwaterhousedj
201456375.0,63408358314.0,ashufflemusic,jayrob_music
201456375.0,2116003784.0,ashufflemusic,chunkydip
33043716570.0,176494128.0,dj_jimmycarey,tny_bass
33043716570.0,1635022642.0,dj_jimmycarey,justinbrazier
33043716570.0,945333958.0,dj_jimmycarey,chailynmacfarlane
33043716570.0,235706456.0,dj_jimmycarey,nickjamesaus
33043716570.0,55088904923.0,dj_jimmycarey,code.e_dj
33043716570.0,782385014.0,dj_jimmycarey,mattjames_dj
33043716570.0,5612729152.0,dj_jimmycarey,jrgmusic.au
33043716570.0,277233635.0,dj_jimmycarey,willoaus
33043716570.0,1276836632.0,dj_jimmycarey,bullo_dj
33043716570.0,7497629651.0,dj_jimmycarey,thebravodj
33043716570.0,1019842314.0,dj_jimmycarey,christempestdj
33043716570.0,5757604576.0,dj_jimmycarey,itslukemumby
33043716570.0,63408358314.0,dj_jimmycarey,jayrob_music
33043716570.0,4280762354.0,dj_jimmycarey,howexaus
33043716570.0,2189718558.0,dj_jimmycarey,vdjdan
33043716570.0,201456375.0,dj_jimmycarey,ashufflemusic
33043716570.0,63239789554.0,dj_jimmycarey,jdubmusic
33043716570.0,8490460434.0,dj_jimmycarey,jaiwaterhousedj
33043716570.0,8561811240.0,dj_jimmycarey,sundaiofficial
33043716570.0,11752479.0,dj_jimmycarey,lukelabeat
33043716570.0,3528243814.0,dj_jimmycarey,rojormg
33043716570.0,6709611526.0,dj_jimmycarey,highupofficial
33043716570.0,56352447972.0,dj_jimmycarey,itsyaboijava
33043716570.0,1079674551.0,dj_jimmycarey,djbose_au
33043716570.0,63095622792.0,dj_jimmycarey,kyroee
33043716570.0,5019071700.0,dj_jimmycarey,togetheragencyau
63239789554.0,11025004.0,jdubmusic,vmsqueenvictoria
63239789554.0,21514312.0,jdubmusic,nedcrimmins
63239789554.0,187821523.0,jdubmusic,nath_claridge
63239789554.0,1169443583.0,jdubmusic,husonc
63239789554.0,176494128.0,jdubmusic,tny_bass
63239789554.0,21985833.0,jdubmusic,djstevefrank
63239789554.0,56352447972.0,jdubmusic,itsyaboijava
63239789554.0,62374970608.0,jdubmusic,g_reg__m
63239789554.0,22484154.0,jdubmusic,dj_larry.p
63239789554.0,235706456.0,jdubmusic,nickjamesaus
63239789554.0,7457464979.0,jdubmusic,nikkileighbt
63239789554.0,209513652.0,jdubmusic,__james__malco
63239789554.0,5522926852.0,jdubmusic,manny__078
63239789554.0,254925996.0,jdubmusic,brandonsaena
63239789554.0,51894071700.0,jdubmusic,elemnt_gc22
63239789554.0,63058373785.0,jdubmusic,im.bmoney
63239789554.0,5612729152.0,jdubmusic,jrgmusic.au
63239789554.0,9151622.0,jdubmusic,ashtrlmusic
63239789554.0,4319589946.0,jdubmusic,bigmoomusic
63239789554.0,20104535.0,jdubmusic,zannon
63239789554.0,1075559148.0,jdubmusic,davidjohhn
63239789554.0,37906585.0,jdubmusic,reneedavy
63239789554.0,1276836632.0,jdubmusic,bullo_dj
63239789554.0,8561811240.0,jdubmusic,sundaiofficial
63239789554.0,55956989.0,jdubmusic,djmistag
63239789554.0,7497629651.0,jdubmusic,thebravodj
63239789554.0,21135720.0,jdubmusic,trenttredman
63239789554.0,1019842314.0,jdubmusic,christempestdj
63239789554.0,5757604576.0,jdubmusic,itslukemumby
63239789554.0,63278133793.0,jdubmusic,rymakdj
63239789554.0,37151118.0,jdubmusic,casssav
63239789554.0,189304310.0,jdubmusic,harpoon_official_
63239789554.0,63447509752.0,jdubmusic,fletcherkirkman_
63239789554.0,3472929.0,jdubmusic,jakecarmody
63239789554.0,11939663.0,jdubmusic,gnge_au
63239789554.0,8490460434.0,jdubmusic,jaiwaterhousedj
63239789554.0,2189718558.0,jdubmusic,vdjdan
63239789554.0,63408358314.0,jdubmusic,jayrob_music
63239789554.0,6807373900.0,jdubmusic,togo_8888
63239789554.0,201456375.0,jdubmusic,ashufflemusic
63239789554.0,4280762354.0,jdubmusic,howexaus
63239789554.0,2116003784.0,jdubmusic,chunkydip
63239789554.0,5019071700.0,jdubmusic,togetheragencyau
63239789554.0,33043716570.0,jdubmusic,dj_jimmycarey
63239789554.0,11752479.0,jdubmusic,lukelabeat
63239789554.0,1710569695.0,jdubmusic,hughesyonthe
63239789554.0,6709611526.0,jdubmusic,highupofficial
63239789554.0,1079674551.0,jdubmusic,djbose_au
63239789554.0,63134347882.0,jdubmusic,durtehaz
63239789554.0,277233635.0,jdubmusic,willoaus
63239789554.0,63095622792.0,jdubmusic,kyroee
63239789554.0,55002064827.0,jdubmusic,ordleyofficial
1743504731.0,67006996879.0,praxpurple,xavierlake1
1743504731.0,11939663.0,praxpurple,gnge_au
1743504731.0,649565643.0,praxpurple,phi11a
1743504731.0,63095622792.0,praxpurple,kyroee
49095538390.0,1542718470.0,crypto.global.united,chichai_alberto
49095538390.0,63095622792.0,crypto.global.united,kyroee
63427066569.0,70370096931.0,majorlabl,everybodyhaspolio
63427066569.0,63032606158.0,majorlabl,firehillmusic
63427066569.0,63261102661.0,majorlabl,shannemnelson
1414301994.0,63600032885.0,jmekaofficial,urban_plumbing_and_electrial_
1414301994.0,794904759.0,jmekaofficial,samlivali
1414301994.0,63446933203.0,jmekaofficial,phonecity__
8490460434.0,11025004.0,jaiwaterhousedj,vmsqueenvictoria
8490460434.0,21514312.0,jaiwaterhousedj,nedcrimmins
8490460434.0,66900342749.0,jaiwaterhousedj,thomasmilde
8490460434.0,67233047556.0,jaiwaterhousedj,itssammiebaby__
8490460434.0,176494128.0,jaiwaterhousedj,tny_bass
8490460434.0,57944001954.0,jaiwaterhousedj,4bey_life
8490460434.0,1635022642.0,jaiwaterhousedj,justinbrazier
8490460434.0,945333958.0,jaiwaterhousedj,chailynmacfarlane
8490460434.0,62374970608.0,jaiwaterhousedj,g_reg__m
8490460434.0,55088904923.0,jaiwaterhousedj,code.e_dj
8490460434.0,1079674551.0,jaiwaterhousedj,djbose_au
8490460434.0,254925996.0,jaiwaterhousedj,brandonsaena
8490460434.0,51894071700.0,jaiwaterhousedj,elemnt_gc22
8490460434.0,63058373785.0,jaiwaterhousedj,im.bmoney
8490460434.0,5612729152.0,jaiwaterhousedj,jrgmusic.au
8490460434.0,9151622.0,jaiwaterhousedj,ashtrlmusic
8490460434.0,4319589946.0,jaiwaterhousedj,bigmoomusic
8490460434.0,1075559148.0,jaiwaterhousedj,davidjohhn
8490460434.0,1276836632.0,jaiwaterhousedj,bullo_dj
8490460434.0,7497629651.0,jaiwaterhousedj,thebravodj
8490460434.0,8561811240.0,jaiwaterhousedj,sundaiofficial
8490460434.0,1019842314.0,jaiwaterhousedj,christempestdj
8490460434.0,5757604576.0,jaiwaterhousedj,itslukemumby
8490460434.0,63278133793.0,jaiwaterhousedj,rymakdj
8490460434.0,189304310.0,jaiwaterhousedj,harpoon_official_
8490460434.0,63447509752.0,jaiwaterhousedj,fletcherkirkman_
8490460434.0,3472929.0,jaiwaterhousedj,jakecarmody
8490460434.0,63408358314.0,jaiwaterhousedj,jayrob_music
8490460434.0,4280762354.0,jaiwaterhousedj,howexaus
8490460434.0,5019071700.0,jaiwaterhousedj,togetheragencyau
8490460434.0,2116003784.0,jaiwaterhousedj,chunkydip
8490460434.0,201456375.0,jaiwaterhousedj,ashufflemusic
8490460434.0,2189718558.0,jaiwaterhousedj,vdjdan
8490460434.0,33043716570.0,jaiwaterhousedj,dj_jimmycarey
8490460434.0,63239789554.0,jaiwaterhousedj,jdubmusic
8490460434.0,52278918612.0,jaiwaterhousedj,crazy_mia02
8490460434.0,63134347882.0,jaiwaterhousedj,durtehaz
8490460434.0,11752479.0,jaiwaterhousedj,lukelabeat
8490460434.0,3528243814.0,jaiwaterhousedj,rojormg
8490460434.0,56352447972.0,jaiwaterhousedj,itsyaboijava
8490460434.0,277233635.0,jaiwaterhousedj,willoaus
8490460434.0,63095622792.0,jaiwaterhousedj,kyroee
1909054500.0,13065250.0,erinnicolecoaching,imelleblack
1909054500.0,26901217902.0,erinnicolecoaching,brendadiakabana_
1909054500.0,1906192430.0,erinnicolecoaching,helenthacker
1909054500.0,63410479194.0,erinnicolecoaching,cassieannemoore
55002064827.0,21135720.0,ordleyofficial,trenttredman
55002064827.0,3472929.0,ordleyofficial,jakecarmody
55002064827.0,2116003784.0,ordleyofficial,chunkydip
55002064827.0,63239789554.0,ordleyofficial,jdubmusic
55002064827.0,63095622792.0,ordleyofficial,kyroee
55002064827.0,11752479.0,ordleyofficial,lukelabeat
277233635.0,21514312.0,willoaus,nedcrimmins
277233635.0,4142112789.0,willoaus,tay.s.t
277233635.0,6404019838.0,willoaus,bodyarmour.au
277233635.0,176494128.0,willoaus,tny_bass
277233635.0,3044333036.0,willoaus,jakewalx
277233635.0,945333958.0,willoaus,chailynmacfarlane
277233635.0,1549838206.0,willoaus,kyiej
277233635.0,61269964201.0,willoaus,karynneal63
277233635.0,48489632353.0,willoaus,ry4n_w4ke
277233635.0,235706456.0,willoaus,nickjamesaus
277233635.0,55088904923.0,willoaus,code.e_dj
277233635.0,254925996.0,willoaus,brandonsaena
277233635.0,51894071700.0,willoaus,elemnt_gc22
277233635.0,5612729152.0,willoaus,jrgmusic.au
277233635.0,9151622.0,willoaus,ashtrlmusic
277233635.0,1276836632.0,willoaus,bullo_dj
277233635.0,8561811240.0,willoaus,sundaiofficial
277233635.0,7497629651.0,willoaus,thebravodj
277233635.0,1019842314.0,willoaus,christempestdj
277233635.0,5757604576.0,willoaus,itslukemumby
277233635.0,63278133793.0,willoaus,rymakdj
277233635.0,11939663.0,willoaus,gnge_au
277233635.0,63408358314.0,willoaus,jayrob_music
277233635.0,2189718558.0,willoaus,vdjdan
277233635.0,4280762354.0,willoaus,howexaus
277233635.0,201456375.0,willoaus,ashufflemusic
277233635.0,2116003784.0,willoaus,chunkydip
277233635.0,5019071700.0,willoaus,togetheragencyau
277233635.0,33043716570.0,willoaus,dj_jimmycarey
277233635.0,63239789554.0,willoaus,jdubmusic
277233635.0,8490460434.0,willoaus,jaiwaterhousedj
277233635.0,11752479.0,willoaus,lukelabeat
277233635.0,52278918612.0,willoaus,crazy_mia02
277233635.0,50373146836.0,willoaus,jordanlambert___
277233635.0,63095622792.0,willoaus,kyroee
277233635.0,6709611526.0,willoaus,highupofficial
277233635.0,1710569695.0,willoaus,hughesyonthe
277233635.0,1079674551.0,willoaus,djbose_au
274444543.0,64081245305.0,fredbrand,stevemuthusi
63134347882.0,187821523.0,durtehaz,nath_claridge
63134347882.0,67252963737.0,durtehaz,satya_singhhhhh
63134347882.0,1423903777.0,durtehaz,bubby_sushant
63134347882.0,416305041.0,durtehaz,leandromunizoficial
63134347882.0,5863291030.0,durtehaz,rajat_manjubali
63134347882.0,7717415977.0,durtehaz,lil_miss_foxxy
63134347882.0,4873694495.0,durtehaz,i__arjun_pandit_01
63134347882.0,2279672347.0,durtehaz,dinda_rifai
63134347882.0,1443419396.0,durtehaz,ibnudwijayanto._04
63134347882.0,8946295265.0,durtehaz,_faisal_sh_
63134347882.0,6163096580.0,durtehaz,ur_rico
63134347882.0,1082902281.0,durtehaz,smarzziwoo
63134347882.0,8475592862.0,durtehaz,chao_aditya_borgohain
63134347882.0,293575530.0,durtehaz,tonyleonardo26
63134347882.0,2040010551.0,durtehaz,jorge_trombone
63134347882.0,52578704419.0,durtehaz,uncco_
63134347882.0,7562270138.0,durtehaz,no_rules_._
63134347882.0,1415191782.0,durtehaz,emmalee_0611
63134347882.0,3019885056.0,durtehaz,_syxmiyx.aimxn
63134347882.0,1720031996.0,durtehaz,its_thivssou_4pf
63134347882.0,2229618738.0,durtehaz,khan_shuja_786
63134347882.0,2116100521.0,durtehaz,xavico1957
63134347882.0,2002097649.0,durtehaz,malickabid
63134347882.0,7633478458.0,durtehaz,emylyaaa_
63134347882.0,1643890559.0,durtehaz,amola_natutaleza21
63134347882.0,1651859568.0,durtehaz,nzakaemmanuel
63134347882.0,9151622.0,durtehaz,ashtrlmusic
63134347882.0,4319589946.0,durtehaz,bigmoomusic
63134347882.0,8676690320.0,durtehaz,joseph.garcia031
63134347882.0,1250624818.0,durtehaz,mega_miike007
63134347882.0,3664824182.0,durtehaz,aquilah_dicon
63134347882.0,1989490214.0,durtehaz,bibi_nuella
63134347882.0,8025675440.0,durtehaz,bane.boskovic63
63134347882.0,3455219747.0,durtehaz,0i0i__k
1691349584.0,5351055789.0,juwan.music,elijah_films_
1691349584.0,1473832742.0,juwan.music,morgana__walls_
1691349584.0,979482755.0,juwan.music,theofficialakeno
1691349584.0,1138100300.0,juwan.music,jazzy_dale_
1691349584.0,1082902281.0,juwan.music,smarzziwoo
1691349584.0,254925996.0,juwan.music,brandonsaena
1691349584.0,63249753655.0,juwan.music,jordyfresco
237694111.0,9012223520.0,gavinheggs194,rhythmsincere
1710569695.0,8561811240.0,hughesyonthe,sundaiofficial
325902919.0,63095622792.0,its.davo,kyroee
50373146836.0,8561811240.0,jordanlambert___,sundaiofficial
4218656891.0,63861317177.0,francescongaro,laura_sposato
4218656891.0,3281143377.0,francescongaro,matbet89
4218656891.0,549618784.0,francescongaro,the.ogolden.hour
4218656891.0,569480557.0,francescongaro,calilollifornia
241607027.0,63861317177.0,fabrizioquartarone,laura_sposato
241607027.0,675898033.0,fabrizioquartarone,elenasangallii
19020419.0,1160544534.0,andreazignol,riccardo_tolin
19020419.0,177765491.0,andreazignol,mariusvaleriu_
452513532.0,26000866.0,dario7662,raffaelemauro
383307688.0,1561163475.0,richard.piloncea,itsutino99
710092403.0,63861317177.0,dagnese99,laura_sposato
279136103.0,1781471991.0,dongiac,giabbolino
279136103.0,511608256.0,dongiac,cqui_ale
279136103.0,591651497.0,dongiac,rebeccazaramella_
279136103.0,1561163475.0,dongiac,itsutino99
279136103.0,657856992.0,dongiac,_martinafusinato_
1013874730.0,63861317177.0,gianfranco_bano,laura_sposato
407663433.0,8543663393.0,sartorii_,gierre7
407663433.0,1013874730.0,sartorii_,gianfranco_bano
8543663393.0,182375304.0,gierre7,auroradallalibera
8543663393.0,63861317177.0,gierre7,laura_sposato
8543663393.0,275219826.0,gierre7,onderoaders
337595340.0,1561163475.0,denispirvu,itsutino99
337595340.0,279136103.0,denispirvu,dongiac
238468717.0,4119229745.0,giadamorcos,meneghelloedoardo
238468717.0,449267510.0,giadamorcos,davide_favaro_
238468717.0,64253898509.0,giadamorcos,marcoschiesaro_sindaco
238468717.0,2065202139.0,giadamorcos,martinamanfrinato
238468717.0,1643012601.0,giadamorcos,sofi.sposato
238468717.0,4000690018.0,giadamorcos,filippoincorvaia_
325633837.0,591651497.0,fragrazio,rebeccazaramella_
1483490967.0,1648197418.0,alicemassarotto,giovanni__bonello
6935608091.0,1781471991.0,umberto.giannoni,giabbolino
6935608091.0,867127460.0,umberto.giannoni,catevlog
657856992.0,8543663393.0,_martinafusinato_,gierre7
657856992.0,867127460.0,_martinafusinato_,catevlog
657856992.0,1180250560.0,_martinafusinato_,leonardosq89
569261990.0,1781471991.0,_iconagiu,giabbolino
569261990.0,1334347989.0,_iconagiu,edoardobonetto
569261990.0,511608256.0,_iconagiu,cqui_ale
658419506.0,494073737.0,margheritascarpieri,olga.amendola_
487234286.0,1781471991.0,celestespinello,giabbolino
487234286.0,1648197418.0,celestespinello,giovanni__bonello
487234286.0,1561163475.0,celestespinello,itsutino99
487234286.0,867127460.0,celestespinello,catevlog
819780783.0,1643012601.0,edozorzetto,sofi.sposato
144239877.0,215342609.0,galet92,yeropt
2030761852.0,1561163475.0,andyvarotto,itsutino99
177765491.0,4772705585.0,mariusvaleriu_,antonio_mogavero_
177765491.0,449267510.0,mariusvaleriu_,davide_favaro_
177765491.0,182375304.0,mariusvaleriu_,auroradallalibera
177765491.0,19020419.0,mariusvaleriu_,andreazignol
177765491.0,2065202139.0,mariusvaleriu_,martinamanfrinato
1479218432.0,6979256265.0,guacaguapa,frankto97
64498972405.0,54140381.0,kevin_il_king12_siciliano,thepamelita
1616594346.0,8543663393.0,tizianomunegato,gierre7
1616594346.0,63861317177.0,tizianomunegato,laura_sposato
2278250364.0,6871551727.0,vanessamiotello,_tura_98
419051634.0,13378570.0,davidemeneghini,19neno86
1617342012.0,500938037.0,riccardo_arrigoni96,arrigoni.elisabetta
850093565.0,8543663393.0,michele_fogarollo,gierre7
850093565.0,182375304.0,michele_fogarollo,auroradallalibera
5403712589.0,63861317177.0,riky_rossato,laura_sposato
500938037.0,1617342012.0,arrigoni.elisabetta,riccardo_arrigoni96
1781471991.0,511608256.0,giabbolino,cqui_ale
1334347989.0,867127460.0,edoardobonetto,catevlog
1334347989.0,63861317177.0,edoardobonetto,laura_sposato
1334347989.0,657856992.0,edoardobonetto,_martinafusinato_
867127460.0,3564614701.0,catevlog,pir_zo
867127460.0,657856992.0,catevlog,_martinafusinato_
360830974.0,449267510.0,mf10_jr,davide_favaro_
360830974.0,2065202139.0,mf10_jr,martinamanfrinato
360830974.0,1643012601.0,mf10_jr,sofi.sposato
360830974.0,279136103.0,mf10_jr,dongiac
344908720.0,8543663393.0,giulia.veggiato,gierre7
329755571.0,399082141.0,gaiuzvero,sopoohh
48880936484.0,54140381.0,samu_coppo,thepamelita
1540936106.0,297347534.0,matteo_spreafico,il_lazza96
4119229745.0,657856992.0,meneghelloedoardo,_martinafusinato_
4119229745.0,64253898509.0,meneghelloedoardo,marcoschiesaro_sindaco
4119229745.0,275219826.0,meneghelloedoardo,onderoaders
560202320.0,2288554534.0,scanferlaelena,ash_ranjeewa
560202320.0,8543663393.0,scanferlaelena,gierre7
3209537917.0,487234286.0,leonardomiozzo,celestespinello
3209537917.0,867127460.0,leonardomiozzo,catevlog
3281143377.0,549618784.0,matbet89,the.ogolden.hour
3281143377.0,38305582430.0,matbet89,gianmaria.caramello
3281143377.0,192825811.0,matbet89,jjmarcato
1290240991.0,182375304.0,liviutrofin,auroradallalibera
1290240991.0,474799605.0,liviutrofin,laurabuzzaa
1290240991.0,1479218432.0,liviutrofin,guacaguapa
1290240991.0,63861317177.0,liviutrofin,laura_sposato
1614416736.0,68080262154.0,ellanotele,mattzocc
6871551727.0,2278250364.0,_tura_98,vanessamiotello
1160544534.0,6979256265.0,riccardo_tolin,frankto97
1160544534.0,867127460.0,riccardo_tolin,catevlog
1561163475.0,591651497.0,itsutino99,rebeccazaramella_
511608256.0,1561163475.0,cqui_ale,itsutino99
429595500.0,1571510599.0,matteo_caudullo,nicholasbertiato
429595500.0,401921492.0,matteo_caudullo,giangaldiolo
209768381.0,494073737.0,mtt.py,olga.amendola_
209768381.0,1643012601.0,mtt.py,sofi.sposato
53316569831.0,3535039200.0,joule.video,gianluca.jr.romani
1643012601.0,819780783.0,sofi.sposato,edozorzetto
1643012601.0,4216072718.0,sofi.sposato,_michael_bettin_
1643012601.0,8543663393.0,sofi.sposato,gierre7
1643012601.0,494073737.0,sofi.sposato,olga.amendola_
3486368771.0,383307688.0,ildoncappe8_,richard.piloncea
472036907.0,867127460.0,_davide_zanella,catevlog
472036907.0,2297054894.0,_davide_zanella,emma.manfrinato
472036907.0,1286771429.0,_davide_zanella,_micheleperon_
569480557.0,549618784.0,calilollifornia,the.ogolden.hour
569480557.0,63861317177.0,calilollifornia,laura_sposato
41337889722.0,59930260833.0,_real_official_savage_,myry_outfits
1728682574.0,1561163475.0,___killa___9,itsutino99
1728682574.0,471467720.0,___killa___9,ludovicagobbo
24384363982.0,449267510.0,mamobi97,davide_favaro_
1713153023.0,63861317177.0,domescilla_1997,laura_sposato
5682215267.0,63948103385.0,oo_olix_oo,spooky_little_heart
526703215.0,8543663393.0,_leonardovianello,gierre7
526703215.0,182375304.0,_leonardovianello,auroradallalibera
526703215.0,850093565.0,_leonardovianello,michele_fogarollo
526703215.0,710092403.0,_leonardovianello,dagnese99
62049137536.0,63917616782.0,cristianfabozzo,stealthita
3564614701.0,867127460.0,pir_zo,catevlog
3564614701.0,63861317177.0,pir_zo,laura_sposato
341055499.0,63861317177.0,valentina_tasso,laura_sposato
59207957618.0,54140381.0,ladyfoodtravel,thepamelita
374781723.0,68080262154.0,giacomo_baz,mattzocc
457133290.0,471467720.0,veronica.businari,ludovicagobbo
1671660785.0,62835286210.0,alexandros.neobrain,giovanniboscolomezzopan
252214408.0,63913872256.0,propagandaadv____,carlousai4
774697937.0,1131587583.0,sarapriolo__,iremistre
774697937.0,3106701888.0,sarapriolo__,giulio_blabla
1419259040.0,5586417692.0,adrian.bizau,nicoobarbierii
53579622791.0,9069485180.0,_simonevinciguerra,marco.chiapparo
192825811.0,549618784.0,jjmarcato,the.ogolden.hour
192825811.0,5570416974.0,jjmarcato,enjoy_vacchi95
292201581.0,1433605134.0,isabel.cester,fabio_grilli
552307901.0,1643012601.0,emanuele_dallabona,sofi.sposato
493285428.0,5570416974.0,albertoranzato_,enjoy_vacchi95
1020026744.0,205381762.0,iosonofrancescoparisi,flashologo
651772761.0,63703505337.0,filippocatania.io,felixmastrangelo
651772761.0,318017664.0,filippocatania.io,martinalesci
48752646.0,5586417692.0,elaisagi,nicoobarbierii
523587590.0,1483490967.0,martafaggion,alicemassarotto
523587590.0,494073737.0,martafaggion,olga.amendola_
63683029114.0,63913872256.0,michael_mala,carlousai4
3638705424.0,32230409858.0,franklinteds,andriyklitsuk
3638705424.0,1050685841.0,franklinteds,_davide_marelli
182375304.0,8543663393.0,auroradallalibera,gierre7
182375304.0,474799605.0,auroradallalibera,laurabuzzaa
182375304.0,710092403.0,auroradallalibera,dagnese99
5713854043.0,63437851169.0,alessandrolamattina_,alessandropadrin_00
62671256749.0,5713854043.0,how.you.met.your.founder,alessandrolamattina_
62671256749.0,1367945508.0,how.you.met.your.founder,cozycorr
62671256749.0,63913872256.0,how.you.met.your.founder,carlousai4
1013233538.0,6979256265.0,sofia_guasti,frankto97
1013233538.0,19020419.0,sofia_guasti,andreazignol
1013233538.0,474799605.0,sofia_guasti,laurabuzzaa
1013233538.0,471467720.0,sofia_guasti,ludovicagobbo
38305582430.0,3281143377.0,gianmaria.caramello,matbet89
38305582430.0,63861317177.0,gianmaria.caramello,laura_sposato
5402667784.0,62671256749.0,pacini.claudio,how.you.met.your.founder
5402667784.0,62835286210.0,pacini.claudio,giovanniboscolomezzopan
1017452.0,5402667784.0,giacbosio,pacini.claudio
1017452.0,1459086085.0,giacbosio,alessiocinao
1502646701.0,3145431.0,carlopasqualetto,aldo.bisacco
61242736119.0,54140381.0,sarahandalby,thepamelita
462195414.0,6935608091.0,luca.zanda,umberto.giannoni
462195414.0,24384363982.0,luca.zanda,mamobi97
462195414.0,63861317177.0,luca.zanda,laura_sposato
872214668.0,63861317177.0,_lamilaura_,laura_sposato
872214668.0,1330816363.0,_lamilaura_,armanoveronica
872214668.0,22639709253.0,_lamilaura_,gianpietro.povelato
872214668.0,1483490967.0,_lamilaura_,alicemassarotto
22070830.0,66822958897.0,annafongaro,ilcryptopub
468458041.0,1160544534.0,alegrasso98,riccardo_tolin
1571510599.0,19020419.0,nicholasbertiato,andreazignol
1571510599.0,6871551727.0,nicholasbertiato,_tura_98
1571510599.0,63861317177.0,nicholasbertiato,laura_sposato
1648197418.0,487234286.0,giovanni__bonello,celestespinello
1648197418.0,1013233538.0,giovanni__bonello,sofia_guasti
1648197418.0,457133290.0,giovanni__bonello,veronica.businari
1648197418.0,63861317177.0,giovanni__bonello,laura_sposato
276795430.0,8543663393.0,damianomeo,gierre7
276795430.0,710092403.0,damianomeo,dagnese99
276795430.0,526703215.0,damianomeo,_leonardovianello
1273180619.0,6979256265.0,alicemichielan,frankto97
1330816363.0,1781471991.0,armanoveronica,giabbolino
1330816363.0,1561163475.0,armanoveronica,itsutino99
1330816363.0,1334347989.0,armanoveronica,edoardobonetto
1330816363.0,474799605.0,armanoveronica,laurabuzzaa
251707328.0,63861317177.0,nicbardi,laura_sposato
177721259.0,214928573.0,lorygambato,robizanco
449267510.0,1643012601.0,davide_favaro_,sofi.sposato
449267510.0,867127460.0,davide_favaro_,catevlog
449267510.0,1334347989.0,davide_favaro_,edoardobonetto
449267510.0,471467720.0,davide_favaro_,ludovicagobbo
293990875.0,44372612860.0,emanuele.bianconi,domenicogiove_pastry
36509873.0,188899819.0,ssstark,riccardo.debernardinis
36509873.0,251707328.0,ssstark,nicbardi
36509873.0,63861317177.0,ssstark,laura_sposato
1675474641.0,458024918.0,depaoli.federico,marianna_duregon
1675474641.0,55177336330.0,depaoli.federico,elektoral.it
353219046.0,1334347989.0,aanitanna,edoardobonetto
13378570.0,471467720.0,19neno86,ludovicagobbo
1664449688.0,497218289.0,lorenzoperinello,riccardosorze
401921492.0,1483490967.0,giangaldiolo,alicemassarotto
401921492.0,429595500.0,giangaldiolo,matteo_caudullo
63255770361.0,63054925606.0,paulmoreira_,asamimakes
63255770361.0,64244979012.0,paulmoreira_,mr.matthewkylewhitt.s
63255770361.0,71324892320.0,paulmoreira_,officialsrscinema
63255770361.0,68493912499.0,paulmoreira_,call.me_christy
63255770361.0,63460213473.0,paulmoreira_,sojournerweaver
63255770361.0,63131606124.0,paulmoreira_,_neonrainbow__26
63255770361.0,63241092044.0,paulmoreira_,irteza_gunner3567
63255770361.0,63045613211.0,paulmoreira_,jammersmith77
63255770361.0,62971506123.0,paulmoreira_,wanderingdeerpoet
63255770361.0,69536541266.0,paulmoreira_,tecnoose77
63255770361.0,65219958169.0,paulmoreira_,dawn_thatsme
63255770361.0,63076023517.0,paulmoreira_,_yo._.mama._
63255770361.0,63251759092.0,paulmoreira_,tayy_elaine
63255770361.0,67162083636.0,paulmoreira_,faequeen41
63255770361.0,66393265019.0,paulmoreira_,lovesmagicuniverse
63255770361.0,62934543536.0,paulmoreira_,ro.road
63255770361.0,1482171104.0,paulmoreira_,kirsten_henry
63255770361.0,63161359577.0,paulmoreira_,maskxplorer
63255770361.0,63258411514.0,paulmoreira_,mrvalvetronix
63255770361.0,65859646885.0,paulmoreira_,carolmarieogg
63255770361.0,63099414300.0,paulmoreira_,carlopatenia
63255770361.0,64005677465.0,paulmoreira_,marleen_24_7
63255770361.0,63764688319.0,paulmoreira_,46elks
63255770361.0,66354331769.0,paulmoreira_,divyanshupriydrashi
63255770361.0,65788096345.0,paulmoreira_,the_mini_manager
63255770361.0,66082439136.0,paulmoreira_,syfslh29
63255770361.0,63381705864.0,paulmoreira_,arpus___
63255770361.0,66798035383.0,paulmoreira_,lillyshayla_crt
63255770361.0,63368525732.0,paulmoreira_,calebdaman__24
63255770361.0,63430014586.0,paulmoreira_,paul.pillio
63255770361.0,63084785707.0,paulmoreira_,darius.__jay
63255770361.0,63286189826.0,paulmoreira_,itschargonzalez
63255770361.0,63427602142.0,paulmoreira_,dentedprinter
63255770361.0,63421157868.0,paulmoreira_,sachinpc9
63255770361.0,63038533802.0,paulmoreira_,chendrixson
63255770361.0,63655416292.0,paulmoreira_,its_jannat_world_09
63255770361.0,63079722581.0,paulmoreira_,theblessedadrian_
63255770361.0,63613344044.0,paulmoreira_,voorhees_dnb
63255770361.0,63232678949.0,paulmoreira_,vishvanands
63506553232.0,67978722813.0,michael_ekin,ricochicomico1
63506553232.0,2290335910.0,michael_ekin,sharonperham
70182821619.0,3593495677.0,javaskrrt,tomoehser
3029592674.0,63820314872.0,briantreber,happ.ygirl6917
3029592674.0,68645733938.0,briantreber,waxpen
3029592674.0,65053796070.0,briantreber,sean.slick
3029592674.0,68471362796.0,briantreber,mymoxie.club
3029592674.0,67888609550.0,briantreber,ronahanson
3029592674.0,66044511768.0,briantreber,lucyinfinityx
3029592674.0,53625517126.0,briantreber,rosa77ee
3029592674.0,53922099499.0,briantreber,ll_4li_ll_13
3029592674.0,65947147967.0,briantreber,emrankhan1359
3029592674.0,63229637489.0,briantreber,hoseinrezaii389
3029592674.0,63209433517.0,briantreber,kelsey.reanne
3029592674.0,64894029890.0,briantreber,khanwaqas904
3029592674.0,68176886164.0,briantreber,seeker_mcmanus
3029592674.0,64492365397.0,briantreber,fuckits420247365
3029592674.0,67456740238.0,briantreber,toma__demchenko
3029592674.0,68888587932.0,briantreber,erinnerinnerin
3029592674.0,66442628888.0,briantreber,thomasstevenson872
3029592674.0,64930856032.0,briantreber,beemraj.bhagwandin6
3029592674.0,67346592274.0,briantreber,carla_eduarda_oficial
3029592674.0,68334934711.0,briantreber,gokulnb740
3029592674.0,28321965036.0,briantreber,mukesh.premi.357
3029592674.0,62029770729.0,briantreber,marioalbertomonroya
3029592674.0,68731363685.0,briantreber,it_aint_fair_jear
63257934535.0,63434886616.0,felix_6350,haytham.elswerkie
63257934535.0,63637992384.0,felix_6350,kkeel1z
63030046206.0,68927363440.0,forty_to_one_odds,roguecurrents
63030046206.0,23788943.0,forty_to_one_odds,ltowse253
63030046206.0,63050637478.0,forty_to_one_odds,grork
63047223091.0,63713696733.0,kyle_hughes,tom_t_24
63047223091.0,63250391283.0,kyle_hughes,sk.itty
63047223091.0,63126338602.0,kyle_hughes,hectorddmx
63047223091.0,63104792267.0,kyle_hughes,realrahulpoonia
63047223091.0,63106596420.0,kyle_hughes,benricem
63047223091.0,63061955930.0,kyle_hughes,marcin.krzyzanowski
63047223091.0,63303040694.0,kyle_hughes,thx1766
69270628807.0,63050637478.0,instapaperofficial,grork
69270628807.0,5104273.0,instapaperofficial,bdonohue
63764688319.0,63419719618.0,46elks,raytray4
63764688319.0,63255770361.0,46elks,paulmoreira_
63764688319.0,63876269851.0,46elks,croitorgheorghita
63764688319.0,63713696733.0,46elks,tom_t_24
63764688319.0,63126338602.0,46elks,hectorddmx
63764688319.0,3638705424.0,46elks,franklinteds
69623114855.0,70594159802.0,stolencow,sohanour5186
69623114855.0,63689813911.0,stolencow,portalyxz
67334343559.0,70233926843.0,moaabdulkrimsrkaar,heikomilitzer5
67334343559.0,67317127308.0,moaabdulkrimsrkaar,subhashisdeb934
67334343559.0,68892698026.0,moaabdulkrimsrkaar,muhammadyaseen8483
67334343559.0,70737503315.0,moaabdulkrimsrkaar,rayray.creates.empires__
67334343559.0,69530616876.0,moaabdulkrimsrkaar,tammisheafer
67334343559.0,67346592274.0,moaabdulkrimsrkaar,carla_eduarda_oficial
67334343559.0,69940563099.0,moaabdulkrimsrkaar,cdefgahccom
63405163526.0,64492365397.0,importedhorror,fuckits420247365
63405163526.0,68334934711.0,importedhorror,gokulnb740
63405163526.0,65254475722.0,importedhorror,topvaluebooks
63405163526.0,58483477861.0,importedhorror,angela.melton1
63405163526.0,68731363685.0,importedhorror,it_aint_fair_jear
63405163526.0,67888609550.0,importedhorror,ronahanson
63405163526.0,62863447280.0,importedhorror,julieemovon_author
63405163526.0,66450183215.0,importedhorror,ass_huh_lee
63405163526.0,63460213473.0,importedhorror,sojournerweaver
63405163526.0,63378474258.0,importedhorror,carlosriveraauthor
63405163526.0,63052518832.0,importedhorror,izzie3030
63405163526.0,63242244277.0,importedhorror,festivalhorror
67888609550.0,63043437031.0,ronahanson,jennisimonis_author
67888609550.0,67978606130.0,ronahanson,tomnicholsgmail.com_
67888609550.0,67706841256.0,ronahanson,williamsoklahoma77
67888609550.0,68927363440.0,ronahanson,roguecurrents
67888609550.0,63091461877.0,ronahanson,sp00pkittn
67888609550.0,63408140506.0,ronahanson,philburns55
67888609550.0,63457915902.0,ronahanson,russvoteblue
67888609550.0,62880511395.0,ronahanson,christil695
67888609550.0,3029592674.0,ronahanson,briantreber
67888609550.0,68334934711.0,ronahanson,gokulnb740
67888609550.0,68731363685.0,ronahanson,it_aint_fair_jear
67888609550.0,63448900787.0,ronahanson,leslieeh2023
67888609550.0,63259006501.0,ronahanson,fineswine2023
67888609550.0,1463718695.0,ronahanson,caitlyniscrafty
67888609550.0,63389431195.0,ronahanson,shineyrays
67888609550.0,63064470626.0,ronahanson,macgregor7894
67888609550.0,64118306600.0,ronahanson,rdaetha
67888609550.0,63405163526.0,ronahanson,importedhorror
67888609550.0,62863447280.0,ronahanson,julieemovon_author
67888609550.0,65135985488.0,ronahanson,miniknitti
1506139693.0,63100251888.0,mollyloubee,thereseflanagan
1506139693.0,69038640659.0,mollyloubee,james.norray
1506139693.0,63457915902.0,mollyloubee,russvoteblue
1506139693.0,63430302725.0,mollyloubee,mccarty.billie
1506139693.0,63408140506.0,mollyloubee,philburns55
63250391283.0,63050637478.0,sk.itty,grork
63250391283.0,63104067428.0,sk.itty,ebasford
63250391283.0,63713696733.0,sk.itty,tom_t_24
63250391283.0,63068599567.0,sk.itty,mikehos3
63250391283.0,63047223091.0,sk.itty,kyle_hughes
63250391283.0,63404471732.0,sk.itty,_tim______
64207202909.0,69503466116.0,candiecraft,crowder.aims
64207202909.0,63606240738.0,candiecraft,m.goddessintheflesh
64207202909.0,66561421601.0,candiecraft,theinversecollection
64207202909.0,66340732338.0,candiecraft,ballzmusicltd
64207202909.0,63310626224.0,candiecraft,jackiesstrength73
64207202909.0,51436958688.0,candiecraft,wickstrom_dobroth
64207202909.0,54138066916.0,candiecraft,abeerakhurshidd
64207202909.0,15917192174.0,candiecraft,dragoondjofficial
64207202909.0,63432385730.0,candiecraft,jsosary_atm
64207202909.0,63525248989.0,candiecraft,iamvickyhilton
64207202909.0,63160598669.0,candiecraft,vinib_isme
64207202909.0,64605495809.0,candiecraft,elek_natures_world
64207202909.0,63091165167.0,candiecraft,alex_calidonna
64207202909.0,63032606158.0,candiecraft,firehillmusic
64207202909.0,63943005455.0,candiecraft,poetry_by_ed
64207202909.0,63247506080.0,candiecraft,_302nao
64207202909.0,62974736024.0,candiecraft,imdamonconway
64207202909.0,64638297934.0,candiecraft,juliedmissen_author
64207202909.0,63295282464.0,candiecraft,izzytime1
64207202909.0,64030533886.0,candiecraft,esteve.badenstock
64207202909.0,64560736837.0,candiecraft,everfelt_music
64207202909.0,63156308928.0,candiecraft,aiirbearmusic
64207202909.0,63244067067.0,candiecraft,solmarineris
2875677152.0,65053796070.0,blue_gecko_tailor,sean.slick
2875677152.0,63421381101.0,blue_gecko_tailor,naeem_tuwar
63289756147.0,63613344044.0,fe_aguiarsantos,voorhees_dnb
63289756147.0,63232678949.0,fe_aguiarsantos,vishvanands
63308761872.0,67828225828.0,hicham_elmourad_officielly,545b887eb0
65644787882.0,62029770729.0,running_tech,marioalbertomonroya
65644787882.0,64247159245.0,running_tech,zaalika_aziz
65644787882.0,66332556733.0,running_tech,lukepreece5
65644787882.0,65859646885.0,running_tech,carolmarieogg
65644787882.0,63468376629.0,running_tech,annebarringer
65053796070.0,63374341688.0,sean.slick,jandrucci
65053796070.0,67159038925.0,sean.slick,king._kohli_fan
65053796070.0,65842862372.0,sean.slick,mdirfanirfan983
65053796070.0,63381260349.0,sean.slick,iam_laronanthony__
65053796070.0,66245890252.0,sean.slick,untol_dminds
65053796070.0,67456740238.0,sean.slick,toma__demchenko
65053796070.0,3029592674.0,sean.slick,briantreber
65053796070.0,64930856032.0,sean.slick,beemraj.bhagwandin6
65053796070.0,62029770729.0,sean.slick,marioalbertomonroya
65053796070.0,68731363685.0,sean.slick,it_aint_fair_jear
65053796070.0,59826128445.0,sean.slick,deousinghmaravi
65053796070.0,65497610842.0,sean.slick,mari.nespuhl
65053796070.0,63229637489.0,sean.slick,hoseinrezaii389
65053796070.0,67949988501.0,sean.slick,johnny_fracky
65053796070.0,66442628888.0,sean.slick,thomasstevenson872
65053796070.0,65548923826.0,sean.slick,bonnie_darco
67005237144.0,63775452216.0,sjhshshxhs,bigjimmyaura
67005237144.0,66769627005.0,sjhshshxhs,exileonmainst_
67005237144.0,64515613277.0,sjhshshxhs,fashionbyedelbands
63818760791.0,63434618598.0,sally_k,fawngoodwine
66403668151.0,65413760638.0,itsdzenii1,x.xo0oxx
65548150344.0,66284481475.0,phamvanthinh16042005,strange_facts_100k
63251958501.0,63419719618.0,hellodavidryan,raytray4
63713696733.0,63421157868.0,tom_t_24,sachinpc9
63713696733.0,63404471732.0,tom_t_24,_tim______
63713696733.0,63126338602.0,tom_t_24,hectorddmx
63713696733.0,63047223091.0,tom_t_24,kyle_hughes
8134323254.0,706600148.0,asterland,andrewcneil
63104067428.0,63244067067.0,ebasford,solmarineris
63068599567.0,63258411514.0,mikehos3,mrvalvetronix
63126338602.0,63047223091.0,hectorddmx,kyle_hughes
63126338602.0,63403116104.0,hectorddmx,marcpalmerdev
63427602142.0,64036195205.0,dentedprinter,piss.flaps69
63427602142.0,63094255665.0,dentedprinter,shelbythreeshoes
63427602142.0,63403116104.0,dentedprinter,marcpalmerdev
1008971000.0,4560007437.0,mostunusualcontainer,xirzec
63452102730.0,63400759207.0,frankafusco,gootie14
63084825210.0,66317169056.0,gmclean,vickiandloki
63225813756.0,67978722813.0,brandonlive,ricochicomico1
63104792267.0,63061955930.0,realrahulpoonia,marcin.krzyzanowski
63104792267.0,63126338602.0,realrahulpoonia,hectorddmx
63048382300.0,63419719618.0,scott_fenstermaker,raytray4
63436901067.0,63083816958.0,stevesi,alvinashcraft
63061955930.0,67978722813.0,marcin.krzyzanowski,ricochicomico1
6752583100.0,241372673.0,jngljon,monkeyatomic
4560007437.0,63286141675.0,xirzec,poonehseyed
30958725.0,1967894204.0,dru89,theostru
63404471732.0,63642520446.0,_tim______,whatthecj
63303040694.0,63126338602.0,thx1766,hectorddmx
63303040694.0,63061955930.0,thx1766,marcin.krzyzanowski
63303040694.0,63068599567.0,thx1766,mikehos3
63303040694.0,63047223091.0,thx1766,kyle_hughes
283226.0,63506553232.0,zorbadgreek,michael_ekin
63124229665.0,63276982828.0,patriciadeddy,d.j._unsubscribed_
209413092.0,241372673.0,zach_johnson_insta,monkeyatomic
209413092.0,283226.0,zach_johnson_insta,zorbadgreek
241372673.0,283226.0,monkeyatomic,zorbadgreek
706600148.0,4560007437.0,andrewcneil,xirzec
5104273.0,69270628807.0,bdonohue,instapaperofficial
5104273.0,63403116104.0,bdonohue,marcpalmerdev
26802271.0,30958725.0,dylandeverill,dru89
1336760551.0,6752583100.0,maybeben,jngljon
541757954.0,283226.0,scottdsanders,zorbadgreek
541757954.0,241372673.0,scottdsanders,monkeyatomic
541757954.0,1336760551.0,scottdsanders,maybeben
63074669861.0,63124229665.0,jaydeflix,patriciadeddy
7393100722.0,69463407924.0,annelovett31,christinepriestly_author
470256931.0,67828225828.0,plumstergram,545b887eb0
470256931.0,1431445436.0,plumstergram,colleen_beaton72
2086526510.0,63328856023.0,irnmdn7,omahawk1
35714826625.0,67162083636.0,emo_reads,faequeen41
35714826625.0,20478530.0,emo_reads,peggytran
63273666374.0,63266538932.0,ackiel33,thaddius_cho
36572297346.0,63218343120.0,kennethchideradaniel,philip_j_waters_author
36572297346.0,70663711623.0,kennethchideradaniel,saraclaiborneofficial
36572297346.0,69681848802.0,kennethchideradaniel,leptir1313
36572297346.0,63381245915.0,kennethchideradaniel,jameswritesurprisingly
8153367978.0,67170908005.0,tammytriche,aregyaregy
67076786552.0,298983826.0,monsterwave,jill.stanford.31
63435239020.0,65439363232.0,wazcher,c.cruzzz
63435239020.0,65857235588.0,wazcher,pig.whiskers
12994622949.0,70737503315.0,causearippleeffect,rayray.creates.empires__
63052607227.0,63434886616.0,copiespasties,haytham.elswerkie
63052607227.0,66092294125.0,copiespasties,nadir_ali_019
7577968769.0,1431445436.0,pjones9992018,colleen_beaton72
9759649082.0,68967429293.0,nataly.queenofcups,xxkitcat_
1113305103.0,63584022876.0,bingbingmoments,originalsugarshack1
230135847.0,63170120182.0,puckhead22,penelope1_4__zimmer
145119812.0,4173556585.0,elmalgeniado13,milhomem.rafael
56750393872.0,3106701888.0,codiceconalessia_,giulio_blabla
56750393872.0,15690656062.0,codiceconalessia_,andrea.gori.351
56750393872.0,2551004287.0,codiceconalessia_,emanuelaboron
56750393872.0,200122460.0,codiceconalessia_,benitotecce
297347534.0,1540936106.0,il_lazza96,matteo_spreafico
54388009.0,5856185899.0,axnaird,rex_gilas
1749690844.0,1936932328.0,maurizio_schifano_,dan.c0sta
205381762.0,1020026744.0,flashologo,iosonofrancescoparisi
178187580.0,195689799.0,enrispampi,dariotorrisi
2182316955.0,6844318656.0,patpatstagram,othnielzoclanclounon
63773560342.0,63279071240.0,strawmelonjuice,tsvndra
63773560342.0,63505367898.0,strawmelonjuice,meranibunni
62929262518.0,68310941633.0,cindermander,jthomas_lol
5985504058.0,63066220801.0,volk1095,pvcollinsphotos
5985504058.0,63279665625.0,volk1095,roger_lawler
49658436484.0,70619901837.0,charliefoxtrotoutdoors,sammiammnot
320294437.0,66498375768.0,laeilakalani_weingart,swiftie__society
320294437.0,63273710317.0,laeilakalani_weingart,hagaysobol
50372022334.0,63853454560.0,artonwebdesign,sarbuvanesa80
28087714568.0,65858606709.0,willowbassett,the.mrs.stovall
3940637903.0,69038640659.0,illinoisdemgirl,james.norray
3940637903.0,65831907615.0,illinoisdemgirl,captureit.rememberit_13
3940637903.0,3878736571.0,illinoisdemgirl,lizzyliz_1995
67556301664.0,63279607705.0,pc4ny,shariwhaley1964
67556301664.0,65858606709.0,pc4ny,the.mrs.stovall
67556301664.0,1431445436.0,pc4ny,colleen_beaton72
72012592413.0,70882468447.0,willsdotcom,sarahlynnfreitas
69210834112.0,63421795015.0,cherylwrightwatkins,charleneschlegel68
69210834112.0,63319545410.0,cherylwrightwatkins,helenalwrites
69210834112.0,63102401975.0,cherylwrightwatkins,stylishluckycharm
69210834112.0,63431974034.0,cherylwrightwatkins,mfbsorensen
229527359.0,67840257186.0,julienelsonclark11,randallbc777
5462751366.0,64244979012.0,mabeledoloverio17,mr.matthewkylewhitt.s
65120789969.0,70927339920.0,bamxbamx7,geoviomgmt
65120789969.0,66194327716.0,bamxbamx7,oblongsquare.records
65120789969.0,63392102058.0,bamxbamx7,misschaybella
65120789969.0,63297752471.0,bamxbamx7,jamayaxx
65120789969.0,66393265019.0,bamxbamx7,lovesmagicuniverse
65120789969.0,66308281490.0,bamxbamx7,dadboddandtheeveryman
2344672800.0,70737503315.0,angiewallace323,rayray.creates.empires__
60759661723.0,2119330595.0,thalys.soares.fjr,jennifersusanko
60759661723.0,69038640659.0,thalys.soares.fjr,james.norray
60759661723.0,63258411514.0,thalys.soares.fjr,mrvalvetronix
60759661723.0,63098596474.0,thalys.soares.fjr,elainarae2k
423070596.0,1431445436.0,april_mannion,colleen_beaton72
423070596.0,6218703931.0,april_mannion,veganincrooklyn
64646663383.0,63064470626.0,gckc2024,macgregor7894
765899.0,66340732338.0,dve1976,ballzmusicltd
63492601888.0,63159950352.0,lilhoneybuttereats,itstelvin_
44105325741.0,63933061128.0,sigfridoscivelli,young_correntino
64478831204.0,65769316249.0,suzannenicollegavette,michaelcere2
64147865290.0,63262926322.0,bharatparsadachary,redi96_
277233635.0,64089537281.0,willoaus,gabriel_lagon
7457464979.0,64089537281.0,nikkileighbt,gabriel_lagon
64621110086.0,64089537281.0,thoughtpoured,gabriel_lagon
52650083585.0,64089537281.0,this.is.tjbyham,gabriel_lagon
1657482832.0,64089537281.0,jamesclarkin,gabriel_lagon
71541457311.0,64089537281.0,kevin.mc4,gabriel_lagon
56352447972.0,64089537281.0,itsyaboijava,gabriel_lagon
5019071700.0,64089537281.0,togetheragencyau,gabriel_lagon
65870280465.0,64089537281.0,megankyle38,gabriel_lagon
8050203480.0,64089537281.0,duda_magal14,gabriel_lagon
6807373900.0,64089537281.0,togo_8888,gabriel_lagon
11939663.0,64089537281.0,gnge_au,gabriel_lagon
49095538390.0,64089537281.0,crypto.global.united,gabriel_lagon
11942676728.0,64089537281.0,unchiliondedolares,gabriel_lagon
63398844704.0,64089537281.0,tearinmy_heart21,gabriel_lagon
66561421601.0,64089537281.0,theinversecollection,gabriel_lagon
1079674551.0,64089537281.0,djbose_au,gabriel_lagon
201456375.0,64089537281.0,ashufflemusic,gabriel_lagon
65061009445.0,64089537281.0,go.awaythanks,gabriel_lagon
63408358314.0,64089537281.0,jayrob_music,gabriel_lagon
63478731693.0,64089537281.0,_strong_power_thankyou124t,gabriel_lagon
65405473476.0,64089537281.0,txstarjess,gabriel_lagon
63463370566.0,64089537281.0,angelgovekar,gabriel_lagon
63069178310.0,64089537281.0,fabiprosso,gabriel_lagon
3528243814.0,64089537281.0,rojormg,gabriel_lagon
11752479.0,64089537281.0,lukelabeat,gabriel_lagon
325902919.0,64089537281.0,its.davo,gabriel_lagon
3288994964.0,64089537281.0,meelllissaaa,gabriel_lagon
4366933263.0,64089537281.0,chrisdirollo,gabriel_lagon
67023017647.0,64089537281.0,aina.vie,gabriel_lagon
63475481680.0,64089537281.0,joss._44,gabriel_lagon
4280762354.0,64089537281.0,howexaus,gabriel_lagon
67002934354.0,64089537281.0,emily_smith182023,gabriel_lagon
63404867965.0,64089537281.0,miiiiiiiiila,gabriel_lagon
64227994196.0,64089537281.0,ashleyy277,gabriel_lagon
63515442008.0,64089537281.0,most__desired,gabriel_lagon
66412718682.0,64089537281.0,d.renaae,gabriel_lagon
63603904987.0,64089537281.0,_nettia01,gabriel_lagon
63082366555.0,64089537281.0,tonyarenner_,gabriel_lagon
1628232765.0,64089537281.0,maximjongun,gabriel_lagon
8490460434.0,64089537281.0,jaiwaterhousedj,gabriel_lagon
67014369764.0,64089537281.0,emzy.t,gabriel_lagon
3584924139.0,64089537281.0,3laize,gabriel_lagon
64197980778.0,64089537281.0,cheyyy_2016,gabriel_lagon
33043716570.0,64089537281.0,dj_jimmycarey,gabriel_lagon
63394974702.0,64089537281.0,hhhevnnn,gabriel_lagon
1743504731.0,64089537281.0,praxpurple,gabriel_lagon
63257915632.0,64089537281.0,gabs.fm,gabriel_lagon
63845663218.0,64089537281.0,stacey_vdc,gabriel_lagon
66337190642.0,64089537281.0,cbabyyyxo._,gabriel_lagon
63239789554.0,64089537281.0,jdubmusic,gabriel_lagon
55002064827.0,64089537281.0,ordleyofficial,gabriel_lagon
49786278994.0,64089537281.0,_dreamrr,gabriel_lagon
65089831927.0,64089537281.0,ministermariagordon,gabriel_lagon
64562587000.0,64089537281.0,mahoney_003,gabriel_lagon
66769627005.0,64089537281.0,exileonmainst_,gabriel_lagon
23520526499.0,64089537281.0,flameofthesoulllc,gabriel_lagon
63460213473.0,64089537281.0,sojournerweaver,gabriel_lagon
63606240738.0,64089537281.0,m.goddessintheflesh,gabriel_lagon
66194327716.0,64089537281.0,oblongsquare.records,gabriel_lagon
63414308965.0,64089537281.0,starrr.seed,gabriel_lagon
64560736837.0,64089537281.0,everfelt_music,gabriel_lagon
63233794888.0,64089537281.0,xamphetanina,gabriel_lagon
67360712488.0,64089537281.0,windsorharmreduction.oat,gabriel_lagon
69147424111.0,64089537281.0,thegamervillage,gabriel_lagon
71616592848.0,64089537281.0,jasminelasouriante,gabriel_lagon
63400205749.0,64089537281.0,gilbert_amatta,gabriel_lagon
63387685848.0,64089537281.0,trea_christopher,gabriel_lagon
64515613277.0,64089537281.0,fashionbyedelbands,gabriel_lagon
63468129316.0,69655371289.0,davidoladoyinjnr,beiyo_
63376403941.0,69655371289.0,tikeh_a,beiyo_
63451894023.0,69655371289.0,ijoye_12,beiyo_
63419084744.0,69655371289.0,adedamolaajisafe,beiyo_
63490697553.0,69655371289.0,oshanimi,beiyo_
63269707322.0,69655371289.0,renike_77,beiyo_
63465104603.0,69655371289.0,isaac_esosa,beiyo_
63229244703.0,69655371289.0,pelumi__i,beiyo_
63468129316.0,63133269390.0,davidoladoyinjnr,realwanita
63376403941.0,63133269390.0,tikeh_a,realwanita
63451894023.0,63133269390.0,ijoye_12,realwanita
63419084744.0,63133269390.0,adedamolaajisafe,realwanita
63490697553.0,63133269390.0,oshanimi,realwanita
63269707322.0,63133269390.0,renike_77,realwanita
63465104603.0,63133269390.0,isaac_esosa,realwanita
63229244703.0,63133269390.0,pelumi__i,realwanita
63468129316.0,63229244703.0,davidoladoyinjnr,pelumi__i
63376403941.0,63229244703.0,tikeh_a,pelumi__i
63451894023.0,63229244703.0,ijoye_12,pelumi__i
63419084744.0,63229244703.0,adedamolaajisafe,pelumi__i
63490697553.0,63229244703.0,oshanimi,pelumi__i
63269707322.0,63229244703.0,renike_77,pelumi__i
63465104603.0,63229244703.0,isaac_esosa,pelumi__i
63229244703.0,63229244703.0,pelumi__i,pelumi__i
68184377206.0,63421342632.0,felicia_jokodola,olufisola_
63499033435.0,63421342632.0,i.b.k_international,olufisola_
63468129316.0,63421342632.0,davidoladoyinjnr,olufisola_
63376403941.0,63421342632.0,tikeh_a,olufisola_
63451894023.0,63421342632.0,ijoye_12,olufisola_
63490697553.0,63421342632.0,oshanimi,olufisola_
63269707322.0,63421342632.0,renike_77,olufisola_
63465104603.0,63421342632.0,isaac_esosa,olufisola_
63229244703.0,63421342632.0,pelumi__i,olufisola_
63468129316.0,63138230121.0,davidoladoyinjnr,morjhie
63376403941.0,63138230121.0,tikeh_a,morjhie
63451894023.0,63138230121.0,ijoye_12,morjhie
63419084744.0,63138230121.0,adedamolaajisafe,morjhie
63490697553.0,63138230121.0,oshanimi,morjhie
63269707322.0,63138230121.0,renike_77,morjhie
63465104603.0,63138230121.0,isaac_esosa,morjhie
63229244703.0,63138230121.0,pelumi__i,morjhie
63468129316.0,63067098823.0,davidoladoyinjnr,_richglam
63376403941.0,63067098823.0,tikeh_a,_richglam
63451894023.0,63067098823.0,ijoye_12,_richglam
63419084744.0,63067098823.0,adedamolaajisafe,_richglam
63490697553.0,63067098823.0,oshanimi,_richglam
63269707322.0,63067098823.0,renike_77,_richglam
63465104603.0,63067098823.0,isaac_esosa,_richglam
63229244703.0,63067098823.0,pelumi__i,_richglam
63468129316.0,63159125263.0,davidoladoyinjnr,nma.dinma
63376403941.0,63159125263.0,tikeh_a,nma.dinma
63451894023.0,63159125263.0,ijoye_12,nma.dinma
63419084744.0,63159125263.0,adedamolaajisafe,nma.dinma
63490697553.0,63159125263.0,oshanimi,nma.dinma
63269707322.0,63159125263.0,renike_77,nma.dinma
63465104603.0,63159125263.0,isaac_esosa,nma.dinma
63229244703.0,63159125263.0,pelumi__i,nma.dinma
63468129316.0,67616213505.0,davidoladoyinjnr,de__santox
63376403941.0,67616213505.0,tikeh_a,de__santox
63451894023.0,67616213505.0,ijoye_12,de__santox
63419084744.0,67616213505.0,adedamolaajisafe,de__santox
63490697553.0,67616213505.0,oshanimi,de__santox
63269707322.0,67616213505.0,renike_77,de__santox
63465104603.0,67616213505.0,isaac_esosa,de__santox
63229244703.0,67616213505.0,pelumi__i,de__santox
63468129316.0,68027286491.0,davidoladoyinjnr,mercyblackstarr
63376403941.0,68027286491.0,tikeh_a,mercyblackstarr
63451894023.0,68027286491.0,ijoye_12,mercyblackstarr
63419084744.0,68027286491.0,adedamolaajisafe,mercyblackstarr
63490697553.0,68027286491.0,oshanimi,mercyblackstarr
63269707322.0,68027286491.0,renike_77,mercyblackstarr
63465104603.0,68027286491.0,isaac_esosa,mercyblackstarr
63229244703.0,68027286491.0,pelumi__i,mercyblackstarr
63468129316.0,63432039613.0,davidoladoyinjnr,albrightenyioha
63376403941.0,63432039613.0,tikeh_a,albrightenyioha
63451894023.0,63432039613.0,ijoye_12,albrightenyioha
63419084744.0,63432039613.0,adedamolaajisafe,albrightenyioha
63490697553.0,63432039613.0,oshanimi,albrightenyioha
63269707322.0,63432039613.0,renike_77,albrightenyioha
63465104603.0,63432039613.0,isaac_esosa,albrightenyioha
63229244703.0,63432039613.0,pelumi__i,albrightenyioha
63468129316.0,69073676544.0,davidoladoyinjnr,smart_coded_
63376403941.0,69073676544.0,tikeh_a,smart_coded_
63451894023.0,69073676544.0,ijoye_12,smart_coded_
63419084744.0,69073676544.0,adedamolaajisafe,smart_coded_
63490697553.0,69073676544.0,oshanimi,smart_coded_
63269707322.0,69073676544.0,renike_77,smart_coded_
63465104603.0,69073676544.0,isaac_esosa,smart_coded_
63229244703.0,69073676544.0,pelumi__i,smart_coded_
63468129316.0,63468129316.0,davidoladoyinjnr,davidoladoyinjnr
63376403941.0,63468129316.0,tikeh_a,davidoladoyinjnr
63451894023.0,63468129316.0,ijoye_12,davidoladoyinjnr
63419084744.0,63468129316.0,adedamolaajisafe,davidoladoyinjnr
63490697553.0,63468129316.0,oshanimi,davidoladoyinjnr
63269707322.0,63468129316.0,renike_77,davidoladoyinjnr
63465104603.0,63468129316.0,isaac_esosa,davidoladoyinjnr
63229244703.0,63468129316.0,pelumi__i,davidoladoyinjnr
63468129316.0,63370663216.0,davidoladoyinjnr,thekintann
63376403941.0,63370663216.0,tikeh_a,thekintann
63451894023.0,63370663216.0,ijoye_12,thekintann
63419084744.0,63370663216.0,adedamolaajisafe,thekintann
63490697553.0,63370663216.0,oshanimi,thekintann
63269707322.0,63370663216.0,renike_77,thekintann
63465104603.0,63370663216.0,isaac_esosa,thekintann
63229244703.0,63370663216.0,pelumi__i,thekintann
63468129316.0,63208102865.0,davidoladoyinjnr,hibeebabs
63376403941.0,63208102865.0,tikeh_a,hibeebabs
63451894023.0,63208102865.0,ijoye_12,hibeebabs
63419084744.0,63208102865.0,adedamolaajisafe,hibeebabs
63490697553.0,63208102865.0,oshanimi,hibeebabs
63269707322.0,63208102865.0,renike_77,hibeebabs
63465104603.0,63208102865.0,isaac_esosa,hibeebabs
63229244703.0,63208102865.0,pelumi__i,hibeebabs
63468129316.0,63445752384.0,davidoladoyinjnr,tomiakinade
63376403941.0,63445752384.0,tikeh_a,tomiakinade
63451894023.0,63445752384.0,ijoye_12,tomiakinade
63419084744.0,63445752384.0,adedamolaajisafe,tomiakinade
63490697553.0,63445752384.0,oshanimi,tomiakinade
63269707322.0,63445752384.0,renike_77,tomiakinade
63465104603.0,63445752384.0,isaac_esosa,tomiakinade
63229244703.0,63445752384.0,pelumi__i,tomiakinade
63468129316.0,70271496759.0,davidoladoyinjnr,_h.a.r.m.o.n.y___
63376403941.0,70271496759.0,tikeh_a,_h.a.r.m.o.n.y___
63451894023.0,70271496759.0,ijoye_12,_h.a.r.m.o.n.y___
63419084744.0,70271496759.0,adedamolaajisafe,_h.a.r.m.o.n.y___
63490697553.0,70271496759.0,oshanimi,_h.a.r.m.o.n.y___
63269707322.0,70271496759.0,renike_77,_h.a.r.m.o.n.y___
63465104603.0,70271496759.0,isaac_esosa,_h.a.r.m.o.n.y___
63229244703.0,70271496759.0,pelumi__i,_h.a.r.m.o.n.y___
63099295254.0,63078031507.0,iamemeruwa,x.akintola
63468129316.0,63078031507.0,davidoladoyinjnr,x.akintola
63376403941.0,63078031507.0,tikeh_a,x.akintola
63451894023.0,63078031507.0,ijoye_12,x.akintola
63419084744.0,63078031507.0,adedamolaajisafe,x.akintola
63490697553.0,63078031507.0,oshanimi,x.akintola
63269707322.0,63078031507.0,renike_77,x.akintola
63465104603.0,63078031507.0,isaac_esosa,x.akintola
63229244703.0,63078031507.0,pelumi__i,x.akintola
63468129316.0,63419084744.0,davidoladoyinjnr,adedamolaajisafe
63376403941.0,63419084744.0,tikeh_a,adedamolaajisafe
63451894023.0,63419084744.0,ijoye_12,adedamolaajisafe
63419084744.0,63419084744.0,adedamolaajisafe,adedamolaajisafe
63490697553.0,63419084744.0,oshanimi,adedamolaajisafe
63269707322.0,63419084744.0,renike_77,adedamolaajisafe
63465104603.0,63419084744.0,isaac_esosa,adedamolaajisafe
63229244703.0,63419084744.0,pelumi__i,adedamolaajisafe
63468129316.0,68184377206.0,davidoladoyinjnr,felicia_jokodola
63376403941.0,68184377206.0,tikeh_a,felicia_jokodola
63451894023.0,68184377206.0,ijoye_12,felicia_jokodola
63419084744.0,68184377206.0,adedamolaajisafe,felicia_jokodola
63490697553.0,68184377206.0,oshanimi,felicia_jokodola
63269707322.0,68184377206.0,renike_77,felicia_jokodola
63465104603.0,68184377206.0,isaac_esosa,felicia_jokodola
63229244703.0,68184377206.0,pelumi__i,felicia_jokodola
63280651402.0,67515444465.0,sturdysturtevant,oh_shells
64227994196.0,67515444465.0,ashleyy277,oh_shells
67982817270.0,67515444465.0,affyayomikun,oh_shells
70429187510.0,67515444465.0,thejasminenichelle,oh_shells
70826384825.0,67515444465.0,anna_r_v.2,oh_shells
63468129316.0,67515444465.0,davidoladoyinjnr,oh_shells
63376403941.0,67515444465.0,tikeh_a,oh_shells
63451894023.0,67515444465.0,ijoye_12,oh_shells
63419084744.0,67515444465.0,adedamolaajisafe,oh_shells
63490697553.0,67515444465.0,oshanimi,oh_shells
63269707322.0,67515444465.0,renike_77,oh_shells
63465104603.0,67515444465.0,isaac_esosa,oh_shells
63229244703.0,67515444465.0,pelumi__i,oh_shells
63468129316.0,63467090251.0,davidoladoyinjnr,mayoorpsalmz
63376403941.0,63467090251.0,tikeh_a,mayoorpsalmz
63451894023.0,63467090251.0,ijoye_12,mayoorpsalmz
63419084744.0,63467090251.0,adedamolaajisafe,mayoorpsalmz
63490697553.0,63467090251.0,oshanimi,mayoorpsalmz
63269707322.0,63467090251.0,renike_77,mayoorpsalmz
63465104603.0,63467090251.0,isaac_esosa,mayoorpsalmz
63229244703.0,63467090251.0,pelumi__i,mayoorpsalmz
63468129316.0,63261922524.0,davidoladoyinjnr,oluwatoyin_olayinka
63376403941.0,63261922524.0,tikeh_a,oluwatoyin_olayinka
63451894023.0,63261922524.0,ijoye_12,oluwatoyin_olayinka
63419084744.0,63261922524.0,adedamolaajisafe,oluwatoyin_olayinka
63490697553.0,63261922524.0,oshanimi,oluwatoyin_olayinka
63269707322.0,63261922524.0,renike_77,oluwatoyin_olayinka
63465104603.0,63261922524.0,isaac_esosa,oluwatoyin_olayinka
63229244703.0,63261922524.0,pelumi__i,oluwatoyin_olayinka
63468129316.0,63097830472.0,davidoladoyinjnr,oyeboadetaiwo16
63376403941.0,63097830472.0,tikeh_a,oyeboadetaiwo16
63451894023.0,63097830472.0,ijoye_12,oyeboadetaiwo16
63419084744.0,63097830472.0,adedamolaajisafe,oyeboadetaiwo16
63490697553.0,63097830472.0,oshanimi,oyeboadetaiwo16
63269707322.0,63097830472.0,renike_77,oyeboadetaiwo16
63465104603.0,63097830472.0,isaac_esosa,oyeboadetaiwo16
63229244703.0,63097830472.0,pelumi__i,oyeboadetaiwo16
63468129316.0,63139654342.0,davidoladoyinjnr,timiadeoti
63376403941.0,63139654342.0,tikeh_a,timiadeoti
63451894023.0,63139654342.0,ijoye_12,timiadeoti
63419084744.0,63139654342.0,adedamolaajisafe,timiadeoti
63490697553.0,63139654342.0,oshanimi,timiadeoti
63269707322.0,63139654342.0,renike_77,timiadeoti
63465104603.0,63139654342.0,isaac_esosa,timiadeoti
63229244703.0,63139654342.0,pelumi__i,timiadeoti
63419084744.0,63052679015.0,adedamolaajisafe,estheranmi_
63269707322.0,63052679015.0,renike_77,estheranmi_
63499033435.0,63052679015.0,i.b.k_international,estheranmi_
63451894023.0,63052679015.0,ijoye_12,estheranmi_
63229244703.0,63052679015.0,pelumi__i,estheranmi_
63376403941.0,63052679015.0,tikeh_a,estheranmi_
68940920853.0,63052679015.0,femi_esuola,estheranmi_
63245867006.0,63052679015.0,tani_momorebe,estheranmi_
63426419413.0,63052679015.0,jacob_iyalekhue,estheranmi_
63468129316.0,63052679015.0,davidoladoyinjnr,estheranmi_
63490697553.0,63052679015.0,oshanimi,estheranmi_
63465104603.0,63052679015.0,isaac_esosa,estheranmi_
63410092419.0,63068813935.0,obaferanmii,arowolo_lola
63468129316.0,63068813935.0,davidoladoyinjnr,arowolo_lola
67892360966.0,63068813935.0,rhey_verified,arowolo_lola
63419084744.0,63068813935.0,adedamolaajisafe,arowolo_lola
63438623886.0,63068813935.0,barny_mado,arowolo_lola
63449625621.0,63068813935.0,_jesutosin,arowolo_lola
63457067677.0,63068813935.0,abioladeosun,arowolo_lola
63376403941.0,63068813935.0,tikeh_a,arowolo_lola
63451894023.0,63068813935.0,ijoye_12,arowolo_lola
63490697553.0,63068813935.0,oshanimi,arowolo_lola
63269707322.0,63068813935.0,renike_77,arowolo_lola
63465104603.0,63068813935.0,isaac_esosa,arowolo_lola
63229244703.0,63068813935.0,pelumi__i,arowolo_lola
63468129316.0,63384758057.0,davidoladoyinjnr,_izzy_boy__
63376403941.0,63384758057.0,tikeh_a,_izzy_boy__
63451894023.0,63384758057.0,ijoye_12,_izzy_boy__
63419084744.0,63384758057.0,adedamolaajisafe,_izzy_boy__
63490697553.0,63384758057.0,oshanimi,_izzy_boy__
63269707322.0,63384758057.0,renike_77,_izzy_boy__
63465104603.0,63384758057.0,isaac_esosa,_izzy_boy__
63229244703.0,63384758057.0,pelumi__i,_izzy_boy__
63468129316.0,63224732113.0,davidoladoyinjnr,thesolajaolawale
63376403941.0,63224732113.0,tikeh_a,thesolajaolawale
63451894023.0,63224732113.0,ijoye_12,thesolajaolawale
63419084744.0,63224732113.0,adedamolaajisafe,thesolajaolawale
63490697553.0,63224732113.0,oshanimi,thesolajaolawale
63269707322.0,63224732113.0,renike_77,thesolajaolawale
63465104603.0,63224732113.0,isaac_esosa,thesolajaolawale
63229244703.0,63224732113.0,pelumi__i,thesolajaolawale
63468129316.0,63465104603.0,davidoladoyinjnr,isaac_esosa
63376403941.0,63465104603.0,tikeh_a,isaac_esosa
63451894023.0,63465104603.0,ijoye_12,isaac_esosa
63419084744.0,63465104603.0,adedamolaajisafe,isaac_esosa
63490697553.0,63465104603.0,oshanimi,isaac_esosa
63269707322.0,63465104603.0,renike_77,isaac_esosa
63465104603.0,63465104603.0,isaac_esosa,isaac_esosa
63229244703.0,63465104603.0,pelumi__i,isaac_esosa
63468129316.0,63050708226.0,davidoladoyinjnr,mak_inwaa
63376403941.0,63050708226.0,tikeh_a,mak_inwaa
63451894023.0,63050708226.0,ijoye_12,mak_inwaa
63419084744.0,63050708226.0,adedamolaajisafe,mak_inwaa
63490697553.0,63050708226.0,oshanimi,mak_inwaa
63269707322.0,63050708226.0,renike_77,mak_inwaa
63465104603.0,63050708226.0,isaac_esosa,mak_inwaa
63229244703.0,63050708226.0,pelumi__i,mak_inwaa
63468129316.0,68757545599.0,davidoladoyinjnr,lukatphil
63376403941.0,68757545599.0,tikeh_a,lukatphil
63451894023.0,68757545599.0,ijoye_12,lukatphil
63419084744.0,68757545599.0,adedamolaajisafe,lukatphil
63490697553.0,68757545599.0,oshanimi,lukatphil
63269707322.0,68757545599.0,renike_77,lukatphil
63465104603.0,68757545599.0,isaac_esosa,lukatphil
63229244703.0,68757545599.0,pelumi__i,lukatphil
63468129316.0,63419322272.0,davidoladoyinjnr,kayugwuzor
63376403941.0,63419322272.0,tikeh_a,kayugwuzor
63451894023.0,63419322272.0,ijoye_12,kayugwuzor
63419084744.0,63419322272.0,adedamolaajisafe,kayugwuzor
63490697553.0,63419322272.0,oshanimi,kayugwuzor
63269707322.0,63419322272.0,renike_77,kayugwuzor
63465104603.0,63419322272.0,isaac_esosa,kayugwuzor
63229244703.0,63419322272.0,pelumi__i,kayugwuzor
63468129316.0,70057119970.0,davidoladoyinjnr,_mondeh
63376403941.0,70057119970.0,tikeh_a,_mondeh
63451894023.0,70057119970.0,ijoye_12,_mondeh
63419084744.0,70057119970.0,adedamolaajisafe,_mondeh
63490697553.0,70057119970.0,oshanimi,_mondeh
63269707322.0,70057119970.0,renike_77,_mondeh
63465104603.0,70057119970.0,isaac_esosa,_mondeh
63229244703.0,70057119970.0,pelumi__i,_mondeh
63457067677.0,63426670937.0,abioladeosun,damijenfa
63468129316.0,63426670937.0,davidoladoyinjnr,damijenfa
63451894023.0,63426670937.0,ijoye_12,damijenfa
63419084744.0,63426670937.0,adedamolaajisafe,damijenfa
63490697553.0,63426670937.0,oshanimi,damijenfa
63269707322.0,63426670937.0,renike_77,damijenfa
63465104603.0,63426670937.0,isaac_esosa,damijenfa
63229244703.0,63426670937.0,pelumi__i,damijenfa
63095622792.0,63426670937.0,kyroee,damijenfa
63468129316.0,67218451747.0,davidoladoyinjnr,manajae_
63376403941.0,67218451747.0,tikeh_a,manajae_
63451894023.0,67218451747.0,ijoye_12,manajae_
63419084744.0,67218451747.0,adedamolaajisafe,manajae_
63490697553.0,67218451747.0,oshanimi,manajae_
63269707322.0,67218451747.0,renike_77,manajae_
63465104603.0,67218451747.0,isaac_esosa,manajae_
63229244703.0,67218451747.0,pelumi__i,manajae_
63468129316.0,63245867006.0,davidoladoyinjnr,tani_momorebe
63376403941.0,63245867006.0,tikeh_a,tani_momorebe
63451894023.0,63245867006.0,ijoye_12,tani_momorebe
63419084744.0,63245867006.0,adedamolaajisafe,tani_momorebe
63490697553.0,63245867006.0,oshanimi,tani_momorebe
63269707322.0,63245867006.0,renike_77,tani_momorebe
63465104603.0,63245867006.0,isaac_esosa,tani_momorebe
63229244703.0,63245867006.0,pelumi__i,tani_momorebe
63468129316.0,70693293966.0,davidoladoyinjnr,pwetty_miss
63376403941.0,70693293966.0,tikeh_a,pwetty_miss
63451894023.0,70693293966.0,ijoye_12,pwetty_miss
63419084744.0,70693293966.0,adedamolaajisafe,pwetty_miss
63490697553.0,70693293966.0,oshanimi,pwetty_miss
63269707322.0,70693293966.0,renike_77,pwetty_miss
63465104603.0,70693293966.0,isaac_esosa,pwetty_miss
63229244703.0,70693293966.0,pelumi__i,pwetty_miss
63468129316.0,69235676284.0,davidoladoyinjnr,itz_ninii
63376403941.0,69235676284.0,tikeh_a,itz_ninii
63451894023.0,69235676284.0,ijoye_12,itz_ninii
63419084744.0,69235676284.0,adedamolaajisafe,itz_ninii
63490697553.0,69235676284.0,oshanimi,itz_ninii
63269707322.0,69235676284.0,renike_77,itz_ninii
63465104603.0,69235676284.0,isaac_esosa,itz_ninii
63229244703.0,69235676284.0,pelumi__i,itz_ninii
63468129316.0,64328723541.0,davidoladoyinjnr,felipe_reina_7991
63376403941.0,64328723541.0,tikeh_a,felipe_reina_7991
63451894023.0,64328723541.0,ijoye_12,felipe_reina_7991
63419084744.0,64328723541.0,adedamolaajisafe,felipe_reina_7991
63490697553.0,64328723541.0,oshanimi,felipe_reina_7991
63269707322.0,64328723541.0,renike_77,felipe_reina_7991
63465104603.0,64328723541.0,isaac_esosa,felipe_reina_7991
63229244703.0,64328723541.0,pelumi__i,felipe_reina_7991
63457067677.0,63449625621.0,abioladeosun,_jesutosin
63468129316.0,63449625621.0,davidoladoyinjnr,_jesutosin
63419084744.0,63449625621.0,adedamolaajisafe,_jesutosin
63490697553.0,63449625621.0,oshanimi,_jesutosin
63269707322.0,63449625621.0,renike_77,_jesutosin
63465104603.0,63449625621.0,isaac_esosa,_jesutosin
63069974069.0,63449625621.0,d.oluwajoju,_jesutosin
63468129316.0,63099295254.0,davidoladoyinjnr,iamemeruwa
63376403941.0,63099295254.0,tikeh_a,iamemeruwa
63451894023.0,63099295254.0,ijoye_12,iamemeruwa
63419084744.0,63099295254.0,adedamolaajisafe,iamemeruwa
63490697553.0,63099295254.0,oshanimi,iamemeruwa
63269707322.0,63099295254.0,renike_77,iamemeruwa
63465104603.0,63099295254.0,isaac_esosa,iamemeruwa
63229244703.0,63099295254.0,pelumi__i,iamemeruwa
63468129316.0,63302569925.0,davidoladoyinjnr,imoan_barbz
63376403941.0,63302569925.0,tikeh_a,imoan_barbz
63451894023.0,63302569925.0,ijoye_12,imoan_barbz
63419084744.0,63302569925.0,adedamolaajisafe,imoan_barbz
63490697553.0,63302569925.0,oshanimi,imoan_barbz
63269707322.0,63302569925.0,renike_77,imoan_barbz
63465104603.0,63302569925.0,isaac_esosa,imoan_barbz
63229244703.0,63302569925.0,pelumi__i,imoan_barbz
63468129316.0,63456650135.0,davidoladoyinjnr,faithadeoye_
63376403941.0,63456650135.0,tikeh_a,faithadeoye_
63451894023.0,63456650135.0,ijoye_12,faithadeoye_
63419084744.0,63456650135.0,adedamolaajisafe,faithadeoye_
63490697553.0,63456650135.0,oshanimi,faithadeoye_
63269707322.0,63456650135.0,renike_77,faithadeoye_
63465104603.0,63456650135.0,isaac_esosa,faithadeoye_
63229244703.0,63456650135.0,pelumi__i,faithadeoye_
63468129316.0,63245620254.0,davidoladoyinjnr,estyimuk
63376403941.0,63245620254.0,tikeh_a,estyimuk
63451894023.0,63245620254.0,ijoye_12,estyimuk
63419084744.0,63245620254.0,adedamolaajisafe,estyimuk
63490697553.0,63245620254.0,oshanimi,estyimuk
63269707322.0,63245620254.0,renike_77,estyimuk
63465104603.0,63245620254.0,isaac_esosa,estyimuk
63229244703.0,63245620254.0,pelumi__i,estyimuk
63468129316.0,63396180661.0,davidoladoyinjnr,_fiyinfoluwa.a_
63376403941.0,63396180661.0,tikeh_a,_fiyinfoluwa.a_
63451894023.0,63396180661.0,ijoye_12,_fiyinfoluwa.a_
63419084744.0,63396180661.0,adedamolaajisafe,_fiyinfoluwa.a_
63490697553.0,63396180661.0,oshanimi,_fiyinfoluwa.a_
63269707322.0,63396180661.0,renike_77,_fiyinfoluwa.a_
63465104603.0,63396180661.0,isaac_esosa,_fiyinfoluwa.a_
63229244703.0,63396180661.0,pelumi__i,_fiyinfoluwa.a_
63468129316.0,63501113403.0,davidoladoyinjnr,lizzyakadi
63376403941.0,63501113403.0,tikeh_a,lizzyakadi
63451894023.0,63501113403.0,ijoye_12,lizzyakadi
63419084744.0,63501113403.0,adedamolaajisafe,lizzyakadi
63490697553.0,63501113403.0,oshanimi,lizzyakadi
63269707322.0,63501113403.0,renike_77,lizzyakadi
63465104603.0,63501113403.0,isaac_esosa,lizzyakadi
63229244703.0,63501113403.0,pelumi__i,lizzyakadi
63468129316.0,63434705790.0,davidoladoyinjnr,just4ease
63376403941.0,63434705790.0,tikeh_a,just4ease
63451894023.0,63434705790.0,ijoye_12,just4ease
63419084744.0,63434705790.0,adedamolaajisafe,just4ease
63490697553.0,63434705790.0,oshanimi,just4ease
63269707322.0,63434705790.0,renike_77,just4ease
63465104603.0,63434705790.0,isaac_esosa,just4ease
63229244703.0,63434705790.0,pelumi__i,just4ease
63468129316.0,63063133468.0,davidoladoyinjnr,o_oreoluwaa
63376403941.0,63063133468.0,tikeh_a,o_oreoluwaa
63451894023.0,63063133468.0,ijoye_12,o_oreoluwaa
63419084744.0,63063133468.0,adedamolaajisafe,o_oreoluwaa
63490697553.0,63063133468.0,oshanimi,o_oreoluwaa
63269707322.0,63063133468.0,renike_77,o_oreoluwaa
63465104603.0,63063133468.0,isaac_esosa,o_oreoluwaa
63229244703.0,63063133468.0,pelumi__i,o_oreoluwaa
63468129316.0,63128260876.0,davidoladoyinjnr,samsonogunrinde_
63376403941.0,63128260876.0,tikeh_a,samsonogunrinde_
63451894023.0,63128260876.0,ijoye_12,samsonogunrinde_
63419084744.0,63128260876.0,adedamolaajisafe,samsonogunrinde_
63490697553.0,63128260876.0,oshanimi,samsonogunrinde_
63269707322.0,63128260876.0,renike_77,samsonogunrinde_
63465104603.0,63128260876.0,isaac_esosa,samsonogunrinde_
63229244703.0,63128260876.0,pelumi__i,samsonogunrinde_
63468129316.0,69647189400.0,davidoladoyinjnr,miss_teelz
63376403941.0,69647189400.0,tikeh_a,miss_teelz
63451894023.0,69647189400.0,ijoye_12,miss_teelz
63419084744.0,69647189400.0,adedamolaajisafe,miss_teelz
63490697553.0,69647189400.0,oshanimi,miss_teelz
63269707322.0,69647189400.0,renike_77,miss_teelz
63465104603.0,69647189400.0,isaac_esosa,miss_teelz
63229244703.0,69647189400.0,pelumi__i,miss_teelz
63468129316.0,63466091611.0,davidoladoyinjnr,zionahh_cc
63376403941.0,63466091611.0,tikeh_a,zionahh_cc
63451894023.0,63466091611.0,ijoye_12,zionahh_cc
63419084744.0,63466091611.0,adedamolaajisafe,zionahh_cc
63490697553.0,63466091611.0,oshanimi,zionahh_cc
63269707322.0,63466091611.0,renike_77,zionahh_cc
63465104603.0,63466091611.0,isaac_esosa,zionahh_cc
63229244703.0,63466091611.0,pelumi__i,zionahh_cc
63468129316.0,63069974069.0,davidoladoyinjnr,d.oluwajoju
63376403941.0,63069974069.0,tikeh_a,d.oluwajoju
63451894023.0,63069974069.0,ijoye_12,d.oluwajoju
63419084744.0,63069974069.0,adedamolaajisafe,d.oluwajoju
63490697553.0,63069974069.0,oshanimi,d.oluwajoju
63269707322.0,63069974069.0,renike_77,d.oluwajoju
63465104603.0,63069974069.0,isaac_esosa,d.oluwajoju
63229244703.0,63069974069.0,pelumi__i,d.oluwajoju
63229244703.0,63237706782.0,pelumi__i,adeyemidamilola_
63468129316.0,63237706782.0,davidoladoyinjnr,adeyemidamilola_
63376403941.0,63237706782.0,tikeh_a,adeyemidamilola_
63419084744.0,63237706782.0,adedamolaajisafe,adeyemidamilola_
63490697553.0,63237706782.0,oshanimi,adeyemidamilola_
63269707322.0,63237706782.0,renike_77,adeyemidamilola_
63465104603.0,63237706782.0,isaac_esosa,adeyemidamilola_
63468129316.0,63252648123.0,davidoladoyinjnr,goodness_et_mercy
63376403941.0,63252648123.0,tikeh_a,goodness_et_mercy
63451894023.0,63252648123.0,ijoye_12,goodness_et_mercy
63419084744.0,63252648123.0,adedamolaajisafe,goodness_et_mercy
63490697553.0,63252648123.0,oshanimi,goodness_et_mercy
63269707322.0,63252648123.0,renike_77,goodness_et_mercy
63465104603.0,63252648123.0,isaac_esosa,goodness_et_mercy
63229244703.0,63252648123.0,pelumi__i,goodness_et_mercy
63468129316.0,63452940559.0,davidoladoyinjnr,fin.codes
63376403941.0,63452940559.0,tikeh_a,fin.codes
63451894023.0,63452940559.0,ijoye_12,fin.codes
63419084744.0,63452940559.0,adedamolaajisafe,fin.codes
63490697553.0,63452940559.0,oshanimi,fin.codes
63269707322.0,63452940559.0,renike_77,fin.codes
63465104603.0,63452940559.0,isaac_esosa,fin.codes
63229244703.0,63452940559.0,pelumi__i,fin.codes
63468129316.0,63501488721.0,davidoladoyinjnr,louisngatale
63376403941.0,63501488721.0,tikeh_a,louisngatale
63451894023.0,63501488721.0,ijoye_12,louisngatale
63419084744.0,63501488721.0,adedamolaajisafe,louisngatale
63490697553.0,63501488721.0,oshanimi,louisngatale
63269707322.0,63501488721.0,renike_77,louisngatale
63465104603.0,63501488721.0,isaac_esosa,louisngatale
63229244703.0,63501488721.0,pelumi__i,louisngatale
68184377206.0,63458517291.0,felicia_jokodola,omojay_
63468129316.0,63458517291.0,davidoladoyinjnr,omojay_
63376403941.0,63458517291.0,tikeh_a,omojay_
63451894023.0,63458517291.0,ijoye_12,omojay_
63490697553.0,63458517291.0,oshanimi,omojay_
63465104603.0,63458517291.0,isaac_esosa,omojay_
63229244703.0,63458517291.0,pelumi__i,omojay_
63468129316.0,67452513620.0,davidoladoyinjnr,wayofjuan_
63376403941.0,67452513620.0,tikeh_a,wayofjuan_
63451894023.0,67452513620.0,ijoye_12,wayofjuan_
63419084744.0,67452513620.0,adedamolaajisafe,wayofjuan_
63490697553.0,67452513620.0,oshanimi,wayofjuan_
63269707322.0,67452513620.0,renike_77,wayofjuan_
63465104603.0,67452513620.0,isaac_esosa,wayofjuan_
63229244703.0,67452513620.0,pelumi__i,wayofjuan_
63468129316.0,63097791006.0,davidoladoyinjnr,letterstomelly
63376403941.0,63097791006.0,tikeh_a,letterstomelly
63451894023.0,63097791006.0,ijoye_12,letterstomelly
63419084744.0,63097791006.0,adedamolaajisafe,letterstomelly
63490697553.0,63097791006.0,oshanimi,letterstomelly
63269707322.0,63097791006.0,renike_77,letterstomelly
63465104603.0,63097791006.0,isaac_esosa,letterstomelly
63229244703.0,63097791006.0,pelumi__i,letterstomelly
63468129316.0,63248745746.0,davidoladoyinjnr,dansteveade
63376403941.0,63248745746.0,tikeh_a,dansteveade
63451894023.0,63248745746.0,ijoye_12,dansteveade
63419084744.0,63248745746.0,adedamolaajisafe,dansteveade
63490697553.0,63248745746.0,oshanimi,dansteveade
63269707322.0,63248745746.0,renike_77,dansteveade
63465104603.0,63248745746.0,isaac_esosa,dansteveade
63229244703.0,63248745746.0,pelumi__i,dansteveade
68184377206.0,63407889863.0,felicia_jokodola,the_darasimi_ajii
63499033435.0,63407889863.0,i.b.k_international,the_darasimi_ajii
63468129316.0,63407889863.0,davidoladoyinjnr,the_darasimi_ajii
63376403941.0,63407889863.0,tikeh_a,the_darasimi_ajii
63451894023.0,63407889863.0,ijoye_12,the_darasimi_ajii
63490697553.0,63407889863.0,oshanimi,the_darasimi_ajii
63269707322.0,63407889863.0,renike_77,the_darasimi_ajii
63465104603.0,63407889863.0,isaac_esosa,the_darasimi_ajii
63229244703.0,63407889863.0,pelumi__i,the_darasimi_ajii
63468129316.0,70506914416.0,davidoladoyinjnr,folorunso_xx
63376403941.0,70506914416.0,tikeh_a,folorunso_xx
63451894023.0,70506914416.0,ijoye_12,folorunso_xx
63419084744.0,70506914416.0,adedamolaajisafe,folorunso_xx
63490697553.0,70506914416.0,oshanimi,folorunso_xx
63269707322.0,70506914416.0,renike_77,folorunso_xx
63465104603.0,70506914416.0,isaac_esosa,folorunso_xx
63229244703.0,70506914416.0,pelumi__i,folorunso_xx
63468129316.0,63275332492.0,davidoladoyinjnr,vivian_oyebade
63376403941.0,63275332492.0,tikeh_a,vivian_oyebade
63451894023.0,63275332492.0,ijoye_12,vivian_oyebade
63419084744.0,63275332492.0,adedamolaajisafe,vivian_oyebade
63490697553.0,63275332492.0,oshanimi,vivian_oyebade
63269707322.0,63275332492.0,renike_77,vivian_oyebade
63465104603.0,63275332492.0,isaac_esosa,vivian_oyebade
63229244703.0,63275332492.0,pelumi__i,vivian_oyebade
63468129316.0,63410092419.0,davidoladoyinjnr,obaferanmii
63376403941.0,63410092419.0,tikeh_a,obaferanmii
63451894023.0,63410092419.0,ijoye_12,obaferanmii
63419084744.0,63410092419.0,adedamolaajisafe,obaferanmii
63490697553.0,63410092419.0,oshanimi,obaferanmii
63269707322.0,63410092419.0,renike_77,obaferanmii
63465104603.0,63410092419.0,isaac_esosa,obaferanmii
63229244703.0,63410092419.0,pelumi__i,obaferanmii
63269707322.0,63475956212.0,renike_77,themobolaji
63468129316.0,63475956212.0,davidoladoyinjnr,themobolaji
63376403941.0,63475956212.0,tikeh_a,themobolaji
63419084744.0,63475956212.0,adedamolaajisafe,themobolaji
63490697553.0,63475956212.0,oshanimi,themobolaji
63465104603.0,63475956212.0,isaac_esosa,themobolaji
63229244703.0,63475956212.0,pelumi__i,themobolaji
63468129316.0,63061636525.0,davidoladoyinjnr,glow_rified_
63376403941.0,63061636525.0,tikeh_a,glow_rified_
63451894023.0,63061636525.0,ijoye_12,glow_rified_
63419084744.0,63061636525.0,adedamolaajisafe,glow_rified_
63490697553.0,63061636525.0,oshanimi,glow_rified_
63269707322.0,63061636525.0,renike_77,glow_rified_
63465104603.0,63061636525.0,isaac_esosa,glow_rified_
63229244703.0,63061636525.0,pelumi__i,glow_rified_
68184377206.0,63094845522.0,felicia_jokodola,jesufemi.ojo
63499033435.0,63094845522.0,i.b.k_international,jesufemi.ojo
63426419413.0,63094845522.0,jacob_iyalekhue,jesufemi.ojo
63468129316.0,63094845522.0,davidoladoyinjnr,jesufemi.ojo
63376403941.0,63094845522.0,tikeh_a,jesufemi.ojo
63451894023.0,63094845522.0,ijoye_12,jesufemi.ojo
63490697553.0,63094845522.0,oshanimi,jesufemi.ojo
63269707322.0,63094845522.0,renike_77,jesufemi.ojo
63465104603.0,63094845522.0,isaac_esosa,jesufemi.ojo
63229244703.0,63094845522.0,pelumi__i,jesufemi.ojo
63468129316.0,63286617381.0,davidoladoyinjnr,preciousdeveloper
63376403941.0,63286617381.0,tikeh_a,preciousdeveloper
63451894023.0,63286617381.0,ijoye_12,preciousdeveloper
63419084744.0,63286617381.0,adedamolaajisafe,preciousdeveloper
63490697553.0,63286617381.0,oshanimi,preciousdeveloper
63269707322.0,63286617381.0,renike_77,preciousdeveloper
63465104603.0,63286617381.0,isaac_esosa,preciousdeveloper
63229244703.0,63286617381.0,pelumi__i,preciousdeveloper
63419084744.0,63670416109.0,adedamolaajisafe,ife.smart
63468129316.0,63670416109.0,davidoladoyinjnr,ife.smart
63376403941.0,63670416109.0,tikeh_a,ife.smart
63451894023.0,63670416109.0,ijoye_12,ife.smart
63490697553.0,63670416109.0,oshanimi,ife.smart
63465104603.0,63670416109.0,isaac_esosa,ife.smart
63229244703.0,63670416109.0,pelumi__i,ife.smart
63468129316.0,68891751326.0,davidoladoyinjnr,lostboy0427
63376403941.0,68891751326.0,tikeh_a,lostboy0427
63451894023.0,68891751326.0,ijoye_12,lostboy0427
63419084744.0,68891751326.0,adedamolaajisafe,lostboy0427
63490697553.0,68891751326.0,oshanimi,lostboy0427
63269707322.0,68891751326.0,renike_77,lostboy0427
63465104603.0,68891751326.0,isaac_esosa,lostboy0427
63229244703.0,68891751326.0,pelumi__i,lostboy0427
63468129316.0,63280814411.0,davidoladoyinjnr,winner.oa
63376403941.0,63280814411.0,tikeh_a,winner.oa
63451894023.0,63280814411.0,ijoye_12,winner.oa
63419084744.0,63280814411.0,adedamolaajisafe,winner.oa
63490697553.0,63280814411.0,oshanimi,winner.oa
63269707322.0,63280814411.0,renike_77,winner.oa
63465104603.0,63280814411.0,isaac_esosa,winner.oa
63229244703.0,63280814411.0,pelumi__i,winner.oa
63451894023.0,63073981124.0,ijoye_12,sam_o_b_a
63376403941.0,63073981124.0,tikeh_a,sam_o_b_a
63229244703.0,63073981124.0,pelumi__i,sam_o_b_a
63468129316.0,63073981124.0,davidoladoyinjnr,sam_o_b_a
63419084744.0,63073981124.0,adedamolaajisafe,sam_o_b_a
63490697553.0,63073981124.0,oshanimi,sam_o_b_a
63269707322.0,63073981124.0,renike_77,sam_o_b_a
63465104603.0,63073981124.0,isaac_esosa,sam_o_b_a
63468129316.0,63427812058.0,davidoladoyinjnr,iam_ajibs
63376403941.0,63427812058.0,tikeh_a,iam_ajibs
63451894023.0,63427812058.0,ijoye_12,iam_ajibs
63419084744.0,63427812058.0,adedamolaajisafe,iam_ajibs
63490697553.0,63427812058.0,oshanimi,iam_ajibs
63269707322.0,63427812058.0,renike_77,iam_ajibs
63465104603.0,63427812058.0,isaac_esosa,iam_ajibs
63229244703.0,63427812058.0,pelumi__i,iam_ajibs
63216479795.0,63216479795.0,oluwfemiii,oluwfemiii
63309153716.0,63216479795.0,solo_jnr_,oluwfemiii
63468129316.0,63216479795.0,davidoladoyinjnr,oluwfemiii
63376403941.0,63216479795.0,tikeh_a,oluwfemiii
63451894023.0,63216479795.0,ijoye_12,oluwfemiii
63419084744.0,63216479795.0,adedamolaajisafe,oluwfemiii
63490697553.0,63216479795.0,oshanimi,oluwfemiii
63269707322.0,63216479795.0,renike_77,oluwfemiii
63465104603.0,63216479795.0,isaac_esosa,oluwfemiii
63229244703.0,63216479795.0,pelumi__i,oluwfemiii
63468129316.0,63242646360.0,davidoladoyinjnr,ottreasure
63376403941.0,63242646360.0,tikeh_a,ottreasure
63451894023.0,63242646360.0,ijoye_12,ottreasure
63419084744.0,63242646360.0,adedamolaajisafe,ottreasure
63490697553.0,63242646360.0,oshanimi,ottreasure
63269707322.0,63242646360.0,renike_77,ottreasure
63465104603.0,63242646360.0,isaac_esosa,ottreasure
63229244703.0,63242646360.0,pelumi__i,ottreasure
63468129316.0,63445161605.0,davidoladoyinjnr,mayomi_tee
63376403941.0,63445161605.0,tikeh_a,mayomi_tee
63451894023.0,63445161605.0,ijoye_12,mayomi_tee
63419084744.0,63445161605.0,adedamolaajisafe,mayomi_tee
63490697553.0,63445161605.0,oshanimi,mayomi_tee
63269707322.0,63445161605.0,renike_77,mayomi_tee
63465104603.0,63445161605.0,isaac_esosa,mayomi_tee
63229244703.0,63445161605.0,pelumi__i,mayomi_tee
63468129316.0,63041694572.0,davidoladoyinjnr,mbetobongjohn
63376403941.0,63041694572.0,tikeh_a,mbetobongjohn
63451894023.0,63041694572.0,ijoye_12,mbetobongjohn
63419084744.0,63041694572.0,adedamolaajisafe,mbetobongjohn
63490697553.0,63041694572.0,oshanimi,mbetobongjohn
63269707322.0,63041694572.0,renike_77,mbetobongjohn
63465104603.0,63041694572.0,isaac_esosa,mbetobongjohn
63229244703.0,63041694572.0,pelumi__i,mbetobongjohn
63400205749.0,63041694572.0,gilbert_amatta,mbetobongjohn
63468129316.0,63132405917.0,davidoladoyinjnr,folah_re
63376403941.0,63132405917.0,tikeh_a,folah_re
63451894023.0,63132405917.0,ijoye_12,folah_re
63419084744.0,63132405917.0,adedamolaajisafe,folah_re
63490697553.0,63132405917.0,oshanimi,folah_re
63269707322.0,63132405917.0,renike_77,folah_re
63465104603.0,63132405917.0,isaac_esosa,folah_re
63229244703.0,63132405917.0,pelumi__i,folah_re
63468129316.0,63098729171.0,davidoladoyinjnr,aniebietoluwa
63376403941.0,63098729171.0,tikeh_a,aniebietoluwa
63451894023.0,63098729171.0,ijoye_12,aniebietoluwa
63419084744.0,63098729171.0,adedamolaajisafe,aniebietoluwa
63490697553.0,63098729171.0,oshanimi,aniebietoluwa
63269707322.0,63098729171.0,renike_77,aniebietoluwa
63465104603.0,63098729171.0,isaac_esosa,aniebietoluwa
63229244703.0,63098729171.0,pelumi__i,aniebietoluwa
63468129316.0,63099450580.0,davidoladoyinjnr,amd_monkele
63376403941.0,63099450580.0,tikeh_a,amd_monkele
63451894023.0,63099450580.0,ijoye_12,amd_monkele
63419084744.0,63099450580.0,adedamolaajisafe,amd_monkele
63490697553.0,63099450580.0,oshanimi,amd_monkele
63269707322.0,63099450580.0,renike_77,amd_monkele
63465104603.0,63099450580.0,isaac_esosa,amd_monkele
63229244703.0,63099450580.0,pelumi__i,amd_monkele
63468129316.0,63456123473.0,davidoladoyinjnr,stuternhq
63376403941.0,63456123473.0,tikeh_a,stuternhq
63451894023.0,63456123473.0,ijoye_12,stuternhq
63419084744.0,63456123473.0,adedamolaajisafe,stuternhq
63490697553.0,63456123473.0,oshanimi,stuternhq
63269707322.0,63456123473.0,renike_77,stuternhq
63465104603.0,63456123473.0,isaac_esosa,stuternhq
63229244703.0,63456123473.0,pelumi__i,stuternhq
63466091611.0,63042269186.0,zionahh_cc,anthropos_du_theo
63042269186.0,63042269186.0,anthropos_du_theo,anthropos_du_theo
63376403941.0,63042269186.0,tikeh_a,anthropos_du_theo
68184377206.0,63042269186.0,felicia_jokodola,anthropos_du_theo
63499033435.0,63042269186.0,i.b.k_international,anthropos_du_theo
63451894023.0,63042269186.0,ijoye_12,anthropos_du_theo
63229244703.0,63042269186.0,pelumi__i,anthropos_du_theo
63245867006.0,63042269186.0,tani_momorebe,anthropos_du_theo
63426419413.0,63042269186.0,jacob_iyalekhue,anthropos_du_theo
63490697553.0,63042269186.0,oshanimi,anthropos_du_theo
63269707322.0,63042269186.0,renike_77,anthropos_du_theo
63465104603.0,63042269186.0,isaac_esosa,anthropos_du_theo
63245867006.0,69609903410.0,tani_momorebe,focusgreene
63426419413.0,69609903410.0,jacob_iyalekhue,focusgreene
63468129316.0,69609903410.0,davidoladoyinjnr,focusgreene
63376403941.0,69609903410.0,tikeh_a,focusgreene
63451894023.0,69609903410.0,ijoye_12,focusgreene
63419084744.0,69609903410.0,adedamolaajisafe,focusgreene
63490697553.0,69609903410.0,oshanimi,focusgreene
63269707322.0,69609903410.0,renike_77,focusgreene
63465104603.0,69609903410.0,isaac_esosa,focusgreene
63229244703.0,69609903410.0,pelumi__i,focusgreene
63468129316.0,63220876201.0,davidoladoyinjnr,morenikejiii25
63376403941.0,63220876201.0,tikeh_a,morenikejiii25
63451894023.0,63220876201.0,ijoye_12,morenikejiii25
63419084744.0,63220876201.0,adedamolaajisafe,morenikejiii25
63490697553.0,63220876201.0,oshanimi,morenikejiii25
63269707322.0,63220876201.0,renike_77,morenikejiii25
63465104603.0,63220876201.0,isaac_esosa,morenikejiii25
63229244703.0,63220876201.0,pelumi__i,morenikejiii25
63468129316.0,63244884839.0,davidoladoyinjnr,iam_alhison
63376403941.0,63244884839.0,tikeh_a,iam_alhison
63451894023.0,63244884839.0,ijoye_12,iam_alhison
63419084744.0,63244884839.0,adedamolaajisafe,iam_alhison
63490697553.0,63244884839.0,oshanimi,iam_alhison
63269707322.0,63244884839.0,renike_77,iam_alhison
63465104603.0,63244884839.0,isaac_esosa,iam_alhison
63229244703.0,63244884839.0,pelumi__i,iam_alhison
63468129316.0,67453072442.0,davidoladoyinjnr,npnpsp
63376403941.0,67453072442.0,tikeh_a,npnpsp
63451894023.0,67453072442.0,ijoye_12,npnpsp
63419084744.0,67453072442.0,adedamolaajisafe,npnpsp
63490697553.0,67453072442.0,oshanimi,npnpsp
63269707322.0,67453072442.0,renike_77,npnpsp
63465104603.0,67453072442.0,isaac_esosa,npnpsp
63229244703.0,67453072442.0,pelumi__i,npnpsp
63245867006.0,63376403941.0,tani_momorebe,tikeh_a
63426419413.0,63376403941.0,jacob_iyalekhue,tikeh_a
63468129316.0,63376403941.0,davidoladoyinjnr,tikeh_a
63376403941.0,63376403941.0,tikeh_a,tikeh_a
63451894023.0,63376403941.0,ijoye_12,tikeh_a
63419084744.0,63376403941.0,adedamolaajisafe,tikeh_a
63490697553.0,63376403941.0,oshanimi,tikeh_a
63269707322.0,63376403941.0,renike_77,tikeh_a
63465104603.0,63376403941.0,isaac_esosa,tikeh_a
63229244703.0,63376403941.0,pelumi__i,tikeh_a
63468129316.0,63373406999.0,davidoladoyinjnr,tobi_tas
63376403941.0,63373406999.0,tikeh_a,tobi_tas
63451894023.0,63373406999.0,ijoye_12,tobi_tas
63419084744.0,63373406999.0,adedamolaajisafe,tobi_tas
63490697553.0,63373406999.0,oshanimi,tobi_tas
63269707322.0,63373406999.0,renike_77,tobi_tas
63465104603.0,63373406999.0,isaac_esosa,tobi_tas
63229244703.0,63373406999.0,pelumi__i,tobi_tas
63468129316.0,71454521257.0,davidoladoyinjnr,johnny_debrah
63376403941.0,71454521257.0,tikeh_a,johnny_debrah
63451894023.0,71454521257.0,ijoye_12,johnny_debrah
63419084744.0,71454521257.0,adedamolaajisafe,johnny_debrah
63490697553.0,71454521257.0,oshanimi,johnny_debrah
63269707322.0,71454521257.0,renike_77,johnny_debrah
63465104603.0,71454521257.0,isaac_esosa,johnny_debrah
63229244703.0,71454521257.0,pelumi__i,johnny_debrah
63468129316.0,63309153716.0,davidoladoyinjnr,solo_jnr_
63376403941.0,63309153716.0,tikeh_a,solo_jnr_
63451894023.0,63309153716.0,ijoye_12,solo_jnr_
63419084744.0,63309153716.0,adedamolaajisafe,solo_jnr_
63490697553.0,63309153716.0,oshanimi,solo_jnr_
63269707322.0,63309153716.0,renike_77,solo_jnr_
63465104603.0,63309153716.0,isaac_esosa,solo_jnr_
63229244703.0,63309153716.0,pelumi__i,solo_jnr_
63042269186.0,63309153716.0,anthropos_du_theo,solo_jnr_
63468129316.0,63473224807.0,davidoladoyinjnr,zitudiary
63376403941.0,63473224807.0,tikeh_a,zitudiary
63451894023.0,63473224807.0,ijoye_12,zitudiary
63419084744.0,63473224807.0,adedamolaajisafe,zitudiary
63490697553.0,63473224807.0,oshanimi,zitudiary
63269707322.0,63473224807.0,renike_77,zitudiary
63465104603.0,63473224807.0,isaac_esosa,zitudiary
63229244703.0,63473224807.0,pelumi__i,zitudiary
63468129316.0,63138845467.0,davidoladoyinjnr,chibugolynda
63376403941.0,63138845467.0,tikeh_a,chibugolynda
63451894023.0,63138845467.0,ijoye_12,chibugolynda
63419084744.0,63138845467.0,adedamolaajisafe,chibugolynda
63490697553.0,63138845467.0,oshanimi,chibugolynda
63269707322.0,63138845467.0,renike_77,chibugolynda
63465104603.0,63138845467.0,isaac_esosa,chibugolynda
63229244703.0,63138845467.0,pelumi__i,chibugolynda
63468129316.0,63451894023.0,davidoladoyinjnr,ijoye_12
63376403941.0,63451894023.0,tikeh_a,ijoye_12
63451894023.0,63451894023.0,ijoye_12,ijoye_12
63419084744.0,63451894023.0,adedamolaajisafe,ijoye_12
63490697553.0,63451894023.0,oshanimi,ijoye_12
63269707322.0,63451894023.0,renike_77,ijoye_12
63465104603.0,63451894023.0,isaac_esosa,ijoye_12
63229244703.0,63451894023.0,pelumi__i,ijoye_12
63468129316.0,63386772500.0,davidoladoyinjnr,moabiodun
63376403941.0,63386772500.0,tikeh_a,moabiodun
63451894023.0,63386772500.0,ijoye_12,moabiodun
63419084744.0,63386772500.0,adedamolaajisafe,moabiodun
63490697553.0,63386772500.0,oshanimi,moabiodun
63269707322.0,63386772500.0,renike_77,moabiodun
63465104603.0,63386772500.0,isaac_esosa,moabiodun
63229244703.0,63386772500.0,pelumi__i,moabiodun
63468129316.0,63289250713.0,davidoladoyinjnr,sir_narsh10
63376403941.0,63289250713.0,tikeh_a,sir_narsh10
63451894023.0,63289250713.0,ijoye_12,sir_narsh10
63419084744.0,63289250713.0,adedamolaajisafe,sir_narsh10
63490697553.0,63289250713.0,oshanimi,sir_narsh10
63269707322.0,63289250713.0,renike_77,sir_narsh10
63465104603.0,63289250713.0,isaac_esosa,sir_narsh10
63229244703.0,63289250713.0,pelumi__i,sir_narsh10
63468129316.0,63206927704.0,davidoladoyinjnr,anita_graced
63376403941.0,63206927704.0,tikeh_a,anita_graced
63451894023.0,63206927704.0,ijoye_12,anita_graced
63419084744.0,63206927704.0,adedamolaajisafe,anita_graced
63490697553.0,63206927704.0,oshanimi,anita_graced
63269707322.0,63206927704.0,renike_77,anita_graced
63465104603.0,63206927704.0,isaac_esosa,anita_graced
63229244703.0,63206927704.0,pelumi__i,anita_graced
63042269186.0,63206927704.0,anthropos_du_theo,anita_graced
63468129316.0,62859951938.0,davidoladoyinjnr,godspraise40
63376403941.0,62859951938.0,tikeh_a,godspraise40
63451894023.0,62859951938.0,ijoye_12,godspraise40
63419084744.0,62859951938.0,adedamolaajisafe,godspraise40
63490697553.0,62859951938.0,oshanimi,godspraise40
63269707322.0,62859951938.0,renike_77,godspraise40
63465104603.0,62859951938.0,isaac_esosa,godspraise40
63229244703.0,62859951938.0,pelumi__i,godspraise40
63468129316.0,63137194141.0,davidoladoyinjnr,olaniyiphilip_p.praise
63376403941.0,63137194141.0,tikeh_a,olaniyiphilip_p.praise
63451894023.0,63137194141.0,ijoye_12,olaniyiphilip_p.praise
63419084744.0,63137194141.0,adedamolaajisafe,olaniyiphilip_p.praise
63490697553.0,63137194141.0,oshanimi,olaniyiphilip_p.praise
63269707322.0,63137194141.0,renike_77,olaniyiphilip_p.praise
63465104603.0,63137194141.0,isaac_esosa,olaniyiphilip_p.praise
63229244703.0,63137194141.0,pelumi__i,olaniyiphilip_p.praise
63410092419.0,67892360966.0,obaferanmii,rhey_verified
63468129316.0,67892360966.0,davidoladoyinjnr,rhey_verified
67892360966.0,67892360966.0,rhey_verified,rhey_verified
63419084744.0,67892360966.0,adedamolaajisafe,rhey_verified
63438623886.0,67892360966.0,barny_mado,rhey_verified
63449625621.0,67892360966.0,_jesutosin,rhey_verified
63457067677.0,67892360966.0,abioladeosun,rhey_verified
63451894023.0,67892360966.0,ijoye_12,rhey_verified
63490697553.0,67892360966.0,oshanimi,rhey_verified
63269707322.0,67892360966.0,renike_77,rhey_verified
63465104603.0,67892360966.0,isaac_esosa,rhey_verified
63229244703.0,67892360966.0,pelumi__i,rhey_verified
63468129316.0,65682737974.0,davidoladoyinjnr,iam_alams
63376403941.0,65682737974.0,tikeh_a,iam_alams
63451894023.0,65682737974.0,ijoye_12,iam_alams
63419084744.0,65682737974.0,adedamolaajisafe,iam_alams
63490697553.0,65682737974.0,oshanimi,iam_alams
63269707322.0,65682737974.0,renike_77,iam_alams
63465104603.0,65682737974.0,isaac_esosa,iam_alams
63229244703.0,65682737974.0,pelumi__i,iam_alams
63468129316.0,67165099073.0,davidoladoyinjnr,israelayoolaa
63376403941.0,67165099073.0,tikeh_a,israelayoolaa
63451894023.0,67165099073.0,ijoye_12,israelayoolaa
63419084744.0,67165099073.0,adedamolaajisafe,israelayoolaa
63490697553.0,67165099073.0,oshanimi,israelayoolaa
63269707322.0,67165099073.0,renike_77,israelayoolaa
63465104603.0,67165099073.0,isaac_esosa,israelayoolaa
63229244703.0,67165099073.0,pelumi__i,israelayoolaa
63468129316.0,63059035411.0,davidoladoyinjnr,bebby_umoden
63376403941.0,63059035411.0,tikeh_a,bebby_umoden
63451894023.0,63059035411.0,ijoye_12,bebby_umoden
63419084744.0,63059035411.0,adedamolaajisafe,bebby_umoden
63490697553.0,63059035411.0,oshanimi,bebby_umoden
63269707322.0,63059035411.0,renike_77,bebby_umoden
63465104603.0,63059035411.0,isaac_esosa,bebby_umoden
63229244703.0,63059035411.0,pelumi__i,bebby_umoden
63468129316.0,71699191009.0,davidoladoyinjnr,douceline_laglorieuse
63376403941.0,71699191009.0,tikeh_a,douceline_laglorieuse
63451894023.0,71699191009.0,ijoye_12,douceline_laglorieuse
63419084744.0,71699191009.0,adedamolaajisafe,douceline_laglorieuse
63490697553.0,71699191009.0,oshanimi,douceline_laglorieuse
63269707322.0,71699191009.0,renike_77,douceline_laglorieuse
63465104603.0,71699191009.0,isaac_esosa,douceline_laglorieuse
63229244703.0,71699191009.0,pelumi__i,douceline_laglorieuse
63468129316.0,67288943419.0,davidoladoyinjnr,gbenga_ogunsanwo
63376403941.0,67288943419.0,tikeh_a,gbenga_ogunsanwo
63451894023.0,67288943419.0,ijoye_12,gbenga_ogunsanwo
63419084744.0,67288943419.0,adedamolaajisafe,gbenga_ogunsanwo
63490697553.0,67288943419.0,oshanimi,gbenga_ogunsanwo
63269707322.0,67288943419.0,renike_77,gbenga_ogunsanwo
63465104603.0,67288943419.0,isaac_esosa,gbenga_ogunsanwo
63229244703.0,67288943419.0,pelumi__i,gbenga_ogunsanwo
63468129316.0,63501784354.0,davidoladoyinjnr,madimebaloyi_
63376403941.0,63501784354.0,tikeh_a,madimebaloyi_
63451894023.0,63501784354.0,ijoye_12,madimebaloyi_
63419084744.0,63501784354.0,adedamolaajisafe,madimebaloyi_
63490697553.0,63501784354.0,oshanimi,madimebaloyi_
63269707322.0,63501784354.0,renike_77,madimebaloyi_
63465104603.0,63501784354.0,isaac_esosa,madimebaloyi_
63229244703.0,63501784354.0,pelumi__i,madimebaloyi_
63468129316.0,63475388657.0,davidoladoyinjnr,itsayoni
63376403941.0,63475388657.0,tikeh_a,itsayoni
63451894023.0,63475388657.0,ijoye_12,itsayoni
63419084744.0,63475388657.0,adedamolaajisafe,itsayoni
63490697553.0,63475388657.0,oshanimi,itsayoni
63269707322.0,63475388657.0,renike_77,itsayoni
63465104603.0,63475388657.0,isaac_esosa,itsayoni
63229244703.0,63475388657.0,pelumi__i,itsayoni
63468129316.0,63499033435.0,davidoladoyinjnr,i.b.k_international
63376403941.0,63499033435.0,tikeh_a,i.b.k_international
63451894023.0,63499033435.0,ijoye_12,i.b.k_international
63419084744.0,63499033435.0,adedamolaajisafe,i.b.k_international
63490697553.0,63499033435.0,oshanimi,i.b.k_international
63269707322.0,63499033435.0,renike_77,i.b.k_international
63465104603.0,63499033435.0,isaac_esosa,i.b.k_international
63229244703.0,63499033435.0,pelumi__i,i.b.k_international
63468129316.0,69768491358.0,davidoladoyinjnr,arrinolaa
63376403941.0,69768491358.0,tikeh_a,arrinolaa
63451894023.0,69768491358.0,ijoye_12,arrinolaa
63419084744.0,69768491358.0,adedamolaajisafe,arrinolaa
63490697553.0,69768491358.0,oshanimi,arrinolaa
63269707322.0,69768491358.0,renike_77,arrinolaa
63465104603.0,69768491358.0,isaac_esosa,arrinolaa
63229244703.0,69768491358.0,pelumi__i,arrinolaa
63468129316.0,68940920853.0,davidoladoyinjnr,femi_esuola
63376403941.0,68940920853.0,tikeh_a,femi_esuola
63451894023.0,68940920853.0,ijoye_12,femi_esuola
63419084744.0,68940920853.0,adedamolaajisafe,femi_esuola
63490697553.0,68940920853.0,oshanimi,femi_esuola
63269707322.0,68940920853.0,renike_77,femi_esuola
63465104603.0,68940920853.0,isaac_esosa,femi_esuola
63069974069.0,68940920853.0,d.oluwajoju,femi_esuola
63468129316.0,63612208031.0,davidoladoyinjnr,opeyemi_adedoyin_ok
63376403941.0,63612208031.0,tikeh_a,opeyemi_adedoyin_ok
63451894023.0,63612208031.0,ijoye_12,opeyemi_adedoyin_ok
63419084744.0,63612208031.0,adedamolaajisafe,opeyemi_adedoyin_ok
63490697553.0,63612208031.0,oshanimi,opeyemi_adedoyin_ok
63269707322.0,63612208031.0,renike_77,opeyemi_adedoyin_ok
63465104603.0,63612208031.0,isaac_esosa,opeyemi_adedoyin_ok
63229244703.0,63612208031.0,pelumi__i,opeyemi_adedoyin_ok
63468129316.0,63376462872.0,davidoladoyinjnr,ladeibuoye
63376403941.0,63376462872.0,tikeh_a,ladeibuoye
63451894023.0,63376462872.0,ijoye_12,ladeibuoye
63419084744.0,63376462872.0,adedamolaajisafe,ladeibuoye
63490697553.0,63376462872.0,oshanimi,ladeibuoye
63269707322.0,63376462872.0,renike_77,ladeibuoye
63465104603.0,63376462872.0,isaac_esosa,ladeibuoye
63229244703.0,63376462872.0,pelumi__i,ladeibuoye
63468129316.0,68777647521.0,davidoladoyinjnr,_ariyikhe_
63376403941.0,68777647521.0,tikeh_a,_ariyikhe_
63451894023.0,68777647521.0,ijoye_12,_ariyikhe_
63419084744.0,68777647521.0,adedamolaajisafe,_ariyikhe_
63490697553.0,68777647521.0,oshanimi,_ariyikhe_
63269707322.0,68777647521.0,renike_77,_ariyikhe_
63465104603.0,68777647521.0,isaac_esosa,_ariyikhe_
63229244703.0,68777647521.0,pelumi__i,_ariyikhe_
63468129316.0,64230083357.0,davidoladoyinjnr,bodesaxofficial
63376403941.0,64230083357.0,tikeh_a,bodesaxofficial
63451894023.0,64230083357.0,ijoye_12,bodesaxofficial
63419084744.0,64230083357.0,adedamolaajisafe,bodesaxofficial
63490697553.0,64230083357.0,oshanimi,bodesaxofficial
63269707322.0,64230083357.0,renike_77,bodesaxofficial
63465104603.0,64230083357.0,isaac_esosa,bodesaxofficial
63229244703.0,64230083357.0,pelumi__i,bodesaxofficial
63468129316.0,63402629607.0,davidoladoyinjnr,shegz__
63376403941.0,63402629607.0,tikeh_a,shegz__
63451894023.0,63402629607.0,ijoye_12,shegz__
63419084744.0,63402629607.0,adedamolaajisafe,shegz__
63490697553.0,63402629607.0,oshanimi,shegz__
63269707322.0,63402629607.0,renike_77,shegz__
63465104603.0,63402629607.0,isaac_esosa,shegz__
63229244703.0,63402629607.0,pelumi__i,shegz__
63468129316.0,68802599108.0,davidoladoyinjnr,queenkhanya
63376403941.0,68802599108.0,tikeh_a,queenkhanya
63451894023.0,68802599108.0,ijoye_12,queenkhanya
63419084744.0,68802599108.0,adedamolaajisafe,queenkhanya
63490697553.0,68802599108.0,oshanimi,queenkhanya
63269707322.0,68802599108.0,renike_77,queenkhanya
63465104603.0,68802599108.0,isaac_esosa,queenkhanya
63229244703.0,68802599108.0,pelumi__i,queenkhanya
63468129316.0,63438623886.0,davidoladoyinjnr,barny_mado
63376403941.0,63438623886.0,tikeh_a,barny_mado
63419084744.0,63438623886.0,adedamolaajisafe,barny_mado
63490697553.0,63438623886.0,oshanimi,barny_mado
63269707322.0,63438623886.0,renike_77,barny_mado
63465104603.0,63438623886.0,isaac_esosa,barny_mado
63069974069.0,63438623886.0,d.oluwajoju,barny_mado
63468129316.0,63490697553.0,davidoladoyinjnr,oshanimi
63376403941.0,63490697553.0,tikeh_a,oshanimi
63451894023.0,63490697553.0,ijoye_12,oshanimi
63419084744.0,63490697553.0,adedamolaajisafe,oshanimi
63490697553.0,63490697553.0,oshanimi,oshanimi
63269707322.0,63490697553.0,renike_77,oshanimi
63465104603.0,63490697553.0,isaac_esosa,oshanimi
63229244703.0,63490697553.0,pelumi__i,oshanimi
68184377206.0,63269707322.0,felicia_jokodola,renike_77
63499033435.0,63269707322.0,i.b.k_international,renike_77
63468129316.0,63269707322.0,davidoladoyinjnr,renike_77
63376403941.0,63269707322.0,tikeh_a,renike_77
63451894023.0,63269707322.0,ijoye_12,renike_77
63490697553.0,63269707322.0,oshanimi,renike_77
63269707322.0,63269707322.0,renike_77,renike_77
63465104603.0,63269707322.0,isaac_esosa,renike_77
63229244703.0,63269707322.0,pelumi__i,renike_77
63468129316.0,69701860748.0,davidoladoyinjnr,youadire
63376403941.0,69701860748.0,tikeh_a,youadire
63451894023.0,69701860748.0,ijoye_12,youadire
63419084744.0,69701860748.0,adedamolaajisafe,youadire
63490697553.0,69701860748.0,oshanimi,youadire
63269707322.0,69701860748.0,renike_77,youadire
63465104603.0,69701860748.0,isaac_esosa,youadire
63229244703.0,69701860748.0,pelumi__i,youadire
63468129316.0,67616370935.0,davidoladoyinjnr,iko_beee
63376403941.0,67616370935.0,tikeh_a,iko_beee
63451894023.0,67616370935.0,ijoye_12,iko_beee
63419084744.0,67616370935.0,adedamolaajisafe,iko_beee
63490697553.0,67616370935.0,oshanimi,iko_beee
63269707322.0,67616370935.0,renike_77,iko_beee
63465104603.0,67616370935.0,isaac_esosa,iko_beee
63229244703.0,67616370935.0,pelumi__i,iko_beee
63468129316.0,63068226214.0,davidoladoyinjnr,yemi_akanji
63376403941.0,63068226214.0,tikeh_a,yemi_akanji
63451894023.0,63068226214.0,ijoye_12,yemi_akanji
63419084744.0,63068226214.0,adedamolaajisafe,yemi_akanji
63490697553.0,63068226214.0,oshanimi,yemi_akanji
63269707322.0,63068226214.0,renike_77,yemi_akanji
63465104603.0,63068226214.0,isaac_esosa,yemi_akanji
63229244703.0,63068226214.0,pelumi__i,yemi_akanji
63042269186.0,63068226214.0,anthropos_du_theo,yemi_akanji
63468129316.0,69549554945.0,davidoladoyinjnr,rareanabell
63376403941.0,69549554945.0,tikeh_a,rareanabell
63451894023.0,69549554945.0,ijoye_12,rareanabell
63419084744.0,69549554945.0,adedamolaajisafe,rareanabell
63490697553.0,69549554945.0,oshanimi,rareanabell
63269707322.0,69549554945.0,renike_77,rareanabell
63465104603.0,69549554945.0,isaac_esosa,rareanabell
63229244703.0,69549554945.0,pelumi__i,rareanabell
63426419413.0,63426419413.0,jacob_iyalekhue,jacob_iyalekhue
67892360966.0,63426419413.0,rhey_verified,jacob_iyalekhue
63468129316.0,63426419413.0,davidoladoyinjnr,jacob_iyalekhue
63376403941.0,63426419413.0,tikeh_a,jacob_iyalekhue
63451894023.0,63426419413.0,ijoye_12,jacob_iyalekhue
63419084744.0,63426419413.0,adedamolaajisafe,jacob_iyalekhue
63490697553.0,63426419413.0,oshanimi,jacob_iyalekhue
63269707322.0,63426419413.0,renike_77,jacob_iyalekhue
63465104603.0,63426419413.0,isaac_esosa,jacob_iyalekhue
63229244703.0,63426419413.0,pelumi__i,jacob_iyalekhue
63468129316.0,63275947805.0,davidoladoyinjnr,ayo_adelakun
63376403941.0,63275947805.0,tikeh_a,ayo_adelakun
63451894023.0,63275947805.0,ijoye_12,ayo_adelakun
63419084744.0,63275947805.0,adedamolaajisafe,ayo_adelakun
63269707322.0,63275947805.0,renike_77,ayo_adelakun
63465104603.0,63275947805.0,isaac_esosa,ayo_adelakun
63229244703.0,63275947805.0,pelumi__i,ayo_adelakun
63468129316.0,63273021956.0,davidoladoyinjnr,6temshot
63376403941.0,63273021956.0,tikeh_a,6temshot
63451894023.0,63273021956.0,ijoye_12,6temshot
63419084744.0,63273021956.0,adedamolaajisafe,6temshot
63490697553.0,63273021956.0,oshanimi,6temshot
63269707322.0,63273021956.0,renike_77,6temshot
63465104603.0,63273021956.0,isaac_esosa,6temshot
63229244703.0,63273021956.0,pelumi__i,6temshot
63468129316.0,63398205900.0,davidoladoyinjnr,oyedepoakinkunmi
63376403941.0,63398205900.0,tikeh_a,oyedepoakinkunmi
63451894023.0,63398205900.0,ijoye_12,oyedepoakinkunmi
63419084744.0,63398205900.0,adedamolaajisafe,oyedepoakinkunmi
63490697553.0,63398205900.0,oshanimi,oyedepoakinkunmi
63269707322.0,63398205900.0,renike_77,oyedepoakinkunmi
63465104603.0,63398205900.0,isaac_esosa,oyedepoakinkunmi
63229244703.0,63398205900.0,pelumi__i,oyedepoakinkunmi
63468129316.0,63449510539.0,davidoladoyinjnr,tunayobaby
63376403941.0,63449510539.0,tikeh_a,tunayobaby
63451894023.0,63449510539.0,ijoye_12,tunayobaby
63419084744.0,63449510539.0,adedamolaajisafe,tunayobaby
63490697553.0,63449510539.0,oshanimi,tunayobaby
63269707322.0,63449510539.0,renike_77,tunayobaby
63465104603.0,63449510539.0,isaac_esosa,tunayobaby
63229244703.0,63449510539.0,pelumi__i,tunayobaby
63468129316.0,63062629529.0,davidoladoyinjnr,kezannn
63376403941.0,63062629529.0,tikeh_a,kezannn
63451894023.0,63062629529.0,ijoye_12,kezannn
63419084744.0,63062629529.0,adedamolaajisafe,kezannn
63490697553.0,63062629529.0,oshanimi,kezannn
63269707322.0,63062629529.0,renike_77,kezannn
63465104603.0,63062629529.0,isaac_esosa,kezannn
63229244703.0,63062629529.0,pelumi__i,kezannn
63468129316.0,63360737006.0,davidoladoyinjnr,stevocci
63376403941.0,63360737006.0,tikeh_a,stevocci
63451894023.0,63360737006.0,ijoye_12,stevocci
63419084744.0,63360737006.0,adedamolaajisafe,stevocci
63490697553.0,63360737006.0,oshanimi,stevocci
63269707322.0,63360737006.0,renike_77,stevocci
63465104603.0,63360737006.0,isaac_esosa,stevocci
63229244703.0,63360737006.0,pelumi__i,stevocci
63468129316.0,69776714988.0,davidoladoyinjnr,modenuolaoluwa
63376403941.0,69776714988.0,tikeh_a,modenuolaoluwa
63451894023.0,69776714988.0,ijoye_12,modenuolaoluwa
63419084744.0,69776714988.0,adedamolaajisafe,modenuolaoluwa
63490697553.0,69776714988.0,oshanimi,modenuolaoluwa
63269707322.0,69776714988.0,renike_77,modenuolaoluwa
63465104603.0,69776714988.0,isaac_esosa,modenuolaoluwa
63229244703.0,69776714988.0,pelumi__i,modenuolaoluwa
63216479795.0,63457067677.0,oluwfemiii,abioladeosun
63309153716.0,63457067677.0,solo_jnr_,abioladeosun
63468129316.0,63457067677.0,davidoladoyinjnr,abioladeosun
63376403941.0,63457067677.0,tikeh_a,abioladeosun
63451894023.0,63457067677.0,ijoye_12,abioladeosun
63419084744.0,63457067677.0,adedamolaajisafe,abioladeosun
63490697553.0,63457067677.0,oshanimi,abioladeosun
63269707322.0,63457067677.0,renike_77,abioladeosun
63465104603.0,63457067677.0,isaac_esosa,abioladeosun
63229244703.0,63457067677.0,pelumi__i,abioladeosun
63468129316.0,63386246468.0,davidoladoyinjnr,m33kish
63376403941.0,63386246468.0,tikeh_a,m33kish
63451894023.0,63386246468.0,ijoye_12,m33kish
63419084744.0,63386246468.0,adedamolaajisafe,m33kish
63490697553.0,63386246468.0,oshanimi,m33kish
63269707322.0,63386246468.0,renike_77,m33kish
63465104603.0,63386246468.0,isaac_esosa,m33kish
63229244703.0,63386246468.0,pelumi__i,m33kish
63419084744.0,63260675500.0,adedamolaajisafe,okoye_chris_
63269707322.0,63260675500.0,renike_77,okoye_chris_
63499033435.0,63260675500.0,i.b.k_international,okoye_chris_
63468129316.0,63260675500.0,davidoladoyinjnr,okoye_chris_
63376403941.0,63260675500.0,tikeh_a,okoye_chris_
63451894023.0,63260675500.0,ijoye_12,okoye_chris_
63490697553.0,63260675500.0,oshanimi,okoye_chris_
63465104603.0,63260675500.0,isaac_esosa,okoye_chris_
63229244703.0,63260675500.0,pelumi__i,okoye_chris_
63468129316.0,63144901313.0,davidoladoyinjnr,ahdeyyyy
63376403941.0,63144901313.0,tikeh_a,ahdeyyyy
63451894023.0,63144901313.0,ijoye_12,ahdeyyyy
63419084744.0,63144901313.0,adedamolaajisafe,ahdeyyyy
63490697553.0,63144901313.0,oshanimi,ahdeyyyy
63269707322.0,63144901313.0,renike_77,ahdeyyyy
63465104603.0,63144901313.0,isaac_esosa,ahdeyyyy
63229244703.0,63144901313.0,pelumi__i,ahdeyyyy
70055510243.0,63464288554.0,she_boss_university,erik_sven_imagery
63253515204.0,63464288554.0,techtualchatter,erik_sven_imagery
63298160692.0,63464288554.0,msmarshellw,erik_sven_imagery
67982817270.0,63464288554.0,affyayomikun,erik_sven_imagery
68258046872.0,63464288554.0,quentin.d.h,erik_sven_imagery
63251591131.0,63464288554.0,ohnelleyeah,erik_sven_imagery
70055510243.0,65696188756.0,she_boss_university,ray_flakes
63253515204.0,65696188756.0,techtualchatter,ray_flakes
63298160692.0,65696188756.0,msmarshellw,ray_flakes
67982817270.0,65696188756.0,affyayomikun,ray_flakes
68258046872.0,65696188756.0,quentin.d.h,ray_flakes
63251591131.0,65696188756.0,ohnelleyeah,ray_flakes
63230341872.0,63432069980.0,pageistherage,ny_til_i_die_
66411901180.0,63432069980.0,mayornayr,ny_til_i_die_
70300812893.0,63432069980.0,xrayj3nny,ny_til_i_die_
71616592848.0,63432069980.0,jasminelasouriante,ny_til_i_die_
70055510243.0,63432069980.0,she_boss_university,ny_til_i_die_
63253515204.0,63432069980.0,techtualchatter,ny_til_i_die_
63298160692.0,63432069980.0,msmarshellw,ny_til_i_die_
68258046872.0,63432069980.0,quentin.d.h,ny_til_i_die_
63251591131.0,63432069980.0,ohnelleyeah,ny_til_i_die_
63253515204.0,65368658672.0,techtualchatter,nikafterdark
63298160692.0,65368658672.0,msmarshellw,nikafterdark
67982817270.0,65368658672.0,affyayomikun,nikafterdark
68258046872.0,65368658672.0,quentin.d.h,nikafterdark
63251591131.0,65368658672.0,ohnelleyeah,nikafterdark
63406563748.0,63248132024.0,qcvisuals,horizonpropertygroup_
65189446855.0,63248132024.0,latevihamcnatt_,horizonpropertygroup_
63442023143.0,63248132024.0,kss_homeinspectors,horizonpropertygroup_
63055047246.0,63248132024.0,_kellytherealtor,horizonpropertygroup_
70203268336.0,63248132024.0,felecia_realestate,horizonpropertygroup_
63257030003.0,63248132024.0,carissasell_realestate,horizonpropertygroup_
63439198230.0,63248132024.0,ciara_sellshomes,horizonpropertygroup_
63248132024.0,63248132024.0,horizonpropertygroup_,horizonpropertygroup_
68903441243.0,63248132024.0,amybubesrealtor,horizonpropertygroup_
70055510243.0,63248132024.0,she_boss_university,horizonpropertygroup_
63253515204.0,63248132024.0,techtualchatter,horizonpropertygroup_
63298160692.0,63248132024.0,msmarshellw,horizonpropertygroup_
67982817270.0,63248132024.0,affyayomikun,horizonpropertygroup_
68258046872.0,63248132024.0,quentin.d.h,horizonpropertygroup_
63251591131.0,63248132024.0,ohnelleyeah,horizonpropertygroup_
70055510243.0,63274117259.0,she_boss_university,geatpigeons
63253515204.0,63274117259.0,techtualchatter,geatpigeons
63298160692.0,63274117259.0,msmarshellw,geatpigeons
67982817270.0,63274117259.0,affyayomikun,geatpigeons
68258046872.0,63274117259.0,quentin.d.h,geatpigeons
63251591131.0,63274117259.0,ohnelleyeah,geatpigeons
66411901180.0,63053502582.0,mayornayr,indyjcl
7453917524.0,63053502582.0,sarahmonticue,indyjcl
69223384898.0,63053502582.0,cpeterson15,indyjcl
63049175428.0,63053502582.0,kathyjlindberg,indyjcl
64343718875.0,63053502582.0,tracey.curtis.507,indyjcl
69576523404.0,63053502582.0,honeybee_bythesea,indyjcl
63431343374.0,63053502582.0,pattiwfreeport,indyjcl
70413050971.0,63053502582.0,triciadee18,indyjcl
209612284.0,63053502582.0,kae.la,indyjcl
63053502582.0,63053502582.0,indyjcl,indyjcl
70055510243.0,63053502582.0,she_boss_university,indyjcl
63253515204.0,63053502582.0,techtualchatter,indyjcl
63298160692.0,63053502582.0,msmarshellw,indyjcl
67982817270.0,63053502582.0,affyayomikun,indyjcl
68258046872.0,63053502582.0,quentin.d.h,indyjcl
63251591131.0,63053502582.0,ohnelleyeah,indyjcl
70055510243.0,63231607656.0,she_boss_university,uoft_tcairem
63253515204.0,63231607656.0,techtualchatter,uoft_tcairem
63298160692.0,63231607656.0,msmarshellw,uoft_tcairem
67982817270.0,63231607656.0,affyayomikun,uoft_tcairem
68258046872.0,63231607656.0,quentin.d.h,uoft_tcairem
63251591131.0,63231607656.0,ohnelleyeah,uoft_tcairem
70055510243.0,63096474402.0,she_boss_university,pj.quatro
63253515204.0,63096474402.0,techtualchatter,pj.quatro
63298160692.0,63096474402.0,msmarshellw,pj.quatro
67982817270.0,63096474402.0,affyayomikun,pj.quatro
68258046872.0,63096474402.0,quentin.d.h,pj.quatro
63251591131.0,63096474402.0,ohnelleyeah,pj.quatro
70055510243.0,68831214514.0,she_boss_university,an.dy.conda3000
63253515204.0,68831214514.0,techtualchatter,an.dy.conda3000
63298160692.0,68831214514.0,msmarshellw,an.dy.conda3000
67982817270.0,68831214514.0,affyayomikun,an.dy.conda3000
68258046872.0,68831214514.0,quentin.d.h,an.dy.conda3000
63251591131.0,68831214514.0,ohnelleyeah,an.dy.conda3000
70055510243.0,63219164007.0,she_boss_university,ensuing_tech
63253515204.0,63219164007.0,techtualchatter,ensuing_tech
63298160692.0,63219164007.0,msmarshellw,ensuing_tech
67982817270.0,63219164007.0,affyayomikun,ensuing_tech
68258046872.0,63219164007.0,quentin.d.h,ensuing_tech
63251591131.0,63219164007.0,ohnelleyeah,ensuing_tech
70055510243.0,63297072666.0,she_boss_university,reecyru
63253515204.0,63297072666.0,techtualchatter,reecyru
63298160692.0,63297072666.0,msmarshellw,reecyru
67982817270.0,63297072666.0,affyayomikun,reecyru
68258046872.0,63297072666.0,quentin.d.h,reecyru
63251591131.0,63297072666.0,ohnelleyeah,reecyru
70055510243.0,64101024197.0,she_boss_university,salmanibneeunus
63253515204.0,64101024197.0,techtualchatter,salmanibneeunus
63298160692.0,64101024197.0,msmarshellw,salmanibneeunus
67982817270.0,64101024197.0,affyayomikun,salmanibneeunus
68258046872.0,64101024197.0,quentin.d.h,salmanibneeunus
63251591131.0,64101024197.0,ohnelleyeah,salmanibneeunus
70055510243.0,63409693674.0,she_boss_university,camille_sparkle
63253515204.0,63409693674.0,techtualchatter,camille_sparkle
63298160692.0,63409693674.0,msmarshellw,camille_sparkle
67982817270.0,63409693674.0,affyayomikun,camille_sparkle
68258046872.0,63409693674.0,quentin.d.h,camille_sparkle
63251591131.0,63409693674.0,ohnelleyeah,camille_sparkle
66411901180.0,68923616969.0,mayornayr,relentless.183
63404132645.0,68923616969.0,ajmstoryteller,relentless.183
63457193246.0,68923616969.0,prof.thimbleberry,relentless.183
63234733879.0,68923616969.0,kdeebs_ok,relentless.183
70055510243.0,68923616969.0,she_boss_university,relentless.183
63253515204.0,68923616969.0,techtualchatter,relentless.183
63298160692.0,68923616969.0,msmarshellw,relentless.183
67982817270.0,68923616969.0,affyayomikun,relentless.183
68258046872.0,68923616969.0,quentin.d.h,relentless.183
63251591131.0,68923616969.0,ohnelleyeah,relentless.183
70055510243.0,68332826284.0,she_boss_university,locd.n.lovebybelle
63253515204.0,68332826284.0,techtualchatter,locd.n.lovebybelle
63298160692.0,68332826284.0,msmarshellw,locd.n.lovebybelle
67982817270.0,68332826284.0,affyayomikun,locd.n.lovebybelle
68258046872.0,68332826284.0,quentin.d.h,locd.n.lovebybelle
63251591131.0,68332826284.0,ohnelleyeah,locd.n.lovebybelle
70055510243.0,70649373512.0,she_boss_university,ray.thedivine
63253515204.0,70649373512.0,techtualchatter,ray.thedivine
63298160692.0,70649373512.0,msmarshellw,ray.thedivine
67982817270.0,70649373512.0,affyayomikun,ray.thedivine
68258046872.0,70649373512.0,quentin.d.h,ray.thedivine
63251591131.0,70649373512.0,ohnelleyeah,ray.thedivine
70055510243.0,68016975133.0,she_boss_university,rodb4real
63253515204.0,68016975133.0,techtualchatter,rodb4real
63298160692.0,68016975133.0,msmarshellw,rodb4real
67982817270.0,68016975133.0,affyayomikun,rodb4real
68258046872.0,68016975133.0,quentin.d.h,rodb4real
63251591131.0,68016975133.0,ohnelleyeah,rodb4real
70055510243.0,63248050295.0,she_boss_university,jesperdramsch
63253515204.0,63248050295.0,techtualchatter,jesperdramsch
63298160692.0,63248050295.0,msmarshellw,jesperdramsch
67982817270.0,63248050295.0,affyayomikun,jesperdramsch
68258046872.0,63248050295.0,quentin.d.h,jesperdramsch
63251591131.0,63248050295.0,ohnelleyeah,jesperdramsch
70055510243.0,63393052895.0,she_boss_university,thereal_tashaaaa
63253515204.0,63393052895.0,techtualchatter,thereal_tashaaaa
63298160692.0,63393052895.0,msmarshellw,thereal_tashaaaa
67982817270.0,63393052895.0,affyayomikun,thereal_tashaaaa
68258046872.0,63393052895.0,quentin.d.h,thereal_tashaaaa
63251591131.0,63393052895.0,ohnelleyeah,thereal_tashaaaa
63161359577.0,70415370595.0,maskxplorer,jhosep_26z
70415370595.0,70415370595.0,jhosep_26z,jhosep_26z
63255770361.0,70415370595.0,paulmoreira_,jhosep_26z
63266538932.0,70415370595.0,thaddius_cho,jhosep_26z
63904955769.0,70415370595.0,spuros.pi,jhosep_26z
68905675499.0,70415370595.0,officialdavidbasile,jhosep_26z
70055510243.0,70415370595.0,she_boss_university,jhosep_26z
63253515204.0,70415370595.0,techtualchatter,jhosep_26z
63298160692.0,70415370595.0,msmarshellw,jhosep_26z
67982817270.0,70415370595.0,affyayomikun,jhosep_26z
68258046872.0,70415370595.0,quentin.d.h,jhosep_26z
63251591131.0,70415370595.0,ohnelleyeah,jhosep_26z
70055510243.0,63084774988.0,she_boss_university,gotcake_no_icing
63253515204.0,63084774988.0,techtualchatter,gotcake_no_icing
63298160692.0,63084774988.0,msmarshellw,gotcake_no_icing
67982817270.0,63084774988.0,affyayomikun,gotcake_no_icing
68258046872.0,63084774988.0,quentin.d.h,gotcake_no_icing
63251591131.0,63084774988.0,ohnelleyeah,gotcake_no_icing
70055510243.0,65866530223.0,she_boss_university,virtualstaging_job
63253515204.0,65866530223.0,techtualchatter,virtualstaging_job
63298160692.0,65866530223.0,msmarshellw,virtualstaging_job
67982817270.0,65866530223.0,affyayomikun,virtualstaging_job
68258046872.0,65866530223.0,quentin.d.h,virtualstaging_job
63251591131.0,65866530223.0,ohnelleyeah,virtualstaging_job
70055510243.0,68944641924.0,she_boss_university,phlygod
63253515204.0,68944641924.0,techtualchatter,phlygod
63298160692.0,68944641924.0,msmarshellw,phlygod
67982817270.0,68944641924.0,affyayomikun,phlygod
68258046872.0,68944641924.0,quentin.d.h,phlygod
63251591131.0,68944641924.0,ohnelleyeah,phlygod
70055510243.0,63300026554.0,she_boss_university,cretia_monet
63253515204.0,63300026554.0,techtualchatter,cretia_monet
63298160692.0,63300026554.0,msmarshellw,cretia_monet
67982817270.0,63300026554.0,affyayomikun,cretia_monet
68258046872.0,63300026554.0,quentin.d.h,cretia_monet
63251591131.0,63300026554.0,ohnelleyeah,cretia_monet
63445821893.0,70633205182.0,leennnaaaas,shaunarenee84
63195422550.0,70633205182.0,cactus.rose42,shaunarenee84
63054925606.0,70633205182.0,asamimakes,shaunarenee84
63095622792.0,70633205182.0,kyroee,shaunarenee84
63241092044.0,70633205182.0,irteza_gunner3567,shaunarenee84
68182012981.0,70633205182.0,doctor_fosser,shaunarenee84
63581948607.0,70633205182.0,cotnerjoe,shaunarenee84
63083730950.0,70633205182.0,laynepaigee,shaunarenee84
68924691463.0,70633205182.0,katycataclysm,shaunarenee84
70649373512.0,70633205182.0,ray.thedivine,shaunarenee84
71541457311.0,70633205182.0,kevin.mc4,shaunarenee84
69549474502.0,70633205182.0,wafrel,shaunarenee84
71865395601.0,70633205182.0,hatsunechastity,shaunarenee84
68493912499.0,70633205182.0,call.me_christy,shaunarenee84
63579739193.0,70633205182.0,locnessproduction,shaunarenee84
70872730074.0,70633205182.0,dailysh1tpost,shaunarenee84
66411901180.0,70633205182.0,mayornayr,shaunarenee84
64281907296.0,70633205182.0,aleianakalia,shaunarenee84
67083291585.0,70633205182.0,inks_by_kayla,shaunarenee84
63843813923.0,70633205182.0,simplybeingdiny,shaunarenee84
63433306052.0,70633205182.0,yoditdeet,shaunarenee84
64727761957.0,70633205182.0,iamanitabanana,shaunarenee84
45690427540.0,70633205182.0,meg_hansolo52,shaunarenee84
65489928423.0,70633205182.0,ladygigi2u,shaunarenee84
63488219528.0,70633205182.0,mscadero,shaunarenee84
63280651402.0,70633205182.0,sturdysturtevant,shaunarenee84
66285176146.0,70633205182.0,cierra.vlogs,shaunarenee84
66251918829.0,70633205182.0,ronniemackfunny,shaunarenee84
66133584020.0,70633205182.0,liyah_icyy,shaunarenee84
63423805146.0,70633205182.0,kingtayinspires,shaunarenee84
64515613277.0,70633205182.0,fashionbyedelbands,shaunarenee84
66331474952.0,70633205182.0,themockingjaytoday,shaunarenee84
3064646266.0,70633205182.0,kadencewesley,shaunarenee84
67982817270.0,70633205182.0,affyayomikun,shaunarenee84
70826384825.0,70633205182.0,anna_r_v.2,shaunarenee84
70440826177.0,70633205182.0,silverpan,shaunarenee84
66931146659.0,70633205182.0,xoxoleola,shaunarenee84
63556688046.0,70633205182.0,contentwithella,shaunarenee84
70819565811.0,70633205182.0,901variety4sales,shaunarenee84
68905675499.0,70633205182.0,officialdavidbasile,shaunarenee84
71088883267.0,70633205182.0,_tori.parker_,shaunarenee84
63093313536.0,70633205182.0,marshalmallowplays,shaunarenee84
63232829953.0,70633205182.0,kansas_independent,shaunarenee84
5558234.0,70633205182.0,tthornhill,shaunarenee84
63439428867.0,70633205182.0,amandajo424,shaunarenee84
5519810490.0,70633205182.0,a_fishcalledrhonda,shaunarenee84
63431343374.0,70633205182.0,pattiwfreeport,shaunarenee84
63088302232.0,70633205182.0,enigma956,shaunarenee84
67840257186.0,70633205182.0,randallbc777,shaunarenee84
3927473098.0,70633205182.0,barklaysmom,shaunarenee84
68822662345.0,70633205182.0,its.addie13,shaunarenee84
67620712016.0,70633205182.0,baba.yaga.bentley,shaunarenee84
257976484.0,70633205182.0,eamcdm,shaunarenee84
66617946965.0,70633205182.0,annoliver067,shaunarenee84
3320323.0,70633205182.0,lindseyerin23,shaunarenee84
64343718875.0,70633205182.0,tracey.curtis.507,shaunarenee84
63086999261.0,70633205182.0,heyitskimberlyn_,shaunarenee84
5687595610.0,70633205182.0,lj_murrayofficial,shaunarenee84
35092028859.0,70633205182.0,dana_sackett,shaunarenee84
70055510243.0,70633205182.0,she_boss_university,shaunarenee84
63253515204.0,70633205182.0,techtualchatter,shaunarenee84
63298160692.0,70633205182.0,msmarshellw,shaunarenee84
68258046872.0,70633205182.0,quentin.d.h,shaunarenee84
63251591131.0,70633205182.0,ohnelleyeah,shaunarenee84
67034801657.0,70633205182.0,ic.unv.me,shaunarenee84
70055510243.0,70624348320.0,she_boss_university,ambassador_de_cross_bearer
63253515204.0,70624348320.0,techtualchatter,ambassador_de_cross_bearer
63298160692.0,70624348320.0,msmarshellw,ambassador_de_cross_bearer
67982817270.0,70624348320.0,affyayomikun,ambassador_de_cross_bearer
68258046872.0,70624348320.0,quentin.d.h,ambassador_de_cross_bearer
63251591131.0,70624348320.0,ohnelleyeah,ambassador_de_cross_bearer
70055510243.0,63219532474.0,she_boss_university,all.about.ese
63253515204.0,63219532474.0,techtualchatter,all.about.ese
63298160692.0,63219532474.0,msmarshellw,all.about.ese
67982817270.0,63219532474.0,affyayomikun,all.about.ese
68258046872.0,63219532474.0,quentin.d.h,all.about.ese
63251591131.0,63219532474.0,ohnelleyeah,all.about.ese
70055510243.0,63867476710.0,she_boss_university,rfeers
63253515204.0,63867476710.0,techtualchatter,rfeers
63298160692.0,63867476710.0,msmarshellw,rfeers
67982817270.0,63867476710.0,affyayomikun,rfeers
68258046872.0,63867476710.0,quentin.d.h,rfeers
63251591131.0,63867476710.0,ohnelleyeah,rfeers
70055510243.0,70629984994.0,she_boss_university,amandi_sc
63253515204.0,70629984994.0,techtualchatter,amandi_sc
63298160692.0,70629984994.0,msmarshellw,amandi_sc
67982817270.0,70629984994.0,affyayomikun,amandi_sc
68258046872.0,70629984994.0,quentin.d.h,amandi_sc
63251591131.0,70629984994.0,ohnelleyeah,amandi_sc
70055510243.0,63253070103.0,she_boss_university,loooveanni_
63253515204.0,63253070103.0,techtualchatter,loooveanni_
63298160692.0,63253070103.0,msmarshellw,loooveanni_
67982817270.0,63253070103.0,affyayomikun,loooveanni_
68258046872.0,63253070103.0,quentin.d.h,loooveanni_
63251591131.0,63253070103.0,ohnelleyeah,loooveanni_
70055510243.0,63029399101.0,she_boss_university,plscounseling
63253515204.0,63029399101.0,techtualchatter,plscounseling
63298160692.0,63029399101.0,msmarshellw,plscounseling
67982817270.0,63029399101.0,affyayomikun,plscounseling
68258046872.0,63029399101.0,quentin.d.h,plscounseling
63251591131.0,63029399101.0,ohnelleyeah,plscounseling
70055510243.0,63874412440.0,she_boss_university,carol_loshell
63253515204.0,63874412440.0,techtualchatter,carol_loshell
63298160692.0,63874412440.0,msmarshellw,carol_loshell
67982817270.0,63874412440.0,affyayomikun,carol_loshell
68258046872.0,63874412440.0,quentin.d.h,carol_loshell
63251591131.0,63874412440.0,ohnelleyeah,carol_loshell
70055510243.0,63655608165.0,she_boss_university,imtiazvive
63253515204.0,63655608165.0,techtualchatter,imtiazvive
63298160692.0,63655608165.0,msmarshellw,imtiazvive
67982817270.0,63655608165.0,affyayomikun,imtiazvive
68258046872.0,63655608165.0,quentin.d.h,imtiazvive
63251591131.0,63655608165.0,ohnelleyeah,imtiazvive
70055510243.0,70195926122.0,she_boss_university,rop2055
63253515204.0,70195926122.0,techtualchatter,rop2055
63298160692.0,70195926122.0,msmarshellw,rop2055
67982817270.0,70195926122.0,affyayomikun,rop2055
68258046872.0,70195926122.0,quentin.d.h,rop2055
63251591131.0,70195926122.0,ohnelleyeah,rop2055
70055510243.0,70367544431.0,she_boss_university,madface235st
63253515204.0,70367544431.0,techtualchatter,madface235st
63298160692.0,70367544431.0,msmarshellw,madface235st
67982817270.0,70367544431.0,affyayomikun,madface235st
68258046872.0,70367544431.0,quentin.d.h,madface235st
63251591131.0,70367544431.0,ohnelleyeah,madface235st
63471320421.0,70122040375.0,thomashouse_atlantarealtor,lariscy_watson_mortageteam
70055510243.0,70122040375.0,she_boss_university,lariscy_watson_mortageteam
63253515204.0,70122040375.0,techtualchatter,lariscy_watson_mortageteam
63298160692.0,70122040375.0,msmarshellw,lariscy_watson_mortageteam
67982817270.0,70122040375.0,affyayomikun,lariscy_watson_mortageteam
68258046872.0,70122040375.0,quentin.d.h,lariscy_watson_mortageteam
63251591131.0,70122040375.0,ohnelleyeah,lariscy_watson_mortageteam
70122040375.0,70122040375.0,lariscy_watson_mortageteam,lariscy_watson_mortageteam
69099928682.0,69625712840.0,_usererror333_,msjayyho
67034801657.0,69625712840.0,ic.unv.me,msjayyho
70941967007.0,69625712840.0,tatianaimann,msjayyho
70055510243.0,69625712840.0,she_boss_university,msjayyho
63253515204.0,69625712840.0,techtualchatter,msjayyho
63298160692.0,69625712840.0,msmarshellw,msjayyho
67982817270.0,69625712840.0,affyayomikun,msjayyho
68258046872.0,69625712840.0,quentin.d.h,msjayyho
63251591131.0,69625712840.0,ohnelleyeah,msjayyho
63280651402.0,69625712840.0,sturdysturtevant,msjayyho
64227994196.0,69625712840.0,ashleyy277,msjayyho
70826384825.0,69625712840.0,anna_r_v.2,msjayyho
70055510243.0,63069691019.0,she_boss_university,thevahubus
63253515204.0,63069691019.0,techtualchatter,thevahubus
63298160692.0,63069691019.0,msmarshellw,thevahubus
67982817270.0,63069691019.0,affyayomikun,thevahubus
68258046872.0,63069691019.0,quentin.d.h,thevahubus
63251591131.0,63069691019.0,ohnelleyeah,thevahubus
70055510243.0,64321068575.0,she_boss_university,the_sweetest_smallest_
63253515204.0,64321068575.0,techtualchatter,the_sweetest_smallest_
63298160692.0,64321068575.0,msmarshellw,the_sweetest_smallest_
67982817270.0,64321068575.0,affyayomikun,the_sweetest_smallest_
68258046872.0,64321068575.0,quentin.d.h,the_sweetest_smallest_
63251591131.0,64321068575.0,ohnelleyeah,the_sweetest_smallest_
70055510243.0,63469730503.0,she_boss_university,fhinspectionsatl
63253515204.0,63469730503.0,techtualchatter,fhinspectionsatl
63298160692.0,63469730503.0,msmarshellw,fhinspectionsatl
67982817270.0,63469730503.0,affyayomikun,fhinspectionsatl
68258046872.0,63469730503.0,quentin.d.h,fhinspectionsatl
63251591131.0,63469730503.0,ohnelleyeah,fhinspectionsatl
70055510243.0,63091325956.0,she_boss_university,mccrayfamilyrealestate
63253515204.0,63091325956.0,techtualchatter,mccrayfamilyrealestate
63298160692.0,63091325956.0,msmarshellw,mccrayfamilyrealestate
67982817270.0,63091325956.0,affyayomikun,mccrayfamilyrealestate
68258046872.0,63091325956.0,quentin.d.h,mccrayfamilyrealestate
63251591131.0,63091325956.0,ohnelleyeah,mccrayfamilyrealestate
70055510243.0,67689393504.0,she_boss_university,lasvegaslifestyle_
63253515204.0,67689393504.0,techtualchatter,lasvegaslifestyle_
63298160692.0,67689393504.0,msmarshellw,lasvegaslifestyle_
67982817270.0,67689393504.0,affyayomikun,lasvegaslifestyle_
68258046872.0,67689393504.0,quentin.d.h,lasvegaslifestyle_
63251591131.0,67689393504.0,ohnelleyeah,lasvegaslifestyle_
70055510243.0,63477057500.0,she_boss_university,serialsade
63253515204.0,63477057500.0,techtualchatter,serialsade
63298160692.0,63477057500.0,msmarshellw,serialsade
67982817270.0,63477057500.0,affyayomikun,serialsade
68258046872.0,63477057500.0,quentin.d.h,serialsade
63251591131.0,63477057500.0,ohnelleyeah,serialsade
70055510243.0,63262554866.0,she_boss_university,stewartdesignco_
63253515204.0,63262554866.0,techtualchatter,stewartdesignco_
63298160692.0,63262554866.0,msmarshellw,stewartdesignco_
67982817270.0,63262554866.0,affyayomikun,stewartdesignco_
68258046872.0,63262554866.0,quentin.d.h,stewartdesignco_
63251591131.0,63262554866.0,ohnelleyeah,stewartdesignco_
12982408.0,70223924643.0,sydneydelucchi,linajamilah_gold
63086999261.0,70223924643.0,heyitskimberlyn_,linajamilah_gold
63609944070.0,70223924643.0,cassiecichocki,linajamilah_gold
70055510243.0,70223924643.0,she_boss_university,linajamilah_gold
63253515204.0,70223924643.0,techtualchatter,linajamilah_gold
63298160692.0,70223924643.0,msmarshellw,linajamilah_gold
67982817270.0,70223924643.0,affyayomikun,linajamilah_gold
68258046872.0,70223924643.0,quentin.d.h,linajamilah_gold
63251591131.0,70223924643.0,ohnelleyeah,linajamilah_gold
70055510243.0,63174196214.0,she_boss_university,tennis_professor
63253515204.0,63174196214.0,techtualchatter,tennis_professor
63298160692.0,63174196214.0,msmarshellw,tennis_professor
67982817270.0,63174196214.0,affyayomikun,tennis_professor
68258046872.0,63174196214.0,quentin.d.h,tennis_professor
63251591131.0,63174196214.0,ohnelleyeah,tennis_professor
63155615863.0,64124645109.0,kristin_pep,takumab
70055510243.0,64124645109.0,she_boss_university,takumab
63298160692.0,64124645109.0,msmarshellw,takumab
67982817270.0,64124645109.0,affyayomikun,takumab
68258046872.0,64124645109.0,quentin.d.h,takumab
63251591131.0,64124645109.0,ohnelleyeah,takumab
70055510243.0,68764287516.0,she_boss_university,slineyp
63253515204.0,68764287516.0,techtualchatter,slineyp
63298160692.0,68764287516.0,msmarshellw,slineyp
67982817270.0,68764287516.0,affyayomikun,slineyp
68258046872.0,68764287516.0,quentin.d.h,slineyp
63251591131.0,68764287516.0,ohnelleyeah,slineyp
63442023143.0,63410435628.0,kss_homeinspectors,realtorshaybrunson
70055510243.0,63410435628.0,she_boss_university,realtorshaybrunson
63253515204.0,63410435628.0,techtualchatter,realtorshaybrunson
63298160692.0,63410435628.0,msmarshellw,realtorshaybrunson
67982817270.0,63410435628.0,affyayomikun,realtorshaybrunson
68258046872.0,63410435628.0,quentin.d.h,realtorshaybrunson
63251591131.0,63410435628.0,ohnelleyeah,realtorshaybrunson
63161359577.0,63904955769.0,maskxplorer,spuros.pi
70415370595.0,63904955769.0,jhosep_26z,spuros.pi
63255770361.0,63904955769.0,paulmoreira_,spuros.pi
63266538932.0,63904955769.0,thaddius_cho,spuros.pi
63904955769.0,63904955769.0,spuros.pi,spuros.pi
68905675499.0,63904955769.0,officialdavidbasile,spuros.pi
70055510243.0,63904955769.0,she_boss_university,spuros.pi
63253515204.0,63904955769.0,techtualchatter,spuros.pi
63298160692.0,63904955769.0,msmarshellw,spuros.pi
67982817270.0,63904955769.0,affyayomikun,spuros.pi
68258046872.0,63904955769.0,quentin.d.h,spuros.pi
63251591131.0,63904955769.0,ohnelleyeah,spuros.pi
63406563748.0,65189446855.0,qcvisuals,latevihamcnatt_
65189446855.0,65189446855.0,latevihamcnatt_,latevihamcnatt_
63442023143.0,65189446855.0,kss_homeinspectors,latevihamcnatt_
63055047246.0,65189446855.0,_kellytherealtor,latevihamcnatt_
70203268336.0,65189446855.0,felecia_realestate,latevihamcnatt_
63257030003.0,65189446855.0,carissasell_realestate,latevihamcnatt_
63439198230.0,65189446855.0,ciara_sellshomes,latevihamcnatt_
63248132024.0,65189446855.0,horizonpropertygroup_,latevihamcnatt_
68903441243.0,65189446855.0,amybubesrealtor,latevihamcnatt_
70055510243.0,65189446855.0,she_boss_university,latevihamcnatt_
63253515204.0,65189446855.0,techtualchatter,latevihamcnatt_
63298160692.0,65189446855.0,msmarshellw,latevihamcnatt_
67982817270.0,65189446855.0,affyayomikun,latevihamcnatt_
68258046872.0,65189446855.0,quentin.d.h,latevihamcnatt_
63251591131.0,65189446855.0,ohnelleyeah,latevihamcnatt_
70055510243.0,63643096040.0,she_boss_university,___royalsty
63253515204.0,63643096040.0,techtualchatter,___royalsty
63298160692.0,63643096040.0,msmarshellw,___royalsty
67982817270.0,63643096040.0,affyayomikun,___royalsty
68258046872.0,63643096040.0,quentin.d.h,___royalsty
63251591131.0,63643096040.0,ohnelleyeah,___royalsty
70055510243.0,63804109190.0,she_boss_university,da_rated_r_r
63253515204.0,63804109190.0,techtualchatter,da_rated_r_r
63298160692.0,63804109190.0,msmarshellw,da_rated_r_r
67982817270.0,63804109190.0,affyayomikun,da_rated_r_r
68258046872.0,63804109190.0,quentin.d.h,da_rated_r_r
63251591131.0,63804109190.0,ohnelleyeah,da_rated_r_r
70055510243.0,63240909193.0,she_boss_university,jamiewitter
63253515204.0,63240909193.0,techtualchatter,jamiewitter
63298160692.0,63240909193.0,msmarshellw,jamiewitter
67982817270.0,63240909193.0,affyayomikun,jamiewitter
68258046872.0,63240909193.0,quentin.d.h,jamiewitter
63251591131.0,63240909193.0,ohnelleyeah,jamiewitter
70055510243.0,63428941627.0,she_boss_university,iammistahmo
63253515204.0,63428941627.0,techtualchatter,iammistahmo
63298160692.0,63428941627.0,msmarshellw,iammistahmo
67982817270.0,63428941627.0,affyayomikun,iammistahmo
68258046872.0,63428941627.0,quentin.d.h,iammistahmo
63251591131.0,63428941627.0,ohnelleyeah,iammistahmo
70055510243.0,67517451927.0,she_boss_university,mm.lutolli
63253515204.0,67517451927.0,techtualchatter,mm.lutolli
63298160692.0,67517451927.0,msmarshellw,mm.lutolli
67982817270.0,67517451927.0,affyayomikun,mm.lutolli
68258046872.0,67517451927.0,quentin.d.h,mm.lutolli
63251591131.0,67517451927.0,ohnelleyeah,mm.lutolli
70055510243.0,63418839472.0,she_boss_university,eg_sells_homes
63253515204.0,63418839472.0,techtualchatter,eg_sells_homes
63298160692.0,63418839472.0,msmarshellw,eg_sells_homes
67982817270.0,63418839472.0,affyayomikun,eg_sells_homes
68258046872.0,63418839472.0,quentin.d.h,eg_sells_homes
63251591131.0,63418839472.0,ohnelleyeah,eg_sells_homes
68903441243.0,63418839472.0,amybubesrealtor,eg_sells_homes
63471320421.0,63418839472.0,thomashouse_atlantarealtor,eg_sells_homes
63409357192.0,63418839472.0,theegaines,eg_sells_homes
64242220905.0,63418839472.0,larryrountree_realestate,eg_sells_homes
63040222632.0,63418839472.0,donnasellsga,eg_sells_homes
63622009036.0,63418839472.0,atlintownrealestate,eg_sells_homes
63055047246.0,63418839472.0,_kellytherealtor,eg_sells_homes
63439198230.0,63418839472.0,ciara_sellshomes,eg_sells_homes
68381837177.0,63418839472.0,starrobinsonrealtor,eg_sells_homes
63251547002.0,63418839472.0,desy_rene,eg_sells_homes
63245051227.0,63418839472.0,milonehometeam,eg_sells_homes
63424130044.0,63418839472.0,jennwiltatl,eg_sells_homes
70055510243.0,65431768275.0,she_boss_university,muhammet.k22
63253515204.0,65431768275.0,techtualchatter,muhammet.k22
63298160692.0,65431768275.0,msmarshellw,muhammet.k22
67982817270.0,65431768275.0,affyayomikun,muhammet.k22
68258046872.0,65431768275.0,quentin.d.h,muhammet.k22
63251591131.0,65431768275.0,ohnelleyeah,muhammet.k22
70055510243.0,64570552168.0,she_boss_university,ledliew
63253515204.0,64570552168.0,techtualchatter,ledliew
63298160692.0,64570552168.0,msmarshellw,ledliew
67982817270.0,64570552168.0,affyayomikun,ledliew
68258046872.0,64570552168.0,quentin.d.h,ledliew
63251591131.0,64570552168.0,ohnelleyeah,ledliew
70055510243.0,63407669494.0,she_boss_university,_lexisss_
63253515204.0,63407669494.0,techtualchatter,_lexisss_
63298160692.0,63407669494.0,msmarshellw,_lexisss_
67982817270.0,63407669494.0,affyayomikun,_lexisss_
68258046872.0,63407669494.0,quentin.d.h,_lexisss_
63251591131.0,63407669494.0,ohnelleyeah,_lexisss_
70055510243.0,63769987761.0,she_boss_university,bambi_forests
63253515204.0,63769987761.0,techtualchatter,bambi_forests
63298160692.0,63769987761.0,msmarshellw,bambi_forests
67982817270.0,63769987761.0,affyayomikun,bambi_forests
68258046872.0,63769987761.0,quentin.d.h,bambi_forests
63251591131.0,63769987761.0,ohnelleyeah,bambi_forests
70055510243.0,70598829553.0,she_boss_university,1karlcherry
63253515204.0,70598829553.0,techtualchatter,1karlcherry
63298160692.0,70598829553.0,msmarshellw,1karlcherry
67982817270.0,70598829553.0,affyayomikun,1karlcherry
68258046872.0,70598829553.0,quentin.d.h,1karlcherry
63251591131.0,70598829553.0,ohnelleyeah,1karlcherry
70055510243.0,68730770965.0,she_boss_university,adop2ed1
63253515204.0,68730770965.0,techtualchatter,adop2ed1
63298160692.0,68730770965.0,msmarshellw,adop2ed1
67982817270.0,68730770965.0,affyayomikun,adop2ed1
68258046872.0,68730770965.0,quentin.d.h,adop2ed1
63251591131.0,68730770965.0,ohnelleyeah,adop2ed1
70055510243.0,70040286199.0,she_boss_university,thatsrains
63253515204.0,70040286199.0,techtualchatter,thatsrains
63298160692.0,70040286199.0,msmarshellw,thatsrains
67982817270.0,70040286199.0,affyayomikun,thatsrains
68258046872.0,70040286199.0,quentin.d.h,thatsrains
63251591131.0,70040286199.0,ohnelleyeah,thatsrains
63055047246.0,63244999424.0,_kellytherealtor,limitless.inspections
63251547002.0,63244999424.0,desy_rene,limitless.inspections
65189446855.0,63244999424.0,latevihamcnatt_,limitless.inspections
68903441243.0,63244999424.0,amybubesrealtor,limitless.inspections
63471320421.0,63244999424.0,thomashouse_atlantarealtor,limitless.inspections
63409357192.0,63244999424.0,theegaines,limitless.inspections
64242220905.0,63244999424.0,larryrountree_realestate,limitless.inspections
63622009036.0,63244999424.0,atlintownrealestate,limitless.inspections
63439198230.0,63244999424.0,ciara_sellshomes,limitless.inspections
68381837177.0,63244999424.0,starrobinsonrealtor,limitless.inspections
63245051227.0,63244999424.0,milonehometeam,limitless.inspections
63424130044.0,63244999424.0,jennwiltatl,limitless.inspections
70203268336.0,63244999424.0,felecia_realestate,limitless.inspections
63257030003.0,63244999424.0,carissasell_realestate,limitless.inspections
63248132024.0,63244999424.0,horizonpropertygroup_,limitless.inspections
70055510243.0,63244999424.0,she_boss_university,limitless.inspections
63253515204.0,63244999424.0,techtualchatter,limitless.inspections
63298160692.0,63244999424.0,msmarshellw,limitless.inspections
67982817270.0,63244999424.0,affyayomikun,limitless.inspections
68258046872.0,63244999424.0,quentin.d.h,limitless.inspections
63251591131.0,63244999424.0,ohnelleyeah,limitless.inspections
63478746850.0,67533218036.0,_tonyboyy_,__major23
63063062726.0,67533218036.0,darian.a.d,__major23
70207607212.0,67533218036.0,lexxiiee93,__major23
66979846514.0,67533218036.0,_anniebee,__major23
65472527260.0,67533218036.0,colour_mebeautiful,__major23
70055510243.0,67533218036.0,she_boss_university,__major23
63253515204.0,67533218036.0,techtualchatter,__major23
63298160692.0,67533218036.0,msmarshellw,__major23
67982817270.0,67533218036.0,affyayomikun,__major23
68258046872.0,67533218036.0,quentin.d.h,__major23
63251591131.0,67533218036.0,ohnelleyeah,__major23
64146307072.0,71293716448.0,i_s_o_l_d_e_,lovinghomedecorco
70854790498.0,71293716448.0,knovelprotocol,lovinghomedecorco
71452042928.0,71293716448.0,jamesfahyauthor_real,lovinghomedecorco
62863447280.0,71293716448.0,julieemovon_author,lovinghomedecorco
2245116.0,71293716448.0,katievanbruntauthor,lovinghomedecorco
70055510243.0,71293716448.0,she_boss_university,lovinghomedecorco
63253515204.0,71293716448.0,techtualchatter,lovinghomedecorco
63298160692.0,71293716448.0,msmarshellw,lovinghomedecorco
67982817270.0,71293716448.0,affyayomikun,lovinghomedecorco
68258046872.0,71293716448.0,quentin.d.h,lovinghomedecorco
63251591131.0,71293716448.0,ohnelleyeah,lovinghomedecorco
70440826177.0,70086873849.0,silverpan,treece83
66931146659.0,70086873849.0,xoxoleola,treece83
63556688046.0,70086873849.0,contentwithella,treece83
70819565811.0,70086873849.0,901variety4sales,treece83
68905675499.0,70086873849.0,officialdavidbasile,treece83
66411901180.0,70086873849.0,mayornayr,treece83
70055510243.0,70086873849.0,she_boss_university,treece83
63253515204.0,70086873849.0,techtualchatter,treece83
63298160692.0,70086873849.0,msmarshellw,treece83
67982817270.0,70086873849.0,affyayomikun,treece83
68258046872.0,70086873849.0,quentin.d.h,treece83
63251591131.0,70086873849.0,ohnelleyeah,treece83
70055510243.0,65711382680.0,she_boss_university,brash_partly
63253515204.0,65711382680.0,techtualchatter,brash_partly
63298160692.0,65711382680.0,msmarshellw,brash_partly
67982817270.0,65711382680.0,affyayomikun,brash_partly
68258046872.0,65711382680.0,quentin.d.h,brash_partly
63251591131.0,65711382680.0,ohnelleyeah,brash_partly
70055510243.0,69096298813.0,she_boss_university,stebow60
63253515204.0,69096298813.0,techtualchatter,stebow60
63298160692.0,69096298813.0,msmarshellw,stebow60
67982817270.0,69096298813.0,affyayomikun,stebow60
68258046872.0,69096298813.0,quentin.d.h,stebow60
63251591131.0,69096298813.0,ohnelleyeah,stebow60
70055510243.0,63125588758.0,she_boss_university,sa_coknee
63253515204.0,63125588758.0,techtualchatter,sa_coknee
63298160692.0,63125588758.0,msmarshellw,sa_coknee
67982817270.0,63125588758.0,affyayomikun,sa_coknee
68258046872.0,63125588758.0,quentin.d.h,sa_coknee
63251591131.0,63125588758.0,ohnelleyeah,sa_coknee
70055510243.0,63222420225.0,she_boss_university,annahsbeautyspot
63253515204.0,63222420225.0,techtualchatter,annahsbeautyspot
63298160692.0,63222420225.0,msmarshellw,annahsbeautyspot
67982817270.0,63222420225.0,affyayomikun,annahsbeautyspot
68258046872.0,63222420225.0,quentin.d.h,annahsbeautyspot
63251591131.0,63222420225.0,ohnelleyeah,annahsbeautyspot
70055510243.0,63622009036.0,she_boss_university,atlintownrealestate
63253515204.0,63622009036.0,techtualchatter,atlintownrealestate
63298160692.0,63622009036.0,msmarshellw,atlintownrealestate
67982817270.0,63622009036.0,affyayomikun,atlintownrealestate
68258046872.0,63622009036.0,quentin.d.h,atlintownrealestate
63251591131.0,63622009036.0,ohnelleyeah,atlintownrealestate
63056364516.0,63073605829.0,tomwellborn3,chrissyartworks
70055510243.0,63073605829.0,she_boss_university,chrissyartworks
63253515204.0,63073605829.0,techtualchatter,chrissyartworks
63298160692.0,63073605829.0,msmarshellw,chrissyartworks
67982817270.0,63073605829.0,affyayomikun,chrissyartworks
68258046872.0,63073605829.0,quentin.d.h,chrissyartworks
63251591131.0,63073605829.0,ohnelleyeah,chrissyartworks
70055510243.0,68187681679.0,she_boss_university,solasouthatl
63253515204.0,68187681679.0,techtualchatter,solasouthatl
63298160692.0,68187681679.0,msmarshellw,solasouthatl
67982817270.0,68187681679.0,affyayomikun,solasouthatl
68258046872.0,68187681679.0,quentin.d.h,solasouthatl
63251591131.0,68187681679.0,ohnelleyeah,solasouthatl
63460213473.0,68187681679.0,sojournerweaver,solasouthatl
66561421601.0,68187681679.0,theinversecollection,solasouthatl
63190145699.0,68187681679.0,1nd1g0g0dd3ss41,solasouthatl
65924893123.0,68187681679.0,incredible_nightmare,solasouthatl
63414308965.0,68187681679.0,starrr.seed,solasouthatl
63095622792.0,68187681679.0,kyroee,solasouthatl
65947129996.0,68187681679.0,spacekitty91,solasouthatl
63465297423.0,68187681679.0,aurainsanity,solasouthatl
3064646266.0,68187681679.0,kadencewesley,solasouthatl
63423805146.0,68187681679.0,kingtayinspires,solasouthatl
66769627005.0,68187681679.0,exileonmainst_,solasouthatl
70055510243.0,63245051227.0,she_boss_university,milonehometeam
63253515204.0,63245051227.0,techtualchatter,milonehometeam
63298160692.0,63245051227.0,msmarshellw,milonehometeam
67982817270.0,63245051227.0,affyayomikun,milonehometeam
68258046872.0,63245051227.0,quentin.d.h,milonehometeam
63251591131.0,63245051227.0,ohnelleyeah,milonehometeam
70055510243.0,63239069730.0,she_boss_university,nayara_valadao
63253515204.0,63239069730.0,techtualchatter,nayara_valadao
63298160692.0,63239069730.0,msmarshellw,nayara_valadao
67982817270.0,63239069730.0,affyayomikun,nayara_valadao
68258046872.0,63239069730.0,quentin.d.h,nayara_valadao
63251591131.0,63239069730.0,ohnelleyeah,nayara_valadao
70055510243.0,63432214919.0,she_boss_university,mariecotter1979
63253515204.0,63432214919.0,techtualchatter,mariecotter1979
63298160692.0,63432214919.0,msmarshellw,mariecotter1979
67982817270.0,63432214919.0,affyayomikun,mariecotter1979
68258046872.0,63432214919.0,quentin.d.h,mariecotter1979
63251591131.0,63432214919.0,ohnelleyeah,mariecotter1979
63478746850.0,66979846514.0,_tonyboyy_,_anniebee
65172415950.0,66979846514.0,prettybrown_eee,_anniebee
66979846514.0,66979846514.0,_anniebee,_anniebee
65472527260.0,66979846514.0,colour_mebeautiful,_anniebee
63125120049.0,66979846514.0,iamgregt,_anniebee
66693865427.0,66979846514.0,cc_munchkin,_anniebee
70055510243.0,66979846514.0,she_boss_university,_anniebee
63253515204.0,66979846514.0,techtualchatter,_anniebee
63298160692.0,66979846514.0,msmarshellw,_anniebee
67982817270.0,66979846514.0,affyayomikun,_anniebee
68258046872.0,66979846514.0,quentin.d.h,_anniebee
63251591131.0,66979846514.0,ohnelleyeah,_anniebee
70055510243.0,63275038448.0,she_boss_university,jenadile.realtor
63253515204.0,63275038448.0,techtualchatter,jenadile.realtor
63298160692.0,63275038448.0,msmarshellw,jenadile.realtor
67982817270.0,63275038448.0,affyayomikun,jenadile.realtor
68258046872.0,63275038448.0,quentin.d.h,jenadile.realtor
63251591131.0,63275038448.0,ohnelleyeah,jenadile.realtor
70055510243.0,65953628138.0,she_boss_university,nshickey
63253515204.0,65953628138.0,techtualchatter,nshickey
63298160692.0,65953628138.0,msmarshellw,nshickey
67982817270.0,65953628138.0,affyayomikun,nshickey
68258046872.0,65953628138.0,quentin.d.h,nshickey
63251591131.0,65953628138.0,ohnelleyeah,nshickey
70055510243.0,63471320421.0,she_boss_university,thomashouse_atlantarealtor
63253515204.0,63471320421.0,techtualchatter,thomashouse_atlantarealtor
63298160692.0,63471320421.0,msmarshellw,thomashouse_atlantarealtor
67982817270.0,63471320421.0,affyayomikun,thomashouse_atlantarealtor
68258046872.0,63471320421.0,quentin.d.h,thomashouse_atlantarealtor
63251591131.0,63471320421.0,ohnelleyeah,thomashouse_atlantarealtor
68903441243.0,63471320421.0,amybubesrealtor,thomashouse_atlantarealtor
63471320421.0,63471320421.0,thomashouse_atlantarealtor,thomashouse_atlantarealtor
63409357192.0,63471320421.0,theegaines,thomashouse_atlantarealtor
64242220905.0,63471320421.0,larryrountree_realestate,thomashouse_atlantarealtor
63040222632.0,63471320421.0,donnasellsga,thomashouse_atlantarealtor
63622009036.0,63471320421.0,atlintownrealestate,thomashouse_atlantarealtor
63055047246.0,63471320421.0,_kellytherealtor,thomashouse_atlantarealtor
63439198230.0,63471320421.0,ciara_sellshomes,thomashouse_atlantarealtor
68381837177.0,63471320421.0,starrobinsonrealtor,thomashouse_atlantarealtor
63251547002.0,63471320421.0,desy_rene,thomashouse_atlantarealtor
63245051227.0,63471320421.0,milonehometeam,thomashouse_atlantarealtor
63424130044.0,63471320421.0,jennwiltatl,thomashouse_atlantarealtor
70055510243.0,68898044901.0,she_boss_university,lexissilverstone
63253515204.0,68898044901.0,techtualchatter,lexissilverstone
63298160692.0,68898044901.0,msmarshellw,lexissilverstone
67982817270.0,68898044901.0,affyayomikun,lexissilverstone
68258046872.0,68898044901.0,quentin.d.h,lexissilverstone
63251591131.0,68898044901.0,ohnelleyeah,lexissilverstone
63280651402.0,70941967007.0,sturdysturtevant,tatianaimann
64227994196.0,70941967007.0,ashleyy277,tatianaimann
67982817270.0,70941967007.0,affyayomikun,tatianaimann
70826384825.0,70941967007.0,anna_r_v.2,tatianaimann
63230341872.0,70941967007.0,pageistherage,tatianaimann
66411901180.0,70941967007.0,mayornayr,tatianaimann
70300812893.0,70941967007.0,xrayj3nny,tatianaimann
70055510243.0,70941967007.0,she_boss_university,tatianaimann
63253515204.0,70941967007.0,techtualchatter,tatianaimann
63298160692.0,70941967007.0,msmarshellw,tatianaimann
68258046872.0,70941967007.0,quentin.d.h,tatianaimann
63251591131.0,70941967007.0,ohnelleyeah,tatianaimann
70055510243.0,63278605787.0,she_boss_university,thelendingvillage
63253515204.0,63278605787.0,techtualchatter,thelendingvillage
63298160692.0,63278605787.0,msmarshellw,thelendingvillage
67982817270.0,63278605787.0,affyayomikun,thelendingvillage
68258046872.0,63278605787.0,quentin.d.h,thelendingvillage
63251591131.0,63278605787.0,ohnelleyeah,thelendingvillage
63055047246.0,63055047246.0,_kellytherealtor,_kellytherealtor
63251547002.0,63055047246.0,desy_rene,_kellytherealtor
65189446855.0,63055047246.0,latevihamcnatt_,_kellytherealtor
68903441243.0,63055047246.0,amybubesrealtor,_kellytherealtor
63471320421.0,63055047246.0,thomashouse_atlantarealtor,_kellytherealtor
63409357192.0,63055047246.0,theegaines,_kellytherealtor
64242220905.0,63055047246.0,larryrountree_realestate,_kellytherealtor
63040222632.0,63055047246.0,donnasellsga,_kellytherealtor
63622009036.0,63055047246.0,atlintownrealestate,_kellytherealtor
63439198230.0,63055047246.0,ciara_sellshomes,_kellytherealtor
68381837177.0,63055047246.0,starrobinsonrealtor,_kellytherealtor
63245051227.0,63055047246.0,milonehometeam,_kellytherealtor
63424130044.0,63055047246.0,jennwiltatl,_kellytherealtor
70203268336.0,63055047246.0,felecia_realestate,_kellytherealtor
63257030003.0,63055047246.0,carissasell_realestate,_kellytherealtor
63248132024.0,63055047246.0,horizonpropertygroup_,_kellytherealtor
70055510243.0,63055047246.0,she_boss_university,_kellytherealtor
63253515204.0,63055047246.0,techtualchatter,_kellytherealtor
63298160692.0,63055047246.0,msmarshellw,_kellytherealtor
67982817270.0,63055047246.0,affyayomikun,_kellytherealtor
68258046872.0,63055047246.0,quentin.d.h,_kellytherealtor
63251591131.0,63055047246.0,ohnelleyeah,_kellytherealtor
63426138565.0,63055047246.0,ronaldreeserealtor,_kellytherealtor
67530815483.0,67530815483.0,antisoy_boy,antisoy_boy
63293178227.0,67530815483.0,nikkinonicole,antisoy_boy
70055510243.0,67530815483.0,she_boss_university,antisoy_boy
63253515204.0,67530815483.0,techtualchatter,antisoy_boy
63298160692.0,67530815483.0,msmarshellw,antisoy_boy
67982817270.0,67530815483.0,affyayomikun,antisoy_boy
68258046872.0,67530815483.0,quentin.d.h,antisoy_boy
63251591131.0,67530815483.0,ohnelleyeah,antisoy_boy
70055510243.0,63093360608.0,she_boss_university,realestatemarketingwithmohamed
63253515204.0,63093360608.0,techtualchatter,realestatemarketingwithmohamed
63298160692.0,63093360608.0,msmarshellw,realestatemarketingwithmohamed
67982817270.0,63093360608.0,affyayomikun,realestatemarketingwithmohamed
68258046872.0,63093360608.0,quentin.d.h,realestatemarketingwithmohamed
63251591131.0,63093360608.0,ohnelleyeah,realestatemarketingwithmohamed
63055047246.0,63265498763.0,_kellytherealtor,wendywoodleebernhomes
63251547002.0,63265498763.0,desy_rene,wendywoodleebernhomes
65189446855.0,63265498763.0,latevihamcnatt_,wendywoodleebernhomes
70055510243.0,63265498763.0,she_boss_university,wendywoodleebernhomes
63253515204.0,63265498763.0,techtualchatter,wendywoodleebernhomes
63298160692.0,63265498763.0,msmarshellw,wendywoodleebernhomes
67982817270.0,63265498763.0,affyayomikun,wendywoodleebernhomes
68258046872.0,63265498763.0,quentin.d.h,wendywoodleebernhomes
63251591131.0,63265498763.0,ohnelleyeah,wendywoodleebernhomes
63253784950.0,63253784950.0,apbtlifts,apbtlifts
63293178227.0,63253784950.0,nikkinonicole,apbtlifts
70055510243.0,63253784950.0,she_boss_university,apbtlifts
63253515204.0,63253784950.0,techtualchatter,apbtlifts
63298160692.0,63253784950.0,msmarshellw,apbtlifts
67982817270.0,63253784950.0,affyayomikun,apbtlifts
68258046872.0,63253784950.0,quentin.d.h,apbtlifts
63251591131.0,63253784950.0,ohnelleyeah,apbtlifts
70055510243.0,68049677302.0,she_boss_university,cjtrowerscomedy
63253515204.0,68049677302.0,techtualchatter,cjtrowerscomedy
63298160692.0,68049677302.0,msmarshellw,cjtrowerscomedy
67982817270.0,68049677302.0,affyayomikun,cjtrowerscomedy
68258046872.0,68049677302.0,quentin.d.h,cjtrowerscomedy
63251591131.0,68049677302.0,ohnelleyeah,cjtrowerscomedy
70055510243.0,63188869286.0,she_boss_university,instone_realty
63253515204.0,63188869286.0,techtualchatter,instone_realty
63298160692.0,63188869286.0,msmarshellw,instone_realty
67982817270.0,63188869286.0,affyayomikun,instone_realty
68258046872.0,63188869286.0,quentin.d.h,instone_realty
63251591131.0,63188869286.0,ohnelleyeah,instone_realty
70055510243.0,63458455713.0,she_boss_university,only1kinglo
63253515204.0,63458455713.0,techtualchatter,only1kinglo
63298160692.0,63458455713.0,msmarshellw,only1kinglo
67982817270.0,63458455713.0,affyayomikun,only1kinglo
68258046872.0,63458455713.0,quentin.d.h,only1kinglo
63251591131.0,63458455713.0,ohnelleyeah,only1kinglo
70055510243.0,70063383088.0,she_boss_university,esthersarasua
63253515204.0,70063383088.0,techtualchatter,esthersarasua
63298160692.0,70063383088.0,msmarshellw,esthersarasua
67982817270.0,70063383088.0,affyayomikun,esthersarasua
68258046872.0,70063383088.0,quentin.d.h,esthersarasua
63251591131.0,70063383088.0,ohnelleyeah,esthersarasua
70055510243.0,68199776722.0,she_boss_university,ronnietheinvestor
63253515204.0,68199776722.0,techtualchatter,ronnietheinvestor
63298160692.0,68199776722.0,msmarshellw,ronnietheinvestor
67982817270.0,68199776722.0,affyayomikun,ronnietheinvestor
68258046872.0,68199776722.0,quentin.d.h,ronnietheinvestor
63251591131.0,68199776722.0,ohnelleyeah,ronnietheinvestor
69758490729.0,69758490729.0,lil_scoota2021,lil_scoota2021
63446577932.0,69758490729.0,iam_mattlucas,lil_scoota2021
70055510243.0,69758490729.0,she_boss_university,lil_scoota2021
63253515204.0,69758490729.0,techtualchatter,lil_scoota2021
63298160692.0,69758490729.0,msmarshellw,lil_scoota2021
67982817270.0,69758490729.0,affyayomikun,lil_scoota2021
68258046872.0,69758490729.0,quentin.d.h,lil_scoota2021
63251591131.0,69758490729.0,ohnelleyeah,lil_scoota2021
70055510243.0,68667670281.0,she_boss_university,msrndiva
63253515204.0,68667670281.0,techtualchatter,msrndiva
63298160692.0,68667670281.0,msmarshellw,msrndiva
67982817270.0,68667670281.0,affyayomikun,msrndiva
68258046872.0,68667670281.0,quentin.d.h,msrndiva
63251591131.0,68667670281.0,ohnelleyeah,msrndiva
70055510243.0,67177286416.0,she_boss_university,justejykes
63253515204.0,67177286416.0,techtualchatter,justejykes
63298160692.0,67177286416.0,msmarshellw,justejykes
67982817270.0,67177286416.0,affyayomikun,justejykes
68258046872.0,67177286416.0,quentin.d.h,justejykes
63251591131.0,67177286416.0,ohnelleyeah,justejykes
70055510243.0,63613800553.0,she_boss_university,mtg.magician
63253515204.0,63613800553.0,techtualchatter,mtg.magician
63298160692.0,63613800553.0,msmarshellw,mtg.magician
67982817270.0,63613800553.0,affyayomikun,mtg.magician
68258046872.0,63613800553.0,quentin.d.h,mtg.magician
63251591131.0,63613800553.0,ohnelleyeah,mtg.magician
70055510243.0,63270643765.0,she_boss_university,the_oxymoron4
63253515204.0,63270643765.0,techtualchatter,the_oxymoron4
63298160692.0,63270643765.0,msmarshellw,the_oxymoron4
67982817270.0,63270643765.0,affyayomikun,the_oxymoron4
68258046872.0,63270643765.0,quentin.d.h,the_oxymoron4
63251591131.0,63270643765.0,ohnelleyeah,the_oxymoron4
70055510243.0,63468922575.0,she_boss_university,cadilacnah9
63253515204.0,63468922575.0,techtualchatter,cadilacnah9
63298160692.0,63468922575.0,msmarshellw,cadilacnah9
67982817270.0,63468922575.0,affyayomikun,cadilacnah9
68258046872.0,63468922575.0,quentin.d.h,cadilacnah9
63251591131.0,63468922575.0,ohnelleyeah,cadilacnah9
63095622792.0,63457780785.0,kyroee,zavey
70055510243.0,63457780785.0,she_boss_university,zavey
63253515204.0,63457780785.0,techtualchatter,zavey
63298160692.0,63457780785.0,msmarshellw,zavey
67982817270.0,63457780785.0,affyayomikun,zavey
68258046872.0,63457780785.0,quentin.d.h,zavey
63251591131.0,63457780785.0,ohnelleyeah,zavey
70055510243.0,68946782607.0,she_boss_university,neckbone_tony
63253515204.0,68946782607.0,techtualchatter,neckbone_tony
63298160692.0,68946782607.0,msmarshellw,neckbone_tony
67982817270.0,68946782607.0,affyayomikun,neckbone_tony
68258046872.0,68946782607.0,quentin.d.h,neckbone_tony
63251591131.0,68946782607.0,ohnelleyeah,neckbone_tony
70055510243.0,63502544542.0,she_boss_university,cam901realtor
63253515204.0,63502544542.0,techtualchatter,cam901realtor
63298160692.0,63502544542.0,msmarshellw,cam901realtor
67982817270.0,63502544542.0,affyayomikun,cam901realtor
68258046872.0,63502544542.0,quentin.d.h,cam901realtor
63251591131.0,63502544542.0,ohnelleyeah,cam901realtor
70055510243.0,63580407468.0,she_boss_university,laserlynxx
63253515204.0,63580407468.0,techtualchatter,laserlynxx
63298160692.0,63580407468.0,msmarshellw,laserlynxx
67982817270.0,63580407468.0,affyayomikun,laserlynxx
68258046872.0,63580407468.0,quentin.d.h,laserlynxx
63251591131.0,63580407468.0,ohnelleyeah,laserlynxx
63400205749.0,65153660265.0,gilbert_amatta,ansel.massy.7
70055510243.0,65153660265.0,she_boss_university,ansel.massy.7
63253515204.0,65153660265.0,techtualchatter,ansel.massy.7
63298160692.0,65153660265.0,msmarshellw,ansel.massy.7
67982817270.0,65153660265.0,affyayomikun,ansel.massy.7
68258046872.0,65153660265.0,quentin.d.h,ansel.massy.7
63251591131.0,65153660265.0,ohnelleyeah,ansel.massy.7
63063062726.0,68091384018.0,darian.a.d,jordan0air__
65172415950.0,68091384018.0,prettybrown_eee,jordan0air__
63125120049.0,68091384018.0,iamgregt,jordan0air__
65472527260.0,68091384018.0,colour_mebeautiful,jordan0air__
68091384018.0,68091384018.0,jordan0air__,jordan0air__
69075306963.0,68091384018.0,jlme_loon3y,jordan0air__
70055510243.0,68091384018.0,she_boss_university,jordan0air__
63253515204.0,68091384018.0,techtualchatter,jordan0air__
63298160692.0,68091384018.0,msmarshellw,jordan0air__
67982817270.0,68091384018.0,affyayomikun,jordan0air__
68258046872.0,68091384018.0,quentin.d.h,jordan0air__
63251591131.0,68091384018.0,ohnelleyeah,jordan0air__
70055510243.0,68192671914.0,she_boss_university,qdpiesigh
63253515204.0,68192671914.0,techtualchatter,qdpiesigh
63298160692.0,68192671914.0,msmarshellw,qdpiesigh
67982817270.0,68192671914.0,affyayomikun,qdpiesigh
68258046872.0,68192671914.0,quentin.d.h,qdpiesigh
63251591131.0,68192671914.0,ohnelleyeah,qdpiesigh
63478746850.0,67990658676.0,_tonyboyy_,tankhighlyfavored
65172415950.0,67990658676.0,prettybrown_eee,tankhighlyfavored
63453811184.0,67990658676.0,_ash.will,tankhighlyfavored
66979846514.0,67990658676.0,_anniebee,tankhighlyfavored
65472527260.0,67990658676.0,colour_mebeautiful,tankhighlyfavored
70055510243.0,67990658676.0,she_boss_university,tankhighlyfavored
63253515204.0,67990658676.0,techtualchatter,tankhighlyfavored
63298160692.0,67990658676.0,msmarshellw,tankhighlyfavored
67982817270.0,67990658676.0,affyayomikun,tankhighlyfavored
68258046872.0,67990658676.0,quentin.d.h,tankhighlyfavored
63251591131.0,67990658676.0,ohnelleyeah,tankhighlyfavored
63406563748.0,63120505439.0,qcvisuals,benkinghomeloans
63442023143.0,63120505439.0,kss_homeinspectors,benkinghomeloans
63381159148.0,63120505439.0,buy_sell_with_exzavia,benkinghomeloans
63120505439.0,63120505439.0,benkinghomeloans,benkinghomeloans
70055510243.0,63120505439.0,she_boss_university,benkinghomeloans
63253515204.0,63120505439.0,techtualchatter,benkinghomeloans
63298160692.0,63120505439.0,msmarshellw,benkinghomeloans
67982817270.0,63120505439.0,affyayomikun,benkinghomeloans
68258046872.0,63120505439.0,quentin.d.h,benkinghomeloans
63251591131.0,63120505439.0,ohnelleyeah,benkinghomeloans
70055510243.0,67133518317.0,she_boss_university,bg_mortgage_guru
63253515204.0,67133518317.0,techtualchatter,bg_mortgage_guru
63298160692.0,67133518317.0,msmarshellw,bg_mortgage_guru
67982817270.0,67133518317.0,affyayomikun,bg_mortgage_guru
68258046872.0,67133518317.0,quentin.d.h,bg_mortgage_guru
63251591131.0,67133518317.0,ohnelleyeah,bg_mortgage_guru
63055047246.0,67133518317.0,_kellytherealtor,bg_mortgage_guru
63426138565.0,67133518317.0,ronaldreeserealtor,bg_mortgage_guru
70055510243.0,68912721804.0,she_boss_university,peace_love_homeloans_realty
63253515204.0,68912721804.0,techtualchatter,peace_love_homeloans_realty
63298160692.0,68912721804.0,msmarshellw,peace_love_homeloans_realty
67982817270.0,68912721804.0,affyayomikun,peace_love_homeloans_realty
68258046872.0,68912721804.0,quentin.d.h,peace_love_homeloans_realty
63251591131.0,68912721804.0,ohnelleyeah,peace_love_homeloans_realty
63055047246.0,68912721804.0,_kellytherealtor,peace_love_homeloans_realty
63245051227.0,68912721804.0,milonehometeam,peace_love_homeloans_realty
63426138565.0,68912721804.0,ronaldreeserealtor,peace_love_homeloans_realty
70055510243.0,63138083905.0,she_boss_university,_thedreamflick
63253515204.0,63138083905.0,techtualchatter,_thedreamflick
63298160692.0,63138083905.0,msmarshellw,_thedreamflick
67982817270.0,63138083905.0,affyayomikun,_thedreamflick
68258046872.0,63138083905.0,quentin.d.h,_thedreamflick
63251591131.0,63138083905.0,ohnelleyeah,_thedreamflick
70055510243.0,63416555334.0,she_boss_university,rome_the_enchanted1
63253515204.0,63416555334.0,techtualchatter,rome_the_enchanted1
63298160692.0,63416555334.0,msmarshellw,rome_the_enchanted1
67982817270.0,63416555334.0,affyayomikun,rome_the_enchanted1
68258046872.0,63416555334.0,quentin.d.h,rome_the_enchanted1
63251591131.0,63416555334.0,ohnelleyeah,rome_the_enchanted1
70055510243.0,63389573010.0,she_boss_university,hey_mary_henton
63253515204.0,63389573010.0,techtualchatter,hey_mary_henton
63298160692.0,63389573010.0,msmarshellw,hey_mary_henton
67982817270.0,63389573010.0,affyayomikun,hey_mary_henton
68258046872.0,63389573010.0,quentin.d.h,hey_mary_henton
63251591131.0,63389573010.0,ohnelleyeah,hey_mary_henton
70055510243.0,63452200383.0,she_boss_university,gig.tax
63253515204.0,63452200383.0,techtualchatter,gig.tax
63298160692.0,63452200383.0,msmarshellw,gig.tax
67982817270.0,63452200383.0,affyayomikun,gig.tax
68258046872.0,63452200383.0,quentin.d.h,gig.tax
63251591131.0,63452200383.0,ohnelleyeah,gig.tax
70055510243.0,63398260381.0,she_boss_university,cindaloin
63253515204.0,63398260381.0,techtualchatter,cindaloin
63298160692.0,63398260381.0,msmarshellw,cindaloin
67982817270.0,63398260381.0,affyayomikun,cindaloin
68258046872.0,63398260381.0,quentin.d.h,cindaloin
63251591131.0,63398260381.0,ohnelleyeah,cindaloin
67533218036.0,65838889421.0,__major23,thousandaire_phil
65838889421.0,65838889421.0,thousandaire_phil,thousandaire_phil
70055510243.0,65838889421.0,she_boss_university,thousandaire_phil
63253515204.0,65838889421.0,techtualchatter,thousandaire_phil
63298160692.0,65838889421.0,msmarshellw,thousandaire_phil
67982817270.0,65838889421.0,affyayomikun,thousandaire_phil
68258046872.0,65838889421.0,quentin.d.h,thousandaire_phil
63251591131.0,65838889421.0,ohnelleyeah,thousandaire_phil
70055510243.0,68381837177.0,she_boss_university,starrobinsonrealtor
63253515204.0,68381837177.0,techtualchatter,starrobinsonrealtor
63298160692.0,68381837177.0,msmarshellw,starrobinsonrealtor
67982817270.0,68381837177.0,affyayomikun,starrobinsonrealtor
68258046872.0,68381837177.0,quentin.d.h,starrobinsonrealtor
63251591131.0,68381837177.0,ohnelleyeah,starrobinsonrealtor
63445821893.0,64567878273.0,leennnaaaas,ashaeatssoup
63195422550.0,64567878273.0,cactus.rose42,ashaeatssoup
63054925606.0,64567878273.0,asamimakes,ashaeatssoup
63095622792.0,64567878273.0,kyroee,ashaeatssoup
63241092044.0,64567878273.0,irteza_gunner3567,ashaeatssoup
68182012981.0,64567878273.0,doctor_fosser,ashaeatssoup
63581948607.0,64567878273.0,cotnerjoe,ashaeatssoup
63083730950.0,64567878273.0,laynepaigee,ashaeatssoup
68924691463.0,64567878273.0,katycataclysm,ashaeatssoup
70649373512.0,64567878273.0,ray.thedivine,ashaeatssoup
71541457311.0,64567878273.0,kevin.mc4,ashaeatssoup
69549474502.0,64567878273.0,wafrel,ashaeatssoup
71865395601.0,64567878273.0,hatsunechastity,ashaeatssoup
68493912499.0,64567878273.0,call.me_christy,ashaeatssoup
63579739193.0,64567878273.0,locnessproduction,ashaeatssoup
70872730074.0,64567878273.0,dailysh1tpost,ashaeatssoup
66411901180.0,64567878273.0,mayornayr,ashaeatssoup
63280651402.0,64567878273.0,sturdysturtevant,ashaeatssoup
64227994196.0,64567878273.0,ashleyy277,ashaeatssoup
67982817270.0,64567878273.0,affyayomikun,ashaeatssoup
70826384825.0,64567878273.0,anna_r_v.2,ashaeatssoup
68905675499.0,64567878273.0,officialdavidbasile,ashaeatssoup
63056364516.0,64567878273.0,tomwellborn3,ashaeatssoup
68892698026.0,64567878273.0,muhammadyaseen8483,ashaeatssoup
70055510243.0,64567878273.0,she_boss_university,ashaeatssoup
63253515204.0,64567878273.0,techtualchatter,ashaeatssoup
63298160692.0,64567878273.0,msmarshellw,ashaeatssoup
68258046872.0,64567878273.0,quentin.d.h,ashaeatssoup
63251591131.0,64567878273.0,ohnelleyeah,ashaeatssoup
67034801657.0,64567878273.0,ic.unv.me,ashaeatssoup
70941967007.0,64567878273.0,tatianaimann,ashaeatssoup
70055510243.0,67277111363.0,she_boss_university,sittikhdjh
63253515204.0,67277111363.0,techtualchatter,sittikhdjh
63298160692.0,67277111363.0,msmarshellw,sittikhdjh
67982817270.0,67277111363.0,affyayomikun,sittikhdjh
68258046872.0,67277111363.0,quentin.d.h,sittikhdjh
63251591131.0,67277111363.0,ohnelleyeah,sittikhdjh
63125120049.0,63125120049.0,iamgregt,iamgregt
63478746850.0,63125120049.0,_tonyboyy_,iamgregt
70055510243.0,63125120049.0,she_boss_university,iamgregt
63253515204.0,63125120049.0,techtualchatter,iamgregt
63298160692.0,63125120049.0,msmarshellw,iamgregt
67982817270.0,63125120049.0,affyayomikun,iamgregt
68258046872.0,63125120049.0,quentin.d.h,iamgregt
63251591131.0,63125120049.0,ohnelleyeah,iamgregt
63446577932.0,63125120049.0,iam_mattlucas,iamgregt
70055510243.0,68901111311.0,she_boss_university,charis_sharnee
63253515204.0,68901111311.0,techtualchatter,charis_sharnee
63298160692.0,68901111311.0,msmarshellw,charis_sharnee
67982817270.0,68901111311.0,affyayomikun,charis_sharnee
68258046872.0,68901111311.0,quentin.d.h,charis_sharnee
63251591131.0,68901111311.0,ohnelleyeah,charis_sharnee
206502157.0,69536541266.0,hillary_chen90,tecnoose77
69147424111.0,69536541266.0,thegamervillage,tecnoose77
5276064760.0,69536541266.0,azngrains,tecnoose77
69536541266.0,69536541266.0,tecnoose77,tecnoose77
63441298201.0,69536541266.0,danieleubankk,tecnoose77
66411901180.0,69536541266.0,mayornayr,tecnoose77
63464138175.0,69536541266.0,malcolmlocs,tecnoose77
5519810490.0,69536541266.0,a_fishcalledrhonda,tecnoose77
63943005455.0,69536541266.0,poetry_by_ed,tecnoose77
65219958169.0,69536541266.0,dawn_thatsme,tecnoose77
63457193246.0,69536541266.0,prof.thimbleberry,tecnoose77
63606440869.0,69536541266.0,spanish.goddesss,tecnoose77
63050637478.0,69536541266.0,grork,tecnoose77
63054925606.0,69536541266.0,asamimakes,tecnoose77
7806225.0,69536541266.0,anfbabe,tecnoose77
68493912499.0,69536541266.0,call.me_christy,tecnoose77
68182012981.0,69536541266.0,doctor_fosser,tecnoose77
67162083636.0,69536541266.0,faequeen41,tecnoose77
63764688319.0,69536541266.0,46elks,tecnoose77
63423876041.0,69536541266.0,mackieatmyhouse,tecnoose77
64529790291.0,69536541266.0,alina.b.nova,tecnoose77
65693063382.0,69536541266.0,fredwinter27,tecnoose77
63460213473.0,69536541266.0,sojournerweaver,tecnoose77
63131606124.0,69536541266.0,_neonrainbow__26,tecnoose77
67142320502.0,69536541266.0,bossup.ai,tecnoose77
63441397496.0,69536541266.0,kelseysheppard93,tecnoose77
63258411514.0,69536541266.0,mrvalvetronix,tecnoose77
66096550304.0,69536541266.0,facelessfreedomlifestyle,tecnoose77
63273666374.0,69536541266.0,ackiel33,tecnoose77
70055510243.0,69536541266.0,she_boss_university,tecnoose77
63253515204.0,69536541266.0,techtualchatter,tecnoose77
63298160692.0,69536541266.0,msmarshellw,tecnoose77
67982817270.0,69536541266.0,affyayomikun,tecnoose77
68258046872.0,69536541266.0,quentin.d.h,tecnoose77
63251591131.0,69536541266.0,ohnelleyeah,tecnoose77
70440826177.0,69536541266.0,silverpan,tecnoose77
200220352.0,69536541266.0,darci3m,tecnoose77
63064470626.0,69536541266.0,macgregor7894,tecnoose77
63095622792.0,69536541266.0,kyroee,tecnoose77
38898303273.0,69536541266.0,trips_god,tecnoose77
69562414066.0,69536541266.0,540saunders540,tecnoose77
67100400012.0,69536541266.0,topbusinesstools,tecnoose77
70113547412.0,69536541266.0,djconejoblas,tecnoose77
267179992.0,69536541266.0,_theindoorkite_,tecnoose77
64343718875.0,69536541266.0,tracey.curtis.507,tecnoose77
63299138559.0,69536541266.0,mazenassfour,tecnoose77
70055510243.0,65785125482.0,she_boss_university,frejafoxstone
63253515204.0,65785125482.0,techtualchatter,frejafoxstone
63298160692.0,65785125482.0,msmarshellw,frejafoxstone
67982817270.0,65785125482.0,affyayomikun,frejafoxstone
68258046872.0,65785125482.0,quentin.d.h,frejafoxstone
63251591131.0,65785125482.0,ohnelleyeah,frejafoxstone
70055510243.0,63258523076.0,she_boss_university,kylaaky._
63253515204.0,63258523076.0,techtualchatter,kylaaky._
63298160692.0,63258523076.0,msmarshellw,kylaaky._
67982817270.0,63258523076.0,affyayomikun,kylaaky._
68258046872.0,63258523076.0,quentin.d.h,kylaaky._
63251591131.0,63258523076.0,ohnelleyeah,kylaaky._
63095622792.0,63266538932.0,kyroee,thaddius_cho
362543852.0,63266538932.0,fiona_from_hell_86,thaddius_cho
63556688046.0,63266538932.0,contentwithella,thaddius_cho
67100400012.0,63266538932.0,topbusinesstools,thaddius_cho
63266538932.0,63266538932.0,thaddius_cho,thaddius_cho
68905675499.0,63266538932.0,officialdavidbasile,thaddius_cho
66378041630.0,63266538932.0,kamraann_aslam,thaddius_cho
15017382870.0,63266538932.0,lmp.secure,thaddius_cho
63141700572.0,63266538932.0,krystle.channel,thaddius_cho
70055510243.0,63266538932.0,she_boss_university,thaddius_cho
63253515204.0,63266538932.0,techtualchatter,thaddius_cho
63298160692.0,63266538932.0,msmarshellw,thaddius_cho
67982817270.0,63266538932.0,affyayomikun,thaddius_cho
68258046872.0,63266538932.0,quentin.d.h,thaddius_cho
63251591131.0,63266538932.0,ohnelleyeah,thaddius_cho
70055510243.0,63310345965.0,she_boss_university,ncharles_realestate
63253515204.0,63310345965.0,techtualchatter,ncharles_realestate
63298160692.0,63310345965.0,msmarshellw,ncharles_realestate
67982817270.0,63310345965.0,affyayomikun,ncharles_realestate
68258046872.0,63310345965.0,quentin.d.h,ncharles_realestate
63251591131.0,63310345965.0,ohnelleyeah,ncharles_realestate
70055510243.0,63269972312.0,she_boss_university,robertkochdesigns
63253515204.0,63269972312.0,techtualchatter,robertkochdesigns
63298160692.0,63269972312.0,msmarshellw,robertkochdesigns
67982817270.0,63269972312.0,affyayomikun,robertkochdesigns
68258046872.0,63269972312.0,quentin.d.h,robertkochdesigns
63251591131.0,63269972312.0,ohnelleyeah,robertkochdesigns
70055510243.0,63662744989.0,she_boss_university,truelifemusician
63253515204.0,63662744989.0,techtualchatter,truelifemusician
63298160692.0,63662744989.0,msmarshellw,truelifemusician
67982817270.0,63662744989.0,affyayomikun,truelifemusician
68258046872.0,63662744989.0,quentin.d.h,truelifemusician
63251591131.0,63662744989.0,ohnelleyeah,truelifemusician
63253515204.0,69559678235.0,techtualchatter,eyeamjulius
63298160692.0,69559678235.0,msmarshellw,eyeamjulius
67982817270.0,69559678235.0,affyayomikun,eyeamjulius
68258046872.0,69559678235.0,quentin.d.h,eyeamjulius
63251591131.0,69559678235.0,ohnelleyeah,eyeamjulius
64503820848.0,63084138180.0,damaraprian,honeyyymel_
66411901180.0,63084138180.0,mayornayr,honeyyymel_
70055510243.0,63084138180.0,she_boss_university,honeyyymel_
63253515204.0,63084138180.0,techtualchatter,honeyyymel_
63298160692.0,63084138180.0,msmarshellw,honeyyymel_
67982817270.0,63084138180.0,affyayomikun,honeyyymel_
68258046872.0,63084138180.0,quentin.d.h,honeyyymel_
63251591131.0,63084138180.0,ohnelleyeah,honeyyymel_
70055510243.0,63279625826.0,she_boss_university,tours_by_greg
63253515204.0,63279625826.0,techtualchatter,tours_by_greg
63298160692.0,63279625826.0,msmarshellw,tours_by_greg
67982817270.0,63279625826.0,affyayomikun,tours_by_greg
68258046872.0,63279625826.0,quentin.d.h,tours_by_greg
63251591131.0,63279625826.0,ohnelleyeah,tours_by_greg
69099928682.0,63138636789.0,_usererror333_,enzi_halisi_bahari
71616592848.0,63138636789.0,jasminelasouriante,enzi_halisi_bahari
67034801657.0,63138636789.0,ic.unv.me,enzi_halisi_bahari
70941967007.0,63138636789.0,tatianaimann,enzi_halisi_bahari
70055510243.0,63138636789.0,she_boss_university,enzi_halisi_bahari
63253515204.0,63138636789.0,techtualchatter,enzi_halisi_bahari
63298160692.0,63138636789.0,msmarshellw,enzi_halisi_bahari
67982817270.0,63138636789.0,affyayomikun,enzi_halisi_bahari
68258046872.0,63138636789.0,quentin.d.h,enzi_halisi_bahari
63251591131.0,63138636789.0,ohnelleyeah,enzi_halisi_bahari
63396341305.0,63281306366.0,life.of.l__1906,radiantwellhub_
66411901180.0,63281306366.0,mayornayr,radiantwellhub_
70055510243.0,63281306366.0,she_boss_university,radiantwellhub_
63253515204.0,63281306366.0,techtualchatter,radiantwellhub_
63298160692.0,63281306366.0,msmarshellw,radiantwellhub_
67982817270.0,63281306366.0,affyayomikun,radiantwellhub_
68258046872.0,63281306366.0,quentin.d.h,radiantwellhub_
63251591131.0,63281306366.0,ohnelleyeah,radiantwellhub_
63253515204.0,69902608125.0,techtualchatter,kingjmansuo
63298160692.0,69902608125.0,msmarshellw,kingjmansuo
67982817270.0,69902608125.0,affyayomikun,kingjmansuo
68258046872.0,69902608125.0,quentin.d.h,kingjmansuo
63251591131.0,69902608125.0,ohnelleyeah,kingjmansuo
63083730950.0,71341934910.0,laynepaigee,ice_avalanche
68924691463.0,71341934910.0,katycataclysm,ice_avalanche
70649373512.0,71341934910.0,ray.thedivine,ice_avalanche
71541457311.0,71341934910.0,kevin.mc4,ice_avalanche
69549474502.0,71341934910.0,wafrel,ice_avalanche
71865395601.0,71341934910.0,hatsunechastity,ice_avalanche
68493912499.0,71341934910.0,call.me_christy,ice_avalanche
63579739193.0,71341934910.0,locnessproduction,ice_avalanche
70872730074.0,71341934910.0,dailysh1tpost,ice_avalanche
66411901180.0,71341934910.0,mayornayr,ice_avalanche
71341934910.0,71341934910.0,ice_avalanche,ice_avalanche
63280651402.0,71341934910.0,sturdysturtevant,ice_avalanche
64227994196.0,71341934910.0,ashleyy277,ice_avalanche
67982817270.0,71341934910.0,affyayomikun,ice_avalanche
70826384825.0,71341934910.0,anna_r_v.2,ice_avalanche
70055510243.0,71341934910.0,she_boss_university,ice_avalanche
63253515204.0,71341934910.0,techtualchatter,ice_avalanche
63298160692.0,71341934910.0,msmarshellw,ice_avalanche
68258046872.0,71341934910.0,quentin.d.h,ice_avalanche
63251591131.0,71341934910.0,ohnelleyeah,ice_avalanche
66931146659.0,71341934910.0,xoxoleola,ice_avalanche
63161359577.0,62848732091.0,maskxplorer,dogs.and.peonies
70415370595.0,62848732091.0,jhosep_26z,dogs.and.peonies
63255770361.0,62848732091.0,paulmoreira_,dogs.and.peonies
63266538932.0,62848732091.0,thaddius_cho,dogs.and.peonies
63904955769.0,62848732091.0,spuros.pi,dogs.and.peonies
68905675499.0,62848732091.0,officialdavidbasile,dogs.and.peonies
70055510243.0,62848732091.0,she_boss_university,dogs.and.peonies
63253515204.0,62848732091.0,techtualchatter,dogs.and.peonies
63298160692.0,62848732091.0,msmarshellw,dogs.and.peonies
67982817270.0,62848732091.0,affyayomikun,dogs.and.peonies
68258046872.0,62848732091.0,quentin.d.h,dogs.and.peonies
63251591131.0,62848732091.0,ohnelleyeah,dogs.and.peonies
70055510243.0,70055510243.0,she_boss_university,she_boss_university
63253515204.0,70055510243.0,techtualchatter,she_boss_university
63298160692.0,70055510243.0,msmarshellw,she_boss_university
67982817270.0,70055510243.0,affyayomikun,she_boss_university
68258046872.0,70055510243.0,quentin.d.h,she_boss_university
63251591131.0,70055510243.0,ohnelleyeah,she_boss_university
70055510243.0,63258245358.0,she_boss_university,jordan.woods3
63253515204.0,63258245358.0,techtualchatter,jordan.woods3
63298160692.0,63258245358.0,msmarshellw,jordan.woods3
67982817270.0,63258245358.0,affyayomikun,jordan.woods3
68258046872.0,63258245358.0,quentin.d.h,jordan.woods3
63251591131.0,63258245358.0,ohnelleyeah,jordan.woods3
70055510243.0,64121441417.0,she_boss_university,laurenandmeagan235
63253515204.0,64121441417.0,techtualchatter,laurenandmeagan235
63298160692.0,64121441417.0,msmarshellw,laurenandmeagan235
67982817270.0,64121441417.0,affyayomikun,laurenandmeagan235
68258046872.0,64121441417.0,quentin.d.h,laurenandmeagan235
63251591131.0,64121441417.0,ohnelleyeah,laurenandmeagan235
70055510243.0,70334782927.0,she_boss_university,tanaklesfitch
63253515204.0,70334782927.0,techtualchatter,tanaklesfitch
63298160692.0,70334782927.0,msmarshellw,tanaklesfitch
67982817270.0,70334782927.0,affyayomikun,tanaklesfitch
68258046872.0,70334782927.0,quentin.d.h,tanaklesfitch
63251591131.0,70334782927.0,ohnelleyeah,tanaklesfitch
63478746850.0,63478746850.0,_tonyboyy_,_tonyboyy_
66979846514.0,63478746850.0,_anniebee,_tonyboyy_
70207607212.0,63478746850.0,lexxiiee93,_tonyboyy_
63435513595.0,63478746850.0,_caddymack,_tonyboyy_
70055510243.0,63478746850.0,she_boss_university,_tonyboyy_
63253515204.0,63478746850.0,techtualchatter,_tonyboyy_
63298160692.0,63478746850.0,msmarshellw,_tonyboyy_
67982817270.0,63478746850.0,affyayomikun,_tonyboyy_
68258046872.0,63478746850.0,quentin.d.h,_tonyboyy_
63251591131.0,63478746850.0,ohnelleyeah,_tonyboyy_
63265522322.0,63478746850.0,taeken1step,_tonyboyy_
70055510243.0,69808050380.0,she_boss_university,chaunceypage79
63253515204.0,69808050380.0,techtualchatter,chaunceypage79
63298160692.0,69808050380.0,msmarshellw,chaunceypage79
67982817270.0,69808050380.0,affyayomikun,chaunceypage79
68258046872.0,69808050380.0,quentin.d.h,chaunceypage79
63251591131.0,69808050380.0,ohnelleyeah,chaunceypage79
70055510243.0,63494824855.0,she_boss_university,blrd_customs
63253515204.0,63494824855.0,techtualchatter,blrd_customs
63298160692.0,63494824855.0,msmarshellw,blrd_customs
67982817270.0,63494824855.0,affyayomikun,blrd_customs
68258046872.0,63494824855.0,quentin.d.h,blrd_customs
63251591131.0,63494824855.0,ohnelleyeah,blrd_customs
70055510243.0,68061626789.0,she_boss_university,gz_bey
63253515204.0,68061626789.0,techtualchatter,gz_bey
63298160692.0,68061626789.0,msmarshellw,gz_bey
67982817270.0,68061626789.0,affyayomikun,gz_bey
68258046872.0,68061626789.0,quentin.d.h,gz_bey
63251591131.0,68061626789.0,ohnelleyeah,gz_bey
63095622792.0,63556688046.0,kyroee,contentwithella
362543852.0,63556688046.0,fiona_from_hell_86,contentwithella
63556688046.0,63556688046.0,contentwithella,contentwithella
67100400012.0,63556688046.0,topbusinesstools,contentwithella
63266538932.0,63556688046.0,thaddius_cho,contentwithella
68905675499.0,63556688046.0,officialdavidbasile,contentwithella
66378041630.0,63556688046.0,kamraann_aslam,contentwithella
15017382870.0,63556688046.0,lmp.secure,contentwithella
70440826177.0,63556688046.0,silverpan,contentwithella
66931146659.0,63556688046.0,xoxoleola,contentwithella
70819565811.0,63556688046.0,901variety4sales,contentwithella
66411901180.0,63556688046.0,mayornayr,contentwithella
70248155205.0,63556688046.0,abdulkarim82hamad,contentwithella
64227994196.0,63556688046.0,ashleyy277,contentwithella
64343718875.0,63556688046.0,tracey.curtis.507,contentwithella
70055510243.0,63556688046.0,she_boss_university,contentwithella
63253515204.0,63556688046.0,techtualchatter,contentwithella
63298160692.0,63556688046.0,msmarshellw,contentwithella
67982817270.0,63556688046.0,affyayomikun,contentwithella
68258046872.0,63556688046.0,quentin.d.h,contentwithella
63251591131.0,63556688046.0,ohnelleyeah,contentwithella
63280651402.0,67982817270.0,sturdysturtevant,affyayomikun
64227994196.0,67982817270.0,ashleyy277,affyayomikun
67982817270.0,67982817270.0,affyayomikun,affyayomikun
70826384825.0,67982817270.0,anna_r_v.2,affyayomikun
70055510243.0,67982817270.0,she_boss_university,affyayomikun
63253515204.0,67982817270.0,techtualchatter,affyayomikun
63298160692.0,67982817270.0,msmarshellw,affyayomikun
68258046872.0,67982817270.0,quentin.d.h,affyayomikun
63251591131.0,67982817270.0,ohnelleyeah,affyayomikun
68582218545.0,68582218545.0,jeriluvt,jeriluvt
65415392526.0,68582218545.0,tricie_jai,jeriluvt
70055510243.0,68582218545.0,she_boss_university,jeriluvt
63253515204.0,68582218545.0,techtualchatter,jeriluvt
67982817270.0,68582218545.0,affyayomikun,jeriluvt
68258046872.0,68582218545.0,quentin.d.h,jeriluvt
63251591131.0,68582218545.0,ohnelleyeah,jeriluvt
70055510243.0,63246192980.0,she_boss_university,wgaiso
63253515204.0,63246192980.0,techtualchatter,wgaiso
63298160692.0,63246192980.0,msmarshellw,wgaiso
67982817270.0,63246192980.0,affyayomikun,wgaiso
68258046872.0,63246192980.0,quentin.d.h,wgaiso
63251591131.0,63246192980.0,ohnelleyeah,wgaiso
70055510243.0,70151437157.0,she_boss_university,kerryd.sing
63253515204.0,70151437157.0,techtualchatter,kerryd.sing
63298160692.0,70151437157.0,msmarshellw,kerryd.sing
67982817270.0,70151437157.0,affyayomikun,kerryd.sing
68258046872.0,70151437157.0,quentin.d.h,kerryd.sing
63251591131.0,70151437157.0,ohnelleyeah,kerryd.sing
70055510243.0,63482441486.0,she_boss_university,_piecesofbri
63253515204.0,63482441486.0,techtualchatter,_piecesofbri
63298160692.0,63482441486.0,msmarshellw,_piecesofbri
67982817270.0,63482441486.0,affyayomikun,_piecesofbri
68258046872.0,63482441486.0,quentin.d.h,_piecesofbri
63251591131.0,63482441486.0,ohnelleyeah,_piecesofbri
70055510243.0,69504030783.0,she_boss_university,ctyancy
63253515204.0,69504030783.0,techtualchatter,ctyancy
63298160692.0,69504030783.0,msmarshellw,ctyancy
67982817270.0,69504030783.0,affyayomikun,ctyancy
68258046872.0,69504030783.0,quentin.d.h,ctyancy
63251591131.0,69504030783.0,ohnelleyeah,ctyancy
63298160692.0,63298160692.0,msmarshellw,msmarshellw
70055510243.0,63298160692.0,she_boss_university,msmarshellw
63253515204.0,63298160692.0,techtualchatter,msmarshellw
67982817270.0,63298160692.0,affyayomikun,msmarshellw
68258046872.0,63298160692.0,quentin.d.h,msmarshellw
63251591131.0,63298160692.0,ohnelleyeah,msmarshellw
70055510243.0,63455078019.0,she_boss_university,queet_shontea
63253515204.0,63455078019.0,techtualchatter,queet_shontea
63298160692.0,63455078019.0,msmarshellw,queet_shontea
67982817270.0,63455078019.0,affyayomikun,queet_shontea
68258046872.0,63455078019.0,quentin.d.h,queet_shontea
63251591131.0,63455078019.0,ohnelleyeah,queet_shontea
63406563748.0,63406563748.0,qcvisuals,qcvisuals
63442023143.0,63406563748.0,kss_homeinspectors,qcvisuals
63381159148.0,63406563748.0,buy_sell_with_exzavia,qcvisuals
63120505439.0,63406563748.0,benkinghomeloans,qcvisuals
70055510243.0,63406563748.0,she_boss_university,qcvisuals
63253515204.0,63406563748.0,techtualchatter,qcvisuals
63298160692.0,63406563748.0,msmarshellw,qcvisuals
67982817270.0,63406563748.0,affyayomikun,qcvisuals
68258046872.0,63406563748.0,quentin.d.h,qcvisuals
63251591131.0,63406563748.0,ohnelleyeah,qcvisuals
70055510243.0,69502225335.0,she_boss_university,rawdemand
63253515204.0,69502225335.0,techtualchatter,rawdemand
63298160692.0,69502225335.0,msmarshellw,rawdemand
67982817270.0,69502225335.0,affyayomikun,rawdemand
68258046872.0,69502225335.0,quentin.d.h,rawdemand
63251591131.0,69502225335.0,ohnelleyeah,rawdemand
70055510243.0,63274614297.0,she_boss_university,hayteeola
63253515204.0,63274614297.0,techtualchatter,hayteeola
63298160692.0,63274614297.0,msmarshellw,hayteeola
67982817270.0,63274614297.0,affyayomikun,hayteeola
68258046872.0,63274614297.0,quentin.d.h,hayteeola
63251591131.0,63274614297.0,ohnelleyeah,hayteeola
63161359577.0,64052464765.0,maskxplorer,manufebie
70415370595.0,64052464765.0,jhosep_26z,manufebie
63255770361.0,64052464765.0,paulmoreira_,manufebie
63266538932.0,64052464765.0,thaddius_cho,manufebie
63904955769.0,64052464765.0,spuros.pi,manufebie
68905675499.0,64052464765.0,officialdavidbasile,manufebie
70055510243.0,64052464765.0,she_boss_university,manufebie
63253515204.0,64052464765.0,techtualchatter,manufebie
63298160692.0,64052464765.0,msmarshellw,manufebie
67982817270.0,64052464765.0,affyayomikun,manufebie
68258046872.0,64052464765.0,quentin.d.h,manufebie
63251591131.0,64052464765.0,ohnelleyeah,manufebie
70055510243.0,63290721975.0,she_boss_university,dmv_p
63253515204.0,63290721975.0,techtualchatter,dmv_p
63298160692.0,63290721975.0,msmarshellw,dmv_p
67982817270.0,63290721975.0,affyayomikun,dmv_p
68258046872.0,63290721975.0,quentin.d.h,dmv_p
63251591131.0,63290721975.0,ohnelleyeah,dmv_p
70055510243.0,63481024097.0,she_boss_university,vibeswithaj_
63253515204.0,63481024097.0,techtualchatter,vibeswithaj_
63298160692.0,63481024097.0,msmarshellw,vibeswithaj_
67982817270.0,63481024097.0,affyayomikun,vibeswithaj_
68258046872.0,63481024097.0,quentin.d.h,vibeswithaj_
63251591131.0,63481024097.0,ohnelleyeah,vibeswithaj_
66050230345.0,66050230345.0,scorpion_lover,scorpion_lover
63182577124.0,66050230345.0,dontfretcelest,scorpion_lover
63446577932.0,66050230345.0,iam_mattlucas,scorpion_lover
70055510243.0,66050230345.0,she_boss_university,scorpion_lover
63253515204.0,66050230345.0,techtualchatter,scorpion_lover
63298160692.0,66050230345.0,msmarshellw,scorpion_lover
67982817270.0,66050230345.0,affyayomikun,scorpion_lover
68258046872.0,66050230345.0,quentin.d.h,scorpion_lover
63251591131.0,66050230345.0,ohnelleyeah,scorpion_lover
22414808.0,68176987090.0,missmatador,marcmason115
63159194609.0,68176987090.0,theartcandee,marcmason115
68182012981.0,68176987090.0,doctor_fosser,marcmason115
63434618598.0,68176987090.0,fawngoodwine,marcmason115
70260714052.0,68176987090.0,jaymehaase77,marcmason115
63263291679.0,68176987090.0,denisejoyhart,marcmason115
70055510243.0,68176987090.0,she_boss_university,marcmason115
63253515204.0,68176987090.0,techtualchatter,marcmason115
63298160692.0,68176987090.0,msmarshellw,marcmason115
67982817270.0,68176987090.0,affyayomikun,marcmason115
68258046872.0,68176987090.0,quentin.d.h,marcmason115
70055510243.0,64016863918.0,she_boss_university,itserin.kay
63253515204.0,64016863918.0,techtualchatter,itserin.kay
63298160692.0,64016863918.0,msmarshellw,itserin.kay
67982817270.0,64016863918.0,affyayomikun,itserin.kay
68258046872.0,64016863918.0,quentin.d.h,itserin.kay
63251591131.0,64016863918.0,ohnelleyeah,itserin.kay
63251591131.0,63251591131.0,ohnelleyeah,ohnelleyeah
63086999261.0,63251591131.0,heyitskimberlyn_,ohnelleyeah
64343718875.0,63251591131.0,tracey.curtis.507,ohnelleyeah
70055510243.0,63251591131.0,she_boss_university,ohnelleyeah
63253515204.0,63251591131.0,techtualchatter,ohnelleyeah
63298160692.0,63251591131.0,msmarshellw,ohnelleyeah
67982817270.0,63251591131.0,affyayomikun,ohnelleyeah
68258046872.0,63251591131.0,quentin.d.h,ohnelleyeah
63465155635.0,63251591131.0,melissaharran,ohnelleyeah
69296714937.0,63251591131.0,sacajungirl,ohnelleyeah
63253515204.0,63106896711.0,techtualchatter,kaymahogany
63298160692.0,63106896711.0,msmarshellw,kaymahogany
67982817270.0,63106896711.0,affyayomikun,kaymahogany
68258046872.0,63106896711.0,quentin.d.h,kaymahogany
63251591131.0,63106896711.0,ohnelleyeah,kaymahogany
70055510243.0,68829222563.0,she_boss_university,misswisefinance
63253515204.0,68829222563.0,techtualchatter,misswisefinance
63298160692.0,68829222563.0,msmarshellw,misswisefinance
67982817270.0,68829222563.0,affyayomikun,misswisefinance
68258046872.0,68829222563.0,quentin.d.h,misswisefinance
63251591131.0,68829222563.0,ohnelleyeah,misswisefinance
70055510243.0,68258046872.0,she_boss_university,quentin.d.h
63253515204.0,68258046872.0,techtualchatter,quentin.d.h
63298160692.0,68258046872.0,msmarshellw,quentin.d.h
67982817270.0,68258046872.0,affyayomikun,quentin.d.h
68258046872.0,68258046872.0,quentin.d.h,quentin.d.h
63251591131.0,68258046872.0,ohnelleyeah,quentin.d.h
70055510243.0,63409357192.0,she_boss_university,theegaines
63253515204.0,63409357192.0,techtualchatter,theegaines
63298160692.0,63409357192.0,msmarshellw,theegaines
67982817270.0,63409357192.0,affyayomikun,theegaines
68258046872.0,63409357192.0,quentin.d.h,theegaines
63251591131.0,63409357192.0,ohnelleyeah,theegaines
68903441243.0,63409357192.0,amybubesrealtor,theegaines
63471320421.0,63409357192.0,thomashouse_atlantarealtor,theegaines
63409357192.0,63409357192.0,theegaines,theegaines
64242220905.0,63409357192.0,larryrountree_realestate,theegaines
63040222632.0,63409357192.0,donnasellsga,theegaines
63622009036.0,63409357192.0,atlintownrealestate,theegaines
63055047246.0,63409357192.0,_kellytherealtor,theegaines
63439198230.0,63409357192.0,ciara_sellshomes,theegaines
68381837177.0,63409357192.0,starrobinsonrealtor,theegaines
63251547002.0,63409357192.0,desy_rene,theegaines
63245051227.0,63409357192.0,milonehometeam,theegaines
63424130044.0,63409357192.0,jennwiltatl,theegaines
70055510243.0,63247591546.0,she_boss_university,r.warren_
63253515204.0,63247591546.0,techtualchatter,r.warren_
63298160692.0,63247591546.0,msmarshellw,r.warren_
67982817270.0,63247591546.0,affyayomikun,r.warren_
68258046872.0,63247591546.0,quentin.d.h,r.warren_
63251591131.0,63247591546.0,ohnelleyeah,r.warren_
64685059601.0,64685059601.0,keciadelene,keciadelene
70055510243.0,64685059601.0,she_boss_university,keciadelene
63253515204.0,64685059601.0,techtualchatter,keciadelene
63298160692.0,64685059601.0,msmarshellw,keciadelene
67982817270.0,64685059601.0,affyayomikun,keciadelene
68258046872.0,64685059601.0,quentin.d.h,keciadelene
63251591131.0,64685059601.0,ohnelleyeah,keciadelene
63406563748.0,64242220905.0,qcvisuals,larryrountree_realestate
63381159148.0,64242220905.0,buy_sell_with_exzavia,larryrountree_realestate
63120505439.0,64242220905.0,benkinghomeloans,larryrountree_realestate
70055510243.0,64242220905.0,she_boss_university,larryrountree_realestate
63253515204.0,64242220905.0,techtualchatter,larryrountree_realestate
63298160692.0,64242220905.0,msmarshellw,larryrountree_realestate
67982817270.0,64242220905.0,affyayomikun,larryrountree_realestate
68258046872.0,64242220905.0,quentin.d.h,larryrountree_realestate
63251591131.0,64242220905.0,ohnelleyeah,larryrountree_realestate
68903441243.0,64242220905.0,amybubesrealtor,larryrountree_realestate
63471320421.0,64242220905.0,thomashouse_atlantarealtor,larryrountree_realestate
63409357192.0,64242220905.0,theegaines,larryrountree_realestate
64242220905.0,64242220905.0,larryrountree_realestate,larryrountree_realestate
63040222632.0,64242220905.0,donnasellsga,larryrountree_realestate
63622009036.0,64242220905.0,atlintownrealestate,larryrountree_realestate
63439198230.0,64242220905.0,ciara_sellshomes,larryrountree_realestate
68381837177.0,64242220905.0,starrobinsonrealtor,larryrountree_realestate
63251547002.0,64242220905.0,desy_rene,larryrountree_realestate
63245051227.0,64242220905.0,milonehometeam,larryrountree_realestate
63424130044.0,64242220905.0,jennwiltatl,larryrountree_realestate
70055510243.0,70083604765.0,she_boss_university,llgar.sae
63253515204.0,70083604765.0,techtualchatter,llgar.sae
63298160692.0,70083604765.0,msmarshellw,llgar.sae
67982817270.0,70083604765.0,affyayomikun,llgar.sae
68258046872.0,70083604765.0,quentin.d.h,llgar.sae
63251591131.0,70083604765.0,ohnelleyeah,llgar.sae
70055510243.0,63093214721.0,she_boss_university,letandraa_a
63253515204.0,63093214721.0,techtualchatter,letandraa_a
63298160692.0,63093214721.0,msmarshellw,letandraa_a
67982817270.0,63093214721.0,affyayomikun,letandraa_a
68258046872.0,63093214721.0,quentin.d.h,letandraa_a
63251591131.0,63093214721.0,ohnelleyeah,letandraa_a
70055510243.0,65763270578.0,she_boss_university,plobo12
63253515204.0,65763270578.0,techtualchatter,plobo12
63298160692.0,65763270578.0,msmarshellw,plobo12
67982817270.0,65763270578.0,affyayomikun,plobo12
68258046872.0,65763270578.0,quentin.d.h,plobo12
63251591131.0,65763270578.0,ohnelleyeah,plobo12
70055510243.0,63423829547.0,she_boss_university,pokerprored
63253515204.0,63423829547.0,techtualchatter,pokerprored
63298160692.0,63423829547.0,msmarshellw,pokerprored
67982817270.0,63423829547.0,affyayomikun,pokerprored
68258046872.0,63423829547.0,quentin.d.h,pokerprored
63251591131.0,63423829547.0,ohnelleyeah,pokerprored
67530815483.0,63155615863.0,antisoy_boy,kristin_pep
63155615863.0,63155615863.0,kristin_pep,kristin_pep
63293178227.0,63155615863.0,nikkinonicole,kristin_pep
70055510243.0,63155615863.0,she_boss_university,kristin_pep
63298160692.0,63155615863.0,msmarshellw,kristin_pep
67982817270.0,63155615863.0,affyayomikun,kristin_pep
68258046872.0,63155615863.0,quentin.d.h,kristin_pep
63251591131.0,63155615863.0,ohnelleyeah,kristin_pep
70055510243.0,70349544027.0,she_boss_university,ana.and.co.realestate
63253515204.0,70349544027.0,techtualchatter,ana.and.co.realestate
63298160692.0,70349544027.0,msmarshellw,ana.and.co.realestate
67982817270.0,70349544027.0,affyayomikun,ana.and.co.realestate
68258046872.0,70349544027.0,quentin.d.h,ana.and.co.realestate
63251591131.0,70349544027.0,ohnelleyeah,ana.and.co.realestate
70055510243.0,68669039857.0,she_boss_university,el_l_smooth_jay
63253515204.0,68669039857.0,techtualchatter,el_l_smooth_jay
63298160692.0,68669039857.0,msmarshellw,el_l_smooth_jay
67982817270.0,68669039857.0,affyayomikun,el_l_smooth_jay
68258046872.0,68669039857.0,quentin.d.h,el_l_smooth_jay
63251591131.0,68669039857.0,ohnelleyeah,el_l_smooth_jay
70055510243.0,63066558386.0,she_boss_university,tamiasellsmichigan
63253515204.0,63066558386.0,techtualchatter,tamiasellsmichigan
63298160692.0,63066558386.0,msmarshellw,tamiasellsmichigan
67982817270.0,63066558386.0,affyayomikun,tamiasellsmichigan
68258046872.0,63066558386.0,quentin.d.h,tamiasellsmichigan
63251591131.0,63066558386.0,ohnelleyeah,tamiasellsmichigan
63049388241.0,63049388241.0,_bloomingrose,_bloomingrose
70055510243.0,63049388241.0,she_boss_university,_bloomingrose
63253515204.0,63049388241.0,techtualchatter,_bloomingrose
63298160692.0,63049388241.0,msmarshellw,_bloomingrose
67982817270.0,63049388241.0,affyayomikun,_bloomingrose
68258046872.0,63049388241.0,quentin.d.h,_bloomingrose
63251591131.0,63049388241.0,ohnelleyeah,_bloomingrose
63460213473.0,71616592848.0,sojournerweaver,jasminelasouriante
63606240738.0,71616592848.0,m.goddessintheflesh,jasminelasouriante
66561421601.0,71616592848.0,theinversecollection,jasminelasouriante
66194327716.0,71616592848.0,oblongsquare.records,jasminelasouriante
63414308965.0,71616592848.0,starrr.seed,jasminelasouriante
64560736837.0,71616592848.0,everfelt_music,jasminelasouriante
63095622792.0,71616592848.0,kyroee,jasminelasouriante
63233794888.0,71616592848.0,xamphetanina,jasminelasouriante
67360712488.0,71616592848.0,windsorharmreduction.oat,jasminelasouriante
69147424111.0,71616592848.0,thegamervillage,jasminelasouriante
71616592848.0,71616592848.0,jasminelasouriante,jasminelasouriante
63257915632.0,71616592848.0,gabs.fm,jasminelasouriante
63400205749.0,71616592848.0,gilbert_amatta,jasminelasouriante
63387685848.0,71616592848.0,trea_christopher,jasminelasouriante
64515613277.0,71616592848.0,fashionbyedelbands,jasminelasouriante
71088883267.0,71616592848.0,_tori.parker_,jasminelasouriante
70055510243.0,71616592848.0,she_boss_university,jasminelasouriante
63253515204.0,71616592848.0,techtualchatter,jasminelasouriante
63298160692.0,71616592848.0,msmarshellw,jasminelasouriante
68258046872.0,71616592848.0,quentin.d.h,jasminelasouriante
63251591131.0,71616592848.0,ohnelleyeah,jasminelasouriante
69746418922.0,71616592848.0,call_mejessyy,jasminelasouriante
69733929461.0,71616592848.0,blessedayo01,jasminelasouriante
67715569382.0,71616592848.0,badazzjunea,jasminelasouriante
63061604246.0,63061604246.0,__jazminbriana,__jazminbriana
63435513595.0,63061604246.0,_caddymack,__jazminbriana
63063062726.0,63061604246.0,darian.a.d,__jazminbriana
65172415950.0,63061604246.0,prettybrown_eee,__jazminbriana
63453811184.0,63061604246.0,_ash.will,__jazminbriana
65472527260.0,63061604246.0,colour_mebeautiful,__jazminbriana
70055510243.0,63061604246.0,she_boss_university,__jazminbriana
63253515204.0,63061604246.0,techtualchatter,__jazminbriana
63298160692.0,63061604246.0,msmarshellw,__jazminbriana
67982817270.0,63061604246.0,affyayomikun,__jazminbriana
68258046872.0,63061604246.0,quentin.d.h,__jazminbriana
63251591131.0,63061604246.0,ohnelleyeah,__jazminbriana
70055510243.0,70347714342.0,she_boss_university,annamh___
63253515204.0,70347714342.0,techtualchatter,annamh___
63298160692.0,70347714342.0,msmarshellw,annamh___
67982817270.0,70347714342.0,affyayomikun,annamh___
68258046872.0,70347714342.0,quentin.d.h,annamh___
63251591131.0,70347714342.0,ohnelleyeah,annamh___
70055510243.0,63031767870.0,she_boss_university,_therealtez
63253515204.0,63031767870.0,techtualchatter,_therealtez
63298160692.0,63031767870.0,msmarshellw,_therealtez
67982817270.0,63031767870.0,affyayomikun,_therealtez
68258046872.0,63031767870.0,quentin.d.h,_therealtez
63251591131.0,63031767870.0,ohnelleyeah,_therealtez
70055510243.0,63223331992.0,she_boss_university,eyesonbrickell
63253515204.0,63223331992.0,techtualchatter,eyesonbrickell
63298160692.0,63223331992.0,msmarshellw,eyesonbrickell
67982817270.0,63223331992.0,affyayomikun,eyesonbrickell
68258046872.0,63223331992.0,quentin.d.h,eyesonbrickell
63251591131.0,63223331992.0,ohnelleyeah,eyesonbrickell
70055510243.0,63426138565.0,she_boss_university,ronaldreeserealtor
63253515204.0,63426138565.0,techtualchatter,ronaldreeserealtor
63298160692.0,63426138565.0,msmarshellw,ronaldreeserealtor
67982817270.0,63426138565.0,affyayomikun,ronaldreeserealtor
68258046872.0,63426138565.0,quentin.d.h,ronaldreeserealtor
63251591131.0,63426138565.0,ohnelleyeah,ronaldreeserealtor
70055510243.0,69884135924.0,she_boss_university,p.ashaii
63253515204.0,69884135924.0,techtualchatter,p.ashaii
63298160692.0,69884135924.0,msmarshellw,p.ashaii
67982817270.0,69884135924.0,affyayomikun,p.ashaii
68258046872.0,69884135924.0,quentin.d.h,p.ashaii
63251591131.0,69884135924.0,ohnelleyeah,p.ashaii
67530815483.0,67072077478.0,antisoy_boy,promiselandtrev
67072077478.0,67072077478.0,promiselandtrev,promiselandtrev
70055510243.0,67072077478.0,she_boss_university,promiselandtrev
63253515204.0,67072077478.0,techtualchatter,promiselandtrev
63298160692.0,67072077478.0,msmarshellw,promiselandtrev
67982817270.0,67072077478.0,affyayomikun,promiselandtrev
68258046872.0,67072077478.0,quentin.d.h,promiselandtrev
63251591131.0,67072077478.0,ohnelleyeah,promiselandtrev
63063062726.0,63063062726.0,darian.a.d,darian.a.d
63125120049.0,63063062726.0,iamgregt,darian.a.d
63061604246.0,63063062726.0,__jazminbriana,darian.a.d
70207607212.0,63063062726.0,lexxiiee93,darian.a.d
68091384018.0,63063062726.0,jordan0air__,darian.a.d
69075306963.0,63063062726.0,jlme_loon3y,darian.a.d
70055510243.0,63063062726.0,she_boss_university,darian.a.d
63253515204.0,63063062726.0,techtualchatter,darian.a.d
63298160692.0,63063062726.0,msmarshellw,darian.a.d
67982817270.0,63063062726.0,affyayomikun,darian.a.d
68258046872.0,63063062726.0,quentin.d.h,darian.a.d
63251591131.0,63063062726.0,ohnelleyeah,darian.a.d
63265522322.0,63063062726.0,taeken1step,darian.a.d
70055510243.0,64224949353.0,she_boss_university,manti_menna
63253515204.0,64224949353.0,techtualchatter,manti_menna
63298160692.0,64224949353.0,msmarshellw,manti_menna
67982817270.0,64224949353.0,affyayomikun,manti_menna
68258046872.0,64224949353.0,quentin.d.h,manti_menna
63251591131.0,64224949353.0,ohnelleyeah,manti_menna
70055510243.0,63420878686.0,she_boss_university,richithelender
63253515204.0,63420878686.0,techtualchatter,richithelender
63298160692.0,63420878686.0,msmarshellw,richithelender
67982817270.0,63420878686.0,affyayomikun,richithelender
68258046872.0,63420878686.0,quentin.d.h,richithelender
63251591131.0,63420878686.0,ohnelleyeah,richithelender
70055510243.0,63424130044.0,she_boss_university,jennwiltatl
63253515204.0,63424130044.0,techtualchatter,jennwiltatl
63298160692.0,63424130044.0,msmarshellw,jennwiltatl
67982817270.0,63424130044.0,affyayomikun,jennwiltatl
68258046872.0,63424130044.0,quentin.d.h,jennwiltatl
63251591131.0,63424130044.0,ohnelleyeah,jennwiltatl
63442023143.0,63442023143.0,kss_homeinspectors,kss_homeinspectors
63406563748.0,63442023143.0,qcvisuals,kss_homeinspectors
63381159148.0,63442023143.0,buy_sell_with_exzavia,kss_homeinspectors
63120505439.0,63442023143.0,benkinghomeloans,kss_homeinspectors
70055510243.0,63442023143.0,she_boss_university,kss_homeinspectors
63253515204.0,63442023143.0,techtualchatter,kss_homeinspectors
63298160692.0,63442023143.0,msmarshellw,kss_homeinspectors
67982817270.0,63442023143.0,affyayomikun,kss_homeinspectors
68258046872.0,63442023143.0,quentin.d.h,kss_homeinspectors
63251591131.0,63442023143.0,ohnelleyeah,kss_homeinspectors
70055510243.0,63540741176.0,she_boss_university,fly_the_skies
63253515204.0,63540741176.0,techtualchatter,fly_the_skies
63298160692.0,63540741176.0,msmarshellw,fly_the_skies
67982817270.0,63540741176.0,affyayomikun,fly_the_skies
68258046872.0,63540741176.0,quentin.d.h,fly_the_skies
63251591131.0,63540741176.0,ohnelleyeah,fly_the_skies
70055510243.0,63037973237.0,she_boss_university,g876___
63253515204.0,63037973237.0,techtualchatter,g876___
63298160692.0,63037973237.0,msmarshellw,g876___
67982817270.0,63037973237.0,affyayomikun,g876___
68258046872.0,63037973237.0,quentin.d.h,g876___
63251591131.0,63037973237.0,ohnelleyeah,g876___
70055510243.0,67497029231.0,she_boss_university,ayannamajor_
63253515204.0,67497029231.0,techtualchatter,ayannamajor_
63298160692.0,67497029231.0,msmarshellw,ayannamajor_
67982817270.0,67497029231.0,affyayomikun,ayannamajor_
68258046872.0,67497029231.0,quentin.d.h,ayannamajor_
63251591131.0,67497029231.0,ohnelleyeah,ayannamajor_
70055510243.0,68903441243.0,she_boss_university,amybubesrealtor
63253515204.0,68903441243.0,techtualchatter,amybubesrealtor
63298160692.0,68903441243.0,msmarshellw,amybubesrealtor
67982817270.0,68903441243.0,affyayomikun,amybubesrealtor
68258046872.0,68903441243.0,quentin.d.h,amybubesrealtor
63251591131.0,68903441243.0,ohnelleyeah,amybubesrealtor
70055510243.0,68261970350.0,she_boss_university,shawnecesellsatl
63253515204.0,68261970350.0,techtualchatter,shawnecesellsatl
63298160692.0,68261970350.0,msmarshellw,shawnecesellsatl
67982817270.0,68261970350.0,affyayomikun,shawnecesellsatl
68258046872.0,68261970350.0,quentin.d.h,shawnecesellsatl
63251591131.0,68261970350.0,ohnelleyeah,shawnecesellsatl
70055510243.0,68690824967.0,she_boss_university,imjaniyah
63253515204.0,68690824967.0,techtualchatter,imjaniyah
63298160692.0,68690824967.0,msmarshellw,imjaniyah
67982817270.0,68690824967.0,affyayomikun,imjaniyah
68258046872.0,68690824967.0,quentin.d.h,imjaniyah
63251591131.0,68690824967.0,ohnelleyeah,imjaniyah
70055510243.0,64638363942.0,she_boss_university,brendamercedes
63253515204.0,64638363942.0,techtualchatter,brendamercedes
63298160692.0,64638363942.0,msmarshellw,brendamercedes
67982817270.0,64638363942.0,affyayomikun,brendamercedes
68258046872.0,64638363942.0,quentin.d.h,brendamercedes
63251591131.0,64638363942.0,ohnelleyeah,brendamercedes
70055510243.0,68697175720.0,she_boss_university,i_am_darealist1
63253515204.0,68697175720.0,techtualchatter,i_am_darealist1
63298160692.0,68697175720.0,msmarshellw,i_am_darealist1
67982817270.0,68697175720.0,affyayomikun,i_am_darealist1
68258046872.0,68697175720.0,quentin.d.h,i_am_darealist1
63251591131.0,68697175720.0,ohnelleyeah,i_am_darealist1
66050230345.0,63182577124.0,scorpion_lover,dontfretcelest
63182577124.0,63182577124.0,dontfretcelest,dontfretcelest
69902608125.0,63182577124.0,kingjmansuo,dontfretcelest
70055510243.0,63182577124.0,she_boss_university,dontfretcelest
63253515204.0,63182577124.0,techtualchatter,dontfretcelest
63298160692.0,63182577124.0,msmarshellw,dontfretcelest
67982817270.0,63182577124.0,affyayomikun,dontfretcelest
68258046872.0,63182577124.0,quentin.d.h,dontfretcelest
63251591131.0,63182577124.0,ohnelleyeah,dontfretcelest
70055510243.0,63253515204.0,she_boss_university,techtualchatter
63253515204.0,63253515204.0,techtualchatter,techtualchatter
63298160692.0,63253515204.0,msmarshellw,techtualchatter
67982817270.0,63253515204.0,affyayomikun,techtualchatter
68258046872.0,63253515204.0,quentin.d.h,techtualchatter
63251591131.0,63253515204.0,ohnelleyeah,techtualchatter
63253784950.0,63253515204.0,apbtlifts,techtualchatter
67072077478.0,63253515204.0,promiselandtrev,techtualchatter
70055510243.0,63558761463.0,she_boss_university,bianca_solo
63253515204.0,63558761463.0,techtualchatter,bianca_solo
63298160692.0,63558761463.0,msmarshellw,bianca_solo
67982817270.0,63558761463.0,affyayomikun,bianca_solo
68258046872.0,63558761463.0,quentin.d.h,bianca_solo
63251591131.0,63558761463.0,ohnelleyeah,bianca_solo
70055510243.0,63438302598.0,she_boss_university,cartier.chris8500
63253515204.0,63438302598.0,techtualchatter,cartier.chris8500
63298160692.0,63438302598.0,msmarshellw,cartier.chris8500
67982817270.0,63438302598.0,affyayomikun,cartier.chris8500
68258046872.0,63438302598.0,quentin.d.h,cartier.chris8500
63251591131.0,63438302598.0,ohnelleyeah,cartier.chris8500
70055510243.0,63460833650.0,she_boss_university,mzomg_travelz22
63253515204.0,63460833650.0,techtualchatter,mzomg_travelz22
63298160692.0,63460833650.0,msmarshellw,mzomg_travelz22
67982817270.0,63460833650.0,affyayomikun,mzomg_travelz22
68258046872.0,63460833650.0,quentin.d.h,mzomg_travelz22
63251591131.0,63460833650.0,ohnelleyeah,mzomg_travelz22
70055510243.0,63423243653.0,she_boss_university,sprucingupga
63253515204.0,63423243653.0,techtualchatter,sprucingupga
63298160692.0,63423243653.0,msmarshellw,sprucingupga
67982817270.0,63423243653.0,affyayomikun,sprucingupga
68258046872.0,63423243653.0,quentin.d.h,sprucingupga
63251591131.0,63423243653.0,ohnelleyeah,sprucingupga
70055510243.0,63608616139.0,she_boss_university,yanick.nb
63253515204.0,63608616139.0,techtualchatter,yanick.nb
63298160692.0,63608616139.0,msmarshellw,yanick.nb
67982817270.0,63608616139.0,affyayomikun,yanick.nb
68258046872.0,63608616139.0,quentin.d.h,yanick.nb
63251591131.0,63608616139.0,ohnelleyeah,yanick.nb
63447070450.0,63446577932.0,mister_briggs,iam_mattlucas
63446577932.0,63446577932.0,iam_mattlucas,iam_mattlucas
70055510243.0,63446577932.0,she_boss_university,iam_mattlucas
63253515204.0,63446577932.0,techtualchatter,iam_mattlucas
63298160692.0,63446577932.0,msmarshellw,iam_mattlucas
67982817270.0,63446577932.0,affyayomikun,iam_mattlucas
68258046872.0,63446577932.0,quentin.d.h,iam_mattlucas
63251591131.0,63446577932.0,ohnelleyeah,iam_mattlucas
70055510243.0,66317236395.0,she_boss_university,thebrianscaggs
63253515204.0,66317236395.0,techtualchatter,thebrianscaggs
63298160692.0,66317236395.0,msmarshellw,thebrianscaggs
67982817270.0,66317236395.0,affyayomikun,thebrianscaggs
68258046872.0,66317236395.0,quentin.d.h,thebrianscaggs
63251591131.0,66317236395.0,ohnelleyeah,thebrianscaggs
70055510243.0,63251547002.0,she_boss_university,desy_rene
63253515204.0,63251547002.0,techtualchatter,desy_rene
63298160692.0,63251547002.0,msmarshellw,desy_rene
67982817270.0,63251547002.0,affyayomikun,desy_rene
68258046872.0,63251547002.0,quentin.d.h,desy_rene
63251591131.0,63251547002.0,ohnelleyeah,desy_rene
64808081760.0,63263291679.0,huma_nity911,denisejoyhart
63445821893.0,63263291679.0,leennnaaaas,denisejoyhart
63086999261.0,63263291679.0,heyitskimberlyn_,denisejoyhart
63263291679.0,63263291679.0,denisejoyhart,denisejoyhart
70260714052.0,63263291679.0,jaymehaase77,denisejoyhart
63439428867.0,63263291679.0,amandajo424,denisejoyhart
63278336644.0,63263291679.0,natkoho,denisejoyhart
63056364516.0,63263291679.0,tomwellborn3,denisejoyhart
65858606709.0,63263291679.0,the.mrs.stovall,denisejoyhart
70055510243.0,63263291679.0,she_boss_university,denisejoyhart
63253515204.0,63263291679.0,techtualchatter,denisejoyhart
63298160692.0,63263291679.0,msmarshellw,denisejoyhart
67982817270.0,63263291679.0,affyayomikun,denisejoyhart
68258046872.0,63263291679.0,quentin.d.h,denisejoyhart
70055510243.0,63388189973.0,she_boss_university,strategy_guy1
63253515204.0,63388189973.0,techtualchatter,strategy_guy1
63298160692.0,63388189973.0,msmarshellw,strategy_guy1
67982817270.0,63388189973.0,affyayomikun,strategy_guy1
68258046872.0,63388189973.0,quentin.d.h,strategy_guy1
63251591131.0,63388189973.0,ohnelleyeah,strategy_guy1
70055510243.0,63422958721.0,she_boss_university,vcalhounrealestate
63253515204.0,63422958721.0,techtualchatter,vcalhounrealestate
63298160692.0,63422958721.0,msmarshellw,vcalhounrealestate
67982817270.0,63422958721.0,affyayomikun,vcalhounrealestate
68258046872.0,63422958721.0,quentin.d.h,vcalhounrealestate
63251591131.0,63422958721.0,ohnelleyeah,vcalhounrealestate
70055510243.0,63040222632.0,she_boss_university,donnasellsga
63253515204.0,63040222632.0,techtualchatter,donnasellsga
63298160692.0,63040222632.0,msmarshellw,donnasellsga
67982817270.0,63040222632.0,affyayomikun,donnasellsga
68258046872.0,63040222632.0,quentin.d.h,donnasellsga
63251591131.0,63040222632.0,ohnelleyeah,donnasellsga
68903441243.0,63040222632.0,amybubesrealtor,donnasellsga
63471320421.0,63040222632.0,thomashouse_atlantarealtor,donnasellsga
63409357192.0,63040222632.0,theegaines,donnasellsga
64242220905.0,63040222632.0,larryrountree_realestate,donnasellsga
63040222632.0,63040222632.0,donnasellsga,donnasellsga
63622009036.0,63040222632.0,atlintownrealestate,donnasellsga
63055047246.0,63040222632.0,_kellytherealtor,donnasellsga
63439198230.0,63040222632.0,ciara_sellshomes,donnasellsga
68381837177.0,63040222632.0,starrobinsonrealtor,donnasellsga
63251547002.0,63040222632.0,desy_rene,donnasellsga
63245051227.0,63040222632.0,milonehometeam,donnasellsga
63424130044.0,63040222632.0,jennwiltatl,donnasellsga
70055510243.0,63363112162.0,she_boss_university,theselfcareking_kenneth
63253515204.0,63363112162.0,techtualchatter,theselfcareking_kenneth
63298160692.0,63363112162.0,msmarshellw,theselfcareking_kenneth
67982817270.0,63363112162.0,affyayomikun,theselfcareking_kenneth
68258046872.0,63363112162.0,quentin.d.h,theselfcareking_kenneth
63251591131.0,63363112162.0,ohnelleyeah,theselfcareking_kenneth
70055510243.0,63466620133.0,she_boss_university,adonisthrax
63253515204.0,63466620133.0,techtualchatter,adonisthrax
63298160692.0,63466620133.0,msmarshellw,adonisthrax
67982817270.0,63466620133.0,affyayomikun,adonisthrax
68258046872.0,63466620133.0,quentin.d.h,adonisthrax
63251591131.0,63466620133.0,ohnelleyeah,adonisthrax
70055510243.0,63417684444.0,she_boss_university,kpgretzky
63253515204.0,63417684444.0,techtualchatter,kpgretzky
63298160692.0,63417684444.0,msmarshellw,kpgretzky
67982817270.0,63417684444.0,affyayomikun,kpgretzky
68258046872.0,63417684444.0,quentin.d.h,kpgretzky
63251591131.0,63417684444.0,ohnelleyeah,kpgretzky
70055510243.0,67471551711.0,she_boss_university,competitiveedgeeq
63253515204.0,67471551711.0,techtualchatter,competitiveedgeeq
63298160692.0,67471551711.0,msmarshellw,competitiveedgeeq
67982817270.0,67471551711.0,affyayomikun,competitiveedgeeq
68258046872.0,67471551711.0,quentin.d.h,competitiveedgeeq
63251591131.0,67471551711.0,ohnelleyeah,competitiveedgeeq
70055510243.0,63227719713.0,she_boss_university,corinnespartana
63253515204.0,63227719713.0,techtualchatter,corinnespartana
63298160692.0,63227719713.0,msmarshellw,corinnespartana
67982817270.0,63227719713.0,affyayomikun,corinnespartana
68258046872.0,63227719713.0,quentin.d.h,corinnespartana
63251591131.0,63227719713.0,ohnelleyeah,corinnespartana
70055510243.0,63496008790.0,she_boss_university,4traymikemike_sayso
