63310777769.0,63265641554.0,mlssfshn,dirt_floor_record_production
904559.0,63133854921.0,shelli1370,mooncatkait
35151563205.0,70097694048.0,julie.rockwell_author,acourtofwordsandletters
71051793074.0,64338268138.0,morgan_sperry_writes,notions.of.nobody
328766914.0,64638297934.0,bringinguptheberneys,juliedmissen_author
353435293.0,52748805672.0,stepphyroff,nick_bookworm
353435293.0,69670770373.0,stepphyroff,isitsowithgavinbuckle
353435293.0,58444618383.0,stepphyroff,justreaditalreadypod
39366804113.0,70428705305.0,deb_createsfunandluvskindness,mistydudley42
31410547.0,63043437031.0,istolethecatspjs,jennisimonis_author
63488392374.0,2907929476.0,wafmichael,jessicamap
35705345720.0,26832928275.0,john.st.clair.56,stardustparadox
70834502504.0,64338268138.0,rcuthbertson.writes,notions.of.nobody
70834502504.0,71459492115.0,rcuthbertson.writes,mwheatleywriter
70834502504.0,65401730120.0,rcuthbertson.writes,jmelea_author
70834502504.0,71051793074.0,rcuthbertson.writes,morgan_sperry_writes
70834502504.0,71324892320.0,rcuthbertson.writes,officialsrscinema
70834502504.0,65172073819.0,rcuthbertson.writes,eluminora
70834502504.0,68361680457.0,rcuthbertson.writes,marcushawke
70834502504.0,70854790498.0,rcuthbertson.writes,knovelprotocol
63426158397.0,63943005455.0,lmorris_writer,poetry_by_ed
1961097326.0,63612363814.0,firexxlily,beckywrightauthor
1961097326.0,2907929476.0,firexxlily,jessicamap
69162290076.0,69670770373.0,camgayfantasyreader,isitsowithgavinbuckle
69162290076.0,51621989079.0,camgayfantasyreader,johnjbooks
69162290076.0,4318110380.0,camgayfantasyreader,jmayson11
64338268138.0,63368302898.0,notions.of.nobody,kidgillis
55594923444.0,65256461753.0,contentcrateuk,mysticminerals_teri
71459492115.0,65401730120.0,mwheatleywriter,jmelea_author
71459492115.0,71622882094.0,mwheatleywriter,thebookbattleaxe
63400902173.0,68011718036.0,carrieauthor,josh.mccluskey.796
63400902173.0,58502338308.0,carrieauthor,juliefearnwriter
49631430094.0,70854888684.0,lisaamooreauthor,vineetvermaauthor
49631430094.0,65172073819.0,lisaamooreauthor,eluminora
62971506123.0,69382603522.0,wanderingdeerpoet,nicknacknyuknyuknyuk
62971506123.0,68354062924.0,wanderingdeerpoet,theofficialoddaly
63078643124.0,65175018549.0,indiemusicwomen,airamfmofficial
63078643124.0,63223710605.0,indiemusicwomen,bookish.baddie
69884012575.0,71865395601.0,ninjasouthside,hatsunechastity
69884012575.0,69054533247.0,ninjasouthside,sugar.y.spite
69884012575.0,63995732074.0,ninjasouthside,tanjalin
69884012575.0,69638162998.0,ninjasouthside,actuallyelastigirl
69884012575.0,64516644874.0,ninjasouthside,zen_doe42
69884012575.0,63367833785.0,ninjasouthside,villainchrisk
30273655584.0,63307928336.0,chenellebremont,septimusbrown
7572394349.0,63428870110.0,michelleleighmiller_author,bob_b_1961
7572394349.0,63400902173.0,michelleleighmiller_author,carrieauthor
63428878626.0,1748581171.0,theconstantvoice,luna13darke
63428878626.0,58003483903.0,theconstantvoice,ursus_art_eva_mout
63428878626.0,11327211724.0,theconstantvoice,emilygrayauthor
63428878626.0,68361680457.0,theconstantvoice,marcushawke
63428878626.0,65961806408.0,theconstantvoice,ellenreadauthor
63428878626.0,63041743712.0,theconstantvoice,hollys_book_nook
63428878626.0,3662105709.0,theconstantvoice,jjswrites
63428878626.0,63411132135.0,theconstantvoice,bumble_and_brush
63428878626.0,63612363814.0,theconstantvoice,beckywrightauthor
63428878626.0,7212635043.0,theconstantvoice,manylittlewords
63428878626.0,1961097326.0,theconstantvoice,firexxlily
63428878626.0,2907929476.0,theconstantvoice,jessicamap
63428878626.0,1901636778.0,theconstantvoice,loli_santanelli
63428878626.0,3092444516.0,theconstantvoice,fairestskyebooks
63428878626.0,3081080225.0,theconstantvoice,contraryreader
63428878626.0,63400902173.0,theconstantvoice,carrieauthor
63428878626.0,63457360430.0,theconstantvoice,princesssudi
63428878626.0,63125879808.0,theconstantvoice,jjdoborwrites
63428878626.0,63079986020.0,theconstantvoice,katerinasanders
63428878626.0,63488392374.0,theconstantvoice,wafmichael
63428878626.0,63308616858.0,theconstantvoice,danafraedrich
63428878626.0,63316161624.0,theconstantvoice,stevegriffin.author
63428878626.0,62863447280.0,theconstantvoice,julieemovon_author
63428878626.0,5885013.0,theconstantvoice,ddrosche
63428878626.0,63251473081.0,theconstantvoice,asholdfieldauthor
63428878626.0,7848499447.0,theconstantvoice,theliteraryhooker
63428878626.0,63104253787.0,theconstantvoice,dlgillis20
32978511983.0,63067940437.0,rosejfairchild,brittanyannreads
32978511983.0,71452042928.0,rosejfairchild,jamesfahyauthor_real
32978511983.0,70171962998.0,rosejfairchild,reeselandrypoetry
32978511983.0,63381245915.0,rosejfairchild,jameswritesurprisingly
32978511983.0,64146307072.0,rosejfairchild,i_s_o_l_d_e_
32978511983.0,63474134685.0,rosejfairchild,woodscourtbooks
32978511983.0,63316161624.0,rosejfairchild,stevegriffin.author
32978511983.0,63251473081.0,rosejfairchild,asholdfieldauthor
65254475722.0,70171962998.0,topvaluebooks,reeselandrypoetry
65254475722.0,63763248422.0,topvaluebooks,curious_lit_corner
65254475722.0,62863447280.0,topvaluebooks,julieemovon_author
65254475722.0,63405163526.0,topvaluebooks,importedhorror
65254475722.0,66284232818.0,topvaluebooks,finishracks
65254475722.0,63421263906.0,topvaluebooks,jenna_mcleod_author_
51621989079.0,69162290076.0,johnjbooks,camgayfantasyreader
51621989079.0,35317585106.0,johnjbooks,spillthepage
51621989079.0,63130769286.0,johnjbooks,theinstantreader
259674468.0,67991755319.0,real_phoenix_writes,reese_hc
259674468.0,63458177781.0,real_phoenix_writes,kristenthompson22
259674468.0,63412603181.0,real_phoenix_writes,hollisbischoff
259674468.0,70139825260.0,real_phoenix_writes,euniverse1959
259674468.0,6811596909.0,real_phoenix_writes,helmansarah
259674468.0,70257240661.0,real_phoenix_writes,crunchygoodness
259674468.0,70815600788.0,real_phoenix_writes,_aja.james
259674468.0,63278336644.0,real_phoenix_writes,natkoho
259674468.0,69576523404.0,real_phoenix_writes,honeybee_bythesea
259674468.0,71901903657.0,real_phoenix_writes,poetryoracle
259674468.0,63601610018.0,real_phoenix_writes,erinspiegel
259674468.0,2119330595.0,real_phoenix_writes,jennifersusanko
259674468.0,3284486724.0,real_phoenix_writes,lovemilliefalcon86
259674468.0,1530430330.0,real_phoenix_writes,leclairmiranda
259674468.0,63323722497.0,real_phoenix_writes,bevd1959
259674468.0,69653661216.0,real_phoenix_writes,southern.blacksheep.refuge
259674468.0,63635088246.0,real_phoenix_writes,sunsing
259674468.0,63647336340.0,real_phoenix_writes,pwwroa
259674468.0,4697593274.0,real_phoenix_writes,thesandwichedcaregiver
259674468.0,63432879768.0,real_phoenix_writes,ms_mausi
259674468.0,70854888684.0,real_phoenix_writes,vineetvermaauthor
259674468.0,3473774856.0,real_phoenix_writes,dalton.laurie
259674468.0,8227953134.0,real_phoenix_writes,caliginousneed
259674468.0,63102401975.0,real_phoenix_writes,stylishluckycharm
259674468.0,70382111375.0,real_phoenix_writes,bonnies5945
259674468.0,63126653816.0,real_phoenix_writes,matthewdalbertson
259674468.0,70250491922.0,real_phoenix_writes,britnbrown_86
259674468.0,63457360430.0,real_phoenix_writes,princesssudi
259674468.0,63474617901.0,real_phoenix_writes,ryan_reads_and_writes
259674468.0,71905872492.0,real_phoenix_writes,emma_woodhouse_books
259674468.0,71452042928.0,real_phoenix_writes,jamesfahyauthor_real
259674468.0,63249857818.0,real_phoenix_writes,chrissie.munday
259674468.0,70737503315.0,real_phoenix_writes,rayray.creates.empires__
259674468.0,63378474258.0,real_phoenix_writes,carlosriveraauthor
259674468.0,64146307072.0,real_phoenix_writes,i_s_o_l_d_e_
259674468.0,233667994.0,real_phoenix_writes,kimfrase73
259674468.0,31279882.0,real_phoenix_writes,kperm
259674468.0,63043437031.0,real_phoenix_writes,jennisimonis_author
259674468.0,63091461877.0,real_phoenix_writes,sp00pkittn
259674468.0,63426714633.0,real_phoenix_writes,that_bookworm_guy
259674468.0,68927363440.0,real_phoenix_writes,roguecurrents
259674468.0,4987065836.0,real_phoenix_writes,lancebell5627
259674468.0,62863447280.0,real_phoenix_writes,julieemovon_author
259674468.0,68334934711.0,real_phoenix_writes,gokulnb740
259674468.0,37576462605.0,real_phoenix_writes,katherineshawwrites
65961806408.0,7319907568.0,ellenreadauthor,melanieasmithauthor
65961806408.0,3092444516.0,ellenreadauthor,fairestskyebooks
65961806408.0,3662105709.0,ellenreadauthor,jjswrites
65961806408.0,5525387211.0,ellenreadauthor,lexiebookish
65961806408.0,7572394349.0,ellenreadauthor,michelleleighmiller_author
65961806408.0,63403268534.0,ellenreadauthor,christinerwriter
65961806408.0,63381245915.0,ellenreadauthor,jameswritesurprisingly
65961806408.0,63316161624.0,ellenreadauthor,stevegriffin.author
65961806408.0,63400902173.0,ellenreadauthor,carrieauthor
65961806408.0,63428878626.0,ellenreadauthor,theconstantvoice
65961806408.0,63079986020.0,ellenreadauthor,katerinasanders
65961806408.0,63612363814.0,ellenreadauthor,beckywrightauthor
65961806408.0,63125879808.0,ellenreadauthor,jjdoborwrites
65961806408.0,63251473081.0,ellenreadauthor,asholdfieldauthor
62863447280.0,71452042928.0,julieemovon_author,jamesfahyauthor_real
62863447280.0,46842625840.0,julieemovon_author,thereadingnoodle
62863447280.0,71792368481.0,julieemovon_author,authorj.m.barber
62863447280.0,71673628951.0,julieemovon_author,j.d.suarezm_author
62863447280.0,70244829779.0,julieemovon_author,mykhaylo1604
62863447280.0,63463796828.0,julieemovon_author,kisses_from_a_killjoy_
62863447280.0,71528921629.0,julieemovon_author,fierytenderness.writes
62863447280.0,67360712488.0,julieemovon_author,windsorharmreduction.oat
62863447280.0,63223710605.0,julieemovon_author,bookish.baddie
62863447280.0,69681848802.0,julieemovon_author,leptir1313
62863447280.0,63317505259.0,julieemovon_author,mykolasoo
62863447280.0,63048413263.0,julieemovon_author,jennyrw29
62863447280.0,63426714633.0,julieemovon_author,that_bookworm_guy
62863447280.0,69037342636.0,julieemovon_author,everlyclaireauthor
62863447280.0,6830875496.0,julieemovon_author,jenniferwellsbull
62863447280.0,63440057399.0,julieemovon_author,robby.moto
62863447280.0,63043437031.0,julieemovon_author,jennisimonis_author
62863447280.0,67989824415.0,julieemovon_author,stephenonmars
62863447280.0,68011718036.0,julieemovon_author,josh.mccluskey.796
62863447280.0,44110252585.0,julieemovon_author,l.a.barnitz
62863447280.0,66317169056.0,julieemovon_author,vickiandloki
62863447280.0,65254475722.0,julieemovon_author,topvaluebooks
62863447280.0,63763248422.0,julieemovon_author,curious_lit_corner
62863447280.0,64492365397.0,julieemovon_author,fuckits420247365
62863447280.0,68334934711.0,julieemovon_author,gokulnb740
62863447280.0,63378474258.0,julieemovon_author,carlosriveraauthor
62863447280.0,48733744379.0,julieemovon_author,marywritesshit
62863447280.0,63370822871.0,julieemovon_author,neil_writer
62863447280.0,67888609550.0,julieemovon_author,ronahanson
62863447280.0,63405163526.0,julieemovon_author,importedhorror
62863447280.0,64338268138.0,julieemovon_author,notions.of.nobody
62863447280.0,63381245915.0,julieemovon_author,jameswritesurprisingly
62863447280.0,63818760791.0,julieemovon_author,sally_k
63104253787.0,71452042928.0,dlgillis20,jamesfahyauthor_real
63104253787.0,1711916996.0,dlgillis20,liz.avalos18
63104253787.0,1748581171.0,dlgillis20,luna13darke
63104253787.0,68361680457.0,dlgillis20,marcushawke
63104253787.0,2907929476.0,dlgillis20,jessicamap
63104253787.0,63612363814.0,dlgillis20,beckywrightauthor
63104253787.0,1961097326.0,dlgillis20,firexxlily
63104253787.0,3081080225.0,dlgillis20,contraryreader
63104253787.0,48733744379.0,dlgillis20,marywritesshit
63104253787.0,63488392374.0,dlgillis20,wafmichael
63104253787.0,7310326280.0,dlgillis20,darkromancesun
63104253787.0,63428878626.0,dlgillis20,theconstantvoice
67487534881.0,71452042928.0,aileen_b_kelleher,jamesfahyauthor_real
67487534881.0,66769627005.0,aileen_b_kelleher,exileonmainst_
68334934711.0,70854888684.0,gokulnb740,vineetvermaauthor
68334934711.0,63242244277.0,gokulnb740,festivalhorror
68334934711.0,70832977069.0,gokulnb740,samwest_writer
68334934711.0,71452042928.0,gokulnb740,jamesfahyauthor_real
68334934711.0,62971506123.0,gokulnb740,wanderingdeerpoet
68334934711.0,70171962998.0,gokulnb740,reeselandrypoetry
68334934711.0,28410033579.0,gokulnb740,columbusmontgomery
68334934711.0,71673628951.0,gokulnb740,j.d.suarezm_author
68334934711.0,65539594727.0,gokulnb740,ab__theresajessica__130
68334934711.0,69681848802.0,gokulnb740,leptir1313
68334934711.0,67840257186.0,gokulnb740,randallbc777
68334934711.0,70383034771.0,gokulnb740,coastalyarnworx
68334934711.0,68670971537.0,gokulnb740,acacia_kamille
68334934711.0,69858622841.0,gokulnb740,igakoncka
68334934711.0,68883347165.0,gokulnb740,prime_of_the_day
68334934711.0,64530287411.0,gokulnb740,mike_likes_books
68334934711.0,63310626224.0,gokulnb740,jackiesstrength73
68334934711.0,63043437031.0,gokulnb740,jennisimonis_author
68334934711.0,68927363440.0,gokulnb740,roguecurrents
68334934711.0,67989824415.0,gokulnb740,stephenonmars
68334934711.0,63763248422.0,gokulnb740,curious_lit_corner
68334934711.0,63364836741.0,gokulnb740,thekatelynmattson
68334934711.0,63374341688.0,gokulnb740,jandrucci
68334934711.0,65254475722.0,gokulnb740,topvaluebooks
68334934711.0,64492365397.0,gokulnb740,fuckits420247365
68334934711.0,44110252585.0,gokulnb740,l.a.barnitz
68334934711.0,68011718036.0,gokulnb740,josh.mccluskey.796
68334934711.0,144096233.0,gokulnb740,cheyenneberandi
68334934711.0,63405163526.0,gokulnb740,importedhorror
68334934711.0,67888609550.0,gokulnb740,ronahanson
68334934711.0,3029592674.0,gokulnb740,briantreber
68334934711.0,62863447280.0,gokulnb740,julieemovon_author
65172073819.0,62971506123.0,eluminora,wanderingdeerpoet
65172073819.0,71457788782.0,eluminora,dresdengreene
65172073819.0,64144937919.0,eluminora,mrdershewrte
63249857818.0,71452042928.0,chrissie.munday,jamesfahyauthor_real
63249857818.0,68783505215.0,chrissie.munday,lmshb2024
14538034.0,71452042928.0,nutwood_books,jamesfahyauthor_real
14538034.0,71719201699.0,nutwood_books,ceilingsintheireyes
1917695018.0,71905872492.0,elishabuggwrites,emma_woodhouse_books
1917695018.0,71452042928.0,elishabuggwrites,jamesfahyauthor_real
58444618383.0,51621989079.0,justreaditalreadypod,johnjbooks
292160403.0,46342147.0,chris.reads.a.lot,tone_of_tomes
292160403.0,71452042928.0,chris.reads.a.lot,jamesfahyauthor_real
292160403.0,59089043051.0,chris.reads.a.lot,jeremeyhwrites
37576462605.0,70854888684.0,katherineshawwrites,vineetvermaauthor
26832928275.0,63275831139.0,stardustparadox,_hellorachelle_
26832928275.0,63663320254.0,stardustparadox,glmmom
3092444516.0,65961806408.0,fairestskyebooks,ellenreadauthor
3092444516.0,2907929476.0,fairestskyebooks,jessicamap
71734281145.0,64638297934.0,emilyhigginsauthor,juliedmissen_author
71734281145.0,71673628951.0,emilyhigginsauthor,j.d.suarezm_author
63475451080.0,71719201699.0,joedonnewrites,ceilingsintheireyes
51372100338.0,46342147.0,bookish.creatur,tone_of_tomes
51372100338.0,71452042928.0,bookish.creatur,jamesfahyauthor_real
63439018971.0,364607407.0,yetanotherlizzie,juliangert
64724186446.0,65401730120.0,christina.hyun,jmelea_author
52748805672.0,63130769286.0,nick_bookworm,theinstantreader
57669444046.0,63317505259.0,jadeford_writing,mykolasoo
5885013.0,71452042928.0,ddrosche,jamesfahyauthor_real
63067940437.0,71452042928.0,brittanyannreads,jamesfahyauthor_real
52626726110.0,8044017738.0,itscrisandherbooks,seanwatkinauthor
7200085624.0,63218343120.0,knittinjen,philip_j_waters_author
71528921629.0,71905872492.0,fierytenderness.writes,emma_woodhouse_books
35317585106.0,64118306600.0,spillthepage,rdaetha
46342147.0,63426714633.0,tone_of_tomes,that_bookworm_guy
63612363814.0,63763248422.0,beckywrightauthor,curious_lit_corner
63612363814.0,7319907568.0,beckywrightauthor,melanieasmithauthor
63612363814.0,8182295052.0,beckywrightauthor,author_cmmccann
59089043051.0,11327211724.0,jeremeyhwrites,emilygrayauthor
40375196930.0,71452042928.0,grannywenlock,jamesfahyauthor_real
30800024.0,71452042928.0,phoenix_faie,jamesfahyauthor_real
30800024.0,63477475775.0,phoenix_faie,perksofbeingabookworm01
7319907568.0,7572394349.0,melanieasmithauthor,michelleleighmiller_author
7319907568.0,63242244277.0,melanieasmithauthor,festivalhorror
69776609011.0,71719201699.0,melissaboreal_art,ceilingsintheireyes
63251473081.0,70854888684.0,asholdfieldauthor,vineetvermaauthor
64530287411.0,64624525083.0,mike_likes_books,allthestarsaredeadonyt
63032431059.0,71452042928.0,mamahunley,jamesfahyauthor_real
69463407924.0,71452042928.0,christinepriestly_author,jamesfahyauthor_real
1748581171.0,5885013.0,luna13darke,ddrosche
62858039663.0,70378304565.0,ruthelaine877,jkhilsinger
70097694048.0,71905872492.0,acourtofwordsandletters,emma_woodhouse_books
63381245915.0,63474134685.0,jameswritesurprisingly,woodscourtbooks
5614360050.0,14538034.0,revannaalls,nutwood_books
68361680457.0,70257240661.0,marcushawke,crunchygoodness
31569603.0,70835039381.0,infactscott,nomadsmobilebookstore
69670770373.0,69162290076.0,isitsowithgavinbuckle,camgayfantasyreader
293611996.0,71452042928.0,starfish1005,jamesfahyauthor_real
71622882094.0,63474617901.0,thebookbattleaxe,ryan_reads_and_writes
65401730120.0,71905872492.0,jmelea_author,emma_woodhouse_books
65401730120.0,71459492115.0,jmelea_author,mwheatleywriter
375072891.0,71452042928.0,brendafh1,jamesfahyauthor_real
7212635043.0,71905872492.0,manylittlewords,emma_woodhouse_books
2101899166.0,71452042928.0,protokun,jamesfahyauthor_real
64638297934.0,71734281145.0,juliedmissen_author,emilyhigginsauthor
64638297934.0,63450476734.0,juliedmissen_author,donnatracywriter
64638297934.0,63368302898.0,juliedmissen_author,kidgillis
71719201699.0,69776609011.0,ceilingsintheireyes,melissaboreal_art
71719201699.0,71850818855.0,ceilingsintheireyes,aether.and.ink.stories
63474134685.0,64146307072.0,woodscourtbooks,i_s_o_l_d_e_
63474134685.0,63407719556.0,woodscourtbooks,shanlscott
63209663474.0,71452042928.0,christopherjameswrites,jamesfahyauthor_real
63209663474.0,71719201699.0,christopherjameswrites,ceilingsintheireyes
63209663474.0,63043437031.0,christopherjameswrites,jennisimonis_author
71905872492.0,63450476734.0,emma_woodhouse_books,donnatracywriter
63406347938.0,70382111375.0,thefarplaces,bonnies5945
144096233.0,63043437031.0,cheyenneberandi,jennisimonis_author
63995732074.0,63310626224.0,tanjalin,jackiesstrength73
63995732074.0,69884012575.0,tanjalin,ninjasouthside
1531944471.0,70835039381.0,ljaldon,nomadsmobilebookstore
65179808360.0,63894194641.0,depanamearome,massimilianomangione
63130769286.0,35317585106.0,theinstantreader,spillthepage
63246667437.0,71452042928.0,iamthecritic,jamesfahyauthor_real
63364836741.0,63004270624.0,thekatelynmattson,idrenalion
63403268534.0,68924691463.0,christinerwriter,katycataclysm
63125879808.0,48253350641.0,jjdoborwrites,daisyandthegirl
63125879808.0,64338268138.0,jjdoborwrites,notions.of.nobody
3538200844.0,69738739472.0,purplecat42,confusedmummy
63079986020.0,63612363814.0,katerinasanders,beckywrightauthor
63079986020.0,3092444516.0,katerinasanders,fairestskyebooks
63079986020.0,2907929476.0,katerinasanders,jessicamap
71673628951.0,66498375768.0,j.d.suarezm_author,swiftie__society
71673628951.0,63368302898.0,j.d.suarezm_author,kidgillis
15151856700.0,64146307072.0,josephellis_author,i_s_o_l_d_e_
15151856700.0,71459492115.0,josephellis_author,mwheatleywriter
15151856700.0,63272371412.0,josephellis_author,sjr.reads.books
341023988.0,66629251487.0,dogoodpuzzler,animal6025bear
341023988.0,63367833785.0,dogoodpuzzler,villainchrisk
49313285609.0,67634922319.0,ari.luna111,emmaraeeee_
62404125839.0,63434618598.0,bersion_ibiza,fawngoodwine
68892698026.0,58192408097.0,muhammadyaseen8483,garciaperezgsw
68892698026.0,67941898985.0,muhammadyaseen8483,rasel_0500333723
68892698026.0,70113547412.0,muhammadyaseen8483,djconejoblas
68892698026.0,71159793401.0,muhammadyaseen8483,gaspareduardocastrochavez
68892698026.0,70248155205.0,muhammadyaseen8483,abdulkarim82hamad
68892698026.0,70249944954.0,muhammadyaseen8483,afzal.7x
68892698026.0,71425528372.0,muhammadyaseen8483,maryanncasipongmaglaque
66133584020.0,66040494497.0,liyah_icyy,shennifer.xx
66133584020.0,66498624070.0,liyah_icyy,awalharuna999
66133584020.0,64600348460.0,liyah_icyy,msandreacamille
66133584020.0,65707012628.0,liyah_icyy,chelseabearx
66133584020.0,65741261625.0,liyah_icyy,_christina_marisa_
66133584020.0,64985081219.0,liyah_icyy,fabfivebriggs
66133584020.0,63088054048.0,liyah_icyy,borntobeweiiird
66133584020.0,63394798056.0,liyah_icyy,ms.tiffanykt.1
66133584020.0,63160598669.0,liyah_icyy,vinib_isme
66133584020.0,65937755147.0,liyah_icyy,lilybradleyyy
63206095148.0,63259006501.0,littlefieldkoch,fineswine2023
63206095148.0,63064470626.0,littlefieldkoch,macgregor7894
65618532244.0,69230487741.0,superwife64_,high_foreign_chick
2178033784.0,63425495558.0,1kplynn,mackmyke9018
71901903657.0,63368302898.0,poetryoracle,kidgillis
70826384825.0,71616592848.0,anna_r_v.2,jasminelasouriante
63481825052.0,57422746293.0,elana_mcdougall_author,dox1965
63481825052.0,63488865722.0,elana_mcdougall_author,macpuffins
63230013706.0,63126164675.0,notgoingbacklisa,_iamclimp
1834986434.0,63859891710.0,1downbadswiftie3,helen_taylors_version
1834986434.0,63400759207.0,1downbadswiftie3,gootie14
66502113246.0,70248155205.0,millennialhobbitauthor,abdulkarim82hamad
1960913204.0,63506553232.0,johnm.bostock,michael_ekin
5996355820.0,63474617901.0,nancyconnollypergolizzi,ryan_reads_and_writes
69867258797.0,65189344964.0,noturmomsbookrecs,mujerebonita
69867258797.0,63090245861.0,noturmomsbookrecs,booklovejess
62403161120.0,20478530.0,reine.writes.stuff,peggytran
4200586928.0,67706841256.0,susan.straughn,williamsoklahoma77
52807349383.0,69162290076.0,palomablanca00000,camgayfantasyreader
52807349383.0,63086999261.0,palomablanca00000,heyitskimberlyn_
5368912086.0,262458324.0,alicarver2,_mindorbit
5368912086.0,70475799275.0,alicarver2,sarbjeetkaure9370
5368912086.0,63308335051.0,alicarver2,madwoman222
5368912086.0,65741261625.0,alicarver2,_christina_marisa_
5368912086.0,1597445999.0,alicarver2,won_yong_____78
5368912086.0,64808081760.0,alicarver2,huma_nity911
5368912086.0,63062717707.0,alicarver2,kathrynaylabarnes
5368912086.0,63421916347.0,alicarver2,hellcatbetty
5368912086.0,1697714543.0,alicarver2,hollownaw
5368912086.0,180827593.0,alicarver2,torturedpoet_22
1619499696.0,67706841256.0,mari_mallet,williamsoklahoma77
1619499696.0,3029592674.0,mari_mallet,briantreber
7310326280.0,63655416292.0,darkromancesun,its_jannat_world_09
7310326280.0,60093415798.0,darkromancesun,kat_geez_crochet
7310326280.0,67920197644.0,darkromancesun,idreamofnuggets
68690827301.0,66311329919.0,professordebwebb,laaye47
146237335.0,63452102730.0,jrrezvani,frankafusco
65831907615.0,63218343120.0,captureit.rememberit_13,philip_j_waters_author
65831907615.0,63262926322.0,captureit.rememberit_13,redi96_
66124654010.0,63093313536.0,mistyrp99,marshalmallowplays
65485163285.0,66898758338.0,livingashepardlife,p3ac3_yo
63498687781.0,63859891710.0,amazing_doggos_,helen_taylors_version
63092480764.0,5621456.0,mamafoxof3,mellionaire
63092480764.0,4658731.0,mamafoxof3,nesticos
63092480764.0,63062717707.0,mamafoxof3,kathrynaylabarnes
63092480764.0,63086999261.0,mamafoxof3,heyitskimberlyn_
70571399872.0,10705698543.0,terryblackmon,resistrebelrevolt
70571399872.0,66617946965.0,terryblackmon,annoliver067
39669062434.0,64808081760.0,saltybrieeze,huma_nity911
39669062434.0,19115354.0,saltybrieeze,kan0060
60287521537.0,175480177.0,cynthia.dominique.2023,gabreyman
10705698543.0,63145924328.0,resistrebelrevolt,cinyateatime
10705698543.0,10942677.0,resistrebelrevolt,alibubbalicious
63260201671.0,63417295960.0,hexotica,dreylasoul
63260201671.0,64503820848.0,hexotica,damaraprian
68183711568.0,63402886359.0,datrottiegrl,dawn8957
774163551.0,63472211925.0,teehee1665,thesquee
66282668976.0,63472211925.0,6mare8,thesquee
69576523404.0,63439428867.0,honeybee_bythesea,amandajo424
58538846414.0,64808081760.0,linzeyevans,huma_nity911
58538846414.0,63281400865.0,linzeyevans,destination_swiftie
70413050971.0,64343718875.0,triciadee18,tracey.curtis.507
70413050971.0,63439428867.0,triciadee18,amandajo424
63465155635.0,3045337873.0,melissaharran,pasandotiempo
63465155635.0,63126653816.0,melissaharran,matthewdalbertson
63465155635.0,64808081760.0,melissaharran,huma_nity911
63465155635.0,63263291679.0,melissaharran,denisejoyhart
63465155635.0,14106260.0,melissaharran,henri37
54268891792.0,67840257186.0,wellredmegs,randallbc777
17855326.0,4041659106.0,jamie_lee_93,bummbee1988
60433307285.0,63098530218.0,ts_swiftie_1989_13,forevermadie22
60433307285.0,63093313536.0,ts_swiftie_1989_13,marshalmallowplays
60433307285.0,63508672522.0,ts_swiftie_1989_13,emilyngoff
60433307285.0,1486138221.0,ts_swiftie_1989_13,lfcmel
60433307285.0,63120793284.0,ts_swiftie_1989_13,lexxxinstereo
60433307285.0,65022928022.0,ts_swiftie_1989_13,houseofswordcastle
60433307285.0,63062717707.0,ts_swiftie_1989_13,kathrynaylabarnes
60433307285.0,63296921181.0,ts_swiftie_1989_13,doritycreekgirl
60093415798.0,15703842.0,kat_geez_crochet,shari_archinoff
60093415798.0,63508672522.0,kat_geez_crochet,emilyngoff
60093415798.0,22999388.0,kat_geez_crochet,nomoremrniceswiftie
1443236293.0,63474617901.0,warriorgoddessinez,ryan_reads_and_writes
63281400865.0,3045337873.0,destination_swiftie,pasandotiempo
63281400865.0,63262926322.0,destination_swiftie,redi96_
1522559816.0,70571399872.0,jane_reads,terryblackmon
1522559816.0,63472211925.0,jane_reads,thesquee
50486203.0,66498375768.0,ashcottonmiller87,swiftie__society
50486203.0,63098530218.0,ashcottonmiller87,forevermadie22
50486203.0,53673718625.0,ashcottonmiller87,audrey_haypark
50486203.0,22999388.0,ashcottonmiller87,nomoremrniceswiftie
47582931709.0,25891331.0,ashlundcoaching,elizabethlewis.co
44938072056.0,63308335051.0,pushtaylorsversion,madwoman222
45690427540.0,46125352730.0,meg_hansolo52,jicsimae
45690427540.0,65117085178.0,meg_hansolo52,lifewith_kierra
45690427540.0,64600348460.0,meg_hansolo52,msandreacamille
3016411809.0,63778044865.0,shree_sai_associates_s,miyoshi3951
2283717906.0,63279665625.0,kasatgdblaw,roger_lawler
1597445999.0,65619394124.0,won_yong_____78,darbenstine
32703468602.0,70638918091.0,yarnlover29,mercurygq1
32703468602.0,65189344964.0,yarnlover29,mujerebonita
1697714543.0,65741261625.0,hollownaw,_christina_marisa_
1697714543.0,66498375768.0,hollownaw,swiftie__society
30542633519.0,53673718625.0,rubyissleeping1,audrey_haypark
30542633519.0,65619394124.0,rubyissleeping1,darbenstine
30542633519.0,199292581.0,rubyissleeping1,nikkisrandoms
30542633519.0,65117085178.0,rubyissleeping1,lifewith_kierra
30542633519.0,1603373156.0,rubyissleeping1,bookishswiftie04
30542633519.0,1452469360.0,rubyissleeping1,brynley.edens
30542633519.0,66280683644.0,rubyissleeping1,balieiro_milton
64329143889.0,5621456.0,swiftiefootball,mellionaire
1523630705.0,48742128.0,_the.bolter,ticaleur
1523630705.0,13104575.0,_the.bolter,radicalkid87
2119330595.0,63402886359.0,jennifersusanko,dawn8957
674902975.0,67920197644.0,27ladybentley_ii,idreamofnuggets
63247647288.0,63070418078.0,susan.lynn28,state_of_grace123
63247647288.0,63400759207.0,susan.lynn28,gootie14
4427127038.0,69576523404.0,territavares_64,honeybee_bythesea
4427127038.0,67706841256.0,territavares_64,williamsoklahoma77
4427127038.0,65858606709.0,territavares_64,the.mrs.stovall
7973322097.0,63230013706.0,chicago_girlatheart,notgoingbacklisa
6575705536.0,67840257186.0,cathyhagansmith,randallbc777
6575705536.0,1431445436.0,cathyhagansmith,colleen_beaton72
313765497.0,63272152246.0,notstephwallace,tracieverett
313765497.0,68645733938.0,notstephwallace,waxpen
69805130086.0,63450540425.0,xxjustanothergirl91,thatspookybabe99
4310686408.0,63037798945.0,rkpinon,rybrock
3418353530.0,51228479846.0,donnametler,cjmanahan.nm_afa
63431343374.0,70571399872.0,pattiwfreeport,terryblackmon
63431343374.0,69772213557.0,pattiwfreeport,brendadunphy08
63431343374.0,67840257186.0,pattiwfreeport,randallbc777
63431343374.0,63439428867.0,pattiwfreeport,amandajo424
362543852.0,66096550304.0,fiona_from_hell_86,facelessfreedomlifestyle
63420013585.0,70885080637.0,brooks.mistyd,luminalytics
57712798669.0,63317505259.0,the_bookdragons_library,mykolasoo
51278116767.0,22999388.0,karma_is_my_boyfriend13,nomoremrniceswiftie
51278116767.0,65117085178.0,karma_is_my_boyfriend13,lifewith_kierra
5909955314.0,10942677.0,aurorastands,alibubbalicious
70053600951.0,63402886359.0,mrm_9186,dawn8957
50010540748.0,1475575595.0,merajmeraj1334,project_female_rage_2025
6336337.0,64343718875.0,lizstelow,tracey.curtis.507
63049175428.0,63439428867.0,kathyjlindberg,amandajo424
63049175428.0,2889776486.0,kathyjlindberg,golampi
60420736343.0,144193549.0,dreamland_roots,dawnmsuiter
60420736343.0,63070418078.0,dreamland_roots,state_of_grace123
65947129996.0,63272152246.0,spacekitty91,tracieverett
65947129996.0,63308335051.0,spacekitty91,madwoman222
65947129996.0,65619394124.0,spacekitty91,darbenstine
65947129996.0,66293359095.0,spacekitty91,softwarekangofficial
65947129996.0,61138073750.0,spacekitty91,ella_taylorsversion_
65947129996.0,1603373156.0,spacekitty91,bookishswiftie04
65947129996.0,66280683644.0,spacekitty91,balieiro_milton
465705504.0,63606016743.0,cheryladxo,kristenmcknight
3644308450.0,1821266193.0,cathy___nd,lapetiteemme
3770774527.0,63247575820.0,andgow19,jonnieleigh71
25767506.0,60439393122.0,sayruhjane9213,nikita.eris
25767506.0,22999388.0,sayruhjane9213,nomoremrniceswiftie
10344728541.0,63308335051.0,taylor_ann1228,madwoman222
63138717398.0,63448900787.0,kking1967,leslieeh2023
63457664804.0,63412603181.0,shannonambroson,hollisbischoff
1026306042.0,47837033.0,loripat54,sparklewithsteph
65226424220.0,8543984698.0,deedeekehoe,missusmoyer
63094901701.0,31988094918.0,my_only_angel_1991,missanya_af
31988094918.0,629870654.0,missanya_af,scli_xoxo
31988094918.0,5858317481.0,missanya_af,naneve713
31988094918.0,63094901701.0,missanya_af,my_only_angel_1991
629870654.0,31988094918.0,scli_xoxo,missanya_af
5858317481.0,31988094918.0,naneve713,missanya_af
65693250882.0,66491416556.0,bookaddictaw,evol_rellik
63555322048.0,63416447568.0,kyliesaurus_rex,bensmomada
8543984698.0,44812325999.0,missusmoyer,orbitalrock99
8543984698.0,5489267446.0,missusmoyer,lori_sorenson29
8543984698.0,2440872332.0,missusmoyer,gamingtildawn
8543984698.0,65226424220.0,missusmoyer,deedeekehoe
63242244277.0,71051793074.0,festivalhorror,morgan_sperry_writes
184490644.0,67840257186.0,angelk_73,randallbc777
63888361280.0,63032431059.0,jensbooks247,mamahunley
63888361280.0,70372433394.0,jensbooks247,mrsdvspompom
63888361280.0,5687595610.0,jensbooks247,lj_murrayofficial
1495348902.0,14995902.0,alohakarina,missjayemay
2878430412.0,58233712941.0,thatgirl_juanita,witchy_helen_
4658731.0,65117085178.0,nesticos,lifewith_kierra
181507307.0,67706841256.0,arickaash,williamsoklahoma77
181507307.0,258601604.0,arickaash,gina.pomerico
63030559769.0,25221956.0,jillsy516,bibitty
3593495677.0,67706841256.0,tomoehser,williamsoklahoma77
3593495677.0,63086999261.0,tomoehser,heyitskimberlyn_
3593495677.0,70182821619.0,tomoehser,javaskrrt
46429609122.0,41959289916.0,lazy.creativity,piecesofme_art
19115354.0,64685242307.0,kan0060,phoenixcorndog
19115354.0,65931786948.0,kan0060,h3artst0per
19115354.0,53065151.0,kan0060,rohanwinehouse
64377758915.0,63400759207.0,cat_tivella27,gootie14
68819190847.0,63412603181.0,growmyyoga,hollisbischoff
65022928022.0,63308335051.0,houseofswordcastle,madwoman222
60409298714.0,238042135.0,gnomeinthecove,karenlassus
63093313536.0,60093415798.0,marshalmallowplays,kat_geez_crochet
63093313536.0,65931786948.0,marshalmallowplays,h3artst0per
63093313536.0,2314813608.0,marshalmallowplays,dreamyeyedrose
63093313536.0,70244829779.0,marshalmallowplays,mykhaylo1604
63093313536.0,69772213557.0,marshalmallowplays,brendadunphy08
3694894478.0,60093415798.0,meowcii,kat_geez_crochet
3694894478.0,65619394124.0,meowcii,darbenstine
3694894478.0,4673296955.0,meowcii,brokenchainz.music
18546970686.0,1664761765.0,parentcoachcindy,stephsprenger
52397934057.0,54268891792.0,melindajohnson6816,wellredmegs
67706841256.0,70225760115.0,williamsoklahoma77,sutton.tina
67706841256.0,4427127038.0,williamsoklahoma77,territavares_64
67706841256.0,53065151.0,williamsoklahoma77,rohanwinehouse
67706841256.0,3593495677.0,williamsoklahoma77,tomoehser
56263847323.0,70854888684.0,wrentaylorwrites,vineetvermaauthor
56263847323.0,5992000993.0,wrentaylorwrites,chefjaredarnold
63419196050.0,23118167597.0,icecreamcastles_99,thankuspirit777
63419196050.0,63308335051.0,icecreamcastles_99,madwoman222
63419196050.0,63120793284.0,icecreamcastles_99,lexxxinstereo
63419196050.0,30260298241.0,icecreamcastles_99,alora_jen90
427635900.0,68369186728.0,bluehikes,officialsterlingmasters
145111657.0,67706841256.0,andrea_uth,williamsoklahoma77
66091782398.0,63423876041.0,poets.made.of.ash,mackieatmyhouse
66091782398.0,28668060925.0,poets.made.of.ash,maddybarnham
66091782398.0,63308335051.0,poets.made.of.ash,madwoman222
63123720072.0,63778044865.0,miguel_reflexologista_df,miyoshi3951
63943005455.0,63249130328.0,poetry_by_ed,axl_warpshaft
63943005455.0,66769627005.0,poetry_by_ed,exileonmainst_
63943005455.0,71673628951.0,poetry_by_ed,j.d.suarezm_author
63943005455.0,63376646951.0,poetry_by_ed,luchaaavandross
63943005455.0,63255770361.0,poetry_by_ed,paulmoreira_
24079099695.0,996937859.0,thepaigeroane,ourinspiredlives
24079099695.0,61352552325.0,thepaigeroane,ericsson5944
24079099695.0,25891331.0,thepaigeroane,elizabethlewis.co
63266605793.0,63098530218.0,lauramarie2020,forevermadie22
63266605793.0,22999388.0,lauramarie2020,nomoremrniceswiftie
63266605793.0,65619394124.0,lauramarie2020,darbenstine
6020766949.0,63308335051.0,untetheredbutterfly0130,madwoman222
6020766949.0,1697714543.0,untetheredbutterfly0130,hollownaw
65135985488.0,66497808807.0,miniknitti,mckenzievlad_thepoet
65135985488.0,66091782398.0,miniknitti,poets.made.of.ash
65135985488.0,63436512338.0,miniknitti,madwoman1028
65135985488.0,15703842.0,miniknitti,shari_archinoff
65135985488.0,63120793284.0,miniknitti,lexxxinstereo
65135985488.0,70383034771.0,miniknitti,coastalyarnworx
1262706128.0,63086999261.0,ljonelll,heyitskimberlyn_
44329347.0,1431445436.0,pamela_a_munson,colleen_beaton72
9840286200.0,63378474258.0,hak091391,carlosriveraauthor
65531140265.0,63070418078.0,aussiemom65,state_of_grace123
65531140265.0,53673718625.0,aussiemom65,audrey_haypark
65531140265.0,65741261625.0,aussiemom65,_christina_marisa_
65531140265.0,65078223711.0,aussiemom65,brittney_harding
65531140265.0,65619394124.0,aussiemom65,darbenstine
65531140265.0,63069659062.0,aussiemom65,gokhand.44
65531140265.0,66699946578.0,aussiemom65,carl.molinaro
65531140265.0,65022928022.0,aussiemom65,houseofswordcastle
65531140265.0,64808081760.0,aussiemom65,huma_nity911
65531140265.0,65926866152.0,aussiemom65,zackgrossmusic
65531140265.0,46125352730.0,aussiemom65,jicsimae
64808081760.0,63465155635.0,huma_nity911,melissaharran
64808081760.0,64685242307.0,huma_nity911,phoenixcorndog
63481482965.0,63218343120.0,jackietully6,philip_j_waters_author
63481482965.0,63308335051.0,jackietully6,madwoman222
63481482965.0,65741261625.0,jackietully6,_christina_marisa_
1054282682.0,67706841256.0,mom_of_the_herd,williamsoklahoma77
5718633463.0,10705698543.0,reinvention.no.9,resistrebelrevolt
5718633463.0,63431974034.0,reinvention.no.9,mfbsorensen
5718633463.0,7453917524.0,reinvention.no.9,sarahmonticue
63090245861.0,69867258797.0,booklovejess,noturmomsbookrecs
63090245861.0,64955405982.0,booklovejess,milesonpaper_
43697918513.0,24631321019.0,cindyjsaunders75,lori.cunningham.148
53065151.0,63266605793.0,rohanwinehouse,lauramarie2020
53065151.0,63859891710.0,rohanwinehouse,helen_taylors_version
1770151855.0,70408325989.0,wendmb_67,kerri.cavlovic
1770151855.0,63086999261.0,wendmb_67,heyitskimberlyn_
66498375768.0,69366324553.0,swiftie__society,cjrttla
63634867266.0,71673628951.0,author_chmaddington,j.d.suarezm_author
209356680.0,63423876041.0,dacrazykatlady,mackieatmyhouse
209356680.0,63093313536.0,dacrazykatlady,marshalmallowplays
591473936.0,67706841256.0,robineringibson,williamsoklahoma77
65937755147.0,64985081219.0,lilybradleyyy,fabfivebriggs
144193549.0,63093313536.0,dawnmsuiter,marshalmallowplays
144193549.0,208876078.0,dawnmsuiter,hilaryemma
10085716.0,67706841256.0,its.beege,williamsoklahoma77
1673151900.0,3878736571.0,mrsjexis,lizzyliz_1995
1673151900.0,1495348902.0,mrsjexis,alohakarina
1673151900.0,53673718625.0,mrsjexis,audrey_haypark
1673151900.0,60439393122.0,mrsjexis,nikita.eris
1673151900.0,65619394124.0,mrsjexis,darbenstine
1673151900.0,199292581.0,mrsjexis,nikkisrandoms
1673151900.0,63400759207.0,mrsjexis,gootie14
1673151900.0,65117085178.0,mrsjexis,lifewith_kierra
1673151900.0,1597445999.0,mrsjexis,won_yong_____78
1673151900.0,66280683644.0,mrsjexis,balieiro_milton
1673151900.0,65931786948.0,mrsjexis,h3artst0per
1673151900.0,66498624070.0,mrsjexis,awalharuna999
1673151900.0,46125352730.0,mrsjexis,jicsimae
1673151900.0,19115354.0,mrsjexis,kan0060
39413763.0,63070418078.0,mandalevelsup,state_of_grace123
39413763.0,226077609.0,mandalevelsup,meetmeatmdnght
39413763.0,1597445999.0,mandalevelsup,won_yong_____78
39413763.0,65931786948.0,mandalevelsup,h3artst0per
39413763.0,65022928022.0,mandalevelsup,houseofswordcastle
39413763.0,65831907615.0,mandalevelsup,captureit.rememberit_13
39413763.0,257703489.0,mandalevelsup,rachel.tries.her.best
39413763.0,71890648772.0,mandalevelsup,thepinkfirehawk
39413763.0,63470524206.0,mandalevelsup,affaqrana
39413763.0,48742128.0,mandalevelsup,ticaleur
39413763.0,1495348902.0,mandalevelsup,alohakarina
39413763.0,63272152246.0,mandalevelsup,tracieverett
39413763.0,63943005455.0,mandalevelsup,poetry_by_ed
70004707201.0,63086999261.0,solosmom70,heyitskimberlyn_
4426934.0,66498375768.0,alliwithasmile,swiftie__society
4426934.0,63052836871.0,alliwithasmile,kaitlynpaige64
4426934.0,226077609.0,alliwithasmile,meetmeatmdnght
4426934.0,63498687781.0,alliwithasmile,amazing_doggos_
4426934.0,70223924643.0,alliwithasmile,linajamilah_gold
4426934.0,65831907615.0,alliwithasmile,captureit.rememberit_13
62579322026.0,1834986434.0,nettsnook,1downbadswiftie3
62579322026.0,22999388.0,nettsnook,nomoremrniceswiftie
40508795.0,64332677385.0,browning_jennifer_rn,lindsay.villandry
40508795.0,51278116767.0,browning_jennifer_rn,karma_is_my_boyfriend13
2235630636.0,65831907615.0,meganedixon,captureit.rememberit_13
49560191.0,63230883494.0,mngarwood,vubiz
211519955.0,70440826177.0,skyflowerkristamichelle,silverpan
1338281383.0,65741261625.0,enitsirkm,_christina_marisa_
1338281383.0,66498375768.0,enitsirkm,swiftie__society
9383015597.0,53673718625.0,rachjgillett,audrey_haypark
9383015597.0,3878736571.0,rachjgillett,lizzyliz_1995
9383015597.0,65140051300.0,rachjgillett,tmartin_333
7689038744.0,63070418078.0,wobegon74,state_of_grace123
7689038744.0,46125352730.0,wobegon74,jicsimae
7689038744.0,366069713.0,wobegon74,kaushikdowerah
7689038744.0,8637011815.0,wobegon74,the.mindfulpalette
7689038744.0,17855326.0,wobegon74,jamie_lee_93
7689038744.0,65931786948.0,wobegon74,h3artst0per
7689038744.0,63457664804.0,wobegon74,shannonambroson
63508672522.0,63093313536.0,emilyngoff,marshalmallowplays
24841946337.0,44834197.0,brittanyirene326,linda_champion_driver
63406372979.0,68304093828.0,audreylovesparis,mjkwho3
48161660446.0,63308335051.0,catherine.salter97,madwoman222
335690912.0,63037798945.0,foodiehiker3,rybrock
44617189441.0,50591278538.0,thelitbulb,heyswillsy
177497871.0,64808081760.0,amikate1,huma_nity911
177497871.0,63430301929.0,amikate1,sirona7
63562437816.0,67840257186.0,hausbeckmiller,randallbc777
63562437816.0,65189344964.0,hausbeckmiller,mujerebonita
65619394124.0,63052836871.0,darbenstine,kaitlynpaige64
65619394124.0,66498375768.0,darbenstine,swiftie__society
65619394124.0,226077609.0,darbenstine,meetmeatmdnght
65619394124.0,64808081760.0,darbenstine,huma_nity911
65619394124.0,66280683644.0,darbenstine,balieiro_milton
65619394124.0,209356680.0,darbenstine,dacrazykatlady
231896890.0,30260298241.0,callmeassyla,alora_jen90
231896890.0,63457664804.0,callmeassyla,shannonambroson
231896890.0,262458324.0,callmeassyla,_mindorbit
231896890.0,262284329.0,callmeassyla,shangie84
231896890.0,64377758915.0,callmeassyla,cat_tivella27
6233330506.0,63247575820.0,helbigtracy,jonnieleigh71
63129614244.0,44110252585.0,thestoryofvarun,l.a.barnitz
260898839.0,63323722497.0,declanrabbit,bevd1959
48776585413.0,50043161358.0,dianesorensen.bb,mother_plus_podcast
48776585413.0,63086999261.0,dianesorensen.bb,heyitskimberlyn_
48776585413.0,247965341.0,dianesorensen.bb,confidentteenteacher
63062717707.0,70610167581.0,kathrynaylabarnes,the_dragon_in_the_mountain
63062717707.0,45690427540.0,kathrynaylabarnes,meg_hansolo52
63062717707.0,39366804113.0,kathrynaylabarnes,deb_createsfunandluvskindness
49054779815.0,70571399872.0,rgwilliamsonmusic,terryblackmon
49054779815.0,63143238313.0,rgwilliamsonmusic,debmeister221
2466274254.0,4041659106.0,cartersporks,bummbee1988
63335405037.0,66497808807.0,e_soultravelling,mckenzievlad_thepoet
63335405037.0,40508795.0,e_soultravelling,browning_jennifer_rn
63335405037.0,63414059120.0,e_soultravelling,alyssanashart
63335405037.0,19115354.0,e_soultravelling,kan0060
7039742675.0,63508672522.0,dangtien_13,emilyngoff
50488222543.0,1664761765.0,triodesigncollaborative,stephsprenger
64568300613.0,238766804.0,leticiacampos.art,shawnsalmen
15483915.0,63457664804.0,dcredhead137,shannonambroson
65250326371.0,67706841256.0,krisj_mysteryb,williamsoklahoma77
69772213557.0,70633205182.0,brendadunphy08,shaunarenee84
69772213557.0,63279607705.0,brendadunphy08,shariwhaley1964
63048413263.0,69576523404.0,jennyrw29,honeybee_bythesea
1970463696.0,70571399872.0,heatherc1229,terryblackmon
4041659106.0,53673718625.0,bummbee1988,audrey_haypark
65305122098.0,31311785356.0,never.been.anatural,lolbodd
65305122098.0,65741261625.0,never.been.anatural,_christina_marisa_
1365261717.0,1431445436.0,catmosher,colleen_beaton72
2225409603.0,226077609.0,queenofcuriosity,meetmeatmdnght
2225409603.0,66091782398.0,queenofcuriosity,poets.made.of.ash
2314813608.0,63098530218.0,dreamyeyedrose,forevermadie22
2314813608.0,63281400865.0,dreamyeyedrose,destination_swiftie
2314813608.0,63859891710.0,dreamyeyedrose,helen_taylors_version
2314813608.0,22999388.0,dreamyeyedrose,nomoremrniceswiftie
11938370.0,226077609.0,kimberleyk23,meetmeatmdnght
11938370.0,15483915.0,kimberleyk23,dcredhead137
13065250.0,63086999261.0,imelleblack,heyitskimberlyn_
66284232818.0,64955405982.0,finishracks,milesonpaper_
15017382870.0,66096550304.0,lmp.secure,facelessfreedomlifestyle
15017382870.0,63086999261.0,lmp.secure,heyitskimberlyn_
3245924.0,63457915902.0,rockandrollmama,russvoteblue
3245924.0,71890648772.0,rockandrollmama,thepinkfirehawk
64985081219.0,36572297346.0,fabfivebriggs,kennethchideradaniel
367818200.0,63297525252.0,laurajanedunlap,mich321
367818200.0,25221956.0,laurajanedunlap,bibitty
63083361898.0,70383034771.0,bellafortunate,coastalyarnworx
69455210540.0,5552570151.0,michellemadonnawellness,amberlynnboz
63259926432.0,63412603181.0,stephofimp,hollisbischoff
58473916182.0,63124229665.0,hannah.brixton,patriciadeddy
60439393122.0,65140051300.0,nikita.eris,tmartin_333
1603373156.0,69548373902.0,bookishswiftie04,theadhdinfj
63299922692.0,5687595610.0,cakeer14,lj_murrayofficial
247965341.0,58233712941.0,confidentteenteacher,witchy_helen_
247965341.0,43697918513.0,confidentteenteacher,cindyjsaunders75
247965341.0,29628875300.0,confidentteenteacher,_annerajoo_
15703842.0,63279607705.0,shari_archinoff,shariwhaley1964
15703842.0,63440599934.0,shari_archinoff,jessicavauthor
15703842.0,63038582216.0,shari_archinoff,ppopernack
15703842.0,63126653816.0,shari_archinoff,matthewdalbertson
15703842.0,63088302232.0,shari_archinoff,enigma956
15703842.0,63306164313.0,shari_archinoff,tottenhamphilly778
15703842.0,65020874839.0,shari_archinoff,claracianferotti
15703842.0,65175018549.0,shari_archinoff,airamfmofficial
15703842.0,1603373156.0,shari_archinoff,bookishswiftie04
15703842.0,65105811120.0,shari_archinoff,sias6281
15703842.0,66040494497.0,shari_archinoff,shennifer.xx
15703842.0,7453917524.0,shari_archinoff,sarahmonticue
15703842.0,65022928022.0,shari_archinoff,houseofswordcastle
15703842.0,63086999261.0,shari_archinoff,heyitskimberlyn_
15703842.0,64685242307.0,shari_archinoff,phoenixcorndog
15703842.0,63281400865.0,shari_archinoff,destination_swiftie
15703842.0,63453933862.0,shari_archinoff,ruthsmor
15703842.0,60093415798.0,shari_archinoff,kat_geez_crochet
15703842.0,1474257304.0,shari_archinoff,shauna_na_na_na
15703842.0,65135985488.0,shari_archinoff,miniknitti
15703842.0,63067940437.0,shari_archinoff,brittanyannreads
15703842.0,46125352730.0,shari_archinoff,jicsimae
15703842.0,2466274254.0,shari_archinoff,cartersporks
15703842.0,64808081760.0,shari_archinoff,huma_nity911
15703842.0,60439393122.0,shari_archinoff,nikita.eris
15703842.0,62579322026.0,shari_archinoff,nettsnook
15703842.0,199292581.0,shari_archinoff,nikkisrandoms
15703842.0,65117085178.0,shari_archinoff,lifewith_kierra
15703842.0,63888361280.0,shari_archinoff,jensbooks247
15703842.0,53673718625.0,shari_archinoff,audrey_haypark
15703842.0,262284329.0,shari_archinoff,shangie84
15703842.0,263655858.0,shari_archinoff,mara_beyea11
41959289916.0,63086999261.0,piecesofme_art,heyitskimberlyn_
41959289916.0,46429609122.0,piecesofme_art,lazy.creativity
68369186728.0,1530430330.0,officialsterlingmasters,leclairmiranda
68369186728.0,65858606709.0,officialsterlingmasters,the.mrs.stovall
68369186728.0,69694212877.0,officialsterlingmasters,candii_pants89
68369186728.0,67620712016.0,officialsterlingmasters,baba.yaga.bentley
68369186728.0,70192730916.0,officialsterlingmasters,sarahtonin26
68369186728.0,10942677.0,officialsterlingmasters,alibubbalicious
68369186728.0,71324892320.0,officialsterlingmasters,officialsrscinema
68369186728.0,63481825052.0,officialsterlingmasters,elana_mcdougall_author
68369186728.0,63086999261.0,officialsterlingmasters,heyitskimberlyn_
68369186728.0,2232319361.0,officialsterlingmasters,pettskow
68369186728.0,69638162998.0,officialsterlingmasters,actuallyelastigirl
68369186728.0,643508714.0,officialsterlingmasters,ncgrits01
68369186728.0,273399623.0,officialsterlingmasters,iamsuzyn
68369186728.0,69488580456.0,officialsterlingmasters,strlslvr987
68369186728.0,47420763.0,officialsterlingmasters,superrhardcorre
68369186728.0,17577257.0,officialsterlingmasters,gemgal7
68369186728.0,427635900.0,officialsterlingmasters,bluehikes
68369186728.0,471440035.0,officialsterlingmasters,sweeneytodd13666
68369186728.0,246446497.0,officialsterlingmasters,luvmybucs2000
33674007862.0,63086999261.0,bo_pediatriaycrianza,heyitskimberlyn_
64343718875.0,7973322097.0,tracey.curtis.507,chicago_girlatheart
64343718875.0,70882468447.0,tracey.curtis.507,sarahlynnfreitas
64343718875.0,71088883267.0,tracey.curtis.507,_tori.parker_
64343718875.0,273399623.0,tracey.curtis.507,iamsuzyn
64343718875.0,69530616876.0,tracey.curtis.507,tammisheafer
64343718875.0,20873589.0,tracey.curtis.507,nmizoo23
64343718875.0,70737503315.0,tracey.curtis.507,rayray.creates.empires__
64343718875.0,16196970.0,tracey.curtis.507,nikki_mz21
64343718875.0,63123446385.0,tracey.curtis.507,kimberlymajernik
64343718875.0,63652216159.0,tracey.curtis.507,christine_3251
64343718875.0,5519810490.0,tracey.curtis.507,a_fishcalledrhonda
64343718875.0,63481825052.0,tracey.curtis.507,elana_mcdougall_author
64343718875.0,1558942092.0,tracey.curtis.507,marvelous.mz.gaggini
64343718875.0,68905675499.0,tracey.curtis.507,officialdavidbasile
64343718875.0,233667994.0,tracey.curtis.507,kimfrase73
64343718875.0,67920197644.0,tracey.curtis.507,idreamofnuggets
64343718875.0,63456480500.0,tracey.curtis.507,katyeshorkey
64343718875.0,837151356.0,tracey.curtis.507,rae0035
64343718875.0,6336337.0,tracey.curtis.507,lizstelow
64343718875.0,199539352.0,tracey.curtis.507,mycalindy
64343718875.0,70413050971.0,tracey.curtis.507,triciadee18
64343718875.0,3418353530.0,tracey.curtis.507,donnametler
64343718875.0,63439428867.0,tracey.curtis.507,amandajo424
64343718875.0,1431445436.0,tracey.curtis.507,colleen_beaton72
64343718875.0,68822662345.0,tracey.curtis.507,its.addie13
64343718875.0,70260714052.0,tracey.curtis.507,jaymehaase77
64343718875.0,69455210540.0,tracey.curtis.507,michellemadonnawellness
64343718875.0,69772213557.0,tracey.curtis.507,brendadunphy08
64343718875.0,70571399872.0,tracey.curtis.507,terryblackmon
64343718875.0,69805130086.0,tracey.curtis.507,xxjustanothergirl91
64343718875.0,3927473098.0,tracey.curtis.507,barklaysmom
64343718875.0,200220352.0,tracey.curtis.507,darci3m
64343718875.0,8168284087.0,tracey.curtis.507,spnc.rr03
64343718875.0,63086999261.0,tracey.curtis.507,heyitskimberlyn_
12527880073.0,50001689656.0,coachmegandevito,sissoolife
12527880073.0,63428870110.0,coachmegandevito,bob_b_1961
12527880073.0,63086999261.0,coachmegandevito,heyitskimberlyn_
12527880073.0,4041659106.0,coachmegandevito,bummbee1988
12527880073.0,199292581.0,coachmegandevito,nikkisrandoms
12527880073.0,53673718625.0,coachmegandevito,audrey_haypark
12527880073.0,63416203260.0,coachmegandevito,justkellykellykellykelly
12527880073.0,66091782398.0,coachmegandevito,poets.made.of.ash
12527880073.0,1906192430.0,coachmegandevito,helenthacker
12527880073.0,64695130754.0,coachmegandevito,jbsocialstudio
12527880073.0,30260298241.0,coachmegandevito,alora_jen90
12527880073.0,64985081219.0,coachmegandevito,fabfivebriggs
12527880073.0,64808081760.0,coachmegandevito,huma_nity911
63609944070.0,63387685848.0,cassiecichocki,trea_christopher
63609944070.0,65600755236.0,cassiecichocki,dhindsa5076
63609944070.0,63093961089.0,cassiecichocki,loveyourwifewell
63609944070.0,63888361280.0,cassiecichocki,jensbooks247
63609944070.0,61455488381.0,cassiecichocki,loriannyde.jesus
63609944070.0,59201936087.0,cassiecichocki,krymkrym6807
63609944070.0,31311785356.0,cassiecichocki,lolbodd
63609944070.0,63520528199.0,cassiecichocki,tzanosnikos
63609944070.0,66498375768.0,cassiecichocki,swiftie__society
63609944070.0,4041659106.0,cassiecichocki,bummbee1988
63609944070.0,388267302.0,cassiecichocki,jenniferwilliams88
63609944070.0,60263077214.0,cassiecichocki,kalfi_nourhen
63609944070.0,3009476810.0,cassiecichocki,ericatrek
63609944070.0,65788096345.0,cassiecichocki,the_mini_manager
63609944070.0,1286957434.0,cassiecichocki,blazwura
63609944070.0,7689038744.0,cassiecichocki,wobegon74
63609944070.0,8168284087.0,cassiecichocki,spnc.rr03
63609944070.0,64377758915.0,cassiecichocki,cat_tivella27
63609944070.0,66040494497.0,cassiecichocki,shennifer.xx
63609944070.0,63281400865.0,cassiecichocki,destination_swiftie
63609944070.0,45690427540.0,cassiecichocki,meg_hansolo52
63609944070.0,199292581.0,cassiecichocki,nikkisrandoms
63609944070.0,3694894478.0,cassiecichocki,meowcii
63609944070.0,51278116767.0,cassiecichocki,karma_is_my_boyfriend13
63609944070.0,40508795.0,cassiecichocki,browning_jennifer_rn
63609944070.0,48742128.0,cassiecichocki,ticaleur
63609944070.0,17855326.0,cassiecichocki,jamie_lee_93
63609944070.0,65078223711.0,cassiecichocki,brittney_harding
63609944070.0,63455337245.0,cassiecichocki,arashariya2025
63609944070.0,63421916347.0,cassiecichocki,hellcatbetty
63609944070.0,63297525252.0,cassiecichocki,mich321
63609944070.0,231896890.0,cassiecichocki,callmeassyla
63609944070.0,2466274254.0,cassiecichocki,cartersporks
63609944070.0,66497808807.0,cassiecichocki,mckenzievlad_thepoet
63609944070.0,263655858.0,cassiecichocki,mara_beyea11
63609944070.0,65619394124.0,cassiecichocki,darbenstine
63609944070.0,65379274726.0,cassiecichocki,futuriste0
63609944070.0,25221956.0,cassiecichocki,bibitty
63609944070.0,1448404784.0,cassiecichocki,mrs_emilou
63609944070.0,41627457.0,cassiecichocki,boykindawg
63609944070.0,62579322026.0,cassiecichocki,nettsnook
63609944070.0,63129614244.0,cassiecichocki,thestoryofvarun
63609944070.0,25778284676.0,cassiecichocki,_alyssasimpsonx
63609944070.0,46125352730.0,cassiecichocki,jicsimae
63609944070.0,64808081760.0,cassiecichocki,huma_nity911
63609944070.0,8637011815.0,cassiecichocki,the.mindfulpalette
63609944070.0,34555296.0,cassiecichocki,c_angell
63609944070.0,3008732698.0,cassiecichocki,shannonthomas
63609944070.0,63086999261.0,cassiecichocki,heyitskimberlyn_
63609944070.0,44114052.0,cassiecichocki,tracyanne90
63609944070.0,63457664804.0,cassiecichocki,shannonambroson
63609944070.0,63400759207.0,cassiecichocki,gootie14
63609944070.0,65146157119.0,cassiecichocki,troyerlayne
63609944070.0,53673718625.0,cassiecichocki,audrey_haypark
63609944070.0,15443402.0,cassiecichocki,accio_jencat
63609944070.0,65117085178.0,cassiecichocki,lifewith_kierra
63609944070.0,63308335051.0,cassiecichocki,madwoman222
63609944070.0,63436512338.0,cassiecichocki,madwoman1028
63609944070.0,63446105154.0,cassiecichocki,mmarianaaa_
63609944070.0,65741261625.0,cassiecichocki,_christina_marisa_
63609944070.0,63105746416.0,cassiecichocki,s.arahtonin
63609944070.0,65926866152.0,cassiecichocki,zackgrossmusic
63609944070.0,44719959229.0,cassiecichocki,kaelichae
63609944070.0,63453933862.0,cassiecichocki,ruthsmor
63609944070.0,63416203260.0,cassiecichocki,justkellykellykellykelly
63609944070.0,60439393122.0,cassiecichocki,nikita.eris
63609944070.0,63098530218.0,cassiecichocki,forevermadie22
63609944070.0,63070418078.0,cassiecichocki,state_of_grace123
63609944070.0,5525652488.0,cassiecichocki,melindacarmen_
63609944070.0,65020874839.0,cassiecichocki,claracianferotti
63609944070.0,4426934.0,cassiecichocki,alliwithasmile
63609944070.0,64332677385.0,cassiecichocki,lindsay.villandry
3008732698.0,63218343120.0,shannonthomas,philip_j_waters_author
65926866152.0,63460213473.0,zackgrossmusic,sojournerweaver
65926866152.0,1603373156.0,zackgrossmusic,bookishswiftie04
65926866152.0,63308335051.0,zackgrossmusic,madwoman222
65926866152.0,64685242307.0,zackgrossmusic,phoenixcorndog
65926866152.0,8637011815.0,zackgrossmusic,the.mindfulpalette
65926866152.0,65140051300.0,zackgrossmusic,tmartin_333
65926866152.0,7689038744.0,zackgrossmusic,wobegon74
65926866152.0,64377758915.0,zackgrossmusic,cat_tivella27
65926866152.0,65531140265.0,zackgrossmusic,aussiemom65
65926866152.0,65619394124.0,zackgrossmusic,darbenstine
65926866152.0,63421916347.0,zackgrossmusic,hellcatbetty
65926866152.0,65741261625.0,zackgrossmusic,_christina_marisa_
65926866152.0,66497808807.0,zackgrossmusic,mckenzievlad_thepoet
65926866152.0,62579322026.0,zackgrossmusic,nettsnook
65926866152.0,15443402.0,zackgrossmusic,accio_jencat
65926866152.0,63086999261.0,zackgrossmusic,heyitskimberlyn_
65926866152.0,1452469360.0,zackgrossmusic,brynley.edens
65926866152.0,60420736343.0,zackgrossmusic,dreamland_roots
65926866152.0,30542633519.0,zackgrossmusic,rubyissleeping1
65926866152.0,7453917524.0,zackgrossmusic,sarahmonticue
65926866152.0,1834986434.0,zackgrossmusic,1downbadswiftie3
65926866152.0,3644308450.0,zackgrossmusic,cathy___nd
65926866152.0,63297525252.0,zackgrossmusic,mich321
65926866152.0,63098530218.0,zackgrossmusic,forevermadie22
65926866152.0,61416871202.0,zackgrossmusic,brianmblack48
65926866152.0,1495348902.0,zackgrossmusic,alohakarina
65926866152.0,40508795.0,zackgrossmusic,browning_jennifer_rn
65926866152.0,50486203.0,zackgrossmusic,ashcottonmiller87
65926866152.0,3878736571.0,zackgrossmusic,lizzyliz_1995
65926866152.0,199292581.0,zackgrossmusic,nikkisrandoms
65926866152.0,63120793284.0,zackgrossmusic,lexxxinstereo
65926866152.0,65931786948.0,zackgrossmusic,h3artst0per
65926866152.0,65117085178.0,zackgrossmusic,lifewith_kierra
65926866152.0,21820146307.0,zackgrossmusic,billyhorca15
65926866152.0,1697714543.0,zackgrossmusic,hollownaw
65926866152.0,63416203260.0,zackgrossmusic,justkellykellykellykelly
65926866152.0,63137978796.0,zackgrossmusic,mrmikeymonster
65926866152.0,1673151900.0,zackgrossmusic,mrsjexis
65926866152.0,22999388.0,zackgrossmusic,nomoremrniceswiftie
65926866152.0,63281400865.0,zackgrossmusic,destination_swiftie
65926866152.0,64376414989.0,zackgrossmusic,morgancapasso
65926866152.0,7600603865.0,zackgrossmusic,purefirebeats
28208031286.0,70244829779.0,gen_x_swiftie,mykhaylo1604
28208031286.0,6429044665.0,gen_x_swiftie,daphne.berry.77
28208031286.0,63453933862.0,gen_x_swiftie,ruthsmor
28208031286.0,64329143889.0,gen_x_swiftie,swiftiefootball
28208031286.0,25221956.0,gen_x_swiftie,bibitty
28208031286.0,63508672522.0,gen_x_swiftie,emilyngoff
28208031286.0,19115354.0,gen_x_swiftie,kan0060
28208031286.0,63389431195.0,gen_x_swiftie,shineyrays
28208031286.0,7358467.0,gen_x_swiftie,g8ralexis
28208031286.0,65831907615.0,gen_x_swiftie,captureit.rememberit_13
28208031286.0,63070418078.0,gen_x_swiftie,state_of_grace123
28208031286.0,144193549.0,gen_x_swiftie,dawnmsuiter
28208031286.0,66280683644.0,gen_x_swiftie,balieiro_milton
28208031286.0,63086999261.0,gen_x_swiftie,heyitskimberlyn_
28208031286.0,64377758915.0,gen_x_swiftie,cat_tivella27
28208031286.0,63410479194.0,gen_x_swiftie,cassieannemoore
28208031286.0,65022928022.0,gen_x_swiftie,houseofswordcastle
28208031286.0,63436512338.0,gen_x_swiftie,madwoman1028
28208031286.0,53673718625.0,gen_x_swiftie,audrey_haypark
28208031286.0,39413763.0,gen_x_swiftie,mandalevelsup
28208031286.0,48742128.0,gen_x_swiftie,ticaleur
28208031286.0,63281400865.0,gen_x_swiftie,destination_swiftie
28208031286.0,33216501.0,gen_x_swiftie,strongheather
263147477.0,63086999261.0,csimonton1234,heyitskimberlyn_
9171161844.0,68380458367.0,chayilmediapublishing,purrfectly_digital
9171161844.0,63867812221.0,chayilmediapublishing,andrei.butnarasu
9171161844.0,66039396680.0,chayilmediapublishing,harley_hon
9171161844.0,269453214.0,chayilmediapublishing,lady______________
9171161844.0,63286189826.0,chayilmediapublishing,itschargonzalez
9171161844.0,45287290086.0,chayilmediapublishing,kass.toncm
61138073750.0,66498375768.0,ella_taylorsversion_,swiftie__society
61138073750.0,70244829779.0,ella_taylorsversion_,mykhaylo1604
61138073750.0,70418019161.0,ella_taylorsversion_,spyridont
61138073750.0,60093415798.0,ella_taylorsversion_,kat_geez_crochet
61138073750.0,63859891710.0,ella_taylorsversion_,helen_taylors_version
61138073750.0,65931786948.0,ella_taylorsversion_,h3artst0per
61138073750.0,63266605793.0,ella_taylorsversion_,lauramarie2020
61138073750.0,144193549.0,ella_taylorsversion_,dawnmsuiter
61138073750.0,63508672522.0,ella_taylorsversion_,emilyngoff
61138073750.0,7039742675.0,ella_taylorsversion_,dangtien_13
61138073750.0,63247647288.0,ella_taylorsversion_,susan.lynn28
61138073750.0,1286957434.0,ella_taylorsversion_,blazwura
61138073750.0,63421916347.0,ella_taylorsversion_,hellcatbetty
61138073750.0,63297525252.0,ella_taylorsversion_,mich321
61138073750.0,63272152246.0,ella_taylorsversion_,tracieverett
61138073750.0,63086999261.0,ella_taylorsversion_,heyitskimberlyn_
61138073750.0,2314813608.0,ella_taylorsversion_,dreamyeyedrose
61138073750.0,63263531582.0,ella_taylorsversion_,justjan465
61138073750.0,63254457816.0,ella_taylorsversion_,officealpooja007
61138073750.0,65831907615.0,ella_taylorsversion_,captureit.rememberit_13
61138073750.0,35089636993.0,ella_taylorsversion_,jannielovepoetry
61138073750.0,66347880302.0,ella_taylorsversion_,hatfieldbillyjoe447
61138073750.0,44114052.0,ella_taylorsversion_,tracyanne90
61138073750.0,61416871202.0,ella_taylorsversion_,brianmblack48
61138073750.0,262458324.0,ella_taylorsversion_,_mindorbit
61138073750.0,1951810535.0,ella_taylorsversion_,andreasruckdeschel
61138073750.0,53393462507.0,ella_taylorsversion_,jordystar31
61138073750.0,65020874839.0,ella_taylorsversion_,claracianferotti
61138073750.0,63098530218.0,ella_taylorsversion_,forevermadie22
61138073750.0,64685242307.0,ella_taylorsversion_,phoenixcorndog
61138073750.0,65947129996.0,ella_taylorsversion_,spacekitty91
61138073750.0,65022928022.0,ella_taylorsversion_,houseofswordcastle
61138073750.0,65146157119.0,ella_taylorsversion_,troyerlayne
61138073750.0,59201936087.0,ella_taylorsversion_,krymkrym6807
61138073750.0,1474257304.0,ella_taylorsversion_,shauna_na_na_na
61138073750.0,65619394124.0,ella_taylorsversion_,darbenstine
61138073750.0,28668060925.0,ella_taylorsversion_,maddybarnham
61138073750.0,2466274254.0,ella_taylorsversion_,cartersporks
61138073750.0,63400759207.0,ella_taylorsversion_,gootie14
61138073750.0,63281400865.0,ella_taylorsversion_,destination_swiftie
61138073750.0,1649226326.0,ella_taylorsversion_,meg_scribbs17
61138073750.0,9383015597.0,ella_taylorsversion_,rachjgillett
61138073750.0,22999388.0,ella_taylorsversion_,nomoremrniceswiftie
61138073750.0,63052836871.0,ella_taylorsversion_,kaitlynpaige64
61138073750.0,4041659106.0,ella_taylorsversion_,bummbee1988
61138073750.0,262284329.0,ella_taylorsversion_,shangie84
61138073750.0,63888361280.0,ella_taylorsversion_,jensbooks247
61138073750.0,19115354.0,ella_taylorsversion_,kan0060
61138073750.0,20263409.0,ella_taylorsversion_,twinkle.tam
61138073750.0,65305122098.0,ella_taylorsversion_,never.been.anatural
61138073750.0,65117085178.0,ella_taylorsversion_,lifewith_kierra
61138073750.0,3694894478.0,ella_taylorsversion_,meowcii
61138073750.0,208779775.0,ella_taylorsversion_,beautyrunningwild
61138073750.0,64377758915.0,ella_taylorsversion_,cat_tivella27
61138073750.0,65140051300.0,ella_taylorsversion_,tmartin_333
61138073750.0,63070418078.0,ella_taylorsversion_,state_of_grace123
61138073750.0,263655858.0,ella_taylorsversion_,mara_beyea11
61138073750.0,199292581.0,ella_taylorsversion_,nikkisrandoms
61138073750.0,50486203.0,ella_taylorsversion_,ashcottonmiller87
61138073750.0,64808081760.0,ella_taylorsversion_,huma_nity911
61138073750.0,63416203260.0,ella_taylorsversion_,justkellykellykellykelly
49118101.0,24631321019.0,heatherchauvin_,lori.cunningham.148
49118101.0,13065250.0,heatherchauvin_,imelleblack
49118101.0,48776585413.0,heatherchauvin_,dianesorensen.bb
49118101.0,637860995.0,heatherchauvin_,jessicapats
49118101.0,1197566037.0,heatherchauvin_,br_busby
49118101.0,25628715.0,heatherchauvin_,racheal.cook
49118101.0,294552366.0,heatherchauvin_,christinaslaback
49118101.0,13416051.0,heatherchauvin_,brookerozzie
49118101.0,1836387820.0,heatherchauvin_,ashmcdonald
49118101.0,47582931709.0,heatherchauvin_,ashlundcoaching
49118101.0,11416740.0,heatherchauvin_,richellefredson
49118101.0,63086999261.0,heatherchauvin_,heyitskimberlyn_
49118101.0,247965341.0,heatherchauvin_,confidentteenteacher
49118101.0,2005313830.0,heatherchauvin_,ericalwinter
49118101.0,29628875300.0,heatherchauvin_,_annerajoo_
49118101.0,25891331.0,heatherchauvin_,elizabethlewis.co
64259683494.0,57899181321.0,naomielewo,geftalker
64259683494.0,63778044865.0,naomielewo,miyoshi3951
64259683494.0,61336722799.0,naomielewo,mike_cooler21
64259683494.0,3016411809.0,naomielewo,shree_sai_associates_s
64259683494.0,63385901862.0,naomielewo,ivette1t
43816568.0,58233712941.0,mollyrasanen,witchy_helen_
43816568.0,25891331.0,mollyrasanen,elizabethlewis.co
43816568.0,2133260319.0,mollyrasanen,allison.elizabeth._
43816568.0,4704154442.0,mollyrasanen,ashleyrodrigueswellness
43816568.0,63086999261.0,mollyrasanen,heyitskimberlyn_
12982408.0,46040615.0,sydneydelucchi,stylishlysocial
12982408.0,63470524206.0,sydneydelucchi,affaqrana
12982408.0,51521494165.0,sydneydelucchi,shayanmohammadi229
12982408.0,65600755236.0,sydneydelucchi,dhindsa5076
12982408.0,65909049108.0,sydneydelucchi,amazon_product_deal
12982408.0,63044191571.0,sydneydelucchi,crotonmark
12982408.0,63093961089.0,sydneydelucchi,loveyourwifewell
12982408.0,65619394124.0,sydneydelucchi,darbenstine
12982408.0,3878736571.0,sydneydelucchi,lizzyliz_1995
12982408.0,65379274726.0,sydneydelucchi,futuriste0
12982408.0,62579322026.0,sydneydelucchi,nettsnook
12982408.0,62403161120.0,sydneydelucchi,reine.writes.stuff
12982408.0,633309819.0,sydneydelucchi,erikastroup86
12982408.0,46125352730.0,sydneydelucchi,jicsimae
12982408.0,262284329.0,sydneydelucchi,shangie84
12982408.0,63067940437.0,sydneydelucchi,brittanyannreads
12982408.0,199292581.0,sydneydelucchi,nikkisrandoms
12982408.0,63416203260.0,sydneydelucchi,justkellykellykellykelly
12982408.0,47483104899.0,sydneydelucchi,uncommongrace25
12982408.0,263655858.0,sydneydelucchi,mara_beyea11
12982408.0,53673718625.0,sydneydelucchi,audrey_haypark
12982408.0,39413763.0,sydneydelucchi,mandalevelsup
12982408.0,63297525252.0,sydneydelucchi,mich321
12982408.0,15443402.0,sydneydelucchi,accio_jencat
12982408.0,65926866152.0,sydneydelucchi,zackgrossmusic
12982408.0,60439393122.0,sydneydelucchi,nikita.eris
12982408.0,1448404784.0,sydneydelucchi,mrs_emilou
12982408.0,64808081760.0,sydneydelucchi,huma_nity911
12982408.0,63421263906.0,sydneydelucchi,jenna_mcleod_author_
12982408.0,65117085178.0,sydneydelucchi,lifewith_kierra
12982408.0,65020874839.0,sydneydelucchi,claracianferotti
12982408.0,65741261625.0,sydneydelucchi,_christina_marisa_
12982408.0,63400759207.0,sydneydelucchi,gootie14
12982408.0,63070418078.0,sydneydelucchi,state_of_grace123
12982408.0,64608113603.0,sydneydelucchi,jharless__
12982408.0,11938370.0,sydneydelucchi,kimberleyk23
12982408.0,2466274254.0,sydneydelucchi,cartersporks
12982408.0,257703489.0,sydneydelucchi,rachel.tries.her.best
12982408.0,63052836871.0,sydneydelucchi,kaitlynpaige64
12982408.0,1243392795.0,sydneydelucchi,tdale313
12982408.0,227496556.0,sydneydelucchi,ohcrystalo
12982408.0,63468376629.0,sydneydelucchi,annebarringer
12982408.0,48836837582.0,sydneydelucchi,kcwreads
12982408.0,63129614244.0,sydneydelucchi,thestoryofvarun
12982408.0,63068917394.0,sydneydelucchi,wsig
12982408.0,4426934.0,sydneydelucchi,alliwithasmile
12982408.0,1486138221.0,sydneydelucchi,lfcmel
12982408.0,63086999261.0,sydneydelucchi,heyitskimberlyn_
12982408.0,209356680.0,sydneydelucchi,dacrazykatlady
12982408.0,3644308450.0,sydneydelucchi,cathy___nd
12982408.0,30542633519.0,sydneydelucchi,rubyissleeping1
12982408.0,63098530218.0,sydneydelucchi,forevermadie22
12982408.0,63090245861.0,sydneydelucchi,booklovejess
12982408.0,63281400865.0,sydneydelucchi,destination_swiftie
12982408.0,1836387820.0,sydneydelucchi,ashmcdonald
63410479194.0,63064839081.0,cassieannemoore,whatifbarackorhillarydidit
63410479194.0,1589821445.0,cassieannemoore,sshrubbs
63410479194.0,66876532774.0,cassieannemoore,rock.philip
63410479194.0,69548373902.0,cassieannemoore,theadhdinfj
63410479194.0,70382111375.0,cassieannemoore,bonnies5945
63410479194.0,63367833785.0,cassieannemoore,villainchrisk
63410479194.0,71850818855.0,cassieannemoore,aether.and.ink.stories
63410479194.0,63120793284.0,cassieannemoore,lexxxinstereo
63410479194.0,67991755319.0,cassieannemoore,reese_hc
63410479194.0,63018679930.0,cassieannemoore,elwoodpdowd2
63410479194.0,63126653816.0,cassieannemoore,matthewdalbertson
63410479194.0,63383172164.0,cassieannemoore,r.a.s.chimp.rob
63410479194.0,71890648772.0,cassieannemoore,thepinkfirehawk
63410479194.0,63230341872.0,cassieannemoore,pageistherage
63410479194.0,63488865722.0,cassieannemoore,macpuffins
63410479194.0,1530430330.0,cassieannemoore,leclairmiranda
63410479194.0,67978606130.0,cassieannemoore,tomnicholsgmail.com_
63410479194.0,68960609395.0,cassieannemoore,f.amir.e.2
63410479194.0,69792190729.0,cassieannemoore,nattileigh
63410479194.0,63601610018.0,cassieannemoore,erinspiegel
63410479194.0,63070418078.0,cassieannemoore,state_of_grace123
63410479194.0,63493832145.0,cassieannemoore,liz_can_fly
63410479194.0,63323722497.0,cassieannemoore,bevd1959
63410479194.0,63647336340.0,cassieannemoore,pwwroa
63410479194.0,229562098.0,cassieannemoore,daverau
63410479194.0,70815600788.0,cassieannemoore,_aja.james
63410479194.0,6057648739.0,cassieannemoore,joanstoutenborough
63410479194.0,65803918074.0,cassieannemoore,vycette
63410479194.0,15483915.0,cassieannemoore,dcredhead137
63410479194.0,70248155205.0,cassieannemoore,abdulkarim82hamad
63410479194.0,63093313536.0,cassieannemoore,marshalmallowplays
63410479194.0,5621456.0,cassieannemoore,mellionaire
63410479194.0,199382204.0,cassieannemoore,rabbicy
63410479194.0,2967068315.0,cassieannemoore,tonyblonie
63410479194.0,63086999261.0,cassieannemoore,heyitskimberlyn_
63410479194.0,9840286200.0,cassieannemoore,hak091391
63410479194.0,594724809.0,cassieannemoore,hannahh.0113
63410479194.0,63090245861.0,cassieannemoore,booklovejess
63410479194.0,7039742675.0,cassieannemoore,dangtien_13
63410479194.0,63098596474.0,cassieannemoore,elainarae2k
63410479194.0,65831907615.0,cassieannemoore,captureit.rememberit_13
63410479194.0,144193549.0,cassieannemoore,dawnmsuiter
63410479194.0,1603373156.0,cassieannemoore,bookishswiftie04
63410479194.0,9493529313.0,cassieannemoore,jeintheop
63410479194.0,63264521405.0,cassieannemoore,_nasymal
63410479194.0,63254457816.0,cassieannemoore,officealpooja007
63410479194.0,61416871202.0,cassieannemoore,brianmblack48
63410479194.0,63943005455.0,cassieannemoore,poetry_by_ed
63410479194.0,66280683644.0,cassieannemoore,balieiro_milton
63410479194.0,63129614244.0,cassieannemoore,thestoryofvarun
63410479194.0,65020874839.0,cassieannemoore,claracianferotti
63410479194.0,63888361280.0,cassieannemoore,jensbooks247
63410479194.0,65947129996.0,cassieannemoore,spacekitty91
63410479194.0,63266605793.0,cassieannemoore,lauramarie2020
63410479194.0,367818200.0,cassieannemoore,laurajanedunlap
63410479194.0,65022928022.0,cassieannemoore,houseofswordcastle
63410479194.0,63052836871.0,cassieannemoore,kaitlynpaige64
63410479194.0,61138073750.0,cassieannemoore,ella_taylorsversion_
63410479194.0,3878736571.0,cassieannemoore,lizzyliz_1995
63410479194.0,22999388.0,cassieannemoore,nomoremrniceswiftie
63410479194.0,65619394124.0,cassieannemoore,darbenstine
63410479194.0,64808081760.0,cassieannemoore,huma_nity911
63410479194.0,4041659106.0,cassieannemoore,bummbee1988
63410479194.0,39413763.0,cassieannemoore,mandalevelsup
63410479194.0,63070311372.0,cassieannemoore,tiffanypep
63410479194.0,7689038744.0,cassieannemoore,wobegon74
63410479194.0,3694894478.0,cassieannemoore,meowcii
63410479194.0,64332677385.0,cassieannemoore,lindsay.villandry
63410479194.0,63463848550.0,cassieannemoore,alberto_roman83
63410479194.0,63098530218.0,cassieannemoore,forevermadie22
63410479194.0,63281400865.0,cassieannemoore,destination_swiftie
63410479194.0,33216501.0,cassieannemoore,strongheather
63410479194.0,63843145317.0,cassieannemoore,lyliana1277
63410479194.0,63468376629.0,cassieannemoore,annebarringer
28668060925.0,2466274254.0,maddybarnham,cartersporks
28668060925.0,4693244864.0,maddybarnham,abdo_ak_98
28668060925.0,66091782398.0,maddybarnham,poets.made.of.ash
28668060925.0,45946009988.0,maddybarnham,abri1martinez
28668060925.0,65707012628.0,maddybarnham,chelseabearx
28668060925.0,1603373156.0,maddybarnham,bookishswiftie04
28668060925.0,61138073750.0,maddybarnham,ella_taylorsversion_
28668060925.0,63098530218.0,maddybarnham,forevermadie22
28668060925.0,63888361280.0,maddybarnham,jensbooks247
28668060925.0,63436512338.0,maddybarnham,madwoman1028
28668060925.0,63086999261.0,maddybarnham,heyitskimberlyn_
1077666238.0,70834202911.0,_candeus,wickedbooksandtales
1077666238.0,63102401975.0,_candeus,stylishluckycharm
1077666238.0,66124654010.0,_candeus,mistyrp99
1077666238.0,229562098.0,_candeus,daverau
1077666238.0,5552570151.0,_candeus,amberlynnboz
1077666238.0,63412603181.0,_candeus,hollisbischoff
1077666238.0,63381245915.0,_candeus,jameswritesurprisingly
1077666238.0,63004270624.0,_candeus,idrenalion
1077666238.0,67991755319.0,_candeus,reese_hc
1077666238.0,5909955314.0,_candeus,aurorastands
1077666238.0,51228479846.0,_candeus,cjmanahan.nm_afa
1077666238.0,63459158103.0,_candeus,flycurran
1077666238.0,3927473098.0,_candeus,barklaysmom
1077666238.0,63086999261.0,_candeus,heyitskimberlyn_
40160303320.0,45287290086.0,bossmummas_,kass.toncm
68235013110.0,64219829722.0,sassifiedmoni,richay.bikhari
49125022257.0,6336337.0,spamacc9435,lizstelow
49125022257.0,63625112019.0,spamacc9435,teia888
49125022257.0,176967549.0,spamacc9435,juzbcuzithasntbindunb4
49125022257.0,63086999261.0,spamacc9435,heyitskimberlyn_
6830875496.0,71901903657.0,jenniferwellsbull,poetryoracle
6830875496.0,63412603181.0,jenniferwellsbull,hollisbischoff
6830875496.0,65104537869.0,jenniferwellsbull,free.spirit.academy
6830875496.0,67706841256.0,jenniferwellsbull,williamsoklahoma77
6830875496.0,63086999261.0,jenniferwellsbull,heyitskimberlyn_
6830875496.0,233667994.0,jenniferwellsbull,kimfrase73
6830875496.0,62863447280.0,jenniferwellsbull,julieemovon_author
63088302232.0,69772213557.0,enigma956,brendadunphy08
63088302232.0,63086999261.0,enigma956,heyitskimberlyn_
63490768176.0,63086999261.0,kyle.ireton.phd,heyitskimberlyn_
63490768176.0,63251958501.0,kyle.ireton.phd,hellodavidryan
1836387820.0,25891331.0,ashmcdonald,elizabethlewis.co
1836387820.0,2133260319.0,ashmcdonald,allison.elizabeth._
1836387820.0,24079099695.0,ashmcdonald,thepaigeroane
1836387820.0,217951381.0,ashmcdonald,shelaghghering
1836387820.0,4704154442.0,ashmcdonald,ashleyrodrigueswellness
1836387820.0,294552366.0,ashmcdonald,christinaslaback
1836387820.0,996937859.0,ashmcdonald,ourinspiredlives
1836387820.0,63086999261.0,ashmcdonald,heyitskimberlyn_
1836387820.0,43816568.0,ashmcdonald,mollyrasanen
1836387820.0,63134347882.0,ashmcdonald,durtehaz
1836387820.0,1906192430.0,ashmcdonald,helenthacker
1836387820.0,47582931709.0,ashmcdonald,ashlundcoaching
1836387820.0,13416051.0,ashmcdonald,brookerozzie
63232829953.0,63086999261.0,kansas_independent,heyitskimberlyn_
63232829953.0,69772213557.0,kansas_independent,brendadunphy08
13416051.0,48776585413.0,brookerozzie,dianesorensen.bb
13416051.0,637860995.0,brookerozzie,jessicapats
13416051.0,29628875300.0,brookerozzie,_annerajoo_
13416051.0,49118101.0,brookerozzie,heatherchauvin_
13416051.0,25891331.0,brookerozzie,elizabethlewis.co
13416051.0,247965341.0,brookerozzie,confidentteenteacher
13416051.0,4704154442.0,brookerozzie,ashleyrodrigueswellness
13416051.0,294552366.0,brookerozzie,christinaslaback
13416051.0,63086999261.0,brookerozzie,heyitskimberlyn_
13416051.0,47582931709.0,brookerozzie,ashlundcoaching
13416051.0,1836387820.0,brookerozzie,ashmcdonald
65858606709.0,63102401975.0,the.mrs.stovall,stylishluckycharm
65858606709.0,63431437800.0,the.mrs.stovall,thisone777
65858606709.0,66455073682.0,the.mrs.stovall,pattyvond
65858606709.0,181156648.0,the.mrs.stovall,cspoone67
65858606709.0,67556301664.0,the.mrs.stovall,pc4ny
65858606709.0,63279607705.0,the.mrs.stovall,shariwhaley1964
65858606709.0,71890648772.0,the.mrs.stovall,thepinkfirehawk
65858606709.0,69296714937.0,the.mrs.stovall,sacajungirl
65858606709.0,63421795015.0,the.mrs.stovall,charleneschlegel68
65858606709.0,68369186728.0,the.mrs.stovall,officialsterlingmasters
65858606709.0,60524551813.0,the.mrs.stovall,james_david_walley
65858606709.0,28087714568.0,the.mrs.stovall,willowbassett
65858606709.0,70408325989.0,the.mrs.stovall,kerri.cavlovic
65858606709.0,69548373902.0,the.mrs.stovall,theadhdinfj
65858606709.0,70428705305.0,the.mrs.stovall,mistydudley42
65858606709.0,27896728.0,the.mrs.stovall,cambro_obscura
65858606709.0,63276982828.0,the.mrs.stovall,d.j._unsubscribed_
65858606709.0,69738739472.0,the.mrs.stovall,confusedmummy
65858606709.0,63303296660.0,the.mrs.stovall,beckandthemat
65858606709.0,5552570151.0,the.mrs.stovall,amberlynnboz
65858606709.0,63375291103.0,the.mrs.stovall,jkt0105
65858606709.0,9226363627.0,the.mrs.stovall,savoie_paul
65858606709.0,64343718875.0,the.mrs.stovall,tracey.curtis.507
65858606709.0,70171962998.0,the.mrs.stovall,reeselandrypoetry
65858606709.0,68578784615.0,the.mrs.stovall,handcraftedbyyoungoldthings
65858606709.0,1800156906.0,the.mrs.stovall,jp_huskie
65858606709.0,4318110380.0,the.mrs.stovall,jmayson11
65858606709.0,63436156100.0,the.mrs.stovall,marciemeow
65858606709.0,5909955314.0,the.mrs.stovall,aurorastands
65858606709.0,4427127038.0,the.mrs.stovall,territavares_64
65858606709.0,63086999261.0,the.mrs.stovall,heyitskimberlyn_
68778698792.0,63367253444.0,realdjalphabeats,rock_bodum
50043161358.0,48776585413.0,mother_plus_podcast,dianesorensen.bb
50043161358.0,1664761765.0,mother_plus_podcast,stephsprenger
50043161358.0,294552366.0,mother_plus_podcast,christinaslaback
50043161358.0,63086999261.0,mother_plus_podcast,heyitskimberlyn_
50043161358.0,18546970686.0,mother_plus_podcast,parentcoachcindy
50043161358.0,5802271944.0,mother_plus_podcast,cherkretz_thefocusedmindset
50043161358.0,50488222543.0,mother_plus_podcast,triodesigncollaborative
1800156906.0,63086999261.0,jp_huskie,heyitskimberlyn_
1800156906.0,65858606709.0,jp_huskie,the.mrs.stovall
67840257186.0,63307569360.0,randallbc777,cosmicd56
67840257186.0,69382603522.0,randallbc777,nicknacknyuknyuknyuk
67840257186.0,63279607705.0,randallbc777,shariwhaley1964
67840257186.0,1530430330.0,randallbc777,leclairmiranda
67840257186.0,63497016145.0,randallbc777,zipstraw
67840257186.0,68334934711.0,randallbc777,gokulnb740
67840257186.0,63281903705.0,randallbc777,ceeceemcee
67840257186.0,70382111375.0,randallbc777,bonnies5945
67840257186.0,70737503315.0,randallbc777,rayray.creates.empires__
67840257186.0,56072078793.0,randallbc777,el_kabong_ii
67840257186.0,67620712016.0,randallbc777,baba.yaga.bentley
67840257186.0,67159038925.0,randallbc777,king._kohli_fan
67840257186.0,63242244277.0,randallbc777,festivalhorror
67840257186.0,65841135042.0,randallbc777,mzscout3
67840257186.0,184693730.0,randallbc777,cjnichols11
67840257186.0,199842484.0,randallbc777,terri_lynn7
67840257186.0,64685242307.0,randallbc777,phoenixcorndog
67840257186.0,3594831437.0,randallbc777,waltgekko
67840257186.0,68888471404.0,randallbc777,debikillian
67840257186.0,70834202911.0,randallbc777,wickedbooksandtales
67840257186.0,70428705305.0,randallbc777,mistydudley42
67840257186.0,68822662345.0,randallbc777,its.addie13
67840257186.0,54268891792.0,randallbc777,wellredmegs
67840257186.0,70815600788.0,randallbc777,_aja.james
67840257186.0,4103274607.0,randallbc777,mommaduck1952
67840257186.0,1026306042.0,randallbc777,loripat54
67840257186.0,63233794888.0,randallbc777,xamphetanina
67840257186.0,41648051526.0,randallbc777,commander.jan
67840257186.0,63652216159.0,randallbc777,christine_3251
67840257186.0,233667994.0,randallbc777,kimfrase73
67840257186.0,20873589.0,randallbc777,nmizoo23
67840257186.0,1603373156.0,randallbc777,bookishswiftie04
67840257186.0,52397934057.0,randallbc777,melindajohnson6816
67840257186.0,70564289374.0,randallbc777,satyr_john
67840257186.0,62733316539.0,randallbc777,princecaspian1969
67840257186.0,6336337.0,randallbc777,lizstelow
67840257186.0,70250491922.0,randallbc777,britnbrown_86
67840257186.0,69772213557.0,randallbc777,brendadunphy08
67840257186.0,63086999261.0,randallbc777,heyitskimberlyn_
67840257186.0,70571399872.0,randallbc777,terryblackmon
67840257186.0,63562437816.0,randallbc777,hausbeckmiller
67840257186.0,6575705536.0,randallbc777,cathyhagansmith
67840257186.0,6233330506.0,randallbc777,helbigtracy
67840257186.0,184490644.0,randallbc777,angelk_73
67840257186.0,69366324553.0,randallbc777,cjrttla
67840257186.0,69805130086.0,randallbc777,xxjustanothergirl91
67840257186.0,68540281382.0,randallbc777,rpgregory87
67840257186.0,64128275608.0,randallbc777,sueishere1955
67840257186.0,68670971537.0,randallbc777,acacia_kamille
67840257186.0,58022550147.0,randallbc777,hinkypunkemporium
67840257186.0,67924453501.0,randallbc777,sickchickkie
67840257186.0,67593054329.0,randallbc777,teiwapotts
67840257186.0,63037798945.0,randallbc777,rybrock
67840257186.0,335690912.0,randallbc777,foodiehiker3
68888471404.0,63430302725.0,debikillian,mccarty.billie
68888471404.0,67706841256.0,debikillian,williamsoklahoma77
68888471404.0,63086999261.0,debikillian,heyitskimberlyn_
68888471404.0,1287389742.0,debikillian,steveofpa
68888471404.0,67840257186.0,debikillian,randallbc777
68888471404.0,63461420504.0,debikillian,heathergay2
1475575595.0,63277804295.0,project_female_rage_2025,the_maverick_mind_resist
1475575595.0,3095718903.0,project_female_rage_2025,jemesouviens
1475575595.0,63308335051.0,project_female_rage_2025,madwoman222
1475575595.0,50010540748.0,project_female_rage_2025,merajmeraj1334
1475575595.0,63416203260.0,project_female_rage_2025,justkellykellykellykelly
1475575595.0,63436512338.0,project_female_rage_2025,madwoman1028
1475575595.0,63086999261.0,project_female_rage_2025,heyitskimberlyn_
1475575595.0,51278116767.0,project_female_rage_2025,karma_is_my_boyfriend13
1475575595.0,65140051300.0,project_female_rage_2025,tmartin_333
1475575595.0,64808081760.0,project_female_rage_2025,huma_nity911
1475575595.0,1474257304.0,project_female_rage_2025,shauna_na_na_na
1475575595.0,263655858.0,project_female_rage_2025,mara_beyea11
1475575595.0,65078223711.0,project_female_rage_2025,brittney_harding
1475575595.0,46125352730.0,project_female_rage_2025,jicsimae
1475575595.0,63070418078.0,project_female_rage_2025,state_of_grace123
1475575595.0,1452469360.0,project_female_rage_2025,brynley.edens
1475575595.0,313765497.0,project_female_rage_2025,notstephwallace
1475575595.0,65117085178.0,project_female_rage_2025,lifewith_kierra
63278375088.0,63086999261.0,the_ideas_girl,heyitskimberlyn_
5558234.0,69772213557.0,tthornhill,brendadunphy08
5558234.0,63247647288.0,tthornhill,susan.lynn28
5558234.0,69488580456.0,tthornhill,strlslvr987
5558234.0,63086999261.0,tthornhill,heyitskimberlyn_
5558234.0,63306164313.0,tthornhill,tottenhamphilly778
66617946965.0,70571399872.0,annoliver067,terryblackmon
66617946965.0,69772213557.0,annoliver067,brendadunphy08
66617946965.0,69614032057.0,annoliver067,zozomadre505
66617946965.0,63481825052.0,annoliver067,elana_mcdougall_author
66617946965.0,63086999261.0,annoliver067,heyitskimberlyn_
257976484.0,70815600788.0,eamcdm,_aja.james
257976484.0,69772213557.0,eamcdm,brendadunphy08
257976484.0,2967068315.0,eamcdm,tonyblonie
257976484.0,63143238313.0,eamcdm,debmeister221
257976484.0,65835444819.0,eamcdm,rabitt.marketing
257976484.0,63086999261.0,eamcdm,heyitskimberlyn_
42074400.0,63426714633.0,laurflamand,that_bookworm_guy
63308335051.0,3045337873.0,madwoman222,pasandotiempo
63308335051.0,66997649864.0,madwoman222,invisible_spoonie
63308335051.0,23118167597.0,madwoman222,thankuspirit777
63308335051.0,15483915.0,madwoman222,dcredhead137
63308335051.0,3245924.0,madwoman222,rockandrollmama
63308335051.0,63092480764.0,madwoman222,mamafoxof3
63308335051.0,63435239020.0,madwoman222,wazcher
63308335051.0,63457541609.0,madwoman222,ladydi0410
63308335051.0,60093415798.0,madwoman222,kat_geez_crochet
63308335051.0,8480632966.0,madwoman222,mxamphd
63308335051.0,14705752632.0,madwoman222,goldendaisies7
63308335051.0,10705698543.0,madwoman222,resistrebelrevolt
63308335051.0,68310941633.0,madwoman222,jthomas_lol
63308335051.0,7718397742.0,madwoman222,beth_hockaday
63308335051.0,63066220801.0,madwoman222,pvcollinsphotos
63308335051.0,7308378352.0,madwoman222,maggie.stegmangarcia
63308335051.0,65931786948.0,madwoman222,h3artst0per
63308335051.0,63450540425.0,madwoman222,thatspookybabe99
63308335051.0,25221956.0,madwoman222,bibitty
63308335051.0,63297525252.0,madwoman222,mich321
63308335051.0,65022928022.0,madwoman222,houseofswordcastle
63308335051.0,1475575595.0,madwoman222,project_female_rage_2025
63308335051.0,4103274607.0,madwoman222,mommaduck1952
63308335051.0,63138717398.0,madwoman222,kking1967
63308335051.0,48161660446.0,madwoman222,catherine.salter97
63308335051.0,63419196050.0,madwoman222,icecreamcastles_99
63308335051.0,63412603181.0,madwoman222,hollisbischoff
63308335051.0,44938072056.0,madwoman222,pushtaylorsversion
63308335051.0,62849413260.0,madwoman222,falicitteerose
63308335051.0,63453933862.0,madwoman222,ruthsmor
63308335051.0,63414059120.0,madwoman222,alyssanashart
63308335051.0,9493529313.0,madwoman222,jeintheop
63308335051.0,63481482965.0,madwoman222,jackietully6
63308335051.0,65831907615.0,madwoman222,captureit.rememberit_13
63308335051.0,65619394124.0,madwoman222,darbenstine
63308335051.0,63272152246.0,madwoman222,tracieverett
63308335051.0,206502157.0,madwoman222,hillary_chen90
63308335051.0,61416871202.0,madwoman222,brianmblack48
63308335051.0,208779775.0,madwoman222,beautyrunningwild
63308335051.0,65020874839.0,madwoman222,claracianferotti
63308335051.0,63093961089.0,madwoman222,loveyourwifewell
63308335051.0,65707012628.0,madwoman222,chelseabearx
63308335051.0,63030559769.0,madwoman222,jillsy516
63308335051.0,63498687781.0,madwoman222,amazing_doggos_
63308335051.0,6020766949.0,madwoman222,untetheredbutterfly0130
63308335051.0,65947129996.0,madwoman222,spacekitty91
63308335051.0,64377758915.0,madwoman222,cat_tivella27
63308335051.0,1495348902.0,madwoman222,alohakarina
63308335051.0,40508795.0,madwoman222,browning_jennifer_rn
63308335051.0,41436282.0,madwoman222,gwennypink
63308335051.0,22999388.0,madwoman222,nomoremrniceswiftie
63308335051.0,63070418078.0,madwoman222,state_of_grace123
63308335051.0,63457664804.0,madwoman222,shannonambroson
63308335051.0,63888361280.0,madwoman222,jensbooks247
63308335051.0,19115354.0,madwoman222,kan0060
63308335051.0,1523630705.0,madwoman222,_the.bolter
63308335051.0,8884061.0,madwoman222,cutmeupjenny
63308335051.0,65117085178.0,madwoman222,lifewith_kierra
63308335051.0,63086999261.0,madwoman222,heyitskimberlyn_
63308335051.0,1603373156.0,madwoman222,bookishswiftie04
63308335051.0,55819841211.0,madwoman222,mohamedalzrka5
63308335051.0,63421916347.0,madwoman222,hellcatbetty
63308335051.0,63315058721.0,madwoman222,gwensaschasversion
63308335051.0,63097541651.0,madwoman222,violent_skully
63308335051.0,66091782398.0,madwoman222,poets.made.of.ash
63308335051.0,17855326.0,madwoman222,jamie_lee_93
63308335051.0,367818200.0,madwoman222,laurajanedunlap
63308335051.0,13104575.0,madwoman222,radicalkid87
63308335051.0,48742128.0,madwoman222,ticaleur
63308335051.0,63296921181.0,madwoman222,doritycreekgirl
63308335051.0,64808081760.0,madwoman222,huma_nity911
63308335051.0,65926866152.0,madwoman222,zackgrossmusic
63308335051.0,3878736571.0,madwoman222,lizzyliz_1995
63308335051.0,66498624070.0,madwoman222,awalharuna999
63308335051.0,53673718625.0,madwoman222,audrey_haypark
63308335051.0,262284329.0,madwoman222,shangie84
63308335051.0,1697714543.0,madwoman222,hollownaw
63308335051.0,313765497.0,madwoman222,notstephwallace
63308335051.0,63416203260.0,madwoman222,justkellykellykellykelly
63308335051.0,65078223711.0,madwoman222,brittney_harding
63308335051.0,63323061396.0,madwoman222,paigethevampireslayer
63308335051.0,33216501.0,madwoman222,strongheather
5687595610.0,66876532774.0,lj_murrayofficial,rock.philip
5687595610.0,6830875496.0,lj_murrayofficial,jenniferwellsbull
5687595610.0,68304093828.0,lj_murrayofficial,mjkwho3
5687595610.0,7462124268.0,lj_murrayofficial,bradshawreggina
5687595610.0,70933498936.0,lj_murrayofficial,jef1959
5687595610.0,71890648772.0,lj_murrayofficial,thepinkfirehawk
5687595610.0,70382111375.0,lj_murrayofficial,bonnies5945
5687595610.0,69548373902.0,lj_murrayofficial,theadhdinfj
5687595610.0,63412603181.0,lj_murrayofficial,hollisbischoff
5687595610.0,63158437498.0,lj_murrayofficial,chazngg
5687595610.0,63064839081.0,lj_murrayofficial,whatifbarackorhillarydidit
5687595610.0,70408325989.0,lj_murrayofficial,kerri.cavlovic
5687595610.0,64808081760.0,lj_murrayofficial,huma_nity911
5687595610.0,69576523404.0,lj_murrayofficial,honeybee_bythesea
5687595610.0,63052836871.0,lj_murrayofficial,kaitlynpaige64
5687595610.0,69772213557.0,lj_murrayofficial,brendadunphy08
5687595610.0,63299922692.0,lj_murrayofficial,cakeer14
5687595610.0,70815600788.0,lj_murrayofficial,_aja.james
5687595610.0,14705752632.0,lj_murrayofficial,goldendaisies7
5687595610.0,53065151.0,lj_murrayofficial,rohanwinehouse
5687595610.0,427442100.0,lj_murrayofficial,shedoredos
5687595610.0,63086999261.0,lj_murrayofficial,heyitskimberlyn_
68178582730.0,33216501.0,theamwalsh,strongheather
68178582730.0,67706841256.0,theamwalsh,williamsoklahoma77
68178582730.0,63086999261.0,theamwalsh,heyitskimberlyn_
258601604.0,63086999261.0,gina.pomerico,heyitskimberlyn_
258601604.0,64685242307.0,gina.pomerico,phoenixcorndog
258601604.0,41436282.0,gina.pomerico,gwennypink
258601604.0,63296921181.0,gina.pomerico,doritycreekgirl
258601604.0,65117085178.0,gina.pomerico,lifewith_kierra
227496556.0,64808081760.0,ohcrystalo,huma_nity911
227496556.0,63086999261.0,ohcrystalo,heyitskimberlyn_
227496556.0,63133854921.0,ohcrystalo,mooncatkait
59650457906.0,67840257186.0,haipurr,randallbc777
59650457906.0,63086999261.0,haipurr,heyitskimberlyn_
59650457906.0,63230013706.0,haipurr,notgoingbacklisa
69223384898.0,56263847323.0,cpeterson15,wrentaylorwrites
69223384898.0,70815600788.0,cpeterson15,_aja.james
69223384898.0,63086999261.0,cpeterson15,heyitskimberlyn_
69223384898.0,63439428867.0,cpeterson15,amandajo424
2245116.0,70854888684.0,katievanbruntauthor,vineetvermaauthor
2245116.0,70854790498.0,katievanbruntauthor,knovelprotocol
2245116.0,70815600788.0,katievanbruntauthor,_aja.james
2245116.0,71792368481.0,katievanbruntauthor,authorj.m.barber
2245116.0,63043437031.0,katievanbruntauthor,jennisimonis_author
2245116.0,70835039381.0,katievanbruntauthor,nomadsmobilebookstore
2245116.0,70171962998.0,katievanbruntauthor,reeselandrypoetry
2245116.0,63242244277.0,katievanbruntauthor,festivalhorror
2245116.0,63450476734.0,katievanbruntauthor,donnatracywriter
2245116.0,63477475775.0,katievanbruntauthor,perksofbeingabookworm01
2245116.0,67989824415.0,katievanbruntauthor,stephenonmars
2245116.0,68087996979.0,katievanbruntauthor,wisconsin_transplant
2245116.0,5525387211.0,katievanbruntauthor,lexiebookish
2245116.0,63440599934.0,katievanbruntauthor,jessicavauthor
2245116.0,63129614244.0,katievanbruntauthor,thestoryofvarun
2245116.0,65669088982.0,katievanbruntauthor,treep_ng
2245116.0,65398772528.0,katievanbruntauthor,alexidewriter
2245116.0,66280683644.0,katievanbruntauthor,balieiro_milton
2245116.0,63152517622.0,katievanbruntauthor,helenhensell
2245116.0,64146307072.0,katievanbruntauthor,i_s_o_l_d_e_
2245116.0,66769627005.0,katievanbruntauthor,exileonmainst_
2245116.0,66629442689.0,katievanbruntauthor,emily.the.story.seeker
2245116.0,63310626224.0,katievanbruntauthor,jackiesstrength73
2245116.0,63499994118.0,katievanbruntauthor,rachelrosatoauthor
2245116.0,64930856032.0,katievanbruntauthor,beemraj.bhagwandin6
2245116.0,63421916347.0,katievanbruntauthor,hellcatbetty
2245116.0,58473916182.0,katievanbruntauthor,hannah.brixton
2245116.0,63086999261.0,katievanbruntauthor,heyitskimberlyn_
52523764905.0,63086999261.0,jeanettefinke2022,heyitskimberlyn_
11365413.0,63070418078.0,april_skinner,state_of_grace123
11365413.0,65619394124.0,april_skinner,darbenstine
11365413.0,65022928022.0,april_skinner,houseofswordcastle
11365413.0,33216501.0,april_skinner,strongheather
11365413.0,63086999261.0,april_skinner,heyitskimberlyn_
636692511.0,58233712941.0,carolinacarrascopalza,witchy_helen_
37665665.0,58233712941.0,_allimeyers,witchy_helen_
37665665.0,40375196930.0,_allimeyers,grannywenlock
37665665.0,63086999261.0,_allimeyers,heyitskimberlyn_
5372399636.0,63086999261.0,lsilvagni55,heyitskimberlyn_
35089636993.0,63093961089.0,jannielovepoetry,loveyourwifewell
35089636993.0,63089628759.0,jannielovepoetry,nancygoreckianderson
35089636993.0,63281400865.0,jannielovepoetry,destination_swiftie
35089636993.0,63086999261.0,jannielovepoetry,heyitskimberlyn_
35089636993.0,66498375768.0,jannielovepoetry,swiftie__society
35089636993.0,66091782398.0,jannielovepoetry,poets.made.of.ash
35089636993.0,53673718625.0,jannielovepoetry,audrey_haypark
35089636993.0,65931786948.0,jannielovepoetry,h3artst0per
35089636993.0,263655858.0,jannielovepoetry,mara_beyea11
35089636993.0,1452469360.0,jannielovepoetry,brynley.edens
35089636993.0,313765497.0,jannielovepoetry,notstephwallace
35089636993.0,63416203260.0,jannielovepoetry,justkellykellykellykelly
35089636993.0,63297525252.0,jannielovepoetry,mich321
35089636993.0,3878736571.0,jannielovepoetry,lizzyliz_1995
35089636993.0,65117085178.0,jannielovepoetry,lifewith_kierra
35089636993.0,9383015597.0,jannielovepoetry,rachjgillett
35089636993.0,21820146307.0,jannielovepoetry,billyhorca15
35089636993.0,40508795.0,jannielovepoetry,browning_jennifer_rn
35089636993.0,61416871202.0,jannielovepoetry,brianmblack48
35089636993.0,66280683644.0,jannielovepoetry,balieiro_milton
35089636993.0,5525652488.0,jannielovepoetry,melindacarmen_
35089636993.0,1579907408.0,jannielovepoetry,rafaelpaulinoferreira
35089636993.0,60420736343.0,jannielovepoetry,dreamland_roots
35089636993.0,63137978796.0,jannielovepoetry,mrmikeymonster
35089636993.0,1486138221.0,jannielovepoetry,lfcmel
35089636993.0,22999388.0,jannielovepoetry,nomoremrniceswiftie
35089636993.0,3009476810.0,jannielovepoetry,ericatrek
35089636993.0,65020874839.0,jannielovepoetry,claracianferotti
35089636993.0,63098530218.0,jannielovepoetry,forevermadie22
8440050016.0,63086999261.0,dennisj._benard,heyitskimberlyn_
65614274728.0,69230487741.0,digamber.singh.14224,high_foreign_chick
65614274728.0,63655416292.0,digamber.singh.14224,its_jannat_world_09
1664761765.0,50043161358.0,stephsprenger,mother_plus_podcast
1664761765.0,18546970686.0,stephsprenger,parentcoachcindy
1664761765.0,63086999261.0,stephsprenger,heyitskimberlyn_
8637011815.0,64377758915.0,the.mindfulpalette,cat_tivella27
8637011815.0,65738131699.0,the.mindfulpalette,ada_948219
8637011815.0,209356680.0,the.mindfulpalette,dacrazykatlady
8637011815.0,63308335051.0,the.mindfulpalette,madwoman222
8637011815.0,65619394124.0,the.mindfulpalette,darbenstine
8637011815.0,28668060925.0,the.mindfulpalette,maddybarnham
8637011815.0,64808081760.0,the.mindfulpalette,huma_nity911
8637011815.0,63098530218.0,the.mindfulpalette,forevermadie22
8637011815.0,65530766087.0,the.mindfulpalette,daniavelle
8637011815.0,63436512338.0,the.mindfulpalette,madwoman1028
8637011815.0,1495348902.0,the.mindfulpalette,alohakarina
8637011815.0,1697714543.0,the.mindfulpalette,hollownaw
8637011815.0,65788096345.0,the.mindfulpalette,the_mini_manager
8637011815.0,231896890.0,the.mindfulpalette,callmeassyla
8637011815.0,65926866152.0,the.mindfulpalette,zackgrossmusic
8637011815.0,40508795.0,the.mindfulpalette,browning_jennifer_rn
8637011815.0,7689038744.0,the.mindfulpalette,wobegon74
8637011815.0,63888361280.0,the.mindfulpalette,jensbooks247
8637011815.0,13104575.0,the.mindfulpalette,radicalkid87
8637011815.0,63421916347.0,the.mindfulpalette,hellcatbetty
8637011815.0,63086999261.0,the.mindfulpalette,heyitskimberlyn_
8637011815.0,65741261625.0,the.mindfulpalette,_christina_marisa_
8637011815.0,63416203260.0,the.mindfulpalette,justkellykellykellykelly
8637011815.0,262458324.0,the.mindfulpalette,_mindorbit
8637011815.0,64685242307.0,the.mindfulpalette,phoenixcorndog
8637011815.0,5525652488.0,the.mindfulpalette,melindacarmen_
8637011815.0,63062717707.0,the.mindfulpalette,kathrynaylabarnes
8637011815.0,263655858.0,the.mindfulpalette,mara_beyea11
8637011815.0,46125352730.0,the.mindfulpalette,jicsimae
8637011815.0,63457664804.0,the.mindfulpalette,shannonambroson
5472626544.0,63436512338.0,reniedesign,madwoman1028
5472626544.0,63086999261.0,reniedesign,heyitskimberlyn_
5472626544.0,66091782398.0,reniedesign,poets.made.of.ash
5472626544.0,7453917524.0,reniedesign,sarahmonticue
5472626544.0,1834986434.0,reniedesign,1downbadswiftie3
5472626544.0,63070418078.0,reniedesign,state_of_grace123
6637555.0,65693063382.0,lolawhiskey,fredwinter27
6637555.0,58233712941.0,lolawhiskey,witchy_helen_
6637555.0,63086999261.0,lolawhiskey,heyitskimberlyn_
58584468859.0,63086999261.0,createwithnatasha.co,heyitskimberlyn_
58584468859.0,65548150344.0,createwithnatasha.co,phamvanthinh16042005
58584468859.0,25778284676.0,createwithnatasha.co,_alyssasimpsonx
63416203260.0,64377758915.0,justkellykellykellykelly,cat_tivella27
63416203260.0,65931786948.0,justkellykellykellykelly,h3artst0per
63416203260.0,66498375768.0,justkellykellykellykelly,swiftie__society
63416203260.0,65022928022.0,justkellykellykellykelly,houseofswordcastle
63416203260.0,65146157119.0,justkellykellykellykelly,troyerlayne
63416203260.0,63457541609.0,justkellykellykellykelly,ladydi0410
63416203260.0,45690427540.0,justkellykellykellykelly,meg_hansolo52
63416203260.0,63460213473.0,justkellykellykellykelly,sojournerweaver
63416203260.0,63272152246.0,justkellykellykellykelly,tracieverett
63416203260.0,63257400219.0,justkellykellykellykelly,ghoststrats
63416203260.0,61416871202.0,justkellykellykellykelly,brianmblack48
63416203260.0,63387685848.0,justkellykellykellykelly,trea_christopher
63416203260.0,65831907615.0,justkellykellykellykelly,captureit.rememberit_13
63416203260.0,63089628759.0,justkellykellykellykelly,nancygoreckianderson
63416203260.0,308224795.0,justkellykellykellykelly,kayleave
63416203260.0,50905455849.0,justkellykellykellykelly,drangelinesimeus
63416203260.0,487925841.0,justkellykellykellykelly,jeninchiostro
63416203260.0,63498687781.0,justkellykellykellykelly,amazing_doggos_
63416203260.0,189944351.0,justkellykellykellykelly,kitroo87
63416203260.0,1649226326.0,justkellykellykellykelly,meg_scribbs17
63416203260.0,65803918074.0,justkellykellykellykelly,vycette
63416203260.0,1475575595.0,justkellykellykellykelly,project_female_rage_2025
63416203260.0,30542633519.0,justkellykellykellykelly,rubyissleeping1
63416203260.0,63409658883.0,justkellykellykellykelly,laurathefones
63416203260.0,65788096345.0,justkellykellykellykelly,the_mini_manager
63416203260.0,17855326.0,justkellykellykellykelly,jamie_lee_93
63416203260.0,13104575.0,justkellykellykellykelly,radicalkid87
63416203260.0,63062717707.0,justkellykellykellykelly,kathrynaylabarnes
63416203260.0,1603373156.0,justkellykellykellykelly,bookishswiftie04
63416203260.0,63297525252.0,justkellykellykellykelly,mich321
63416203260.0,631874857.0,justkellykellykellykelly,appledawn_434
63416203260.0,3694894478.0,justkellykellykellykelly,meowcii
63416203260.0,41436282.0,justkellykellykellykelly,gwennypink
63416203260.0,65140051300.0,justkellykellykellykelly,tmartin_333
63416203260.0,64685242307.0,justkellykellykellykelly,phoenixcorndog
63416203260.0,5368912086.0,justkellykellykellykelly,alicarver2
63416203260.0,44938072056.0,justkellykellykellykelly,pushtaylorsversion
63416203260.0,64808081760.0,justkellykellykellykelly,huma_nity911
63416203260.0,63635088246.0,justkellykellykellykelly,sunsing
63416203260.0,63052836871.0,justkellykellykellykelly,kaitlynpaige64
63416203260.0,51278116767.0,justkellykellykellykelly,karma_is_my_boyfriend13
63416203260.0,2466274254.0,justkellykellykellykelly,cartersporks
63416203260.0,13464962.0,justkellykellykellykelly,melon.collie.court
63416203260.0,65379274726.0,justkellykellykellykelly,futuriste0
63416203260.0,62579322026.0,justkellykellykellykelly,nettsnook
63416203260.0,66497808807.0,justkellykellykellykelly,mckenzievlad_thepoet
63416203260.0,208779775.0,justkellykellykellykelly,beautyrunningwild
63416203260.0,63400759207.0,justkellykellykellykelly,gootie14
63416203260.0,8637011815.0,justkellykellykellykelly,the.mindfulpalette
63416203260.0,5621456.0,justkellykellykellykelly,mellionaire
63416203260.0,63481482965.0,justkellykellykellykelly,jackietully6
63416203260.0,66498624070.0,justkellykellykellykelly,awalharuna999
63416203260.0,4658731.0,justkellykellykellykelly,nesticos
63416203260.0,63079825619.0,justkellykellykellykelly,kateshelty
63416203260.0,60433307285.0,justkellykellykellykelly,ts_swiftie_1989_13
63416203260.0,44114052.0,justkellykellykellykelly,tracyanne90
63416203260.0,63086999261.0,justkellykellykellykelly,heyitskimberlyn_
63416203260.0,1697714543.0,justkellykellykellykelly,hollownaw
63416203260.0,50486203.0,justkellykellykellykelly,ashcottonmiller87
63416203260.0,64624525083.0,justkellykellykellykelly,allthestarsaredeadonyt
63416203260.0,63315058721.0,justkellykellykellykelly,gwensaschasversion
63416203260.0,63508672522.0,justkellykellykellykelly,emilyngoff
63416203260.0,63281400865.0,justkellykellykellykelly,destination_swiftie
63416203260.0,367818200.0,justkellykellykellykelly,laurajanedunlap
63416203260.0,63888361280.0,justkellykellykellykelly,jensbooks247
63416203260.0,53673718625.0,justkellykellykellykelly,audrey_haypark
63416203260.0,63453933862.0,justkellykellykellykelly,ruthsmor
63416203260.0,66280683644.0,justkellykellykellykelly,balieiro_milton
63416203260.0,8884061.0,justkellykellykellykelly,cutmeupjenny
63416203260.0,63247647288.0,justkellykellykellykelly,susan.lynn28
63416203260.0,576352882.0,justkellykellykellykelly,jessicaa_dmr
63416203260.0,63419196050.0,justkellykellykellykelly,icecreamcastles_99
63416203260.0,60439393122.0,justkellykellykellykelly,nikita.eris
63416203260.0,65741261625.0,justkellykellykellykelly,_christina_marisa_
63416203260.0,262284329.0,justkellykellykellykelly,shangie84
63416203260.0,63308335051.0,justkellykellykellykelly,madwoman222
63416203260.0,1452469360.0,justkellykellykellykelly,brynley.edens
63416203260.0,15443402.0,justkellykellykellykelly,accio_jencat
63416203260.0,35089636993.0,justkellykellykellykelly,jannielovepoetry
63416203260.0,7841474726.0,justkellykellykellykelly,mom_the_savage1
63416203260.0,1834986434.0,justkellykellykellykelly,1downbadswiftie3
63416203260.0,20263409.0,justkellykellykellykelly,twinkle.tam
63416203260.0,3008732698.0,justkellykellykellykelly,shannonthomas
63416203260.0,65531140265.0,justkellykellykellykelly,aussiemom65
63416203260.0,3644308450.0,justkellykellykellykelly,cathy___nd
63416203260.0,63129614244.0,justkellykellykellykelly,thestoryofvarun
63416203260.0,1338281383.0,justkellykellykellykelly,enitsirkm
63416203260.0,1495348902.0,justkellykellykellykelly,alohakarina
63416203260.0,633309819.0,justkellykellykellykelly,erikastroup86
63416203260.0,180827593.0,justkellykellykellykelly,torturedpoet_22
63416203260.0,40508795.0,justkellykellykellykelly,browning_jennifer_rn
63416203260.0,199292581.0,justkellykellykellykelly,nikkisrandoms
63416203260.0,1579907408.0,justkellykellykellykelly,rafaelpaulinoferreira
63416203260.0,60093415798.0,justkellykellykellykelly,kat_geez_crochet
63416203260.0,63070418078.0,justkellykellykellykelly,state_of_grace123
63416203260.0,61138073750.0,justkellykellykellykelly,ella_taylorsversion_
63416203260.0,63859891710.0,justkellykellykellykelly,helen_taylors_version
63416203260.0,63436512338.0,justkellykellykellykelly,madwoman1028
63416203260.0,263655858.0,justkellykellykellykelly,mara_beyea11
63416203260.0,19115354.0,justkellykellykellykelly,kan0060
63416203260.0,63266605793.0,justkellykellykellykelly,lauramarie2020
63416203260.0,63093313536.0,justkellykellykellykelly,marshalmallowplays
63416203260.0,3878736571.0,justkellykellykellykelly,lizzyliz_1995
63416203260.0,63457664804.0,justkellykellykellykelly,shannonambroson
63416203260.0,1673151900.0,justkellykellykellykelly,mrsjexis
63416203260.0,65117085178.0,justkellykellykellykelly,lifewith_kierra
63416203260.0,63843145317.0,justkellykellykellykelly,lyliana1277
63416203260.0,7453917524.0,justkellykellykellykelly,sarahmonticue
63416203260.0,5525652488.0,justkellykellykellykelly,melindacarmen_
63416203260.0,65926866152.0,justkellykellykellykelly,zackgrossmusic
63416203260.0,63098530218.0,justkellykellykellykelly,forevermadie22
63416203260.0,65619394124.0,justkellykellykellykelly,darbenstine
63416203260.0,22999388.0,justkellykellykellykelly,nomoremrniceswiftie
63416203260.0,65020874839.0,justkellykellykellykelly,claracianferotti
63416203260.0,63137978796.0,justkellykellykellykelly,mrmikeymonster
63416203260.0,1486138221.0,justkellykellykellykelly,lfcmel
63416203260.0,63120793284.0,justkellykellykellykelly,lexxxinstereo
190129348.0,63446368296.0,iamwildwoman,laurensovereign
190129348.0,58233712941.0,iamwildwoman,witchy_helen_
190129348.0,63086999261.0,iamwildwoman,heyitskimberlyn_
30260298241.0,64343718875.0,alora_jen90,tracey.curtis.507
30260298241.0,70383034771.0,alora_jen90,coastalyarnworx
30260298241.0,67920197644.0,alora_jen90,idreamofnuggets
30260298241.0,69679752901.0,alora_jen90,desouzabenp
30260298241.0,65931786948.0,alora_jen90,h3artst0per
63448108652.0,2961661069.0,samanthaanderl,celestehector87
48742128.0,39413763.0,ticaleur,mandalevelsup
48742128.0,64685242307.0,ticaleur,phoenixcorndog
48742128.0,1523630705.0,ticaleur,_the.bolter
48742128.0,63090245861.0,ticaleur,booklovejess
346545542.0,63276982828.0,rwctlc1107,d.j._unsubscribed_
4318110380.0,65858606709.0,jmayson11,the.mrs.stovall
63391150105.0,63100251888.0,smesselt,thereseflanagan
5621456.0,63258930966.0,mellionaire,tracytrips
20842783.0,63421916347.0,cmatone_,hellcatbetty
294552366.0,58233712941.0,christinaslaback,witchy_helen_
294552366.0,48776585413.0,christinaslaback,dianesorensen.bb
294552366.0,49118101.0,christinaslaback,heatherchauvin_
294552366.0,24631321019.0,christinaslaback,lori.cunningham.148
64592031044.0,63451274408.0,tyrannasarrarex,sleepyxbunnii
64592031044.0,63233794888.0,tyrannasarrarex,xamphetanina
208779775.0,63308335051.0,beautyrunningwild,madwoman222
47837033.0,68822662345.0,sparklewithsteph,its.addie13
49834733911.0,68822662345.0,aunt_sarah_andthe_cathouse,its.addie13
49834733911.0,63506553232.0,aunt_sarah_andthe_cathouse,michael_ekin
199382204.0,63412603181.0,rabbicy,hollisbischoff
7358467.0,25221956.0,g8ralexis,bibitty
7358467.0,63258930966.0,g8ralexis,tracytrips
63315058721.0,66498375768.0,gwensaschasversion,swiftie__society
70382111375.0,66092294125.0,bonnies5945,nadir_ali_019
1821266193.0,263655858.0,lapetiteemme,mara_beyea11
1821266193.0,3878736571.0,lapetiteemme,lizzyliz_1995
1821266193.0,50486203.0,lapetiteemme,ashcottonmiller87
1821266193.0,39413763.0,lapetiteemme,mandalevelsup
7453917524.0,63439428867.0,sarahmonticue,amandajo424
63606016743.0,63086999261.0,kristenmcknight,heyitskimberlyn_
63606016743.0,276893201.0,kristenmcknight,kacey973
3009476810.0,63098530218.0,ericatrek,forevermadie22
9268058813.0,63088054048.0,ambershreds,borntobeweiiird
290869703.0,63086999261.0,nikitanavalkar,heyitskimberlyn_
290869703.0,70815600788.0,nikitanavalkar,_aja.james
290869703.0,63477475775.0,nikitanavalkar,perksofbeingabookworm01
1486138221.0,64685242307.0,lfcmel,phoenixcorndog
1486138221.0,1603373156.0,lfcmel,bookishswiftie04
1486138221.0,63120793284.0,lfcmel,lexxxinstereo
1486138221.0,1474257304.0,lfcmel,shauna_na_na_na
1486138221.0,2283717906.0,lfcmel,kasatgdblaw
1486138221.0,65831907615.0,lfcmel,captureit.rememberit_13
1486138221.0,1579907408.0,lfcmel,rafaelpaulinoferreira
41627457.0,63120793284.0,boykindawg,lexxxinstereo
41627457.0,63089628759.0,boykindawg,nancygoreckianderson
41627457.0,63457664804.0,boykindawg,shannonambroson
41627457.0,65078223711.0,boykindawg,brittney_harding
1791954809.0,63100140022.0,marybeth090125,retired_plumber
3095718903.0,63474617901.0,jemesouviens,ryan_reads_and_writes
3095718903.0,63271421851.0,jemesouviens,thiselyzajayne
3095718903.0,63066220801.0,jemesouviens,pvcollinsphotos
3095718903.0,63481825052.0,jemesouviens,elana_mcdougall_author
388267302.0,63086999261.0,jenniferwilliams88,heyitskimberlyn_
1452469360.0,308455393.0,brynley.edens,cakt1991
1452469360.0,13104575.0,brynley.edens,radicalkid87
1452469360.0,7689038744.0,brynley.edens,wobegon74
1452469360.0,22999388.0,brynley.edens,nomoremrniceswiftie
226077609.0,63436512338.0,meetmeatmdnght,madwoman1028
226077609.0,65619394124.0,meetmeatmdnght,darbenstine
226077609.0,63281400865.0,meetmeatmdnght,destination_swiftie
226077609.0,67706841256.0,meetmeatmdnght,williamsoklahoma77
226077609.0,1603373156.0,meetmeatmdnght,bookishswiftie04
226077609.0,66124654010.0,meetmeatmdnght,mistyrp99
226077609.0,64343718875.0,meetmeatmdnght,tracey.curtis.507
25221956.0,64329143889.0,bibitty,swiftiefootball
25221956.0,60093415798.0,bibitty,kat_geez_crochet
15443402.0,263655858.0,accio_jencat,mara_beyea11
15443402.0,1452469360.0,accio_jencat,brynley.edens
20263409.0,66497808807.0,twinkle.tam,mckenzievlad_thepoet
20263409.0,1821266193.0,twinkle.tam,lapetiteemme
20263409.0,63859891710.0,twinkle.tam,helen_taylors_version
590545771.0,637860995.0,cat_m_baker,jessicapats
285779433.0,63086999261.0,fitbeautynancy,heyitskimberlyn_
191816982.0,67706841256.0,bg1947,williamsoklahoma77
191816982.0,63308335051.0,bg1947,madwoman222
63098596474.0,63086999261.0,elainarae2k,heyitskimberlyn_
296536689.0,63086999261.0,heidismitchell,heyitskimberlyn_
487925841.0,63086999261.0,jeninchiostro,heyitskimberlyn_
487925841.0,63416203260.0,jeninchiostro,justkellykellykellykelly
576352882.0,63281400865.0,jessicaa_dmr,destination_swiftie
20873589.0,67840257186.0,nmizoo23,randallbc777
8884061.0,262458324.0,cutmeupjenny,_mindorbit
8884061.0,63070418078.0,cutmeupjenny,state_of_grace123
1335655650.0,1558942092.0,thekaydrew,marvelous.mz.gaggini
1335655650.0,67920197644.0,thekaydrew,idreamofnuggets
1487546568.0,67706841256.0,lekhopkins,williamsoklahoma77
47483104899.0,144193549.0,uncommongrace25,dawnmsuiter
47483104899.0,63258930966.0,uncommongrace25,tracytrips
47483104899.0,1603373156.0,uncommongrace25,bookishswiftie04
67091259371.0,1495348902.0,ammax2,alohakarina
200220352.0,68905675499.0,darci3m,officialdavidbasile
8168284087.0,63859891710.0,spnc.rr03,helen_taylors_version
8168284087.0,63098530218.0,spnc.rr03,forevermadie22
8168284087.0,63258930966.0,spnc.rr03,tracytrips
13104575.0,66574777865.0,radicalkid87,jimena22743
13104575.0,63400759207.0,radicalkid87,gootie14
13104575.0,65117085178.0,radicalkid87,lifewith_kierra
13104575.0,1474257304.0,radicalkid87,shauna_na_na_na
13104575.0,1523630705.0,radicalkid87,_the.bolter
13104575.0,63460213473.0,radicalkid87,sojournerweaver
594389012.0,69366324553.0,jdubfla,cjrttla
63297525252.0,70290564124.0,mich321,pizza_burger_taco
3878736571.0,63444576252.0,lizzyliz_1995,ding_gorgeous
3878736571.0,1286957434.0,lizzyliz_1995,blazwura
3878736571.0,67789785187.0,lizzyliz_1995,9ca1b8d02a
63440599934.0,63158437498.0,jessicavauthor,chazngg
7841474726.0,63258930966.0,mom_the_savage1,tracytrips
7841474726.0,63508672522.0,mom_the_savage1,emilyngoff
69614032057.0,353556959.0,zozomadre505,holsterwpb
69614032057.0,66617946965.0,zozomadre505,annoliver067
70428705305.0,181156648.0,mistydudley42,cspoone67
70428705305.0,423070596.0,mistydudley42,april_mannion
70428705305.0,65858606709.0,mistydudley42,the.mrs.stovall
70428705305.0,273399623.0,mistydudley42,iamsuzyn
3594831437.0,68822662345.0,waltgekko,its.addie13
3594831437.0,67840257186.0,waltgekko,randallbc777
633309819.0,65020874839.0,erikastroup86,claracianferotti
633309819.0,63457664804.0,erikastroup86,shannonambroson
633309819.0,63436512338.0,erikastroup86,madwoman1028
633309819.0,1821266193.0,erikastroup86,lapetiteemme
633309819.0,46125352730.0,erikastroup86,jicsimae
633309819.0,199292581.0,erikastroup86,nikkisrandoms
633309819.0,9383015597.0,erikastroup86,rachjgillett
35092028859.0,69772213557.0,dana_sackett,brendadunphy08
17553365.0,1431445436.0,julestabeling,colleen_beaton72
17553365.0,14995902.0,julestabeling,missjayemay
51228479846.0,3418353530.0,cjmanahan.nm_afa,donnametler
51228479846.0,1431445436.0,cjmanahan.nm_afa,colleen_beaton72
51228479846.0,67840257186.0,cjmanahan.nm_afa,randallbc777
308455393.0,67840257186.0,cakt1991,randallbc777
63400759207.0,909517323.0,gootie14,gracielouwhosd
63143238313.0,67681197755.0,debmeister221,msdeb44
3320323.0,69772213557.0,lindseyerin23,brendadunphy08
262009566.0,69038640659.0,marialagrandeur,james.norray
175480177.0,60287521537.0,gabreyman,cynthia.dominique.2023
175480177.0,65351568348.0,gabreyman,metal.druid
46125352730.0,63252184325.0,jicsimae,adipixie
46125352730.0,63093961089.0,jicsimae,loveyourwifewell
46125352730.0,28668060925.0,jicsimae,maddybarnham
46125352730.0,63129614244.0,jicsimae,thestoryofvarun
46125352730.0,63308335051.0,jicsimae,madwoman222
45708702535.0,63086999261.0,suzbluz304,heyitskimberlyn_
5525652488.0,2466274254.0,melindacarmen_,cartersporks
5525652488.0,63093961089.0,melindacarmen_,loveyourwifewell
5525652488.0,53673718625.0,melindacarmen_,audrey_haypark
5525652488.0,65379274726.0,melindacarmen_,futuriste0
5525652488.0,8637011815.0,melindacarmen_,the.mindfulpalette
5525652488.0,50486203.0,melindacarmen_,ashcottonmiller87
5525652488.0,63062717707.0,melindacarmen_,kathrynaylabarnes
5525652488.0,46125352730.0,melindacarmen_,jicsimae
65146157119.0,68167349626.0,troyerlayne,boricuademocrats
5712148712.0,52397934057.0,athomp56666,melindajohnson6816
9493529313.0,63086999261.0,jeintheop,heyitskimberlyn_
9493529313.0,63888361280.0,jeintheop,jensbooks247
9493529313.0,63308335051.0,jeintheop,madwoman222
9493529313.0,65619394124.0,jeintheop,darbenstine
9493529313.0,1603373156.0,jeintheop,bookishswiftie04
9493529313.0,63457664804.0,jeintheop,shannonambroson
9493529313.0,64808081760.0,jeintheop,huma_nity911
9493529313.0,65926866152.0,jeintheop,zackgrossmusic
199292581.0,63086999261.0,nikkisrandoms,heyitskimberlyn_
199292581.0,65140051300.0,nikkisrandoms,tmartin_333
199292581.0,8884061.0,nikkisrandoms,cutmeupjenny
199292581.0,66091782398.0,nikkisrandoms,poets.made.of.ash
199292581.0,4658731.0,nikkisrandoms,nesticos
199292581.0,61138073750.0,nikkisrandoms,ella_taylorsversion_
199292581.0,60433307285.0,nikkisrandoms,ts_swiftie_1989_13
65741261625.0,1495348902.0,_christina_marisa_,alohakarina
65741261625.0,63098530218.0,_christina_marisa_,forevermadie22
65741261625.0,63421263906.0,_christina_marisa_,jenna_mcleod_author_
263655858.0,66497808807.0,mara_beyea11,mckenzievlad_thepoet
263655858.0,63859891710.0,mara_beyea11,helen_taylors_version
263655858.0,65741261625.0,mara_beyea11,_christina_marisa_
1474257304.0,63888361280.0,shauna_na_na_na,jensbooks247
1474257304.0,63086999261.0,shauna_na_na_na,heyitskimberlyn_
1474257304.0,5525652488.0,shauna_na_na_na,melindacarmen_
1474257304.0,13104575.0,shauna_na_na_na,radicalkid87
1474257304.0,63070418078.0,shauna_na_na_na,state_of_grace123
3927473098.0,199539352.0,barklaysmom,mycalindy
3927473098.0,64343718875.0,barklaysmom,tracey.curtis.507
3927473098.0,69772213557.0,barklaysmom,brendadunphy08
65117085178.0,13104575.0,lifewith_kierra,radicalkid87
65117085178.0,66497808807.0,lifewith_kierra,mckenzievlad_thepoet
65117085178.0,51278116767.0,lifewith_kierra,karma_is_my_boyfriend13
65117085178.0,33216501.0,lifewith_kierra,strongheather
65117085178.0,15703842.0,lifewith_kierra,shari_archinoff
22999388.0,70815600788.0,nomoremrniceswiftie,_aja.james
22999388.0,15483915.0,nomoremrniceswiftie,dcredhead137
70260714052.0,63251591131.0,jaymehaase77,ohnelleyeah
70260714052.0,64343718875.0,jaymehaase77,tracey.curtis.507
70260714052.0,63456480500.0,jaymehaase77,katyeshorkey
63453933862.0,2270333512.0,ruthsmor,maire.wilcox
63453933862.0,66393265019.0,ruthsmor,lovesmagicuniverse
353556959.0,69614032057.0,holsterwpb,zozomadre505
353556959.0,27896728.0,holsterwpb,cambro_obscura
23270833.0,65078223711.0,kaylawjlosh,brittney_harding
180827593.0,144193549.0,torturedpoet_22,dawnmsuiter
180827593.0,9493529313.0,torturedpoet_22,jeintheop
180827593.0,5368912086.0,torturedpoet_22,alicarver2
180827593.0,66311329919.0,torturedpoet_22,laaye47
4318537270.0,63279665625.0,tartanlady007,roger_lawler
1147902045.0,63474617901.0,kawinki25,ryan_reads_and_writes
44114052.0,71324892320.0,tracyanne90,officialsrscinema
7718397742.0,68822662345.0,beth_hockaday,its.addie13
7718397742.0,64118306600.0,beth_hockaday,rdaetha
63421795015.0,70428705305.0,charleneschlegel68,mistydudley42
10640644817.0,63258930966.0,lisa92675,tracytrips
63601610018.0,65078223711.0,erinspiegel,brittney_harding
262284329.0,63436512338.0,shangie84,madwoman1028
262284329.0,33216501.0,shangie84,strongheather
262284329.0,63421263906.0,shangie84,jenna_mcleod_author_
262284329.0,65741261625.0,shangie84,_christina_marisa_
262284329.0,199292581.0,shangie84,nikkisrandoms
262284329.0,22999388.0,shangie84,nomoremrniceswiftie
262284329.0,3694894478.0,shangie84,meowcii
63421916347.0,70250491922.0,hellcatbetty,britnbrown_86
63421916347.0,66498375768.0,hellcatbetty,swiftie__society
23118167597.0,63308335051.0,thankuspirit777,madwoman222
264606295.0,1431445436.0,nvryourhoneybabe,colleen_beaton72
631874857.0,65078223711.0,appledawn_434,brittney_harding
474498703.0,65376978522.0,kellysittingpretty,uniteddogsrescueshelter
66727891199.0,66739987881.0,thevinesartmarket,gg__frasernash__546
66727891199.0,65053796070.0,thevinesartmarket,sean.slick
66727891199.0,66430902627.0,thevinesartmarket,blackdelflowrd
66727891199.0,64014191820.0,thevinesartmarket,calmyourfarmgame
66727891199.0,63421381101.0,thevinesartmarket,naeem_tuwar
66727891199.0,65398772528.0,thevinesartmarket,alexidewriter
66727891199.0,63525248989.0,thevinesartmarket,iamvickyhilton
66727891199.0,63070311372.0,thevinesartmarket,tiffanypep
66727891199.0,63089628759.0,thevinesartmarket,nancygoreckianderson
66727891199.0,66344506599.0,thevinesartmarket,herrymloge9575
66727891199.0,64686650105.0,thevinesartmarket,cidemar_faria
66727891199.0,66393265019.0,thevinesartmarket,lovesmagicuniverse
66727891199.0,65548923826.0,thevinesartmarket,bonnie_darco
66727891199.0,66420785732.0,thevinesartmarket,martuduran
66727891199.0,63381260349.0,thevinesartmarket,iam_laronanthony__
66727891199.0,64515613277.0,thevinesartmarket,fashionbyedelbands
66727891199.0,65133532798.0,thevinesartmarket,fosterkatina
66727891199.0,66375120550.0,thevinesartmarket,honeybeez200
66727891199.0,66779550689.0,thevinesartmarket,thehazytones
66727891199.0,66323329775.0,thevinesartmarket,hosein.abaseian.9
66727891199.0,65735966306.0,thevinesartmarket,supermjh12
66727891199.0,66561421601.0,thevinesartmarket,theinversecollection
66727891199.0,63896062682.0,thevinesartmarket,huja.be
66727891199.0,66963908589.0,thevinesartmarket,mindofmerk
66727891199.0,66508785180.0,thevinesartmarket,2serendra_bgc
66727891199.0,63635088246.0,thevinesartmarket,sunsing
46994226801.0,1900348736.0,1122church,life_poolchapel
46994226801.0,63400205749.0,1122church,gilbert_amatta
46994226801.0,63399158493.0,1122church,kevin_ondialo
55536906153.0,63317505259.0,abimbola_dennis_01,mykolasoo
55536906153.0,6029822059.0,abimbola_dennis_01,cosmiceureka
55536906153.0,66393265019.0,abimbola_dennis_01,lovesmagicuniverse
65947147967.0,3029592674.0,emrankhan1359,briantreber
65947147967.0,62029770729.0,emrankhan1359,marioalbertomonroya
65947147967.0,52050761737.0,emrankhan1359,airdrop8990
65947147967.0,65497610842.0,emrankhan1359,mari.nespuhl
65947147967.0,59432355279.0,emrankhan1359,mariahalvesq
65947147967.0,67531847194.0,emrankhan1359,mikeirwin1134
65947147967.0,66534712940.0,emrankhan1359,black_boutiquebb
65947147967.0,66442628888.0,emrankhan1359,thomasstevenson872
65947147967.0,64930856032.0,emrankhan1359,beemraj.bhagwandin6
65947147967.0,68176886164.0,emrankhan1359,seeker_mcmanus
65947147967.0,66280683644.0,emrankhan1359,balieiro_milton
65947147967.0,67147142996.0,emrankhan1359,wilbran509
65947147967.0,65053796070.0,emrankhan1359,sean.slick
65947147967.0,65348275789.0,emrankhan1359,virtutech.marketing
65947147967.0,66362937224.0,emrankhan1359,san_jid_islam
2245933997.0,63041694572.0,iam_wizzywonda,mbetobongjohn
65841135042.0,63062717707.0,mzscout3,kathrynaylabarnes
65841135042.0,69681848802.0,mzscout3,leptir1313
65841135042.0,66564793740.0,mzscout3,kkyanaandrea
65841135042.0,63064470626.0,mzscout3,macgregor7894
65841135042.0,64133171263.0,mzscout3,hhhvnnah
65841135042.0,67593054329.0,mzscout3,teiwapotts
65841135042.0,63457541609.0,mzscout3,ladydi0410
65841135042.0,63126164675.0,mzscout3,_iamclimp
65841135042.0,1431445436.0,mzscout3,colleen_beaton72
65841135042.0,63434618598.0,mzscout3,fawngoodwine
65841135042.0,63241092044.0,mzscout3,irteza_gunner3567
65841135042.0,69451406154.0,mzscout3,joannie_davii
65841135042.0,64118306600.0,mzscout3,rdaetha
65841135042.0,909517323.0,mzscout3,gracielouwhosd
65841135042.0,63091461877.0,mzscout3,sp00pkittn
65841135042.0,4987065836.0,mzscout3,lancebell5627
65841135042.0,68176886164.0,mzscout3,seeker_mcmanus
65841135042.0,69205850176.0,mzscout3,selfcreditrestore
65841135042.0,67924453501.0,mzscout3,sickchickkie
65841135042.0,63317505259.0,mzscout3,mykolasoo
65841135042.0,3617687269.0,mzscout3,steelpitt915
65841135042.0,65725662312.0,mzscout3,ofelia.francisco.526
65841135042.0,63820314872.0,mzscout3,happ.ygirl6917
65841135042.0,63089628759.0,mzscout3,nancygoreckianderson
65841135042.0,63272152246.0,mzscout3,tracieverett
65841135042.0,66598730637.0,mzscout3,kyle_chiesa
65841135042.0,63408140506.0,mzscout3,philburns55
65841135042.0,65133532798.0,mzscout3,fosterkatina
64612237450.0,63381260349.0,nuelkissbrown,iam_laronanthony__
64612237450.0,65053796070.0,nuelkissbrown,sean.slick
64612237450.0,66320762075.0,nuelkissbrown,casp3r_209
64612237450.0,66016189508.0,nuelkissbrown,gangqixing79lool
64612237450.0,63440528270.0,nuelkissbrown,alpstrendysafaris
63374341688.0,70277538262.0,jandrucci,espectrodiario
63374341688.0,63943005455.0,jandrucci,poetry_by_ed
63374341688.0,63456106100.0,jandrucci,miketrippiedi
63374341688.0,65669088982.0,jandrucci,treep_ng
63374341688.0,63460213473.0,jandrucci,sojournerweaver
63374341688.0,63037798945.0,jandrucci,rybrock
63374341688.0,63231318437.0,jandrucci,uncultured_nerd_
63374341688.0,64605495809.0,jandrucci,elek_natures_world
63374341688.0,62832052189.0,jandrucci,mdmonoarulislammukul
63374341688.0,63130769286.0,jandrucci,theinstantreader
1900348736.0,1381286894.0,life_poolchapel,emmanuelmakumbi
1900348736.0,67454019111.0,life_poolchapel,marymackenzie37
1900348736.0,64081245305.0,life_poolchapel,stevemuthusi
1900348736.0,63374663299.0,life_poolchapel,_gails
1900348736.0,63127204628.0,life_poolchapel,aust_eazy
1900348736.0,63638856064.0,life_poolchapel,casperomondi
1900348736.0,46994226801.0,life_poolchapel,1122church
1900348736.0,63268979969.0,life_poolchapel,crystygal
68980291860.0,1900348736.0,lawrencemakumbi,life_poolchapel
68980291860.0,1381286894.0,lawrencemakumbi,emmanuelmakumbi
68980291860.0,64081245305.0,lawrencemakumbi,stevemuthusi
68980291860.0,46994226801.0,lawrencemakumbi,1122church
68980291860.0,63147364819.0,lawrencemakumbi,traveldarewithligersafaris
63908024936.0,65153660265.0,mashaa8n___,ansel.massy.7
7919052670.0,60907423833.0,st___rinaud______,sene_dame704
70411697894.0,63278942538.0,dalficial,maglomaglo46
55803864986.0,63778044865.0,elvis_ashley_monama,miyoshi3951
69047051921.0,5570162.0,foxyvixen11.11,lemonlaken
69047051921.0,63231318437.0,foxyvixen11.11,uncultured_nerd_
69047051921.0,63045613211.0,foxyvixen11.11,jammersmith77
68899448857.0,3582687622.0,gracenjambi93,smithjohnjohnnes
68899448857.0,63420628432.0,gracenjambi93,mbeke_mwesh
57422746293.0,68471362796.0,dox1965,mymoxie.club
2024422222.0,63400205749.0,migwala_howard,gilbert_amatta
2024422222.0,63600032885.0,migwala_howard,urban_plumbing_and_electrial_
230599616.0,63407860685.0,intuitivediamond,angarzmal
3582687622.0,63070124116.0,smithjohnjohnnes,the_brandnyamodhi
3582687622.0,2024422222.0,smithjohnjohnnes,migwala_howard
67949988501.0,66245890252.0,johnny_fracky,untol_dminds
67949988501.0,64930856032.0,johnny_fracky,beemraj.bhagwandin6
17818971494.0,9152049316.0,redhawk1893,linzey.xx
58607365889.0,64877612443.0,iamtetelive,zhr9squ8
1381286894.0,68980291860.0,emmanuelmakumbi,lawrencemakumbi
51559871470.0,41803764473.0,dfundzx231,zeezadorah2012
1412781983.0,69817130113.0,_happydon,mutheumaima
17801203527.0,63440057399.0,sibdoupoetry,robby.moto
17801203527.0,64338268138.0,sibdoupoetry,notions.of.nobody
64210282327.0,536357150.0,karen.harrison.14,claireuncorked
60872931522.0,63441298201.0,morelandreggie,danieleubankk
63261589931.0,63272152246.0,emekaasadu,tracieverett
51647945341.0,66614917567.0,njybdlkrym,matheus_tips_100
2290092765.0,68742575794.0,moronacandy,anoldodoke
63021716771.0,65806172416.0,ednamendes640,asifasif1963
54639345203.0,65769316249.0,m.pezeshkii42,michaelcere2
70100076351.0,71554572649.0,rihan_malik_1393,jindagikorachana
2023708960.0,68237814924.0,graciela58_com,asrafali6899
3711607584.0,60855673685.0,normaalmenara,denise_zen182
4261825346.0,70140813937.0,akhan7563,leonilaalvesb
68237814924.0,69500731739.0,asrafali6899,amlaqalif
2248966831.0,65769316249.0,perezfelimar,michaelcere2
71540048970.0,65769316249.0,sissoko9541,michaelcere2
62048773690.0,65769316249.0,mariaquiteriacoro,michaelcere2
69745515613.0,70257795632.0,jackylynhart,safiakhann648
27160025454.0,69731685663.0,smallspec,browndean601
27160025454.0,71105608521.0,smallspec,ashleytaylorb_fan_page
18364474827.0,65769316249.0,vijaykumr.kkr,michaelcere2
4167759506.0,65769316249.0,dileepkumarrathor,michaelcere2
71432945197.0,66817662040.0,sayedamin326,valdineia.maria.5070
55556714363.0,68109902162.0,phillipdziallas,elonreevesmusk__01
71784173206.0,67317127308.0,mariaauxiliadora_albuquerque,subhashisdeb934
70257795632.0,68342479229.0,safiakhann648,mdnasiruddin.uddin.3762
70257795632.0,70476454701.0,safiakhann648,babulahaemd
70704823604.0,70476454701.0,amir_rigi_45,babulahaemd
52415118130.0,70358355491.0,swarnajitkumarmustafi,rdgill4
58390461793.0,68966786871.0,batioja.pablo,landalins
70256535001.0,65769316249.0,skaru.morocco,michaelcere2
59952144865.0,63020400266.0,josidiniz2024,mariadelurdestorrs
65146072683.0,70476454701.0,sandiprouth40,babulahaemd
70476454701.0,63401451918.0,babulahaemd,pastoranoaderamos
70476454701.0,68342479229.0,babulahaemd,mdnasiruddin.uddin.3762
70476454701.0,65106716571.0,babulahaemd,iracemavalentim6
71247360302.0,37474040265.0,imallhis_2024,juanaluisacumbrera
56920899736.0,39276675917.0,nadezda4925,zhibek2837
39276675917.0,56920899736.0,zhibek2837,nadezda4925
39276675917.0,54644870641.0,zhibek2837,rbkhps
29156879992.0,69372245873.0,plans_to_trade,programaerevistacostume
56502163140.0,71053996304.0,joaquina_pentecoste,kolodieterezinha
56502163140.0,68966786871.0,joaquina_pentecoste,landalins
56502163140.0,69500731739.0,joaquina_pentecoste,amlaqalif
53322702509.0,70476454701.0,mamerlindamanejo,babulahaemd
53322702509.0,66802467058.0,mamerlindamanejo,maria_ilza_s_7495
58259301458.0,66092294125.0,kttyct43_,nadir_ali_019
58259301458.0,70509705264.0,kttyct43_,antaripmitri
58259301458.0,70476454701.0,kttyct43_,babulahaemd
58259301458.0,37474040265.0,kttyct43_,juanaluisacumbrera
11652309159.0,67575785723.0,daniellijoyce,kharitastos
70816831069.0,70923102028.0,alhamdiluliahpaintingenterprt,imran__afridi
70816831069.0,70801981820.0,alhamdiluliahpaintingenterprt,stoicheadaurelius
5705192528.0,68286622916.0,aghbalshiran,eliassilva5468
5705192528.0,63401451918.0,aghbalshiran,pastoranoaderamos
70900752419.0,66802467058.0,givaneigranjade,maria_ilza_s_7495
70900752419.0,66352339028.0,givaneigranjade,zapatazr
8492835414.0,66699946578.0,venkata_satyanarayana_eedara,carl.molinaro
58471895624.0,47970831314.0,aminmallik0247,hanafihanafirudiyanto
58471895624.0,70476454701.0,aminmallik0247,babulahaemd
58471895624.0,63467193049.0,aminmallik0247,loveridgemia
58471895624.0,70737503315.0,aminmallik0247,rayray.creates.empires__
58471895624.0,63770039611.0,aminmallik0247,tinaphak
58471895624.0,69530616876.0,aminmallik0247,tammisheafer
58471895624.0,70813745500.0,aminmallik0247,sarvesahpandey
58471895624.0,39944409685.0,aminmallik0247,alicia.lezcano.543
58471895624.0,68966786871.0,aminmallik0247,landalins
58471895624.0,67328277333.0,aminmallik0247,narulchol
58471895624.0,6964706067.0,aminmallik0247,meraats
58471895624.0,67163071248.0,aminmallik0247,lucasroman.mloka
70407923839.0,70737503315.0,uddienmdhelal,rayray.creates.empires__
71067222000.0,58744194364.0,bhushanram771,nagidaleepsingh
69402940983.0,70265122497.0,fajlul2724,znatnaiatarahnova
69402940983.0,63467193049.0,fajlul2724,loveridgemia
69402940983.0,69530616876.0,fajlul2724,tammisheafer
69402940983.0,70418019161.0,fajlul2724,spyridont
69402940983.0,70813745500.0,fajlul2724,sarvesahpandey
63479518145.0,63079179568.0,jaewsorasak,allahbaksh.shaik
63479518145.0,65769316249.0,jaewsorasak,michaelcere2
63479518145.0,71449903846.0,jaewsorasak,weitcinfogmail.com5
63479518145.0,70288773759.0,jaewsorasak,jurandirpinheirodecastro
63479518145.0,70608591801.0,jaewsorasak,johnbosco6140
63479518145.0,70256535001.0,jaewsorasak,skaru.morocco
63479518145.0,70428950709.0,jaewsorasak,sabioukounda5
63479518145.0,41559281922.0,jaewsorasak,prasenjit8852
63479518145.0,70476454701.0,jaewsorasak,babulahaemd
63479518145.0,70723393598.0,jaewsorasak,jose_joaquincifuentes_30263377
63479518145.0,66802467058.0,jaewsorasak,maria_ilza_s_7495
63479518145.0,70813745500.0,jaewsorasak,sarvesahpandey
63035809052.0,65769316249.0,walte.r9876,michaelcere2
63035809052.0,70737503315.0,walte.r9876,rayray.creates.empires__
63035809052.0,69761072734.0,walte.r9876,dianapatriciacortesgarcia
65106716571.0,71159793401.0,iracemavalentim6,gaspareduardocastrochavez
65106716571.0,70428950709.0,iracemavalentim6,sabioukounda5
65106716571.0,70476454701.0,iracemavalentim6,babulahaemd
65106716571.0,70723393598.0,iracemavalentim6,jose_joaquincifuentes_30263377
65106716571.0,4862766925.0,iracemavalentim6,rebecca.beccaa6
65106716571.0,67609993295.0,iracemavalentim6,nazirkh81
65106716571.0,58471895624.0,iracemavalentim6,aminmallik0247
65106716571.0,70813745500.0,iracemavalentim6,sarvesahpandey
65106716571.0,63020400266.0,iracemavalentim6,mariadelurdestorrs
42739953736.0,49683750140.0,yimchanty,tellz2021
42739953736.0,70265122497.0,yimchanty,znatnaiatarahnova
42739953736.0,63467193049.0,yimchanty,loveridgemia
42739953736.0,67328277333.0,yimchanty,narulchol
42739953736.0,70813745500.0,yimchanty,sarvesahpandey
42739953736.0,57851373972.0,yimchanty,zendenise
8017578585.0,71540048970.0,olgamercedesguzmanlu,sissoko9541
63388075700.0,65769316249.0,m.chayita7,michaelcere2
63388075700.0,66419233057.0,m.chayita7,hasan_ahammad54
63388075700.0,59234268915.0,m.chayita7,jabarm9
56671470706.0,1671663943.0,maxamuud.shariifo,anahrtica
56671470706.0,63467193049.0,maxamuud.shariifo,loveridgemia
56671470706.0,68320876692.0,maxamuud.shariifo,sukumarthella
56671470706.0,66802467058.0,maxamuud.shariifo,maria_ilza_s_7495
2200209011.0,63253801380.0,brunetareinert,bonnieir1
59932569499.0,68966786871.0,bittadhariwal,landalins
69619539428.0,70428950709.0,alta.f1954hussain,sabioukounda5
69619539428.0,45155443571.0,alta.f1954hussain,pattanaikgmail.comjanmejay
63467193049.0,71554572649.0,loveridgemia,jindagikorachana
63467193049.0,68040653277.0,loveridgemia,yalengkatudiken
63467193049.0,18180349537.0,loveridgemia,franciscogomes604
63467193049.0,66419233057.0,loveridgemia,hasan_ahammad54
63467193049.0,58471895624.0,loveridgemia,aminmallik0247
63467193049.0,70737503315.0,loveridgemia,rayray.creates.empires__
63467193049.0,63401451918.0,loveridgemia,pastoranoaderamos
63467193049.0,70801981820.0,loveridgemia,stoicheadaurelius
63467193049.0,56671470706.0,loveridgemia,maxamuud.shariifo
63467193049.0,70923102028.0,loveridgemia,imran__afridi
63467193049.0,61699787039.0,loveridgemia,sudhakarsharma3415
64081402603.0,63877694809.0,megmel.gringo,gigi_studio_beverly_hills
31808638481.0,70723393598.0,bucheleraquel,jose_joaquincifuentes_30263377
2288848552.0,66282406526.0,gnld_golden_neolife_nutriance,dovigoelisabetta
56121313110.0,17061418540.0,rosethompson7204,filipe.machado886102030.30501
53045441970.0,69854797938.0,amiramehmedagic34,judykaykotter
53045441970.0,59234268915.0,amiramehmedagic34,jabarm9
1742520645.0,70428950709.0,fx__fabio123,sabioukounda5
51209082392.0,66802467058.0,suelicosta5426,maria_ilza_s_7495
51209082392.0,70428950709.0,suelicosta5426,sabioukounda5
1533560775.0,66802467058.0,mariah.graca.3,maria_ilza_s_7495
5803238807.0,69490797365.0,klimovichnadia,kopplerbernd
60128446097.0,69406324948.0,doguiauster,mupherfoundation
70686918941.0,70428950709.0,nathalysgabrielamedina,sabioukounda5
70686918941.0,70723393598.0,nathalysgabrielamedina,jose_joaquincifuentes_30263377
66282406526.0,52398678990.0,dovigoelisabetta,pawelflur
66282406526.0,2288848552.0,dovigoelisabetta,gnld_golden_neolife_nutriance
66282406526.0,5387917005.0,dovigoelisabetta,annamariamourabrasil
56107982667.0,70594159802.0,zfogarassi,sohanour5186
56107982667.0,2911595276.0,zfogarassi,sandracristinal1234
21651856946.0,69372245873.0,soniaalves5050,programaerevistacostume
21651856946.0,66802467058.0,soniaalves5050,maria_ilza_s_7495
49762318430.0,70723393598.0,nogodnogod,jose_joaquincifuentes_30263377
5539072985.0,69043119902.0,vannguyen1296,logicalwonderz
68279330460.0,70652479635.0,andreaclahar96,6637_fred
1653203180.0,71129915488.0,markycash,elon_musk_tesla_1078
70509506947.0,70256535001.0,jennyjive24,skaru.morocco
70509506947.0,54644870641.0,jennyjive24,rbkhps
54286732836.0,63778044865.0,a.jafari1186,miyoshi3951
68854951095.0,59234268915.0,fawadmustafa285,jabarm9
9671462452.0,57624046113.0,viniciusroberto802,aslamiashag
67597186795.0,70509705264.0,des.ireeperez714,antaripmitri
65567102325.0,59234268915.0,nieves_yusmaira,jabarm9
61233371494.0,71129915488.0,borodiakeroni,elon_musk_tesla_1078
71151712358.0,70509705264.0,tarka.abdelaziz,antaripmitri
71151712358.0,70428950709.0,tarka.abdelaziz,sabioukounda5
71053996304.0,69372245873.0,kolodieterezinha,programaerevistacostume
47716501549.0,65769316249.0,majimbunjasonja,michaelcere2
71281023931.0,1462498861.0,tesema902,rambod385
69069674155.0,70288773759.0,c.ktripathi,jurandirpinheirodecastro
53373013129.0,57624046113.0,josedossantosfilho446,aslamiashag
71129915488.0,68355555840.0,elon_musk_tesla_1078,fidelespatriciaalvespacheco
71129915488.0,71575768963.0,elon_musk_tesla_1078,mimundoymicielo
13244315744.0,66358656529.0,antonioemanuelgouveia,marinelaana5
13244315744.0,68342479229.0,antonioemanuelgouveia,mdnasiruddin.uddin.3762
13244315744.0,70813745500.0,antonioemanuelgouveia,sarvesahpandey
66261476160.0,67328277333.0,hunghidalgo,narulchol
57232725177.0,71159793401.0,goli.8398,gaspareduardocastrochavez
57232725177.0,63401451918.0,goli.8398,pastoranoaderamos
52920773020.0,70476454701.0,raheenasaif_,babulahaemd
52920773020.0,63467193049.0,raheenasaif_,loveridgemia
68826530514.0,70737503315.0,ederlucircagliari,rayray.creates.empires__
69732116390.0,66853875606.0,elon_musk4586,selvin_rios6
69076590580.0,67609993295.0,hpirakov,nazirkh81
59234268915.0,58744194364.0,jabarm9,nagidaleepsingh
58442644560.0,52398678990.0,chinhthuc.tran.10,pawelflur
70509705264.0,67317127308.0,antaripmitri,subhashisdeb934
70509705264.0,70256535001.0,antaripmitri,skaru.morocco
67945269193.0,63317505259.0,baker_chassidy,mykolasoo
65083029399.0,69813527072.0,serat.khan.969,mhshmmhmdbdlzyz
65083029399.0,63401451918.0,serat.khan.969,pastoranoaderamos
1947905472.0,70140813937.0,ohgod55,leonilaalvesb
1947905472.0,71329239642.0,ohgod55,nudgatatianaicloud.com.2
2278319012.0,65146150326.0,galina5061,matchitchafene
70594159802.0,69076590580.0,sohanour5186,hpirakov
63020400266.0,62557004081.0,mariadelurdestorrs,ansarimarmar
62248004804.0,70652479635.0,isakson_pamela,6637_fred
62248004804.0,66419233057.0,isakson_pamela,hasan_ahammad54
62248004804.0,63479518145.0,isakson_pamela,jaewsorasak
3319204810.0,11584458762.0,lous8205,rshoskins2019
54278725721.0,70509705264.0,reginabarcelosdepaivafernandes,antaripmitri
68477512252.0,69817564805.0,pawan7876735933,wisnusetiawan990
68477512252.0,9203593795.0,pawan7876735933,pa.rminder2
58610533452.0,65769316249.0,katy.magi,michaelcere2
57256117549.0,70594159802.0,jacormal_,sohanour5186
57256117549.0,71129915488.0,jacormal_,elon_musk_tesla_1078
69406324948.0,60128446097.0,mupherfoundation,doguiauster
392920584.0,228953329.0,moraviahernandez,francelinabarcelos
70723393598.0,71554572649.0,jose_joaquincifuentes_30263377,jindagikorachana
70723393598.0,70608591801.0,jose_joaquincifuentes_30263377,johnbosco6140
70723393598.0,70923102028.0,jose_joaquincifuentes_30263377,imran__afridi
70723393598.0,61233371494.0,jose_joaquincifuentes_30263377,borodiakeroni
70723393598.0,70140813937.0,jose_joaquincifuentes_30263377,leonilaalvesb
26796861465.0,69813527072.0,jsunnyowuna,mhshmmhmdbdlzyz
68985808874.0,70813745500.0,shohagkhondokhar,sarvesahpandey
69817564805.0,68477512252.0,wisnusetiawan990,pawan7876735933
69817564805.0,67452699565.0,wisnusetiawan990,beverlybell3052
64037974277.0,71575768963.0,darcicarvalho05,mimundoymicielo
64037974277.0,61233371494.0,darcicarvalho05,borodiakeroni
64037974277.0,70723393598.0,darcicarvalho05,jose_joaquincifuentes_30263377
64037974277.0,68966786871.0,darcicarvalho05,landalins
62832052189.0,67317127308.0,mdmonoarulislammukul,subhashisdeb934
62832052189.0,69373713057.0,mdmonoarulislammukul,marlenebezerra586
62832052189.0,3691961285.0,mdmonoarulislammukul,valgeo2014
62832052189.0,64288716421.0,mdmonoarulislammukul,keshae_singh_dhabas
62832052189.0,64605495809.0,mdmonoarulislammukul,elek_natures_world
62832052189.0,63374341688.0,mdmonoarulislammukul,jandrucci
6233857253.0,45041135450.0,azeddin_ali,logambal10
70220840258.0,45041135450.0,akhitara3301,logambal10
70220840258.0,68966786871.0,akhitara3301,landalins
70220840258.0,4862766925.0,akhitara3301,rebecca.beccaa6
70220840258.0,70813745500.0,akhitara3301,sarvesahpandey
66419233057.0,70257795632.0,hasan_ahammad54,safiakhann648
66419233057.0,70256535001.0,hasan_ahammad54,skaru.morocco
66419233057.0,70594159802.0,hasan_ahammad54,sohanour5186
66419233057.0,69511918792.0,hasan_ahammad54,mbyepes55
66419233057.0,63467193049.0,hasan_ahammad54,loveridgemia
66419233057.0,63401451918.0,hasan_ahammad54,pastoranoaderamos
66419233057.0,22667174985.0,hasan_ahammad54,marsouzad
66419233057.0,62557004081.0,hasan_ahammad54,ansarimarmar
66419233057.0,68966786871.0,hasan_ahammad54,landalins
66419233057.0,58471895624.0,hasan_ahammad54,aminmallik0247
66419233057.0,3993184331.0,hasan_ahammad54,andrea.artico.costa
66419233057.0,70652479635.0,hasan_ahammad54,6637_fred
66419233057.0,70813745500.0,hasan_ahammad54,sarvesahpandey
66419233057.0,66817662040.0,hasan_ahammad54,valdineia.maria.5070
66419233057.0,63427551800.0,hasan_ahammad54,rhukow
66419233057.0,66987630172.0,hasan_ahammad54,vagbacagja
69551613112.0,70652479635.0,8433.faiz,6637_fred
69551613112.0,70813745500.0,8433.faiz,sarvesahpandey
52101294178.0,70140813937.0,yousry1180,leonilaalvesb
52101294178.0,68966786871.0,yousry1180,landalins
11433956313.0,68863046556.0,mandana485,abelrojas_15
11433956313.0,70095401216.0,mandana485,roseliaparecidadepadua
61892298745.0,70188135803.0,brooksgirl_,anjali_kumari_6309030
63763433077.0,66727891199.0,rey.zaldivar,thevinesartmarket
63763433077.0,61455488381.0,rey.zaldivar,loriannyde.jesus
63401451918.0,58726322469.0,pastoranoaderamos,henry_tipster_bet365
63401451918.0,68237814924.0,pastoranoaderamos,asrafali6899
63401451918.0,70288773759.0,pastoranoaderamos,jurandirpinheirodecastro
63401451918.0,71053996304.0,pastoranoaderamos,kolodieterezinha
63401451918.0,67317127308.0,pastoranoaderamos,subhashisdeb934
63401451918.0,70509705264.0,pastoranoaderamos,antaripmitri
63401451918.0,68040653277.0,pastoranoaderamos,yalengkatudiken
63401451918.0,70476454701.0,pastoranoaderamos,babulahaemd
63401451918.0,65769316249.0,pastoranoaderamos,michaelcere2
63401451918.0,70257795632.0,pastoranoaderamos,safiakhann648
63401451918.0,47711926529.0,pastoranoaderamos,ajoykumarkanu
63401451918.0,70428950709.0,pastoranoaderamos,sabioukounda5
63401451918.0,66419233057.0,pastoranoaderamos,hasan_ahammad54
63401451918.0,63467193049.0,pastoranoaderamos,loveridgemia
63401451918.0,53373013129.0,pastoranoaderamos,josedossantosfilho446
63401451918.0,5705192528.0,pastoranoaderamos,aghbalshiran
63401451918.0,67346592274.0,pastoranoaderamos,carla_eduarda_oficial
63401451918.0,70652479635.0,pastoranoaderamos,6637_fred
63401451918.0,67575785723.0,pastoranoaderamos,kharitastos
63401451918.0,70813745500.0,pastoranoaderamos,sarvesahpandey
63401451918.0,66358656529.0,pastoranoaderamos,marinelaana5
63401451918.0,69019953205.0,pastoranoaderamos,jaoobatista.correa
63401451918.0,54102668127.0,pastoranoaderamos,marialuciaescamez
63401451918.0,69813527072.0,pastoranoaderamos,mhshmmhmdbdlzyz
42166945452.0,69571172364.0,maria_marques_melo,jafar.hoseinzade
57154311674.0,58744194364.0,chantalborelf,nagidaleepsingh
57154311674.0,64422604294.0,chantalborelf,lawrencey7020
57154311674.0,70813745500.0,chantalborelf,sarvesahpandey
57154311674.0,56905666078.0,chantalborelf,schantalborel57
22729987224.0,52398678990.0,hungry_8088,pawelflur
68897811224.0,68966786871.0,fazlul603,landalins
67797421197.0,70476454701.0,madeliabinti,babulahaemd
67797421197.0,825195706.0,madeliabinti,s_vilanitavares
66940883728.0,71329239642.0,joycekarennelson,nudgatatianaicloud.com.2
66940883728.0,18364474827.0,joycekarennelson,vijaykumr.kkr
66940883728.0,67452699565.0,joycekarennelson,beverlybell3052
66940883728.0,66802467058.0,joycekarennelson,maria_ilza_s_7495
66940883728.0,71105608521.0,joycekarennelson,ashleytaylorb_fan_page
66940883728.0,71566399048.0,joycekarennelson,aysuliw2486
66940883728.0,71540048970.0,joycekarennelson,sissoko9541
66940883728.0,70428950709.0,joycekarennelson,sabioukounda5
66940883728.0,67797421197.0,joycekarennelson,madeliabinti
66940883728.0,69035067873.0,joycekarennelson,15.289726
70660707178.0,65769316249.0,rafaeldiaz7933,michaelcere2
4911501388.0,71449903846.0,soniatakiguchi,weitcinfogmail.com5
4911501388.0,65769316249.0,soniatakiguchi,michaelcere2
17762728126.0,8675030473.0,brigidasantosmarcheski,educilibanori
7566549735.0,65769316249.0,verissimoelisete,michaelcere2
7566549735.0,70813745500.0,verissimoelisete,sarvesahpandey
69410972845.0,69038640659.0,astralianto2024,james.norray
69410972845.0,51613172940.0,astralianto2024,penacynthia15
31079015636.0,70652479635.0,izaura.silva.98871,6637_fred
69040017971.0,71105608521.0,nimra.shan.733,ashleytaylorb_fan_page
3683002483.0,70652479635.0,niliagiuffrida,6637_fred
68799031279.0,65769316249.0,spyrostamilias,michaelcere2
47389761153.0,66802467058.0,bella2019164,maria_ilza_s_7495
19519134739.0,66358656529.0,petrus_adi_utomo,marinelaana5
70652479635.0,35198896461.0,6637_fred,zahidhkhan369
70652479635.0,54278725721.0,6637_fred,reginabarcelosdepaivafernandes
70652479635.0,31079015636.0,6637_fred,izaura.silva.98871
70652479635.0,63479518145.0,6637_fred,jaewsorasak
70652479635.0,67891290229.0,6637_fred,mpamelasalazar
70652479635.0,58471895624.0,6637_fred,aminmallik0247
70652479635.0,68342479229.0,6637_fred,mdnasiruddin.uddin.3762
70652479635.0,70140813937.0,6637_fred,leonilaalvesb
70652479635.0,57232725177.0,6637_fred,goli.8398
70652479635.0,56780576492.0,6637_fred,mimicalles17
69035067873.0,70428950709.0,15.289726,sabioukounda5
15483153521.0,70652479635.0,lisnootech,6637_fred
528619051.0,70652479635.0,rosaelena1301,6637_fred
528619051.0,68966786871.0,rosaelena1301,landalins
63157181953.0,70813745500.0,tcvvramana1967,sarvesahpandey
68863046556.0,70652479635.0,abelrojas_15,6637_fred
66358656529.0,58471895624.0,marinelaana5,aminmallik0247
66358656529.0,70813745500.0,marinelaana5,sarvesahpandey
66358656529.0,19519134739.0,marinelaana5,petrus_adi_utomo
66358656529.0,68592595018.0,marinelaana5,tavarespacola
52644244545.0,69813527072.0,bonbon1961_,mhshmmhmdbdlzyz
52644244545.0,70652479635.0,bonbon1961_,6637_fred
61699787039.0,63467193049.0,sudhakarsharma3415,loveridgemia
59113454615.0,69019953205.0,pawlowski.sandy,jaoobatista.correa
59113454615.0,69681848802.0,pawlowski.sandy,leptir1313
70231939394.0,69500731739.0,chameleon.639650,amlaqalif
58840023766.0,66262107149.0,marilucia.resende,lucinhalua2
70852785504.0,69672871286.0,zafarqoziboyev,priyankara.bandara.336
7780953411.0,69049522318.0,anagraham7,aphollocapoeira
7780953411.0,69740763232.0,anagraham7,sanjeewa_suranjith
70323188428.0,69886728470.0,arlindo_debrito,shirleyaparecidasantos.silva
69672871286.0,70852785504.0,priyankara.bandara.336,zafarqoziboyev
69886728470.0,70323188428.0,shirleyaparecidasantos.silva,arlindo_debrito
54102668127.0,70723393598.0,marialuciaescamez,jose_joaquincifuentes_30263377
69483628577.0,70813745500.0,marianeuzajeronymo,sarvesahpandey
52625030729.0,69813527072.0,mirianytan,mhshmmhmdbdlzyz
52625030729.0,68966786871.0,mirianytan,landalins
16005514891.0,70723393598.0,otaviobravofilho,jose_joaquincifuentes_30263377
16005514891.0,70476454701.0,otaviobravofilho,babulahaemd
16005514891.0,63467193049.0,otaviobravofilho,loveridgemia
7029421697.0,66358656529.0,monicaaparecida5658,marinelaana5
7029421697.0,69813527072.0,monicaaparecida5658,mhshmmhmdbdlzyz
5576741299.0,70140813937.0,teka2433,leonilaalvesb
65769316249.0,71540048970.0,michaelcere2,sissoko9541
65769316249.0,8675030473.0,michaelcere2,educilibanori
65769316249.0,70723393598.0,michaelcere2,jose_joaquincifuentes_30263377
65769316249.0,18364474827.0,michaelcere2,vijaykumr.kkr
65769316249.0,69387594042.0,michaelcere2,zina_ars.kodz
65769316249.0,71281023931.0,michaelcere2,tesema902
57851373972.0,66802467058.0,zendenise,maria_ilza_s_7495
68966786871.0,65725662312.0,landalins,ofelia.francisco.526
51037478024.0,18364474827.0,s.torresangelina,vijaykumr.kkr
47711926529.0,63401451918.0,ajoykumarkanu,pastoranoaderamos
61763571455.0,66817662040.0,carlosholmesrestrepogray,valdineia.maria.5070
69022129724.0,69813527072.0,bancroft.lily,mhshmmhmdbdlzyz
68815924577.0,68342479229.0,irissouza2189,mdnasiruddin.uddin.3762
68815924577.0,58471895624.0,irissouza2189,aminmallik0247
69019953205.0,69571172364.0,jaoobatista.correa,jafar.hoseinzade
69019953205.0,3002154553.0,jaoobatista.correa,helenadudas
69019953205.0,67328277333.0,jaoobatista.correa,narulchol
69019953205.0,66817662040.0,jaoobatista.correa,valdineia.maria.5070
58514059277.0,68966786871.0,thanhhuynh6663,landalins
7597968509.0,65769316249.0,rosana_marconde,michaelcere2
7597968509.0,70476454701.0,rosana_marconde,babulahaemd
7597968509.0,50318077543.0,rosana_marconde,maria.marly55
1315429453.0,65769316249.0,graca_inacio_manuel__calaonga,michaelcere2
1315429453.0,70813745500.0,graca_inacio_manuel__calaonga,sarvesahpandey
1315429453.0,62832052189.0,graca_inacio_manuel__calaonga,mdmonoarulislammukul
1315429453.0,69665992147.0,graca_inacio_manuel__calaonga,bdwrhmnrhymy
1315429453.0,56780576492.0,graca_inacio_manuel__calaonga,mimicalles17
1315429453.0,67328277333.0,graca_inacio_manuel__calaonga,narulchol
68342479229.0,69813527072.0,mdnasiruddin.uddin.3762,mhshmmhmdbdlzyz
68342479229.0,68237814924.0,mdnasiruddin.uddin.3762,asrafali6899
68342479229.0,70813745500.0,mdnasiruddin.uddin.3762,sarvesahpandey
66352339028.0,70900752419.0,zapatazr,givaneigranjade
5588084318.0,70256535001.0,darcymeinlschmiedt,skaru.morocco
5653545174.0,68826766408.0,rosalina3942,mg.santanasp
5625333930.0,65769316249.0,gimariolive,michaelcere2
2911595276.0,69813527072.0,sandracristinal1234,mhshmmhmdbdlzyz
2911595276.0,70813745500.0,sandracristinal1234,sarvesahpandey
2911595276.0,71159793401.0,sandracristinal1234,gaspareduardocastrochavez
2911595276.0,1315429453.0,sandracristinal1234,graca_inacio_manuel__calaonga
2911595276.0,70428950709.0,sandracristinal1234,sabioukounda5
58744194364.0,71067222000.0,nagidaleepsingh,bhushanram771
60855673685.0,3711607584.0,denise_zen182,normaalmenara
60855673685.0,56502163140.0,denise_zen182,joaquina_pentecoste
60855673685.0,68966786871.0,denise_zen182,landalins
64576822475.0,54102668127.0,hhadiza.isah3,marialuciaescamez
33544453944.0,68966786871.0,zsuzsanna.keller56,landalins
47563084602.0,70801981820.0,crisrodilina,stoicheadaurelius
45155443571.0,4469232020.0,pattanaikgmail.comjanmejay,reginaportelagoncalves
69555554683.0,49510196274.0,lqdrbwshmybd,marilialinode
69490106433.0,70743215657.0,izauratrajanoaraujo,fernandaaso1969
70095401216.0,70813745500.0,roseliaparecidadepadua,sarvesahpandey
5426459048.0,1315429453.0,mjb4411,graca_inacio_manuel__calaonga
5426459048.0,70813745500.0,mjb4411,sarvesahpandey
1082141038.0,68966786871.0,farahdiva38,landalins
67452699565.0,70723393598.0,beverlybell3052,jose_joaquincifuentes_30263377
57783675046.0,64711102791.0,anna.hirmanovanina24,city_night_photos
70140813937.0,60855673685.0,leonilaalvesb,denise_zen182
68698676229.0,69500731739.0,babishehnaz,amlaqalif
68698676229.0,51209082392.0,babishehnaz,suelicosta5426
67328277333.0,65725662312.0,narulchol,ofelia.francisco.526
69603523290.0,71449903846.0,euzamariabossaneli,weitcinfogmail.com5
69603523290.0,68237814924.0,euzamariabossaneli,asrafali6899
68918758807.0,69813527072.0,sa_mu_999_,mhshmmhmdbdlzyz
69511918792.0,70428950709.0,mbyepes55,sabioukounda5
69511918792.0,65769316249.0,mbyepes55,michaelcere2
69511918792.0,47711926529.0,mbyepes55,ajoykumarkanu
66728058565.0,71053996304.0,annaferrazz._,kolodieterezinha
3317661025.0,68966786871.0,madelinegonzaga,landalins
228953329.0,69500731739.0,francelinabarcelos,amlaqalif
228953329.0,71443103854.0,francelinabarcelos,maria.oliveira_60
8500406151.0,68109902162.0,eliii_suu,elonreevesmusk__01
69445759690.0,45155443571.0,najafiromina2,pattanaikgmail.comjanmejay
69445759690.0,68237814924.0,najafiromina2,asrafali6899
69445759690.0,70813745500.0,najafiromina2,sarvesahpandey
51613172940.0,61699787039.0,penacynthia15,sudhakarsharma3415
65497610842.0,1671663943.0,mari.nespuhl,anahrtica
67133315696.0,70955476018.0,karrinmarieleahy,nodal.alfredo
1742183227.0,66016189508.0,dra.alvh,gangqixing79lool
8675030473.0,69402940983.0,educilibanori,fajlul2724
61236915564.0,68237814924.0,rcandidabatista,asrafali6899
65599352095.0,67543119288.0,eriobrito,debon_iclori8
65599352095.0,56545485718.0,eriobrito,vlso60
68355555840.0,61233371494.0,fidelespatriciaalvespacheco,borodiakeroni
68355555840.0,70723393598.0,fidelespatriciaalvespacheco,jose_joaquincifuentes_30263377
68355555840.0,70476454701.0,fidelespatriciaalvespacheco,babulahaemd
68355555840.0,71329239642.0,fidelespatriciaalvespacheco,nudgatatianaicloud.com.2
68355555840.0,18364474827.0,fidelespatriciaalvespacheco,vijaykumr.kkr
68320876692.0,68677833468.0,sukumarthella,soofi.evaal
68836171404.0,70428950709.0,elmira.alvarado.5,sabioukounda5
68836171404.0,70813745500.0,elmira.alvarado.5,sarvesahpandey
18180349537.0,63467193049.0,franciscogomes604,loveridgemia
4750389554.0,70476454701.0,verarosa2178,babulahaemd
69373713057.0,62832052189.0,marlenebezerra586,mdmonoarulislammukul
26280853330.0,68974532431.0,albertocesarh,manojgowri45
26280853330.0,67346592274.0,albertocesarh,carla_eduarda_oficial
26280853330.0,68966786871.0,albertocesarh,landalins
26280853330.0,11319876693.0,albertocesarh,marly2371
26280853330.0,3029592674.0,albertocesarh,briantreber
26280853330.0,68219798137.0,albertocesarh,28cdc8bd26
3002154553.0,66802467058.0,helenadudas,maria_ilza_s_7495
3002154553.0,68966786871.0,helenadudas,landalins
3002154553.0,69019953205.0,helenadudas,jaoobatista.correa
57124087423.0,62001294252.0,reginaccmendes,jnyaangiriibaabaa
11290471536.0,4750389554.0,mirineideslima,verarosa2178
11290471536.0,68966786871.0,mirineideslima,landalins
68677833468.0,69681848802.0,soofi.evaal,leptir1313
68677833468.0,68320876692.0,soofi.evaal,sukumarthella
68677833468.0,51220530224.0,soofi.evaal,abdyrahman9288
68677833468.0,39944409685.0,soofi.evaal,alicia.lezcano.543
68677833468.0,68966786871.0,soofi.evaal,landalins
68677833468.0,67543119288.0,soofi.evaal,debon_iclori8
68677833468.0,62832052189.0,soofi.evaal,mdmonoarulislammukul
68677833468.0,51613172940.0,soofi.evaal,penacynthia15
68677833468.0,69505353886.0,soofi.evaal,gazianowar8
68677833468.0,11319876693.0,soofi.evaal,marly2371
3887606632.0,228953329.0,bithipatnaik,francelinabarcelos
3887606632.0,62832052189.0,bithipatnaik,mdmonoarulislammukul
11319876693.0,70428950709.0,marly2371,sabioukounda5
11319876693.0,68863046556.0,marly2371,abelrojas_15
11319876693.0,69019953205.0,marly2371,jaoobatista.correa
11319876693.0,66802467058.0,marly2371,maria_ilza_s_7495
11319876693.0,51220530224.0,marly2371,abdyrahman9288
11319876693.0,68966786871.0,marly2371,landalins
11319876693.0,58471895624.0,marly2371,aminmallik0247
825195706.0,68966786871.0,s_vilanitavares,landalins
825195706.0,66264983765.0,s_vilanitavares,tovasharov_nurbekjon
1987621692.0,64711102791.0,israelprado_oficial,city_night_photos
67456740238.0,71329239642.0,toma__demchenko,nudgatatianaicloud.com.2
67456740238.0,67541639163.0,toma__demchenko,paduaroseli
67456740238.0,68966786871.0,toma__demchenko,landalins
67456740238.0,67328277333.0,toma__demchenko,narulchol
67456740238.0,11319876693.0,toma__demchenko,marly2371
67456740238.0,68883347165.0,toma__demchenko,prime_of_the_day
67456740238.0,67478316306.0,toma__demchenko,lzlqjhdmhmd
67456740238.0,67543119288.0,toma__demchenko,debon_iclori8
67456740238.0,65053796070.0,toma__demchenko,sean.slick
67456740238.0,56502163140.0,toma__demchenko,joaquina_pentecoste
67456740238.0,3029592674.0,toma__demchenko,briantreber
56765421593.0,68966786871.0,falstinamaria,landalins
56765421593.0,65545900347.0,falstinamaria,selmajesus761
28321965036.0,51220530224.0,mukesh.premi.357,abdyrahman9288
28321965036.0,67541639163.0,mukesh.premi.357,paduaroseli
28321965036.0,59845025372.0,mukesh.premi.357,sellam.nacer
28321965036.0,3029592674.0,mukesh.premi.357,briantreber
66016189508.0,67163071248.0,gangqixing79lool,lucasroman.mloka
66016189508.0,59655166384.0,gangqixing79lool,ysmaelg.himbon
66016189508.0,63775452216.0,gangqixing79lool,bigjimmyaura
66016189508.0,66430902627.0,gangqixing79lool,blackdelflowrd
66016189508.0,3016411809.0,gangqixing79lool,shree_sai_associates_s
66016189508.0,63070311372.0,gangqixing79lool,tiffanypep
66016189508.0,63421381101.0,gangqixing79lool,naeem_tuwar
66016189508.0,66755891744.0,gangqixing79lool,tingeohginge
66016189508.0,65144227886.0,gangqixing79lool,akanho_001
66016189508.0,66598730637.0,gangqixing79lool,kyle_chiesa
66016189508.0,66984205682.0,gangqixing79lool,reasntm
66016189508.0,66534712940.0,gangqixing79lool,black_boutiquebb
66016189508.0,66344506599.0,gangqixing79lool,herrymloge9575
66016189508.0,66508785180.0,gangqixing79lool,2serendra_bgc
66016189508.0,64612237450.0,gangqixing79lool,nuelkissbrown
66016189508.0,63434090607.0,gangqixing79lool,shamimkhan.9
66016189508.0,64686650105.0,gangqixing79lool,cidemar_faria
66016189508.0,66561421601.0,gangqixing79lool,theinversecollection
66016189508.0,65548923826.0,gangqixing79lool,bonnie_darco
66016189508.0,65413760638.0,gangqixing79lool,x.xo0oxx
66016189508.0,64014191820.0,gangqixing79lool,calmyourfarmgame
66016189508.0,65720003063.0,gangqixing79lool,nse_j2x
66016189508.0,66323329775.0,gangqixing79lool,hosein.abaseian.9
64888253133.0,69681848802.0,giovannacaropresoneves,leptir1313
64888253133.0,39944409685.0,giovannacaropresoneves,alicia.lezcano.543
64888253133.0,68966786871.0,giovannacaropresoneves,landalins
64888253133.0,69019953205.0,giovannacaropresoneves,jaoobatista.correa
64888253133.0,66802467058.0,giovannacaropresoneves,maria_ilza_s_7495
64888253133.0,58471895624.0,giovannacaropresoneves,aminmallik0247
64888253133.0,67456740238.0,giovannacaropresoneves,toma__demchenko
64888253133.0,67543119288.0,giovannacaropresoneves,debon_iclori8
64888253133.0,11319876693.0,giovannacaropresoneves,marly2371
64888253133.0,59432355279.0,giovannacaropresoneves,mariahalvesq
4946982164.0,48311793937.0,elizeu_sousa77sax,leo_envelopamento_designer
4946982164.0,59473230992.0,elizeu_sousa77sax,nataliabarbosadeaf
7115013093.0,11319876693.0,rozauravc2014,marly2371
6335966954.0,65720003063.0,alinur8195,nse_j2x
6335966954.0,65669088982.0,alinur8195,treep_ng
6964706067.0,66802467058.0,meraats,maria_ilza_s_7495
6964706067.0,40585213973.0,meraats,sheriiuldashev
6964706067.0,58471895624.0,meraats,aminmallik0247
6964706067.0,69019953205.0,meraats,jaoobatista.correa
6964706067.0,68974532431.0,meraats,manojgowri45
6964706067.0,18364474827.0,meraats,vijaykumr.kkr
6964706067.0,67543119288.0,meraats,debon_iclori8
5387917005.0,69019953205.0,annamariamourabrasil,jaoobatista.correa
5387917005.0,66802467058.0,annamariamourabrasil,maria_ilza_s_7495
5387917005.0,66282406526.0,annamariamourabrasil,dovigoelisabetta
68364893758.0,39944409685.0,mo.hame5143,alicia.lezcano.543
47131782848.0,51613172940.0,parvin_safari_jafarloo,penacynthia15
47131782848.0,67456740238.0,parvin_safari_jafarloo,toma__demchenko
53533768526.0,51613172940.0,noheliayarit,penacynthia15
53533768526.0,68966786871.0,noheliayarit,landalins
32767545658.0,66802467058.0,roseleideaureliode,maria_ilza_s_7495
59432355279.0,65947147967.0,mariahalvesq,emrankhan1359
59432355279.0,68731363685.0,mariahalvesq,it_aint_fair_jear
59432355279.0,50318077543.0,mariahalvesq,maria.marly55
59432355279.0,66442628888.0,mariahalvesq,thomasstevenson872
59432355279.0,65053796070.0,mariahalvesq,sean.slick
59432355279.0,66534712940.0,mariahalvesq,black_boutiquebb
59432355279.0,66280683644.0,mariahalvesq,balieiro_milton
59432355279.0,63229637489.0,mariahalvesq,hoseinrezaii389
59432355279.0,65348275789.0,mariahalvesq,virtutech.marketing
59432355279.0,65140051300.0,mariahalvesq,tmartin_333
65073725820.0,1520989813.0,sanjeeva5647,prihati2889_ratih
65545900347.0,58471895624.0,selmajesus761,aminmallik0247
65545900347.0,66802467058.0,selmajesus761,maria_ilza_s_7495
65545900347.0,69603523290.0,selmajesus761,euzamariabossaneli
65545900347.0,62001294252.0,selmajesus761,jnyaangiriibaabaa
65545900347.0,67456740238.0,selmajesus761,toma__demchenko
65545900347.0,51613172940.0,selmajesus761,penacynthia15
65545900347.0,56765421593.0,selmajesus761,falstinamaria
53548710881.0,62001294252.0,chawla_shambhu,jnyaangiriibaabaa
50318077543.0,68237814924.0,maria.marly55,asrafali6899
50318077543.0,68966786871.0,maria.marly55,landalins
50318077543.0,58471895624.0,maria.marly55,aminmallik0247
50318077543.0,59432355279.0,maria.marly55,mariahalvesq
50318077543.0,67163071248.0,maria.marly55,lucasroman.mloka
52050761737.0,66442628888.0,airdrop8990,thomasstevenson872
52050761737.0,64930856032.0,airdrop8990,beemraj.bhagwandin6
52050761737.0,62029770729.0,airdrop8990,marioalbertomonroya
52050761737.0,65947147967.0,airdrop8990,emrankhan1359
52050761737.0,65348275789.0,airdrop8990,virtutech.marketing
52050761737.0,63459388837.0,airdrop8990,hayatnaseri1
52050761737.0,59826128445.0,airdrop8990,deousinghmaravi
52050761737.0,59432355279.0,airdrop8990,mariahalvesq
52050761737.0,63421381101.0,airdrop8990,naeem_tuwar
52050761737.0,64686650105.0,airdrop8990,cidemar_faria
52050761737.0,66344506599.0,airdrop8990,herrymloge9575
52050761737.0,66323329775.0,airdrop8990,hosein.abaseian.9
65725662312.0,71566399048.0,ofelia.francisco.526,aysuliw2486
65725662312.0,67328277333.0,ofelia.francisco.526,narulchol
65725662312.0,69019953205.0,ofelia.francisco.526,jaoobatista.correa
65725662312.0,69813527072.0,ofelia.francisco.526,mhshmmhmdbdlzyz
65725662312.0,1671663943.0,ofelia.francisco.526,anahrtica
65725662312.0,70813745500.0,ofelia.francisco.526,sarvesahpandey
65725662312.0,1315429453.0,ofelia.francisco.526,graca_inacio_manuel__calaonga
65725662312.0,66802467058.0,ofelia.francisco.526,maria_ilza_s_7495
65725662312.0,68966786871.0,ofelia.francisco.526,landalins
65725662312.0,18364474827.0,ofelia.francisco.526,vijaykumr.kkr
65725662312.0,68974532431.0,ofelia.francisco.526,manojgowri45
65725662312.0,51220530224.0,ofelia.francisco.526,abdyrahman9288
65725662312.0,66016189508.0,ofelia.francisco.526,gangqixing79lool
66597683610.0,68237814924.0,missaoui1061,asrafali6899
66597683610.0,57762380741.0,missaoui1061,iraj.naderi5574
66597683610.0,51613172940.0,missaoui1061,penacynthia15
66597683610.0,68966786871.0,missaoui1061,landalins
66597683610.0,11319876693.0,missaoui1061,marly2371
66597683610.0,18364474827.0,missaoui1061,vijaykumr.kkr
59845025372.0,51220530224.0,sellam.nacer,abdyrahman9288
59845025372.0,28321965036.0,sellam.nacer,mukesh.premi.357
59845025372.0,67541639163.0,sellam.nacer,paduaroseli
59845025372.0,62001294252.0,sellam.nacer,jnyaangiriibaabaa
67163071248.0,66016189508.0,lucasroman.mloka,gangqixing79lool
67163071248.0,67531847194.0,lucasroman.mloka,mikeirwin1134
56905666078.0,70813745500.0,schantalborel57,sarvesahpandey
56905666078.0,67575785723.0,schantalborel57,kharitastos
56905666078.0,57154311674.0,schantalborel57,chantalborelf
50831959766.0,6769975.0,nabiashfaqun,new_nqrmal
50831959766.0,63272152246.0,nabiashfaqun,tracieverett
63501010120.0,4568596841.0,indrani.kangokar,maria_gracas_1
63501010120.0,69402940983.0,indrani.kangokar,fajlul2724
51220530224.0,68677833468.0,abdyrahman9288,soofi.evaal
51220530224.0,70095401216.0,abdyrahman9288,roseliaparecidadepadua
51220530224.0,68966786871.0,abdyrahman9288,landalins
51220530224.0,28321965036.0,abdyrahman9288,mukesh.premi.357
51220530224.0,62001294252.0,abdyrahman9288,jnyaangiriibaabaa
51220530224.0,67541639163.0,abdyrahman9288,paduaroseli
39944409685.0,54102668127.0,alicia.lezcano.543,marialuciaescamez
39944409685.0,70813745500.0,alicia.lezcano.543,sarvesahpandey
39944409685.0,68364893758.0,alicia.lezcano.543,mo.hame5143
39944409685.0,28321965036.0,alicia.lezcano.543,mukesh.premi.357
49107774343.0,1520989813.0,solikun719,prihati2889_ratih
1520989813.0,49107774343.0,prihati2889_ratih,solikun719
1520989813.0,65073725820.0,prihati2889_ratih,sanjeeva5647
62001294252.0,69500731739.0,jnyaangiriibaabaa,amlaqalif
62001294252.0,45155443571.0,jnyaangiriibaabaa,pattanaikgmail.comjanmejay
62001294252.0,64631967271.0,jnyaangiriibaabaa,alixan8291
67541639163.0,62669911588.0,paduaroseli,aparecidafatimalara
67541639163.0,69436893170.0,paduaroseli,ashok.tk.148
67541639163.0,69019953205.0,paduaroseli,jaoobatista.correa
67541639163.0,70723393598.0,paduaroseli,jose_joaquincifuentes_30263377
67541639163.0,69813527072.0,paduaroseli,mhshmmhmdbdlzyz
67541639163.0,39944409685.0,paduaroseli,alicia.lezcano.543
67541639163.0,62001294252.0,paduaroseli,jnyaangiriibaabaa
67541639163.0,67456740238.0,paduaroseli,toma__demchenko
67541639163.0,58471895624.0,paduaroseli,aminmallik0247
67541639163.0,67543119288.0,paduaroseli,debon_iclori8
67541639163.0,68966786871.0,paduaroseli,landalins
67541639163.0,28321965036.0,paduaroseli,mukesh.premi.357
67541639163.0,59845025372.0,paduaroseli,sellam.nacer
67541639163.0,51220530224.0,paduaroseli,abdyrahman9288
63083844770.0,1443225259.0,robind4444,bruceoldham58
70113547412.0,64567878273.0,djconejoblas,ashaeatssoup
70113547412.0,70277538262.0,djconejoblas,espectrodiario
70113547412.0,69451406154.0,djconejoblas,joannie_davii
70113547412.0,65913355274.0,djconejoblas,imabhishekkrjha
70113547412.0,1106419566.0,djconejoblas,0ohjacqui
70113547412.0,67941898985.0,djconejoblas,rasel_0500333723
70113547412.0,69019953205.0,djconejoblas,jaoobatista.correa
70113547412.0,70288773759.0,djconejoblas,jurandirpinheirodecastro
70113547412.0,68892698026.0,djconejoblas,muhammadyaseen8483
70113547412.0,70737503315.0,djconejoblas,rayray.creates.empires__
70113547412.0,69530616876.0,djconejoblas,tammisheafer
70113547412.0,68905675499.0,djconejoblas,officialdavidbasile
70113547412.0,69940563099.0,djconejoblas,cdefgahccom
69382603522.0,62971506123.0,nicknacknyuknyuknyuk,wanderingdeerpoet
69382603522.0,63652180511.0,nicknacknyuknyuknyuk,your.old.pal.goldie
69382603522.0,67840257186.0,nicknacknyuknyuknyuk,randallbc777
69382603522.0,58483477861.0,nicknacknyuknyuknyuk,angela.melton1
69382603522.0,63527255724.0,nicknacknyuknyuknyuk,originalmks
69382603522.0,71865395601.0,nicknacknyuknyuknyuk,hatsunechastity
69382603522.0,64839720354.0,nicknacknyuknyuknyuk,poetgirrl
69382603522.0,63052518832.0,nicknacknyuknyuknyuk,izzie3030
69382603522.0,69791981079.0,nicknacknyuknyuknyuk,lauracohenpt
69382603522.0,63882451456.0,nicknacknyuknyuknyuk,mcryinglaughing
69382603522.0,64244979012.0,nicknacknyuknyuknyuk,mr.matthewkylewhitt.s
69382603522.0,63482171278.0,nicknacknyuknyuknyuk,ladyfrost.ttv
5519810490.0,7973322097.0,a_fishcalledrhonda,chicago_girlatheart
5519810490.0,63255770361.0,a_fishcalledrhonda,paulmoreira_
5519810490.0,69772213557.0,a_fishcalledrhonda,brendadunphy08
5519810490.0,64343718875.0,a_fishcalledrhonda,tracey.curtis.507
5519810490.0,63652216159.0,a_fishcalledrhonda,christine_3251
5519810490.0,233667994.0,a_fishcalledrhonda,kimfrase73
5519810490.0,70383034771.0,a_fishcalledrhonda,coastalyarnworx
5519810490.0,62858039663.0,a_fishcalledrhonda,ruthelaine877
5519810490.0,67924453501.0,a_fishcalledrhonda,sickchickkie
5519810490.0,341737296.0,a_fishcalledrhonda,logan_edward_edwards_easley
63448900787.0,63064470626.0,leslieeh2023,macgregor7894
63448900787.0,63048052647.0,leslieeh2023,lemmyg
63448900787.0,199382204.0,leslieeh2023,rabbicy
63448900787.0,61062358490.0,leslieeh2023,sue_pluto
63448900787.0,63073362663.0,leslieeh2023,bustergumbo
63448900787.0,41648051526.0,leslieeh2023,commander.jan
63448900787.0,1532893307.0,leslieeh2023,jeana.fosterkocur
63448900787.0,63463314980.0,leslieeh2023,mwrightbaylor
63448900787.0,70259534986.0,leslieeh2023,gramham523
63448900787.0,63435239020.0,leslieeh2023,wazcher
63448900787.0,63138717398.0,leslieeh2023,kking1967
63448900787.0,1431445436.0,leslieeh2023,colleen_beaton72
63448900787.0,66311329919.0,leslieeh2023,laaye47
63448900787.0,69038640659.0,leslieeh2023,james.norray
63448900787.0,63241092044.0,leslieeh2023,irteza_gunner3567
63448900787.0,63368525732.0,leslieeh2023,calebdaman__24
63448900787.0,63259006501.0,leslieeh2023,fineswine2023
63448900787.0,67888609550.0,leslieeh2023,ronahanson
63448900787.0,15476008.0,leslieeh2023,mymoondawg
63448900787.0,63408140506.0,leslieeh2023,philburns55
63448900787.0,49219731698.0,leslieeh2023,amoncityx
63448900787.0,63261589931.0,leslieeh2023,emekaasadu
63448900787.0,63089628759.0,leslieeh2023,nancygoreckianderson
63448900787.0,63272152246.0,leslieeh2023,tracieverett
63448900787.0,64118306600.0,leslieeh2023,rdaetha
63448900787.0,63287676662.0,leslieeh2023,janetreadstoomuch
63448900787.0,63434618598.0,leslieeh2023,fawngoodwine
63448900787.0,63064839081.0,leslieeh2023,whatifbarackorhillarydidit
63448900787.0,63070306885.0,leslieeh2023,m.walken420
63448900787.0,63246346289.0,leslieeh2023,suseq505
63448900787.0,238042135.0,leslieeh2023,karenlassus
63448900787.0,63077865711.0,leslieeh2023,davidattenborough_fans
58726322469.0,69511918792.0,henry_tipster_bet365,mbyepes55
58726322469.0,69500731739.0,henry_tipster_bet365,amlaqalif
3602053191.0,63126653816.0,t.mikewilliams,matthewdalbertson
63064470626.0,63408140506.0,macgregor7894,philburns55
63064470626.0,63206095148.0,macgregor7894,littlefieldkoch
63064470626.0,63448900787.0,macgregor7894,leslieeh2023
63064470626.0,68905675499.0,macgregor7894,officialdavidbasile
63064470626.0,63259006501.0,macgregor7894,fineswine2023
63064470626.0,63778044865.0,macgregor7894,miyoshi3951
63064470626.0,67888609550.0,macgregor7894,ronahanson
63064470626.0,63272152246.0,macgregor7894,tracieverett
63064470626.0,65777674824.0,macgregor7894,damishahazelton
63064470626.0,63396223291.0,macgregor7894,fashionfunpj
63064470626.0,63259926432.0,macgregor7894,stephofimp
63064470626.0,3617687269.0,macgregor7894,steelpitt915
63064470626.0,64281907296.0,macgregor7894,aleianakalia
7460886086.0,70372433394.0,kellyg_sd,mrsdvspompom
7460886086.0,66498375768.0,kellyg_sd,swiftie__society
7460886086.0,69753492208.0,kellyg_sd,tamar.abrams
7460886086.0,69548373902.0,kellyg_sd,theadhdinfj
16274102313.0,45689917634.0,jacobbaker2275,mallditaka
63460213473.0,64724697215.0,sojournerweaver,onlytsvndra
63460213473.0,69195696999.0,sojournerweaver,replygirrl
63460213473.0,58891045741.0,sojournerweaver,sucktoshi
63460213473.0,65489928423.0,sojournerweaver,ladygigi2u
63460213473.0,63304247951.0,sojournerweaver,cloberries
63460213473.0,54222055216.0,sojournerweaver,spearsolrid
63460213473.0,178293823.0,sojournerweaver,hhtamu88
63460213473.0,71324892320.0,sojournerweaver,officialsrscinema
63460213473.0,71865395601.0,sojournerweaver,hatsunechastity
63460213473.0,67391773328.0,sojournerweaver,letisia4344
63460213473.0,68493912499.0,sojournerweaver,call.me_christy
63460213473.0,67138257125.0,sojournerweaver,dirty.is.dead
63460213473.0,63255770361.0,sojournerweaver,paulmoreira_
63460213473.0,63374328268.0,sojournerweaver,jesswasnthere
63460213473.0,62943581677.0,sojournerweaver,leslielynn05
63460213473.0,63048052647.0,sojournerweaver,lemmyg
63460213473.0,63394916712.0,sojournerweaver,themeg.x
63460213473.0,63336204799.0,sojournerweaver,_fractured.w1nt3r_
63460213473.0,63234733879.0,sojournerweaver,kdeebs_ok
63460213473.0,70987061920.0,sojournerweaver,ethancraft420
63460213473.0,63209433517.0,sojournerweaver,kelsey.reanne
63460213473.0,68731363685.0,sojournerweaver,it_aint_fair_jear
63460213473.0,27896728.0,sojournerweaver,cambro_obscura
63460213473.0,67271445883.0,sojournerweaver,xxkikkoxxreal_ig
63460213473.0,71085473832.0,sojournerweaver,mr.gold.starr
63460213473.0,69639652910.0,sojournerweaver,bby_yaga__
63460213473.0,66378848981.0,sojournerweaver,mercedeesbettis
63460213473.0,69306279709.0,sojournerweaver,dmunnyjuan
63460213473.0,70370096931.0,sojournerweaver,everybodyhaspolio
63460213473.0,69544438438.0,sojournerweaver,poro.puff
63460213473.0,66380543581.0,sojournerweaver,frankthefifth
63460213473.0,179889853.0,sojournerweaver,kountrykhaotic
63460213473.0,65464976011.0,sojournerweaver,deerinasuitinc
63460213473.0,68214824885.0,sojournerweaver,rosie_revive
63460213473.0,67034868904.0,sojournerweaver,qveen.jenna_
63460213473.0,70401032034.0,sojournerweaver,filmq33n
63460213473.0,58017041634.0,sojournerweaver,ickypry
63460213473.0,63637992384.0,sojournerweaver,kkeel1z
63460213473.0,70126354055.0,sojournerweaver,warmblue56
63460213473.0,63404132645.0,sojournerweaver,ajmstoryteller
63460213473.0,63409463998.0,sojournerweaver,jen_phoenix68
63460213473.0,63381245915.0,sojournerweaver,jameswritesurprisingly
63460213473.0,69858622841.0,sojournerweaver,igakoncka
63460213473.0,67360712488.0,sojournerweaver,windsorharmreduction.oat
63460213473.0,63317505259.0,sojournerweaver,mykolasoo
63460213473.0,67989824415.0,sojournerweaver,stephenonmars
63460213473.0,48652706619.0,sojournerweaver,beardybri
63460213473.0,40505108950.0,sojournerweaver,koviao.g
63460213473.0,67593054329.0,sojournerweaver,teiwapotts
63460213473.0,64492365397.0,sojournerweaver,fuckits420247365
63460213473.0,64839720354.0,sojournerweaver,poetgirrl
63460213473.0,63091461877.0,sojournerweaver,sp00pkittn
63460213473.0,63477184572.0,sojournerweaver,kwpledger
63460213473.0,65548923826.0,sojournerweaver,bonnie_darco
63460213473.0,68883347165.0,sojournerweaver,prime_of_the_day
63460213473.0,63146382266.0,sojournerweaver,_flowersandlace_
63460213473.0,55097284075.0,sojournerweaver,infinitesarina
63460213473.0,4373525563.0,sojournerweaver,nicklovinz1337
63460213473.0,64219829722.0,sojournerweaver,richay.bikhari
63460213473.0,66450183215.0,sojournerweaver,ass_huh_lee
63460213473.0,63405163526.0,sojournerweaver,importedhorror
63460213473.0,63436788512.0,sojournerweaver,haileyrabdau
63460213473.0,63891097518.0,sojournerweaver,therealreko630
63460213473.0,64930856032.0,sojournerweaver,beemraj.bhagwandin6
63460213473.0,6218703931.0,sojournerweaver,veganincrooklyn
63460213473.0,63098637923.0,sojournerweaver,jenthelittlebird
63460213473.0,63450540425.0,sojournerweaver,thatspookybabe99
63460213473.0,66393265019.0,sojournerweaver,lovesmagicuniverse
63460213473.0,63427602142.0,sojournerweaver,dentedprinter
63460213473.0,65693063382.0,sojournerweaver,fredwinter27
63460213473.0,63793268311.0,sojournerweaver,003tretre
63460213473.0,2140094309.0,sojournerweaver,latvianaphrodite
63460213473.0,63023703165.0,sojournerweaver,kaci.blue
63460213473.0,66430902627.0,sojournerweaver,blackdelflowrd
63460213473.0,65290479680.0,sojournerweaver,adilsonn.manuel
63460213473.0,63710905077.0,sojournerweaver,kennethmusiclover_official
63460213473.0,63440057399.0,sojournerweaver,robby.moto
63460213473.0,63045613211.0,sojournerweaver,jammersmith77
63460213473.0,63160990349.0,sojournerweaver,urfavvannah
63460213473.0,66044511768.0,sojournerweaver,lucyinfinityx
63460213473.0,63255752916.0,sojournerweaver,mochiibean
63460213473.0,63052836871.0,sojournerweaver,kaitlynpaige64
63460213473.0,63368525732.0,sojournerweaver,calebdaman__24
63460213473.0,63281657974.0,sojournerweaver,kalimariamoon
63460213473.0,64732940555.0,sojournerweaver,ovariart
63460213473.0,65398772528.0,sojournerweaver,alexidewriter
63460213473.0,65107790161.0,sojournerweaver,nona_kerryandfriends
63460213473.0,63240274903.0,sojournerweaver,jade0rade
63460213473.0,63105390456.0,sojournerweaver,mythicalhvbris
63460213473.0,63296284148.0,sojournerweaver,rageagainstleaves2
63460213473.0,346013008.0,sojournerweaver,soggy__burrito
63460213473.0,63436512338.0,sojournerweaver,madwoman1028
63460213473.0,64104221449.0,sojournerweaver,trich_13
63460213473.0,63402886359.0,sojournerweaver,dawn8957
63460213473.0,65474948535.0,sojournerweaver,teobuzzo
63460213473.0,145318329.0,sojournerweaver,vaticuss
63460213473.0,63125669138.0,sojournerweaver,thegermygerm
63460213473.0,63152517622.0,sojournerweaver,helenhensell
63460213473.0,63426811037.0,sojournerweaver,red.the.living.dead
63460213473.0,63285541845.0,sojournerweaver,its.clox
63460213473.0,63635088246.0,sojournerweaver,sunsing
63460213473.0,63853454560.0,sojournerweaver,sarbuvanesa80
63460213473.0,63372607551.0,sojournerweaver,okido22
63460213473.0,66323329775.0,sojournerweaver,hosein.abaseian.9
63460213473.0,63465297423.0,sojournerweaver,aurainsanity
63460213473.0,63280651402.0,sojournerweaver,sturdysturtevant
63460213473.0,63073439712.0,sojournerweaver,w.a.t.e.r.m.e.l.o.n.n.e
63460213473.0,66293359095.0,sojournerweaver,softwarekangofficial
63460213473.0,63069659062.0,sojournerweaver,gokhand.44
63460213473.0,63385901862.0,sojournerweaver,ivette1t
63460213473.0,63408468422.0,sojournerweaver,dv___boss__elfreshco__justmine
63460213473.0,64048571250.0,sojournerweaver,joseesaanzz06
63460213473.0,66769627005.0,sojournerweaver,exileonmainst_
63460213473.0,1689091242.0,sojournerweaver,nae_the_adorable
63460213473.0,63076886122.0,sojournerweaver,dreslaterofficial
63460213473.0,63070311372.0,sojournerweaver,tiffanypep
63460213473.0,63388077078.0,sojournerweaver,_sonderlust
63460213473.0,63493832145.0,sojournerweaver,liz_can_fly
63460213473.0,13211767477.0,sojournerweaver,annie_atom
63460213473.0,63078641584.0,sojournerweaver,disdain_in_the_membrane
63460213473.0,61203797554.0,sojournerweaver,potatahed
63460213473.0,63227851797.0,sojournerweaver,wristbanger
63460213473.0,63652180511.0,sojournerweaver,your.old.pal.goldie
63460213473.0,63076023517.0,sojournerweaver,_yo._.mama._
63460213473.0,63462321626.0,sojournerweaver,lufuoena
63460213473.0,58350680725.0,sojournerweaver,sillylily.c0m
63460213473.0,63484952568.0,sojournerweaver,big_tortoise_goth_gf
63460213473.0,66272878687.0,sojournerweaver,brandon_zombi3
63460213473.0,65788096345.0,sojournerweaver,the_mini_manager
63460213473.0,62934543536.0,sojournerweaver,ro.road
63460213473.0,65929474498.0,sojournerweaver,destinimariefike333
63460213473.0,66779550689.0,sojournerweaver,thehazytones
63460213473.0,63898659364.0,sojournerweaver,bryanna_real
63460213473.0,63272152246.0,sojournerweaver,tracieverett
63460213473.0,63083143784.0,sojournerweaver,inariindustry
63460213473.0,66963908589.0,sojournerweaver,mindofmerk
63460213473.0,63250938701.0,sojournerweaver,thejayspotof
63460213473.0,66561421601.0,sojournerweaver,theinversecollection
63460213473.0,39528362.0,sojournerweaver,the_num
63460213473.0,66251918829.0,sojournerweaver,ronniemackfunny
63460213473.0,66424689578.0,sojournerweaver,fikdogsrescue4
63460213473.0,66040494497.0,sojournerweaver,shennifer.xx
63460213473.0,3977661033.0,sojournerweaver,crybbcancer_
63460213473.0,63470809003.0,sojournerweaver,pedrosvaetichin
63460213473.0,63137978796.0,sojournerweaver,mrmikeymonster
63460213473.0,65344865749.0,sojournerweaver,coffeebeansdev
63460213473.0,63466345104.0,sojournerweaver,friend_request_from_jms
63460213473.0,63474539832.0,sojournerweaver,yg.sam
63460213473.0,64608710552.0,sojournerweaver,nefarious.vampire
63460213473.0,63228987617.0,sojournerweaver,austinmcgrady
63460213473.0,65707012628.0,sojournerweaver,chelseabearx
63460213473.0,63313610700.0,sojournerweaver,brock0509
63460213473.0,64456781629.0,sojournerweaver,thelittlemaryjane_
63460213473.0,64624525083.0,sojournerweaver,allthestarsaredeadonyt
63460213473.0,63374341688.0,sojournerweaver,jandrucci
63460213473.0,63474393633.0,sojournerweaver,mynameisnotstephen
63460213473.0,63457193246.0,sojournerweaver,prof.thimbleberry
63460213473.0,63125607968.0,sojournerweaver,razorslitwrist
63460213473.0,63257400219.0,sojournerweaver,ghoststrats
63460213473.0,63089628759.0,sojournerweaver,nancygoreckianderson
63460213473.0,65234754609.0,sojournerweaver,thatfuzzguy_
63460213473.0,63091165167.0,sojournerweaver,alex_calidonna
63460213473.0,6059160271.0,sojournerweaver,moaana_lonely_lisaa
63460213473.0,63452464731.0,sojournerweaver,cryptocurrenshe
63460213473.0,65932713393.0,sojournerweaver,fckitfcku
63460213473.0,51521494165.0,sojournerweaver,shayanmohammadi229
63460213473.0,65818848718.0,sojournerweaver,mrs.und3rstood
63460213473.0,63070541419.0,sojournerweaver,camilocommotion
63460213473.0,64207202909.0,sojournerweaver,candiecraft
63460213473.0,65219958169.0,sojournerweaver,dawn_thatsme
63460213473.0,63054925606.0,sojournerweaver,asamimakes
63460213473.0,63405053608.0,sojournerweaver,ace.febreeze
63460213473.0,65576007559.0,sojournerweaver,tsundraaa
63460213473.0,63367070002.0,sojournerweaver,donttouchthediscoball
63460213473.0,63257595379.0,sojournerweaver,_toxiicgemini_
63460213473.0,65066491421.0,sojournerweaver,buttercup.babyyx
63460213473.0,65177908394.0,sojournerweaver,ghxst.0115
63460213473.0,63231318437.0,sojournerweaver,uncultured_nerd_
63460213473.0,63156308928.0,sojournerweaver,aiirbearmusic
63460213473.0,3474802240.0,sojournerweaver,chlo.cocatt
63460213473.0,55575635916.0,sojournerweaver,lcpookc
63460213473.0,63423876041.0,sojournerweaver,mackieatmyhouse
63460213473.0,63448816026.0,sojournerweaver,spanishmamialee_xo
63460213473.0,62974736024.0,sojournerweaver,imdamonconway
63460213473.0,63403017876.0,sojournerweaver,big.dharma
63460213473.0,63056091465.0,sojournerweaver,not_klitton
63460213473.0,63512555665.0,sojournerweaver,nwodg
63460213473.0,63052518832.0,sojournerweaver,izzie3030
63460213473.0,229130252.0,sojournerweaver,pizza_prevail
63460213473.0,18377227.0,sojournerweaver,_evil_eva
3045337873.0,4344215320.0,pasandotiempo,yogakat62
3045337873.0,70139825260.0,pasandotiempo,euniverse1959
3045337873.0,66498375768.0,pasandotiempo,swiftie__society
1700825611.0,276893201.0,jenniemacaronigrouper,kacey973
63323722497.0,57612054313.0,bevd1959,the_new_dark_juan
63323722497.0,70139825260.0,bevd1959,euniverse1959
63323722497.0,70815600788.0,bevd1959,_aja.james
63323722497.0,15476008.0,bevd1959,mymoondawg
63323722497.0,63463314980.0,bevd1959,mwrightbaylor
63323722497.0,63368055807.0,bevd1959,kegbot62
63323722497.0,67706841256.0,bevd1959,williamsoklahoma77
63323722497.0,260898839.0,bevd1959,declanrabbit
63465036417.0,63279607705.0,ncm53,shariwhaley1964
39528362.0,65129460125.0,the_num,weetownnonsense
39528362.0,65113336515.0,the_num,ana.berts
39528362.0,63460213473.0,the_num,sojournerweaver
39528362.0,63070311372.0,the_num,tiffanypep
39528362.0,63279930813.0,the_num,_rexsloth_
63652816505.0,63092253617.0,indiaravee,phymog
6908430034.0,64219829722.0,raymanlawless,richay.bikhari
31376270674.0,69038640659.0,dbg3337,james.norray
31376270674.0,3166575535.0,dbg3337,diane6389
63360259106.0,63308497363.0,plainolemeee,elisabethyasharahla
63360259106.0,37233798339.0,plainolemeee,brenna_good90
63360259106.0,487925841.0,plainolemeee,jeninchiostro
63360259106.0,63131606124.0,plainolemeee,_neonrainbow__26
63360259106.0,3182628556.0,plainolemeee,ash.morse1116
63360259106.0,426698519.0,plainolemeee,rhiannon_galadriel
1598562737.0,66311329919.0,pamela.wall,laaye47
69296714937.0,65858606709.0,sacajungirl,the.mrs.stovall
69296714937.0,63263291679.0,sacajungirl,denisejoyhart
70178044055.0,63099173327.0,laxeykitchen,papa_text
63412603181.0,69210834112.0,hollisbischoff,cherylwrightwatkins
63412603181.0,63296921181.0,hollisbischoff,doritycreekgirl
63412603181.0,69366324553.0,hollisbischoff,cjrttla
63412603181.0,5687595610.0,hollisbischoff,lj_murrayofficial
63412603181.0,63086732101.0,hollisbischoff,rosie619sd
63412603181.0,69455210540.0,hollisbischoff,michellemadonnawellness
63412603181.0,199382204.0,hollisbischoff,rabbicy
63412603181.0,70815600788.0,hollisbischoff,_aja.james
63412603181.0,63138717398.0,hollisbischoff,kking1967
63412603181.0,1431445436.0,hollisbischoff,colleen_beaton72
63412603181.0,69038640659.0,hollisbischoff,james.norray
1443225259.0,69038640659.0,bruceoldham58,james.norray
1443225259.0,63064839081.0,bruceoldham58,whatifbarackorhillarydidit
8230896460.0,63259926432.0,gary23625,stephofimp
590692672.0,69038640659.0,missustaz,james.norray
48740579897.0,63064470626.0,sandra.loveless.33,macgregor7894
63463848550.0,70248155205.0,alberto_roman83,abdulkarim82hamad
4451105364.0,63474617901.0,artsyred42301,ryan_reads_and_writes
178293823.0,68183711568.0,hhtamu88,datrottiegrl
178293823.0,65113336515.0,hhtamu88,ana.berts
209415667.0,2119330595.0,kbh1106,jennifersusanko
4239312831.0,63323722497.0,timdohm,bevd1959
14106260.0,64568300613.0,henri37,leticiacampos.art
65351568348.0,63126164675.0,metal.druid,_iamclimp
8227953134.0,10942677.0,caliginousneed,alibubbalicious
2337887901.0,71324892320.0,mattybyrd,officialsrscinema
69366324553.0,66498375768.0,cjrttla,swiftie__society
69366324553.0,63434618598.0,cjrttla,fawngoodwine
40107448.0,71324892320.0,jonlpage,officialsrscinema
70259534986.0,6280472490.0,gramham523,teresa.wood469
63271421851.0,1785910937.0,thiselyzajayne,j63whitmore
63271421851.0,63412603181.0,thiselyzajayne,hollisbischoff
70139825260.0,3045337873.0,euniverse1959,pasandotiempo
63427979859.0,63073605829.0,akashicconsultantchhabra,chrissyartworks
3166575535.0,62880511395.0,diane6389,christil695
5932138838.0,63097541651.0,mother_of_tiber,violent_skully
63431974034.0,69210834112.0,mfbsorensen,cherylwrightwatkins
66455073682.0,63084213965.0,pattyvond,yellowmiss
63102401975.0,69210834112.0,stylishluckycharm,cherylwrightwatkins
3473774856.0,69038640659.0,dalton.laurie,james.norray
7278754265.0,70594767182.0,dancesindreams,mclaire1957
7278754265.0,70663711623.0,dancesindreams,saraclaiborneofficial
63124822184.0,63474617901.0,bclareandfirm,ryan_reads_and_writes
1530430330.0,63066220801.0,leclairmiranda,pvcollinsphotos
46743654421.0,65857235588.0,keybladeciel,pig.whiskers
46743654421.0,69230487741.0,keybladeciel,high_foreign_chick
6849300520.0,1431445436.0,dirksenkaren,colleen_beaton72
4098858190.0,63084960859.0,sublime.in.the.coconut,jess__a__v
36478570.0,70564289374.0,bryanthemc,satyr_john
63073362663.0,63448900787.0,bustergumbo,leslieeh2023
65424835050.0,63276982828.0,happydemocrats,d.j._unsubscribed_
51852181450.0,10705698543.0,yvonnebh2,resistrebelrevolt
255376486.0,63323722497.0,geoff_joseph,bevd1959
63126653816.0,64568300613.0,matthewdalbertson,leticiacampos.art
63126653816.0,55097284075.0,matthewdalbertson,infinitesarina
68199610001.0,68176987090.0,joshuaw82,marcmason115
68199610001.0,70259534986.0,joshuaw82,gramham523
63246346289.0,63368055807.0,suseq505,kegbot62
3854201.0,63434618598.0,renaereis,fawngoodwine
1324072502.0,65020874839.0,deb_s_rogers,claracianferotti
64118306600.0,63448900787.0,rdaetha,leslieeh2023
70815600788.0,63307538265.0,_aja.james,artist_lunaris
46832206850.0,63474617901.0,diva_divinelight,ryan_reads_and_writes
56898064526.0,3045337873.0,phd5252024,pasandotiempo
63368055807.0,63246346289.0,kegbot62,suseq505
2290335910.0,69038640659.0,sharonperham,james.norray
2290335910.0,63506553232.0,sharonperham,michael_ekin
63103460460.0,63230341872.0,exnihilo.arts,pageistherage
63103460460.0,70383034771.0,exnihilo.arts,coastalyarnworx
63103460460.0,68016618452.0,exnihilo.arts,heikkikeskitalo
63103460460.0,63647336340.0,exnihilo.arts,pwwroa
63103460460.0,69382603522.0,exnihilo.arts,nicknacknyuknyuknyuk
471440035.0,63488865722.0,sweeneytodd13666,macpuffins
63072502008.0,63403017876.0,gunacar,big.dharma
22414808.0,68199610001.0,missmatador,joshuaw82
276893201.0,66498375768.0,kacey973,swiftie__society
276893201.0,1700825611.0,kacey973,jenniemacaronigrouper
276893201.0,63237451593.0,kacey973,georgebetak
63100251888.0,63279665625.0,thereseflanagan,roger_lawler
430790388.0,63246346289.0,b_buff4,suseq505
2078650007.0,66498375768.0,gg__bain_,swiftie__society
6429044665.0,69368347130.0,daphne.berry.77,keithedmonson1961
238042135.0,10705698543.0,karenlassus,resistrebelrevolt
238042135.0,63101702777.0,karenlassus,hgentges2
63092253617.0,56898064526.0,phymog,phd5252024
63497016145.0,67840257186.0,zipstraw,randallbc777
63497016145.0,63247647288.0,zipstraw,susan.lynn28
59609043197.0,70712917268.0,theperfectgift010,mrstsstories
31227290.0,66311329919.0,mickey225,laaye47
31227290.0,63474617901.0,mickey225,ryan_reads_and_writes
63430301929.0,177497871.0,sirona7,amikate1
14089503222.0,67831389297.0,blegenrandy,bryen.chidera
63367833785.0,63323722497.0,villainchrisk,bevd1959
63307569360.0,67840257186.0,cosmicd56,randallbc777
15476008.0,63323722497.0,mymoondawg,bevd1959
6861231528.0,65376978522.0,laurarosa61024993,uniteddogsrescueshelter
56337158346.0,909517323.0,chimpvsdog,gracielouwhosd
56337158346.0,67556301664.0,chimpvsdog,pc4ny
56337158346.0,5992000993.0,chimpvsdog,chefjaredarnold
56337158346.0,63102401975.0,chimpvsdog,stylishluckycharm
56337158346.0,63491796889.0,chimpvsdog,datopidi
56337158346.0,68710180696.0,chimpvsdog,zolotkowinterleonardo
56337158346.0,70248155205.0,chimpvsdog,abdulkarim82hamad
56337158346.0,60389068916.0,chimpvsdog,zalix42
56337158346.0,70417817810.0,chimpvsdog,oppaoppa1991
56337158346.0,63458177781.0,chimpvsdog,kristenthompson22
56337158346.0,1026306042.0,chimpvsdog,loripat54
56337158346.0,62206757061.0,chimpvsdog,walid.eljerbi
56337158346.0,68935024302.0,chimpvsdog,fourinchprophet
56337158346.0,63257400219.0,chimpvsdog,ghoststrats
56337158346.0,63098758424.0,chimpvsdog,jeanna_bluedot
181156648.0,63279607705.0,cspoone67,shariwhaley1964
181156648.0,63463314980.0,cspoone67,mwrightbaylor
181156648.0,7453917524.0,cspoone67,sarahmonticue
181156648.0,70428705305.0,cspoone67,mistydudley42
181156648.0,4318537270.0,cspoone67,tartanlady007
181156648.0,63258930966.0,cspoone67,tracytrips
63445670046.0,8168284087.0,sbellelauren,spnc.rr03
63445670046.0,70259534986.0,sbellelauren,gramham523
63066220801.0,63086732101.0,pvcollinsphotos,rosie619sd
63066220801.0,68016618452.0,pvcollinsphotos,heikkikeskitalo
63066220801.0,2283717906.0,pvcollinsphotos,kasatgdblaw
63066220801.0,63279607705.0,pvcollinsphotos,shariwhaley1964
63066220801.0,5985504058.0,pvcollinsphotos,volk1095
63066220801.0,63410815129.0,pvcollinsphotos,mutantjedi
63066220801.0,1530430330.0,pvcollinsphotos,leclairmiranda
63066220801.0,63368055807.0,pvcollinsphotos,kegbot62
63066220801.0,63050543406.0,pvcollinsphotos,josie_gs_
63066220801.0,63408140506.0,pvcollinsphotos,philburns55
63066220801.0,63387685848.0,pvcollinsphotos,trea_christopher
63066220801.0,209356680.0,pvcollinsphotos,dacrazykatlady
63066220801.0,63092253617.0,pvcollinsphotos,phymog
58192408097.0,68892698026.0,garciaperezgsw,muhammadyaseen8483
58192408097.0,69761072734.0,garciaperezgsw,dianapatriciacortesgarcia
58192408097.0,66865183487.0,garciaperezgsw,ivens1981
56114962883.0,63652216159.0,nealhyett,christine_3251
56114962883.0,67888609550.0,nealhyett,ronahanson
56114962883.0,69038640659.0,nealhyett,james.norray
63389431195.0,68927363440.0,shineyrays,roguecurrents
63389431195.0,63408140506.0,shineyrays,philburns55
63389431195.0,3617687269.0,shineyrays,steelpitt915
63389431195.0,67888609550.0,shineyrays,ronahanson
63389431195.0,28208031286.0,shineyrays,gen_x_swiftie
63389431195.0,63431437800.0,shineyrays,thisone777
63389431195.0,63092253617.0,shineyrays,phymog
63389431195.0,63406372979.0,shineyrays,audreylovesparis
63457915902.0,67888609550.0,russvoteblue,ronahanson
63457915902.0,63408140506.0,russvoteblue,philburns55
63457915902.0,63431437800.0,russvoteblue,thisone777
63457915902.0,63092253617.0,russvoteblue,phymog
63086732101.0,63066220801.0,rosie619sd,pvcollinsphotos
63086732101.0,63099173327.0,rosie619sd,papa_text
63086732101.0,70259534986.0,rosie619sd,gramham523
63086732101.0,63474617901.0,rosie619sd,ryan_reads_and_writes
63086732101.0,63412603181.0,rosie619sd,hollisbischoff
63086732101.0,1431445436.0,rosie619sd,colleen_beaton72
63086732101.0,68501202725.0,rosie619sd,therealgxldsociety
63050543406.0,63138717398.0,josie_gs_,kking1967
63050543406.0,69038640659.0,josie_gs_,james.norray
63050543406.0,1486138221.0,josie_gs_,lfcmel
63050543406.0,63261589931.0,josie_gs_,emekaasadu
63050543406.0,63259926432.0,josie_gs_,stephofimp
63050543406.0,15476008.0,josie_gs_,mymoondawg
63050543406.0,63436512338.0,josie_gs_,madwoman1028
63050543406.0,63066220801.0,josie_gs_,pvcollinsphotos
63050543406.0,64118306600.0,josie_gs_,rdaetha
63050543406.0,388267302.0,josie_gs_,jenniferwilliams88
63050543406.0,63259006501.0,josie_gs_,fineswine2023
63050543406.0,63056364516.0,josie_gs_,tomwellborn3
63050543406.0,63100251888.0,josie_gs_,thereseflanagan
63050543406.0,63064839081.0,josie_gs_,whatifbarackorhillarydidit
63050543406.0,63077865711.0,josie_gs_,davidattenborough_fans
63143444633.0,63434618598.0,wa3zgt,fawngoodwine
63404708981.0,54613941121.0,wrexach,pennybachand
63404708981.0,63408140506.0,wrexach,philburns55
364607407.0,63439018971.0,juliangert,yetanotherlizzie
364607407.0,63299922692.0,juliangert,cakeer14
364607407.0,191816982.0,juliangert,bg1947
63158437498.0,63102401975.0,chazngg,stylishluckycharm
63158437498.0,63368055807.0,chazngg,kegbot62
63158437498.0,63296921181.0,chazngg,doritycreekgirl
63158437498.0,63279607705.0,chazngg,shariwhaley1964
63158437498.0,63120793284.0,chazngg,lexxxinstereo
63158437498.0,63402886359.0,chazngg,dawn8957
63158437498.0,64005677465.0,chazngg,marleen_24_7
63031270809.0,70142447317.0,barbaraoliverhartman,lisawaltonartist
63480788004.0,63218343120.0,instanow,philip_j_waters_author
69548373902.0,63412603181.0,theadhdinfj,hollisbischoff
70372433394.0,63276982828.0,mrsdvspompom,d.j._unsubscribed_
71054154111.0,69681848802.0,kittyssecretsnacksorcery,leptir1313
71054154111.0,67133571003.0,kittyssecretsnacksorcery,kinky_queeer
65543579320.0,8168284087.0,altwitchybish,spnc.rr03
206502157.0,63161359577.0,hillary_chen90,maskxplorer
206502157.0,63180042180.0,hillary_chen90,rwilsonross
63234733879.0,69544438438.0,kdeebs_ok,poro.puff
63234733879.0,71085473832.0,kdeebs_ok,mr.gold.starr
63234733879.0,70413538484.0,kdeebs_ok,howusay_cucumbare
63234733879.0,68182012981.0,kdeebs_ok,doctor_fosser
63234733879.0,63460213473.0,kdeebs_ok,sojournerweaver
70161682036.0,63083730950.0,welcometothealterlyfe,laynepaigee
68518283340.0,16885539197.0,__.tilley.__,rrxims
5769378890.0,66629251487.0,lilmzgspot,animal6025bear
1002451905.0,67623458635.0,blackcatknitsoh,victoriaaagraves
1002451905.0,180137184.0,blackcatknitsoh,coheed_and_cats
70619901837.0,65113336515.0,sammiammnot,ana.berts
70619901837.0,70378304565.0,sammiammnot,jkhilsinger
2255827580.0,63085514490.0,nikita__shania,thetherapist2.0
2255827580.0,14401333225.0,nikita__shania,nebuchadnezzarrio
48885407994.0,65857235588.0,thisliagoesto11,pig.whiskers
6218703931.0,66411901180.0,veganincrooklyn,mayornayr
6218703931.0,66311329919.0,veganincrooklyn,laaye47
6218703931.0,174248929.0,veganincrooklyn,elmentalista11
71085473832.0,63050014333.0,mr.gold.starr,pizzapapi_parmeshawn
71085473832.0,63652180511.0,mr.gold.starr,your.old.pal.goldie
71085473832.0,63409700279.0,mr.gold.starr,ketchup.jessi
71085473832.0,68886755611.0,mr.gold.starr,_gooseygirl_
71085473832.0,63245083217.0,mr.gold.starr,wallflower.marie
71085473832.0,63209433517.0,mr.gold.starr,kelsey.reanne
71085473832.0,66340732338.0,mr.gold.starr,ballzmusicltd
71085473832.0,71324892320.0,mr.gold.starr,officialsrscinema
65958786250.0,65113336515.0,courtneykoon,ana.berts
10942677.0,225028335.0,alibubbalicious,breynolds115
10942677.0,63158437498.0,alibubbalicious,chazngg
10942677.0,63367833785.0,alibubbalicious,villainchrisk
10942677.0,68501202725.0,alibubbalicious,therealgxldsociety
70378304565.0,62858039663.0,jkhilsinger,ruthelaine877
63795436060.0,65857235588.0,philgillen,pig.whiskers
63612160116.0,62974736024.0,darkruni,imdamonconway
63612160116.0,71865395601.0,darkruni,hatsunechastity
66322396204.0,63052518832.0,caitxie,izzie3030
66322396204.0,70616667192.0,caitxie,lostuisauce
15711243.0,63156308928.0,tgunnn,aiirbearmusic
63381751695.0,69221625813.0,min.ominomino,nice_bajablast
63381751695.0,70370096931.0,min.ominomino,everybodyhaspolio
4066820632.0,69221625813.0,momimilkshakes,nice_bajablast
63240659515.0,71697358082.0,rebecca.hrndz,db.x_x
645055119.0,65857235588.0,hanatomy_,pig.whiskers
645055119.0,63505367898.0,hanatomy_,meranibunni
10217696.0,70987061920.0,tjmatern,ethancraft420
70256527027.0,69638162998.0,madd.lnd,actuallyelastigirl
8998032.0,63218343120.0,actionpackedamanda,philip_j_waters_author
17953312642.0,71338052721.0,tinyyweirdo,jecklestv
70324777506.0,71865395601.0,laceyrenee_____,hatsunechastity
70324777506.0,70401032034.0,laceyrenee_____,filmq33n
69557143975.0,69738739472.0,kimpaz425,confusedmummy
70578381124.0,70619901837.0,sun.shine.023,sammiammnot
70578381124.0,63421967386.0,sun.shine.023,itsjust_jymie
70578381124.0,70370096931.0,sun.shine.023,everybodyhaspolio
5276064760.0,63161359577.0,azngrains,maskxplorer
67133571003.0,67623458635.0,kinky_queeer,victoriaaagraves
65393641055.0,63308335051.0,her_nanigans,madwoman222
55416002584.0,64199209199.0,fessjerriday,cottoncandyygirll
55416002584.0,63652180511.0,fessjerriday,your.old.pal.goldie
55416002584.0,65857235588.0,fessjerriday,pig.whiskers
55416002584.0,69230487741.0,fessjerriday,high_foreign_chick
55416002584.0,63233794888.0,fessjerriday,xamphetanina
355273053.0,70737503315.0,___veemil___,rayray.creates.empires__
4732223820.0,63071647984.0,cringlezzz,baabybunni
63126164675.0,4276751.0,_iamclimp,p0cahotass
63126164675.0,65351568348.0,_iamclimp,metal.druid
6693566894.0,65857235588.0,empiresvibes,pig.whiskers
6693566894.0,62849413260.0,empiresvibes,falicitteerose
6693566894.0,63233794888.0,empiresvibes,xamphetanina
68591560512.0,63050014333.0,josackson,pizzapapi_parmeshawn
68591560512.0,63652180511.0,josackson,your.old.pal.goldie
68591560512.0,65857235588.0,josackson,pig.whiskers
69531194584.0,68025756418.0,pookiebeartingz,mami_milkdudz
69531194584.0,63294876280.0,pookiebeartingz,ghxst.angxl
69531194584.0,65857235588.0,pookiebeartingz,pig.whiskers
69531194584.0,67034868904.0,pookiebeartingz,qveen.jenna_
70249563987.0,70413538484.0,daishobu_,howusay_cucumbare
70249563987.0,63094255665.0,daishobu_,shelbythreeshoes
70249563987.0,65543579320.0,daishobu_,altwitchybish
63553212005.0,44105325741.0,tommytacconi996,sigfridoscivelli
5911652398.0,65857235588.0,buriedinwaves,pig.whiskers
5911652398.0,66311329919.0,buriedinwaves,laaye47
63398844704.0,66411901180.0,tearinmy_heart21,mayornayr
63448674948.0,66769627005.0,_max_velocity_,exileonmainst_
68315991323.0,63045613211.0,halonoelle93,jammersmith77
69919551787.0,63460213473.0,beanz_galore,sojournerweaver
69919551787.0,69436492686.0,beanz_galore,thataltdoll
69919551787.0,63402620589.0,beanz_galore,milkman.core
68644073198.0,66411901180.0,ephemeralnightmarez,mayornayr
68644073198.0,64724697215.0,ephemeralnightmarez,onlytsvndra
68644073198.0,65576007559.0,ephemeralnightmarez,tsundraaa
68644073198.0,64036195205.0,ephemeralnightmarez,piss.flaps69
67926538862.0,62974736024.0,ragingsublimity,imdamonconway
67926538862.0,1144731514.0,ragingsublimity,fabichuela
67926538862.0,70324777506.0,ragingsublimity,laceyrenee_____
67926538862.0,181217960.0,ragingsublimity,vatoloko.420
179889853.0,66311329919.0,kountrykhaotic,laaye47
179889853.0,63460213473.0,kountrykhaotic,sojournerweaver
63448514429.0,67623458635.0,samanazane,victoriaaagraves
63448514429.0,63247188066.0,samanazane,beccanbooks
63448514429.0,63233794888.0,samanazane,xamphetanina
67052260968.0,63304247951.0,livvybivvygirl,cloberries
70097807843.0,68518283340.0,skyxoeyex369,__.tilley.__
70097807843.0,67634922319.0,skyxoeyex369,emmaraeeee_
63445120764.0,71652988723.0,prettyspookygh0ul,sam.strzyga
58891045741.0,69221625813.0,sucktoshi,nice_bajablast
68804964075.0,70801981820.0,soindigenius,stoicheadaurelius
68804964075.0,69054533247.0,soindigenius,sugar.y.spite
68804964075.0,71865395601.0,soindigenius,hatsunechastity
68804964075.0,70324777506.0,soindigenius,laceyrenee_____
63063007518.0,69638162998.0,soooooobbygirl,actuallyelastigirl
70273899701.0,68804964075.0,sandrastone4562,soindigenius
2215863249.0,69844521970.0,reflecting.cielo,damn.dietdoctor
283889627.0,71865395601.0,babielyss,hatsunechastity
38327538918.0,67623458635.0,airballer2.0,victoriaaagraves
1461691194.0,69681848802.0,celle.199x,leptir1313
69544438438.0,63493832145.0,poro.puff,liz_can_fly
69544438438.0,64036195205.0,poro.puff,piss.flaps69
69544438438.0,63412882515.0,poro.puff,michaela.wtf
69544438438.0,63402620589.0,poro.puff,milkman.core
69544438438.0,71865395601.0,poro.puff,hatsunechastity
69544438438.0,63281657974.0,poro.puff,kalimariamoon
69544438438.0,63052518832.0,poro.puff,izzie3030
69544438438.0,49005082445.0,poro.puff,benedettalavino
69544438438.0,65120907377.0,poro.puff,catgod587
69544438438.0,63240659515.0,poro.puff,rebecca.hrndz
69544438438.0,66450183215.0,poro.puff,ass_huh_lee
69544438438.0,4581683.0,poro.puff,david5mitchell8
69544438438.0,70801981820.0,poro.puff,stoicheadaurelius
69544438438.0,71324892320.0,poro.puff,officialsrscinema
69544438438.0,67138257125.0,poro.puff,dirty.is.dead
69544438438.0,67133571003.0,poro.puff,kinky_queeer
69544438438.0,63085514490.0,poro.puff,thetherapist2.0
69544438438.0,63045269821.0,poro.puff,_purrrla
69544438438.0,63152517622.0,poro.puff,helenhensell
69544438438.0,63234733879.0,poro.puff,kdeebs_ok
69544438438.0,63257595379.0,poro.puff,_toxiicgemini_
69544438438.0,66331704935.0,poro.puff,laudiee_lou
69544438438.0,65439363232.0,poro.puff,c.cruzzz
69544438438.0,63209433517.0,poro.puff,kelsey.reanne
69544438438.0,8153300652.0,poro.puff,its_kellyson
69544438438.0,67034868904.0,poro.puff,qveen.jenna_
69544438438.0,63242244277.0,poro.puff,festivalhorror
69544438438.0,1014892401.0,poro.puff,kelscoll
69544438438.0,70401032034.0,poro.puff,filmq33n
69544438438.0,69652578803.0,poro.puff,cave.felem93
69544438438.0,65857235588.0,poro.puff,pig.whiskers
69544438438.0,71085473832.0,poro.puff,mr.gold.starr
69544438438.0,70098806257.0,poro.puff,itzzda_ni
69544438438.0,65113336515.0,poro.puff,ana.berts
69544438438.0,66378848981.0,poro.puff,mercedeesbettis
69544438438.0,71046482113.0,poro.puff,cxll.me.rosie
69544438438.0,69195696999.0,poro.puff,replygirrl
69544438438.0,50562352351.0,poro.puff,rusay.i
69544438438.0,63233794888.0,poro.puff,xamphetanina
69544438438.0,63297752471.0,poro.puff,jamayaxx
69544438438.0,63457193246.0,poro.puff,prof.thimbleberry
69544438438.0,63156308928.0,poro.puff,aiirbearmusic
69544438438.0,63159950352.0,poro.puff,itstelvin_
69544438438.0,63052727434.0,poro.puff,roselilypads
69544438438.0,66776324537.0,poro.puff,juuleessss2.0
69544438438.0,63292115632.0,poro.puff,dieinyoursleep_
69544438438.0,65064149978.0,poro.puff,jacubinthecut
69544438438.0,66311329919.0,poro.puff,laaye47
69544438438.0,63460213473.0,poro.puff,sojournerweaver
69544438438.0,5597179300.0,poro.puff,slkjay_idj
69544438438.0,63076023517.0,poro.puff,_yo._.mama._
69544438438.0,65898121863.0,poro.puff,plutosparadise_
69544438438.0,66044511768.0,poro.puff,lucyinfinityx
69544438438.0,64492365397.0,poro.puff,fuckits420247365
69544438438.0,68501202725.0,poro.puff,therealgxldsociety
69544438438.0,63574599550.0,poro.puff,hmphmamashank
69544438438.0,65464976011.0,poro.puff,deerinasuitinc
69544438438.0,63652180511.0,poro.puff,your.old.pal.goldie
69544438438.0,63241092044.0,poro.puff,irteza_gunner3567
69544438438.0,63637992384.0,poro.puff,kkeel1z
69544438438.0,64479498289.0,poro.puff,hates_milk
69544438438.0,69306279709.0,poro.puff,dmunnyjuan
69544438438.0,64625875380.0,poro.puff,kingwensel
69544438438.0,63304247951.0,poro.puff,cloberries
69544438438.0,63286072672.0,poro.puff,madebyrichi
69544438438.0,69858622841.0,poro.puff,igakoncka
69544438438.0,63045613211.0,poro.puff,jammersmith77
69544438438.0,64839720354.0,poro.puff,poetgirrl
69544438438.0,69639652910.0,poro.puff,bby_yaga__
69544438438.0,69574067090.0,poro.puff,xoxoyxz0.returned
69544438438.0,1029743804.0,poro.puff,tony2930
69544438438.0,66281041013.0,poro.puff,plutospurgatory_
69544438438.0,63227851797.0,poro.puff,wristbanger
69544438438.0,63446709553.0,poro.puff,jackiemurilloxo
69544438438.0,3172060771.0,poro.puff,christina._jpg
69544438438.0,63403017876.0,poro.puff,big.dharma
5339381.0,63209433517.0,georgiacomello,kelsey.reanne
5339381.0,69564850660.0,georgiacomello,b.thnyyy
5339381.0,63156308928.0,georgiacomello,aiirbearmusic
5339381.0,71054154111.0,georgiacomello,kittyssecretsnacksorcery
5339381.0,71062096446.0,georgiacomello,heatherann778
5339381.0,70834743845.0,georgiacomello,sweet.siren.eyes
5339381.0,67634922319.0,georgiacomello,emmaraeeee_
5339381.0,65857235588.0,georgiacomello,pig.whiskers
5339381.0,69638162998.0,georgiacomello,actuallyelastigirl
5339381.0,66423779217.0,georgiacomello,jazzyj_31
63085666879.0,63240659515.0,nootch_vader,rebecca.hrndz
63085666879.0,63233794888.0,nootch_vader,xamphetanina
63085666879.0,67391773328.0,nootch_vader,letisia4344
63085666879.0,63448674948.0,nootch_vader,_max_velocity_
63085666879.0,69397439465.0,nootch_vader,soriax0
63085666879.0,66273039886.0,nootch_vader,laurenrachelg
63085666879.0,70370096931.0,nootch_vader,everybodyhaspolio
63085666879.0,68310941633.0,nootch_vader,jthomas_lol
63085666879.0,63052727434.0,nootch_vader,roselilypads
1558942092.0,64343718875.0,marvelous.mz.gaggini,tracey.curtis.507
1558942092.0,69576523404.0,marvelous.mz.gaggini,honeybee_bythesea
1558942092.0,7453917524.0,marvelous.mz.gaggini,sarahmonticue
63083730950.0,63409658883.0,laynepaigee,laurathefones
63083730950.0,69099928682.0,laynepaigee,_usererror333_
63083730950.0,63233794888.0,laynepaigee,xamphetanina
63083730950.0,70413538484.0,laynepaigee,howusay_cucumbare
63083730950.0,63240659515.0,laynepaigee,rebecca.hrndz
63083730950.0,57135598659.0,laynepaigee,taeegriff
63083730950.0,68518283340.0,laynepaigee,__.tilley.__
63083730950.0,63071647984.0,laynepaigee,baabybunni
1905636160.0,69047051921.0,tammara_hill93,foxyvixen11.11
69562414066.0,69530616876.0,540saunders540,tammisheafer
69562414066.0,63237493409.0,540saunders540,staylo_key
69562414066.0,66534712940.0,540saunders540,black_boutiquebb
69562414066.0,70086873849.0,540saunders540,treece83
69562414066.0,70819565811.0,540saunders540,901variety4sales
69562414066.0,63126164675.0,540saunders540,_iamclimp
69562414066.0,70633205182.0,540saunders540,shaunarenee84
69562414066.0,70440826177.0,540saunders540,silverpan
69562414066.0,70452553373.0,540saunders540,ladyfrancesofyorkshire
69562414066.0,63488219528.0,540saunders540,mscadero
69562414066.0,63026214916.0,540saunders540,zay.uncurbed
69562414066.0,67604965565.0,540saunders540,drstaciemorris
69562414066.0,69772213557.0,540saunders540,brendadunphy08
69562414066.0,69679752901.0,540saunders540,desouzabenp
69562414066.0,63556688046.0,540saunders540,contentwithella
69562414066.0,68310941633.0,540saunders540,jthomas_lol
69562414066.0,68905675499.0,540saunders540,officialdavidbasile
68822662345.0,69753492208.0,its.addie13,tamar.abrams
68822662345.0,65857235588.0,its.addie13,pig.whiskers
68822662345.0,63391987351.0,its.addie13,lessyoulie
68822662345.0,63084960859.0,its.addie13,jess__a__v
68822662345.0,49834733911.0,its.addie13,aunt_sarah_andthe_cathouse
68822662345.0,70383034771.0,its.addie13,coastalyarnworx
68822662345.0,70834202911.0,its.addie13,wickedbooksandtales
68822662345.0,63386998521.0,its.addie13,thebrishow__
68822662345.0,3594831437.0,its.addie13,waltgekko
68822662345.0,63048413263.0,its.addie13,jennyrw29
68822662345.0,68540281382.0,its.addie13,rpgregory87
68822662345.0,67920197644.0,its.addie13,idreamofnuggets
68822662345.0,69576523404.0,its.addie13,honeybee_bythesea
68822662345.0,63995732074.0,its.addie13,tanjalin
68822662345.0,67840257186.0,its.addie13,randallbc777
68822662345.0,66411901180.0,its.addie13,mayornayr
68822662345.0,233667994.0,its.addie13,kimfrase73
68822662345.0,70815600788.0,its.addie13,_aja.james
68822662345.0,199539352.0,its.addie13,mycalindy
68822662345.0,7718397742.0,its.addie13,beth_hockaday
68822662345.0,3927473098.0,its.addie13,barklaysmom
68822662345.0,47837033.0,its.addie13,sparklewithsteph
68822662345.0,64343718875.0,its.addie13,tracey.curtis.507
68822662345.0,69772213557.0,its.addie13,brendadunphy08
68822662345.0,70571399872.0,its.addie13,terryblackmon
68822662345.0,8668715.0,its.addie13,ashleyisalice
68822662345.0,69455210540.0,its.addie13,michellemadonnawellness
27896728.0,65858606709.0,cambro_obscura,the.mrs.stovall
27896728.0,63460213473.0,cambro_obscura,sojournerweaver
27896728.0,67920197644.0,cambro_obscura,idreamofnuggets
27896728.0,69679752901.0,cambro_obscura,desouzabenp
27896728.0,353556959.0,cambro_obscura,holsterwpb
27896728.0,70413538484.0,cambro_obscura,howusay_cucumbare
28981830919.0,69681848802.0,azaleeguissard,leptir1313
5003802109.0,66411901180.0,andleebb_,mayornayr
5003802109.0,65955461648.0,andleebb_,imamovics
5003802109.0,64492365397.0,andleebb_,fuckits420247365
5003802109.0,66300673795.0,andleebb_,pruspiotr_98
5003802109.0,63459388837.0,andleebb_,hayatnaseri1
5003802109.0,67043435032.0,andleebb_,huzai_fa2686
5003802109.0,66658360254.0,andleebb_,17theycallme_dior
5003802109.0,66963908589.0,andleebb_,mindofmerk
5003802109.0,60849692321.0,andleebb_,jhonalbeiro3230
5003802109.0,66417886528.0,andleebb_,whymadyyy
5003802109.0,65212939472.0,andleebb_,romanini.massimo2000
5003802109.0,65022928022.0,andleebb_,houseofswordcastle
5003802109.0,63104890339.0,andleebb_,tayybahyasin
5003802109.0,63079722581.0,andleebb_,theblessedadrian_
5003802109.0,63376510485.0,andleebb_,ahadeethanddua
1273007220.0,70855100180.0,ryapieya,yesitsangiebell
1273007220.0,69638162998.0,ryapieya,actuallyelastigirl
1273007220.0,67623458635.0,ryapieya,victoriaaagraves
10876041103.0,63468376629.0,danagootz,annebarringer
65021872330.0,68518283340.0,lid_bean,__.tilley.__
63233794888.0,63280651402.0,xamphetanina,sturdysturtevant
63233794888.0,63133854921.0,xamphetanina,mooncatkait
63233794888.0,70872730074.0,xamphetanina,dailysh1tpost
63233794888.0,63652180511.0,xamphetanina,your.old.pal.goldie
63233794888.0,51096440.0,xamphetanina,mrkrabsirl
63233794888.0,70440826177.0,xamphetanina,silverpan
63233794888.0,70447449815.0,xamphetanina,sunnyspirit777
63233794888.0,63224836145.0,xamphetanina,clurrvoyance
63233794888.0,70383034771.0,xamphetanina,coastalyarnworx
63233794888.0,67516854676.0,xamphetanina,kendrabitches
63233794888.0,63048052647.0,xamphetanina,lemmyg
63233794888.0,65120907377.0,xamphetanina,catgod587
63233794888.0,6693566894.0,xamphetanina,empiresvibes
63233794888.0,64017101592.0,xamphetanina,pale__goblin
63233794888.0,67924453501.0,xamphetanina,sickchickkie
63233794888.0,63261413757.0,xamphetanina,sethappeal
63233794888.0,63085666879.0,xamphetanina,nootch_vader
63233794888.0,66380543581.0,xamphetanina,frankthefifth
63233794888.0,67159038925.0,xamphetanina,king._kohli_fan
63233794888.0,66393265019.0,xamphetanina,lovesmagicuniverse
63233794888.0,70248155205.0,xamphetanina,abdulkarim82hamad
63233794888.0,63448674948.0,xamphetanina,_max_velocity_
63233794888.0,17818971494.0,xamphetanina,redhawk1893
63233794888.0,68310941633.0,xamphetanina,jthomas_lol
63233794888.0,63612160116.0,xamphetanina,darkruni
63233794888.0,69531194584.0,xamphetanina,pookiebeartingz
63233794888.0,63395645265.0,xamphetanina,digital.icarus
63233794888.0,66044511768.0,xamphetanina,lucyinfinityx
63233794888.0,55416002584.0,xamphetanina,fessjerriday
63233794888.0,67593054329.0,xamphetanina,teiwapotts
63233794888.0,63249952503.0,xamphetanina,yuwonmii
63233794888.0,63076023517.0,xamphetanina,_yo._.mama._
63233794888.0,68883347165.0,xamphetanina,prime_of_the_day
63233794888.0,1144731514.0,xamphetanina,fabichuela
63233794888.0,63045613211.0,xamphetanina,jammersmith77
63233794888.0,69397439465.0,xamphetanina,soriax0
63233794888.0,64133171263.0,xamphetanina,hhhvnnah
63233794888.0,69544438438.0,xamphetanina,poro.puff
63233794888.0,67840257186.0,xamphetanina,randallbc777
63233794888.0,67623458635.0,xamphetanina,victoriaaagraves
63233794888.0,63214979195.0,xamphetanina,elegant.eevee
63233794888.0,65219958169.0,xamphetanina,dawn_thatsme
63233794888.0,66411901180.0,xamphetanina,mayornayr
63233794888.0,63484952568.0,xamphetanina,big_tortoise_goth_gf
63233794888.0,67034868904.0,xamphetanina,qveen.jenna_
63233794888.0,63421967386.0,xamphetanina,itsjust_jymie
63233794888.0,69436492686.0,xamphetanina,thataltdoll
63233794888.0,63069579229.0,xamphetanina,stfaery
63233794888.0,67634922319.0,xamphetanina,emmaraeeee_
63233794888.0,66776324537.0,xamphetanina,juuleessss2.0
63233794888.0,65411226874.0,xamphetanina,codieleeando
63233794888.0,70161682036.0,xamphetanina,welcometothealterlyfe
63233794888.0,63033877953.0,xamphetanina,sacred.zee
63233794888.0,64479498289.0,xamphetanina,hates_milk
63233794888.0,62943581677.0,xamphetanina,leslielynn05
63233794888.0,65929474498.0,xamphetanina,destinimariefike333
63233794888.0,62849413260.0,xamphetanina,falicitteerose
63233794888.0,63637992384.0,xamphetanina,kkeel1z
63233794888.0,55097284075.0,xamphetanina,infinitesarina
63233794888.0,64199209199.0,xamphetanina,cottoncandyygirll
63233794888.0,69679752901.0,xamphetanina,desouzabenp
63233794888.0,63257595379.0,xamphetanina,_toxiicgemini_
63233794888.0,346013008.0,xamphetanina,soggy__burrito
63233794888.0,63438326017.0,xamphetanina,spookyy.ellie
63233794888.0,3182628556.0,xamphetanina,ash.morse1116
63233794888.0,63063007518.0,xamphetanina,soooooobbygirl
63233794888.0,70126354055.0,xamphetanina,warmblue56
63233794888.0,63273352824.0,xamphetanina,wibo_23
63233794888.0,64492365397.0,xamphetanina,fuckits420247365
63233794888.0,6077538840.0,xamphetanina,pwvwicbbjj
63233794888.0,67360712488.0,xamphetanina,windsorharmreduction.oat
63233794888.0,65020874839.0,xamphetanina,claracianferotti
63233794888.0,63026214916.0,xamphetanina,zay.uncurbed
63233794888.0,65676038694.0,xamphetanina,poorxkitty
63233794888.0,63084055694.0,xamphetanina,rotgarden
63233794888.0,63227851797.0,xamphetanina,wristbanger
63233794888.0,64608113603.0,xamphetanina,jharless__
63233794888.0,63440389144.0,xamphetanina,liminal.angel
63233794888.0,63124507922.0,xamphetanina,dem0n.dad
63233794888.0,8175057217.0,xamphetanina,t.svndra
63233794888.0,63052518832.0,xamphetanina,izzie3030
63233794888.0,66450183215.0,xamphetanina,ass_huh_lee
63233794888.0,63278984606.0,xamphetanina,kiddynomite.nzo
63233794888.0,63440057399.0,xamphetanina,robby.moto
63233794888.0,66082439136.0,xamphetanina,syfslh29
63233794888.0,65932713393.0,xamphetanina,fckitfcku
63233794888.0,6029822059.0,xamphetanina,cosmiceureka
63233794888.0,63251759092.0,xamphetanina,tayy_elaine
63233794888.0,65464976011.0,xamphetanina,deerinasuitinc
63233794888.0,66333805909.0,xamphetanina,speedtreez
63233794888.0,65799909340.0,xamphetanina,daddykaekz
63233794888.0,63465297423.0,xamphetanina,aurainsanity
63233794888.0,63405053608.0,xamphetanina,ace.febreeze
63233794888.0,63300306253.0,xamphetanina,teairrajariee
63233794888.0,63372607551.0,xamphetanina,okido22
63233794888.0,63388077078.0,xamphetanina,_sonderlust
63233794888.0,63254455739.0,xamphetanina,kailasullivan
63233794888.0,58017041634.0,xamphetanina,ickypry
63233794888.0,63304247951.0,xamphetanina,cloberries
63233794888.0,66040494497.0,xamphetanina,shennifer.xx
63233794888.0,65177908394.0,xamphetanina,ghxst.0115
63233794888.0,65857235588.0,xamphetanina,pig.whiskers
63233794888.0,65439363232.0,xamphetanina,c.cruzzz
63233794888.0,64661062096.0,xamphetanina,diamond_dime01
63233794888.0,63070311372.0,xamphetanina,tiffanypep
63233794888.0,62974736024.0,xamphetanina,imdamonconway
63233794888.0,63286072672.0,xamphetanina,madebyrichi
63233794888.0,63297752471.0,xamphetanina,jamayaxx
63233794888.0,229130252.0,xamphetanina,pizza_prevail
63233794888.0,65310177512.0,xamphetanina,abs_ro
63233794888.0,63507872984.0,xamphetanina,mychaelablatta
63233794888.0,63078641584.0,xamphetanina,disdain_in_the_membrane
63233794888.0,63493832145.0,xamphetanina,liz_can_fly
63233794888.0,63525248989.0,xamphetanina,iamvickyhilton
63233794888.0,63484553927.0,xamphetanina,blk_x_
63233794888.0,64281907296.0,xamphetanina,aleianakalia
63233794888.0,63448816026.0,xamphetanina,spanishmamialee_xo
63233794888.0,63446105154.0,xamphetanina,mmarianaaa_
63233794888.0,62881798100.0,xamphetanina,pinkgirlgems
63233794888.0,65066491421.0,xamphetanina,buttercup.babyyx
63233794888.0,63402620589.0,xamphetanina,milkman.core
63233794888.0,63474539832.0,xamphetanina,yg.sam
63233794888.0,63506264040.0,xamphetanina,corpselain
63233794888.0,63252184325.0,xamphetanina,adipixie
63233794888.0,63281657974.0,xamphetanina,kalimariamoon
63233794888.0,63156308928.0,xamphetanina,aiirbearmusic
63233794888.0,64612868649.0,xamphetanina,omnidexxghost
63233794888.0,62934543536.0,xamphetanina,ro.road
63233794888.0,64456781629.0,xamphetanina,thelittlemaryjane_
63233794888.0,63409700279.0,xamphetanina,ketchup.jessi
63233794888.0,63505367898.0,xamphetanina,meranibunni
63233794888.0,48060469402.0,xamphetanina,soda__kat
2774133436.0,63053502582.0,_whatupitsjake,indyjcl
51096440.0,63056091465.0,mrkrabsirl,not_klitton
69653661216.0,1431445436.0,southern.blacksheep.refuge,colleen_beaton72
69653661216.0,63484952568.0,southern.blacksheep.refuge,big_tortoise_goth_gf
60158799792.0,63460213473.0,glasercomedy,sojournerweaver
69694212877.0,69221625813.0,candii_pants89,nice_bajablast
47420763.0,63252184325.0,superrhardcorre,adipixie
63414038003.0,66411901180.0,sirenofhellfire,mayornayr
63414038003.0,65857235588.0,sirenofhellfire,pig.whiskers
70823394937.0,71865395601.0,booky.biker,hatsunechastity
36898355167.0,63063763812.0,molltake2,thefoxglovefairyy
54842005871.0,63422579343.0,vibeswithswerve,lightpink_4
63421967386.0,53223380198.0,itsjust_jymie,amiraforthesun
63421967386.0,63224836145.0,itsjust_jymie,clurrvoyance
63421967386.0,63407783060.0,itsjust_jymie,_addyw_
69932590477.0,68931378471.0,little_g_tx,oatmilkgoth
69932590477.0,71140833736.0,little_g_tx,_whosthat.girl
69932590477.0,66378848981.0,little_g_tx,mercedeesbettis
67634922319.0,66044511768.0,emmaraeeee_,lucyinfinityx
37381964367.0,66411901180.0,steph_anne_xx,mayornayr
51291312071.0,69638162998.0,inspiratrice_llc,actuallyelastigirl
68214824885.0,62974736024.0,rosie_revive,imdamonconway
68214824885.0,66769627005.0,rosie_revive,exileonmainst_
68214824885.0,63423876041.0,rosie_revive,mackieatmyhouse
68214824885.0,63245083217.0,rosie_revive,wallflower.marie
68214824885.0,5633190664.0,rosie_revive,rachthemoonbaby2.0
68214824885.0,63084055694.0,rosie_revive,rotgarden
68214824885.0,64133171263.0,rosie_revive,hhhvnnah
68214824885.0,63257595379.0,rosie_revive,_toxiicgemini_
63289483984.0,63247188066.0,a.synonym.roll,beccanbooks
63289483984.0,71865395601.0,a.synonym.roll,hatsunechastity
63289483984.0,70801981820.0,a.synonym.roll,stoicheadaurelius
63289483984.0,67052260968.0,a.synonym.roll,livvybivvygirl
201056679.0,63421967386.0,poison_ivey2.0,itsjust_jymie
69020783700.0,63231318437.0,m7fpsgaming,uncultured_nerd_
66340732338.0,65175018549.0,ballzmusicltd,airamfmofficial
8168284087.0,233667994.0,spnc.rr03,kimfrase73
8168284087.0,63376646951.0,spnc.rr03,luchaaavandross
8168284087.0,63052836871.0,spnc.rr03,kaitlynpaige64
8168284087.0,66498375768.0,spnc.rr03,swiftie__society
249395175.0,70571399872.0,emnmegsmom,terryblackmon
249395175.0,63474617901.0,emnmegsmom,ryan_reads_and_writes
249395175.0,69455210540.0,emnmegsmom,michellemadonnawellness
60206090371.0,63085514490.0,darkercravings,thetherapist2.0
14304250.0,4131995238.0,jenlaren04,theantisocialbutterflyyy
64949377357.0,909517323.0,octoberex0dus,gracielouwhosd
64949377357.0,64516644874.0,octoberex0dus,zen_doe42
64949377357.0,69638162998.0,octoberex0dus,actuallyelastigirl
267179992.0,68905675499.0,_theindoorkite_,officialdavidbasile
1144731514.0,63625112019.0,fabichuela,teia888
68354062924.0,66898758338.0,theofficialoddaly,p3ac3_yo
68354062924.0,62971506123.0,theofficialoddaly,wanderingdeerpoet
63292115632.0,63612160116.0,dieinyoursleep_,darkruni
8153300652.0,69544438438.0,its_kellyson,poro.puff
22944312005.0,66411901180.0,theemoela,mayornayr
22944312005.0,65857235588.0,theemoela,pig.whiskers
581771018.0,66311329919.0,torii.okayy,laaye47
63258930966.0,60287521537.0,tracytrips,cynthia.dominique.2023
63258930966.0,63995732074.0,tracytrips,tanjalin
62974736024.0,63133854921.0,imdamonconway,mooncatkait
62974736024.0,63209433517.0,imdamonconway,kelsey.reanne
62974736024.0,68025756418.0,imdamonconway,mami_milkdudz
62974736024.0,65929474498.0,imdamonconway,destinimariefike333
62974736024.0,70440826177.0,imdamonconway,silverpan
62974736024.0,64612868649.0,imdamonconway,omnidexxghost
62974736024.0,67516854676.0,imdamonconway,kendrabitches
62974736024.0,63496224629.0,imdamonconway,valerixys
69574067090.0,67138257125.0,xoxoyxz0.returned,dirty.is.dead
69574067090.0,209612284.0,xoxoyxz0.returned,kae.la
69574067090.0,71865395601.0,xoxoyxz0.returned,hatsunechastity
69574067090.0,66378848981.0,xoxoyxz0.returned,mercedeesbettis
69574067090.0,65044499313.0,xoxoyxz0.returned,mybloodyguillotine
69574067090.0,63240659515.0,xoxoyxz0.returned,rebecca.hrndz
67829624451.0,63637992384.0,wilder0_,kkeel1z
67829624451.0,63076023517.0,wilder0_,_yo._.mama._
67829624451.0,63245083217.0,wilder0_,wallflower.marie
8015058287.0,70409092129.0,zombievamps,unhinged_feline
8015058287.0,66411901180.0,zombievamps,mayornayr
69639652910.0,71865395601.0,bby_yaga__,hatsunechastity
69639652910.0,64036195205.0,bby_yaga__,piss.flaps69
181217960.0,66411901180.0,vatoloko.420,mayornayr
181217960.0,65857235588.0,vatoloko.420,pig.whiskers
8490945377.0,64036195205.0,silent.orbit,piss.flaps69
8490945377.0,69858622841.0,silent.orbit,igakoncka
8490945377.0,68767047701.0,silent.orbit,ill_behave
49005082445.0,64839720354.0,benedettalavino,poetgirrl
70572046099.0,68501202725.0,adhara_moonn,therealgxldsociety
70572046099.0,66776324537.0,adhara_moonn,juuleessss2.0
65120907377.0,71865395601.0,catgod587,hatsunechastity
65120907377.0,69544438438.0,catgod587,poro.puff
63374328268.0,66411901180.0,jesswasnthere,mayornayr
63374328268.0,66378848981.0,jesswasnthere,mercedeesbettis
63374328268.0,63233794888.0,jesswasnthere,xamphetanina
63374328268.0,66450183215.0,jesswasnthere,ass_huh_lee
63374328268.0,68654963074.0,jesswasnthere,severed_knees
69564850660.0,68493912499.0,b.thnyyy,call.me_christy
69564850660.0,70401032034.0,b.thnyyy,filmq33n
69564850660.0,65857235588.0,b.thnyyy,pig.whiskers
69564850660.0,64516644874.0,b.thnyyy,zen_doe42
69564850660.0,71324892320.0,b.thnyyy,officialsrscinema
69564850660.0,63052518832.0,b.thnyyy,izzie3030
69564850660.0,63394916712.0,b.thnyyy,themeg.x
68731363685.0,4276751.0,it_aint_fair_jear,p0cahotass
63637992384.0,67829624451.0,kkeel1z,wilder0_
63268372762.0,5597179300.0,nightly92,slkjay_idj
63268372762.0,63612160116.0,nightly92,darkruni
63268372762.0,68501202725.0,nightly92,therealgxldsociety
69772317706.0,63050014333.0,kaes.hell,pizzapapi_parmeshawn
69772317706.0,63376510485.0,kaes.hell,ahadeethanddua
69772317706.0,63048052647.0,kaes.hell,lemmyg
69772317706.0,70561390788.0,kaes.hell,bratzdoll838
69772317706.0,63612160116.0,kaes.hell,darkruni
69772317706.0,71338052721.0,kaes.hell,jecklestv
69772317706.0,63148887318.0,kaes.hell,h0e4horror
69772317706.0,65167554010.0,kaes.hell,iheartmilliexmoxxi_
69772317706.0,65064149978.0,kaes.hell,jacubinthecut
69772317706.0,68804964075.0,kaes.hell,soindigenius
69772317706.0,65012121064.0,kaes.hell,omnescence
69772317706.0,51096440.0,kaes.hell,mrkrabsirl
69772317706.0,63233794888.0,kaes.hell,xamphetanina
69772317706.0,63286072672.0,kaes.hell,madebyrichi
69772317706.0,283889627.0,kaes.hell,babielyss
69772317706.0,65120907377.0,kaes.hell,catgod587
69772317706.0,63445968515.0,kaes.hell,yungworldpatriot
69772317706.0,63044005198.0,kaes.hell,viktoriaakills
69772317706.0,63412882515.0,kaes.hell,michaela.wtf
69772317706.0,63637992384.0,kaes.hell,kkeel1z
69772317706.0,69306279709.0,kaes.hell,dmunnyjuan
69772317706.0,65898121863.0,kaes.hell,plutosparadise_
69772317706.0,63156308928.0,kaes.hell,aiirbearmusic
69772317706.0,66411901180.0,kaes.hell,mayornayr
69772317706.0,64224976239.0,kaes.hell,raccyraccoon
69772317706.0,62934543536.0,kaes.hell,ro.road
69772317706.0,5856853072.0,kaes.hell,angelc.ali
69772317706.0,69496761031.0,kaes.hell,disenchanted.plant
69772317706.0,66281041013.0,kaes.hell,plutospurgatory_
69772317706.0,63448514429.0,kaes.hell,samanazane
69772317706.0,69574067090.0,kaes.hell,xoxoyxz0.returned
69772317706.0,63227851797.0,kaes.hell,wristbanger
69772317706.0,64199209199.0,kaes.hell,cottoncandyygirll
69772317706.0,69195696999.0,kaes.hell,replygirrl
69772317706.0,66776324537.0,kaes.hell,juuleessss2.0
69772317706.0,64479498289.0,kaes.hell,hates_milk
69772317706.0,63313610700.0,kaes.hell,brock0509
69772317706.0,68886755611.0,kaes.hell,_gooseygirl_
69772317706.0,63512555665.0,kaes.hell,nwodg
69772317706.0,209612284.0,kaes.hell,kae.la
69772317706.0,65799909340.0,kaes.hell,daddykaekz
5597179300.0,66272878687.0,slkjay_idj,brandon_zombi3
5597179300.0,63281657974.0,slkjay_idj,kalimariamoon
5597179300.0,70872730074.0,slkjay_idj,dailysh1tpost
5597179300.0,1996480204.0,slkjay_idj,traumaberry
5597179300.0,63156308928.0,slkjay_idj,aiirbearmusic
5597179300.0,70409092129.0,slkjay_idj,unhinged_feline
5597179300.0,64244979012.0,slkjay_idj,mr.matthewkylewhitt.s
5597179300.0,70447449815.0,slkjay_idj,sunnyspirit777
5597179300.0,65979198290.0,slkjay_idj,wowbunny
5597179300.0,63376646951.0,slkjay_idj,luchaaavandross
5597179300.0,70161682036.0,slkjay_idj,welcometothealterlyfe
5597179300.0,63436156100.0,slkjay_idj,marciemeow
5597179300.0,70324777506.0,slkjay_idj,laceyrenee_____
5597179300.0,63233794888.0,slkjay_idj,xamphetanina
5597179300.0,69657225737.0,slkjay_idj,g40dy
5597179300.0,70834743845.0,slkjay_idj,sweet.siren.eyes
5597179300.0,71046482113.0,slkjay_idj,cxll.me.rosie
5597179300.0,51096440.0,slkjay_idj,mrkrabsirl
5597179300.0,70048575163.0,slkjay_idj,princess.flibbertigibbety
5597179300.0,63271278502.0,slkjay_idj,meimur
5597179300.0,63448674948.0,slkjay_idj,_max_velocity_
5597179300.0,69397439465.0,slkjay_idj,soriax0
5597179300.0,67623458635.0,slkjay_idj,victoriaaagraves
5597179300.0,69638162998.0,slkjay_idj,actuallyelastigirl
5597179300.0,63268372762.0,slkjay_idj,nightly92
5597179300.0,66311329919.0,slkjay_idj,laaye47
5597179300.0,63241092044.0,slkjay_idj,irteza_gunner3567
5597179300.0,69544438438.0,slkjay_idj,poro.puff
5597179300.0,581771018.0,slkjay_idj,torii.okayy
5597179300.0,67391773328.0,slkjay_idj,letisia4344
5597179300.0,64839720354.0,slkjay_idj,poetgirrl
