5597179300.0,63249952503.0,slkjay_idj,yuwonmii
5597179300.0,63637992384.0,slkjay_idj,kkeel1z
5597179300.0,68501202725.0,slkjay_idj,therealgxldsociety
5597179300.0,68518283340.0,slkjay_idj,__.tilley.__
63161359577.0,65113336515.0,maskxplorer,ana.berts
63161359577.0,70383034771.0,maskxplorer,coastalyarnworx
63161359577.0,63233794888.0,maskxplorer,xamphetanina
63161359577.0,69536541266.0,maskxplorer,tecnoose77
63161359577.0,63029175447.0,maskxplorer,dirty_jerz2
63161359577.0,5276064760.0,maskxplorer,azngrains
63161359577.0,63255770361.0,maskxplorer,paulmoreira_
63161359577.0,50584839663.0,maskxplorer,pastelmeilody
30904627.0,62974736024.0,gloss.bones,imdamonconway
30904627.0,67133571003.0,gloss.bones,kinky_queeer
30904627.0,61935793256.0,gloss.bones,altqueenzee
30904627.0,69221625813.0,gloss.bones,nice_bajablast
30904627.0,71864305843.0,gloss.bones,ur_favourite_kitten
30904627.0,70090860545.0,gloss.bones,very.sedated
30904627.0,65044499313.0,gloss.bones,mybloodyguillotine
30904627.0,71652988723.0,gloss.bones,sam.strzyga
30904627.0,66769627005.0,gloss.bones,exileonmainst_
30904627.0,65805009356.0,gloss.bones,gilbilfos
30904627.0,63612160116.0,gloss.bones,darkruni
30904627.0,63412882515.0,gloss.bones,michaela.wtf
30904627.0,70872730074.0,gloss.bones,dailysh1tpost
30904627.0,63071647984.0,gloss.bones,baabybunni
30904627.0,70894663398.0,gloss.bones,sweet.nothings.222
30904627.0,66249180351.0,gloss.bones,seline.noire
30904627.0,63130743365.0,gloss.bones,findingfoxx
30904627.0,66272878687.0,gloss.bones,brandon_zombi3
30904627.0,63148887318.0,gloss.bones,h0e4horror
30904627.0,63395645265.0,gloss.bones,digital.icarus
30904627.0,69679752901.0,gloss.bones,desouzabenp
30904627.0,63499180345.0,gloss.bones,amandalynn513
30904627.0,63637992384.0,gloss.bones,kkeel1z
30904627.0,62788616485.0,gloss.bones,christianndelulu
30904627.0,66411901180.0,gloss.bones,mayornayr
30904627.0,68203148321.0,gloss.bones,smalltownlifeandbeauty
30904627.0,63446998102.0,gloss.bones,emmy.steele
30904627.0,63424490516.0,gloss.bones,___kristen.n
30904627.0,63410660450.0,gloss.bones,ihateferrariii
30904627.0,68967429293.0,gloss.bones,xxkitcat_
30904627.0,69047051921.0,gloss.bones,foxyvixen11.11
30904627.0,4005126603.0,gloss.bones,itzkittyok
30904627.0,63450540425.0,gloss.bones,thatspookybabe99
30904627.0,65113336515.0,gloss.bones,ana.berts
30904627.0,63849652968.0,gloss.bones,kay_of_sunshine
30904627.0,64492365397.0,gloss.bones,fuckits420247365
30904627.0,65676038694.0,gloss.bones,poorxkitty
30904627.0,66378848981.0,gloss.bones,mercedeesbettis
30904627.0,68315991323.0,gloss.bones,halonoelle93
30904627.0,66310528092.0,gloss.bones,cloudedlaughs
30904627.0,68778698792.0,gloss.bones,realdjalphabeats
30904627.0,47062152928.0,gloss.bones,_walkerjeremiah777
30904627.0,63052518832.0,gloss.bones,izzie3030
30904627.0,63289483984.0,gloss.bones,a.synonym.roll
30904627.0,67843368819.0,gloss.bones,kassi_reads_
30904627.0,202253274.0,gloss.bones,simonewahlen
30904627.0,63281657974.0,gloss.bones,kalimariamoon
30904627.0,63052727434.0,gloss.bones,roselilypads
30904627.0,66333805909.0,gloss.bones,speedtreez
30904627.0,63097541651.0,gloss.bones,violent_skully
30904627.0,61858706369.0,gloss.bones,pinkpixiemoon
30904627.0,63255752916.0,gloss.bones,mochiibean
30904627.0,64036195205.0,gloss.bones,piss.flaps69
30904627.0,64014191820.0,gloss.bones,calmyourfarmgame
30904627.0,63405053608.0,gloss.bones,ace.febreeze
30904627.0,63581948607.0,gloss.bones,cotnerjoe
30904627.0,63465297423.0,gloss.bones,aurainsanity
30904627.0,66323329775.0,gloss.bones,hosein.abaseian.9
30904627.0,63250938701.0,gloss.bones,thejayspotof
30904627.0,65105811120.0,gloss.bones,sias6281
30904627.0,66285176146.0,gloss.bones,cierra.vlogs
30904627.0,63948103385.0,gloss.bones,spooky_little_heart
30904627.0,63245083217.0,gloss.bones,wallflower.marie
30904627.0,63445968515.0,gloss.bones,yungworldpatriot
30904627.0,66393265019.0,gloss.bones,lovesmagicuniverse
30904627.0,63470524206.0,gloss.bones,affaqrana
30904627.0,63421263906.0,gloss.bones,jenna_mcleod_author_
30904627.0,49659251795.0,gloss.bones,dear.johnnie
30904627.0,63411132135.0,gloss.bones,bumble_and_brush
909517323.0,69455210540.0,gracielouwhosd,michellemadonnawellness
909517323.0,3927473098.0,gracielouwhosd,barklaysmom
909517323.0,65841135042.0,gracielouwhosd,mzscout3
69147424111.0,71324892320.0,thegamervillage,officialsrscinema
69147424111.0,63280651402.0,thegamervillage,sturdysturtevant
69147424111.0,66092294125.0,thegamervillage,nadir_ali_019
69147424111.0,63161359577.0,thegamervillage,maskxplorer
69147424111.0,63233794888.0,thegamervillage,xamphetanina
69147424111.0,63376646951.0,thegamervillage,luchaaavandross
69147424111.0,64612868649.0,thegamervillage,omnidexxghost
63286744247.0,64949377357.0,melmcclell,octoberex0dus
68501202725.0,63488865722.0,therealgxldsociety,macpuffins
68501202725.0,71637285950.0,therealgxldsociety,spdosteven
32051754533.0,63311770672.0,mrsbetsygood,loveclairepia
6846209252.0,63048052647.0,n0x3y,lemmyg
69306279709.0,63233794888.0,dmunnyjuan,xamphetanina
69306279709.0,65929474498.0,dmunnyjuan,destinimariefike333
69306279709.0,63234733879.0,dmunnyjuan,kdeebs_ok
69306279709.0,63460213473.0,dmunnyjuan,sojournerweaver
69306279709.0,70440826177.0,dmunnyjuan,silverpan
69306279709.0,63078641584.0,dmunnyjuan,disdain_in_the_membrane
69306279709.0,63457193246.0,dmunnyjuan,prof.thimbleberry
63857840052.0,70987061920.0,merciphilly,ethancraft420
9059333008.0,68731363685.0,ems_fe,it_aint_fair_jear
69637212048.0,63240659515.0,ster.mss.8,rebecca.hrndz
69637212048.0,71949024162.0,ster.mss.8,alexzandervoegtlin
63255752916.0,63279930813.0,mochiibean,_rexsloth_
68641531430.0,67159038925.0,bookwormambo,king._kohli_fan
68641531430.0,69037342636.0,bookwormambo,everlyclaireauthor
1445442067.0,68518283340.0,tiananeni,__.tilley.__
63052727434.0,71865395601.0,roselilypads,hatsunechastity
67699043340.0,63127306646.0,strawbabeshortcake,ghost_cbr6
67699043340.0,63247188066.0,strawbabeshortcake,beccanbooks
67699043340.0,71865395601.0,strawbabeshortcake,hatsunechastity
67699043340.0,65641308402.0,strawbabeshortcake,high_kouhai
67699043340.0,62943581677.0,strawbabeshortcake,leslielynn05
242695282.0,68518283340.0,hxnnxxhh.b,__.tilley.__
242695282.0,63245083217.0,hxnnxxhh.b,wallflower.marie
63409700279.0,66281041013.0,ketchup.jessi,plutospurgatory_
63409700279.0,68214824885.0,ketchup.jessi,rosie_revive
3583979546.0,195105433.0,bluefox3sevens,breeeeee_v
67391773328.0,67920197644.0,letisia4344,idreamofnuggets
67515266816.0,69221625813.0,bryandtheboys,nice_bajablast
67515266816.0,70401032034.0,bryandtheboys,filmq33n
63241092044.0,67183197284.0,irteza_gunner3567,veda_xo
63241092044.0,68176886164.0,irteza_gunner3567,seeker_mcmanus
63241092044.0,62943581677.0,irteza_gunner3567,leslielynn05
57473917335.0,68278200911.0,rebelgoddess99,itschubchub99
58169284810.0,63063007518.0,xbrad_williamsx,soooooobbygirl
63434618598.0,68199610001.0,fawngoodwine,joshuaw82
5856853072.0,63050014333.0,angelc.ali,pizzapapi_parmeshawn
5856853072.0,62974736024.0,angelc.ali,imdamonconway
5856853072.0,65857235588.0,angelc.ali,pig.whiskers
5856853072.0,63233794888.0,angelc.ali,xamphetanina
70126354055.0,62943581677.0,warmblue56,leslielynn05
70126354055.0,63233794888.0,warmblue56,xamphetanina
70126354055.0,68025756418.0,warmblue56,mami_milkdudz
70126354055.0,8490945377.0,warmblue56,silent.orbit
70126354055.0,63458688309.0,warmblue56,xoxo.baby16
70126354055.0,69367315822.0,warmblue56,jaydenwebr
70126354055.0,65464976011.0,warmblue56,deerinasuitinc
70126354055.0,69679752901.0,warmblue56,desouzabenp
70126354055.0,63485425763.0,warmblue56,notleahspov
31629766211.0,67623458635.0,vvitchtress,victoriaaagraves
31629766211.0,69230487741.0,vvitchtress,high_foreign_chick
69652578803.0,63637992384.0,cave.felem93,kkeel1z
69652578803.0,63457664804.0,cave.felem93,shannonambroson
65803918074.0,66411901180.0,vycette,mayornayr
65803918074.0,63252184325.0,vycette,adipixie
65803918074.0,69230487741.0,vycette,high_foreign_chick
63971256744.0,63249952503.0,h1llary._c,yuwonmii
63971256744.0,63304247951.0,h1llary._c,cloberries
66865183487.0,58192408097.0,ivens1981,garciaperezgsw
69205850176.0,63279607705.0,selfcreditrestore,shariwhaley1964
68967429293.0,66450183215.0,xxkitcat_,ass_huh_lee
61719171559.0,70447449815.0,wootywoo418,sunnyspirit777
61719171559.0,66393265019.0,wootywoo418,lovesmagicuniverse
5552570151.0,65857235588.0,amberlynnboz,pig.whiskers
5552570151.0,65909588798.0,amberlynnboz,booknerd_1922
14707105.0,71324892320.0,vtori_77777,officialsrscinema
63133854921.0,14995902.0,mooncatkait,missjayemay
63133854921.0,66455073682.0,mooncatkait,pattyvond
69569393459.0,67100400012.0,mushy399,topbusinesstools
69512822148.0,30904627.0,_h0e4h0rror,gloss.bones
69512822148.0,63857840052.0,_h0e4h0rror,merciphilly
69512822148.0,58017041634.0,_h0e4h0rror,ickypry
69512822148.0,63249952503.0,_h0e4h0rror,yuwonmii
69512822148.0,70090860545.0,_h0e4h0rror,very.sedated
69512822148.0,72007443590.0,_h0e4h0rror,phantom_fairy
69512822148.0,63240274903.0,_h0e4h0rror,jade0rade
68883347165.0,66450183215.0,prime_of_the_day,ass_huh_lee
68883347165.0,69652578803.0,prime_of_the_day,cave.felem93
68883347165.0,68334934711.0,prime_of_the_day,gokulnb740
65044499313.0,71865395601.0,mybloodyguillotine,hatsunechastity
65044499313.0,63094255665.0,mybloodyguillotine,shelbythreeshoes
65044499313.0,63304247951.0,mybloodyguillotine,cloberries
1927695019.0,64036195205.0,unkind_paige,piss.flaps69
63247188066.0,70801981820.0,beccanbooks,stoicheadaurelius
69858622841.0,65044499313.0,igakoncka,mybloodyguillotine
254187240.0,63307538265.0,ascholtka2,artist_lunaris
68888587932.0,66769627005.0,erinnerinnerin,exileonmainst_
60292821191.0,70135570963.0,starslibrary_,evamngl9
69496761031.0,65113336515.0,disenchanted.plant,ana.berts
69496761031.0,65857235588.0,disenchanted.plant,pig.whiskers
69496761031.0,63063007518.0,disenchanted.plant,soooooobbygirl
69496761031.0,63409700279.0,disenchanted.plant,ketchup.jessi
69496761031.0,65835444819.0,disenchanted.plant,rabitt.marketing
69496761031.0,68501202725.0,disenchanted.plant,therealgxldsociety
69496761031.0,69436492686.0,disenchanted.plant,thataltdoll
69496761031.0,69397439465.0,disenchanted.plant,soriax0
69496761031.0,67234486274.0,disenchanted.plant,kame.lia5326
61935793256.0,63063007518.0,altqueenzee,soooooobbygirl
66055761984.0,63125669138.0,pgktr2,thegermygerm
66055761984.0,66411901180.0,pgktr2,mayornayr
66055761984.0,64224976239.0,pgktr2,raccyraccoon
66055761984.0,68967429293.0,pgktr2,xxkitcat_
63450540425.0,66898758338.0,thatspookybabe99,p3ac3_yo
63450540425.0,66455073682.0,thatspookybabe99,pattyvond
69278884026.0,68518283340.0,jenny_ruch,__.tilley.__
69278884026.0,66769627005.0,jenny_ruch,exileonmainst_
67989824415.0,68315991323.0,stephenonmars,halonoelle93
69195696999.0,68518283340.0,replygirrl,__.tilley.__
63257595379.0,68214824885.0,_toxiicgemini_,rosie_revive
63257595379.0,64036195205.0,_toxiicgemini_,piss.flaps69
6090176812.0,63637992384.0,lilcozynook,kkeel1z
6090176812.0,62934543536.0,lilcozynook,ro.road
6090176812.0,63450540425.0,lilcozynook,thatspookybabe99
6090176812.0,63045613211.0,lilcozynook,jammersmith77
66273039886.0,63404132645.0,laurenrachelg,ajmstoryteller
66273039886.0,65113336515.0,laurenrachelg,ana.berts
66273039886.0,5570162.0,laurenrachelg,lemonlaken
66273039886.0,65857235588.0,laurenrachelg,pig.whiskers
66273039886.0,63045613211.0,laurenrachelg,jammersmith77
66273039886.0,69638162998.0,laurenrachelg,actuallyelastigirl
64479498289.0,71865395601.0,hates_milk,hatsunechastity
69367315822.0,70126354055.0,jaydenwebr,warmblue56
63658696143.0,63403017876.0,ahkiez,big.dharma
428105317.0,69858622841.0,blaizerswagger,igakoncka
64492365397.0,68658303263.0,fuckits420247365,bella_wasnt_flammable
63088054048.0,64036195205.0,borntobeweiiird,piss.flaps69
49219731698.0,63233794888.0,amoncityx,xamphetanina
66281041013.0,63637992384.0,plutospurgatory_,kkeel1z
66281041013.0,63300306253.0,plutospurgatory_,teairrajariee
66281041013.0,1014892401.0,plutospurgatory_,kelscoll
66281041013.0,65167554010.0,plutospurgatory_,iheartmilliexmoxxi_
63258411514.0,63255770361.0,mrvalvetronix,paulmoreira_
63258411514.0,67920197644.0,mrvalvetronix,idreamofnuggets
63410660450.0,63409700279.0,ihateferrariii,ketchup.jessi
63410660450.0,63254455739.0,ihateferrariii,kailasullivan
63410660450.0,66450183215.0,ihateferrariii,ass_huh_lee
63296405785.0,71697358082.0,danie.kaye,db.x_x
63849652968.0,71865395601.0,kay_of_sunshine,hatsunechastity
68214109729.0,50143631582.0,ngenavieve03,cenedeltopaz
63245238862.0,66491416556.0,bethescandal,evol_rellik
312200034.0,67374641494.0,jeswitter,marleygoodnight
8890381197.0,1399759634.0,netherroney,lalalaurel_ftw
486634660.0,50143631582.0,at1antis,cenedeltopaz
66491416556.0,65693250882.0,evol_rellik,bookaddictaw
66491416556.0,63245238862.0,evol_rellik,bethescandal
58123925811.0,393032793.0,haunted.hndrxx,bwzerk
58123925811.0,68214109729.0,haunted.hndrxx,ngenavieve03
58017041634.0,63395645265.0,ickypry,digital.icarus
58017041634.0,65857235588.0,ickypry,pig.whiskers
58017041634.0,63146382266.0,ickypry,_flowersandlace_
58017041634.0,63126164675.0,ickypry,_iamclimp
58017041634.0,63460213473.0,ickypry,sojournerweaver
58017041634.0,68804964075.0,ickypry,soindigenius
58017041634.0,69436492686.0,ickypry,thataltdoll
35749519.0,71865395601.0,vamylu,hatsunechastity
67360712488.0,66769627005.0,windsorharmreduction.oat,exileonmainst_
67360712488.0,63280651402.0,windsorharmreduction.oat,sturdysturtevant
68767047701.0,71865395601.0,ill_behave,hatsunechastity
68767047701.0,63091461877.0,ill_behave,sp00pkittn
68767047701.0,63045613211.0,ill_behave,jammersmith77
68767047701.0,62974736024.0,ill_behave,imdamonconway
68767047701.0,69544438438.0,ill_behave,poro.puff
68767047701.0,8490945377.0,ill_behave,silent.orbit
45210409502.0,55097284075.0,justjustin31.2.0,infinitesarina
45210409502.0,65439363232.0,justjustin31.2.0,c.cruzzz
45210409502.0,67162083636.0,justjustin31.2.0,faequeen41
45210409502.0,63281657974.0,justjustin31.2.0,kalimariamoon
45210409502.0,63044005198.0,justjustin31.2.0,viktoriaakills
45210409502.0,63240274903.0,justjustin31.2.0,jade0rade
45210409502.0,67634922319.0,justjustin31.2.0,emmaraeeee_
45210409502.0,66044511768.0,justjustin31.2.0,lucyinfinityx
45210409502.0,64133171263.0,justjustin31.2.0,hhhvnnah
45210409502.0,66776324537.0,justjustin31.2.0,juuleessss2.0
45210409502.0,67509133548.0,justjustin31.2.0,kittycatkae
45210409502.0,63474539832.0,justjustin31.2.0,yg.sam
45210409502.0,63090982323.0,justjustin31.2.0,cherrykitten333
45210409502.0,63311216127.0,justjustin31.2.0,xxjustjustin31
45210409502.0,63160990349.0,justjustin31.2.0,urfavvannah
63261102661.0,65113336515.0,shannemnelson,ana.berts
63261102661.0,70401032034.0,shannemnelson,filmq33n
64582974814.0,69544438438.0,itsonlycassidy,poro.puff
64582974814.0,68886755611.0,itsonlycassidy,_gooseygirl_
63137978796.0,71865395601.0,mrmikeymonster,hatsunechastity
63137978796.0,70987061920.0,mrmikeymonster,ethancraft420
63137978796.0,71085473832.0,mrmikeymonster,mr.gold.starr
65676038694.0,63091461877.0,poorxkitty,sp00pkittn
65676038694.0,63063007518.0,poorxkitty,soooooobbygirl
65676038694.0,63233794888.0,poorxkitty,xamphetanina
65676038694.0,69230487741.0,poorxkitty,high_foreign_chick
65676038694.0,67989824415.0,poorxkitty,stephenonmars
65676038694.0,63209433517.0,poorxkitty,kelsey.reanne
65676038694.0,69367315822.0,poorxkitty,jaydenwebr
65676038694.0,63156308928.0,poorxkitty,aiirbearmusic
65676038694.0,64839720354.0,poorxkitty,poetgirrl
65676038694.0,63255752916.0,poorxkitty,mochiibean
65676038694.0,65411226874.0,poorxkitty,codieleeando
65676038694.0,64133171263.0,poorxkitty,hhhvnnah
65676038694.0,63249952503.0,poorxkitty,yuwonmii
65676038694.0,69195696999.0,poorxkitty,replygirrl
65676038694.0,67516854676.0,poorxkitty,kendrabitches
65676038694.0,63426811037.0,poorxkitty,red.the.living.dead
65676038694.0,63257595379.0,poorxkitty,_toxiicgemini_
65676038694.0,63313610700.0,poorxkitty,brock0509
65676038694.0,55097284075.0,poorxkitty,infinitesarina
65676038694.0,4005126603.0,poorxkitty,itzkittyok
65676038694.0,63336204799.0,poorxkitty,_fractured.w1nt3r_
64608113603.0,70401032034.0,jharless__,filmq33n
64608113603.0,66311329919.0,jharless__,laaye47
64608113603.0,45210409502.0,jharless__,justjustin31.2.0
64608113603.0,63421967386.0,jharless__,itsjust_jymie
65411226874.0,70801981820.0,codieleeando,stoicheadaurelius
65411226874.0,71865395601.0,codieleeando,hatsunechastity
1996480204.0,6811596909.0,traumaberry,helmansarah
58176757426.0,65857235588.0,mushie.babe,pig.whiskers
65012121064.0,63091461877.0,omnescence,sp00pkittn
65012121064.0,65676038694.0,omnescence,poorxkitty
65012121064.0,66044511768.0,omnescence,lucyinfinityx
65012121064.0,66281041013.0,omnescence,plutospurgatory_
65012121064.0,68886755611.0,omnescence,_gooseygirl_
65012121064.0,68731363685.0,omnescence,it_aint_fair_jear
65012121064.0,63484952568.0,omnescence,big_tortoise_goth_gf
63091461877.0,70401032034.0,sp00pkittn,filmq33n
63091461877.0,63233794888.0,sp00pkittn,xamphetanina
63091461877.0,63054925606.0,sp00pkittn,asamimakes
63091461877.0,69195696999.0,sp00pkittn,replygirrl
68886755611.0,63441298201.0,_gooseygirl_,danieleubankk
68886755611.0,70090860545.0,_gooseygirl_,very.sedated
68886755611.0,64608710552.0,_gooseygirl_,nefarious.vampire
63485425763.0,63048197823.0,notleahspov,toadr0ad
67509133548.0,70447449815.0,kittycatkae,sunnyspirit777
63249952503.0,64036195205.0,yuwonmii,piss.flaps69
63249952503.0,8490945377.0,yuwonmii,silent.orbit
63249952503.0,69574067090.0,yuwonmii,xoxoyxz0.returned
63249952503.0,69436492686.0,yuwonmii,thataltdoll
63089150315.0,67978722813.0,pgktr,ricochicomico1
63089150315.0,65113336515.0,pgktr,ana.berts
63045613211.0,66273039886.0,jammersmith77,laurenrachelg
63045613211.0,63388077078.0,jammersmith77,_sonderlust
63045613211.0,68315991323.0,jammersmith77,halonoelle93
63045613211.0,63262926322.0,jammersmith77,redi96_
63045613211.0,63156308928.0,jammersmith77,aiirbearmusic
63045613211.0,356548948.0,jammersmith77,jordanishealing
63045613211.0,63446709553.0,jammersmith77,jackiemurilloxo
63045613211.0,63412882515.0,jammersmith77,michaela.wtf
63045613211.0,69382603522.0,jammersmith77,nicknacknyuknyuknyuk
63045613211.0,70872730074.0,jammersmith77,dailysh1tpost
7121824999.0,63286072672.0,schiz.hoe,madebyrichi
7121824999.0,63637992384.0,schiz.hoe,kkeel1z
7121824999.0,65857235588.0,schiz.hoe,pig.whiskers
5746297354.0,66273039886.0,thewanderinglassie,laurenrachelg
63477184572.0,70378304565.0,kwpledger,jkhilsinger
63402005020.0,63091461877.0,steely.xan,sp00pkittn
63402005020.0,68886755611.0,steely.xan,_gooseygirl_
64219829722.0,63233794888.0,richay.bikhari,xamphetanina
63159950352.0,63063007518.0,itstelvin_,soooooobbygirl
61203797554.0,63231318437.0,potatahed,uncultured_nerd_
61203797554.0,64146307072.0,potatahed,i_s_o_l_d_e_
66040494497.0,64244979012.0,shennifer.xx,mr.matthewkylewhitt.s
66040494497.0,63279930813.0,shennifer.xx,_rexsloth_
66040494497.0,63233794888.0,shennifer.xx,xamphetanina
1935920430.0,65857235588.0,shessharkbait,pig.whiskers
1935920430.0,63995732074.0,shessharkbait,tanjalin
63195422550.0,67183197284.0,cactus.rose42,veda_xo
63195422550.0,71324892320.0,cactus.rose42,officialsrscinema
63195422550.0,63156308928.0,cactus.rose42,aiirbearmusic
1417188164.0,68315991323.0,elizabethannemarie_,halonoelle93
68654963074.0,70987061920.0,severed_knees,ethancraft420
68654963074.0,63071647984.0,severed_knees,baabybunni
68654963074.0,66769627005.0,severed_knees,exileonmainst_
727968265.0,65113336515.0,snailcatinspace,ana.berts
727968265.0,3172060771.0,snailcatinspace,christina._jpg
727968265.0,66450183215.0,snailcatinspace,ass_huh_lee
2260695425.0,67843368819.0,kalacieciorka,kassi_reads_
2260695425.0,64773456528.0,kalacieciorka,jwjwbean
2260695425.0,69858622841.0,kalacieciorka,igakoncka
4373525563.0,63048197823.0,nicklovinz1337,toadr0ad
64056239901.0,66273039886.0,writercarrie,laurenrachelg
64056239901.0,69884012575.0,writercarrie,ninjasouthside
64056239901.0,63394682393.0,writercarrie,biscottismom
63327832387.0,63247188066.0,clouds_of_gray,beccanbooks
63327832387.0,70801981820.0,clouds_of_gray,stoicheadaurelius
64220251540.0,66928294709.0,skatingwhilstold,miah_bby_gallagher
67736592515.0,63440057399.0,strawberry_cough.syrup,robby.moto
67736592515.0,67699043340.0,strawberry_cough.syrup,strawbabeshortcake
67736592515.0,9152049316.0,strawberry_cough.syrup,linzey.xx
67736592515.0,7121824999.0,strawberry_cough.syrup,schiz.hoe
67736592515.0,68967429293.0,strawberry_cough.syrup,xxkitcat_
67736592515.0,63421967386.0,strawberry_cough.syrup,itsjust_jymie
67736592515.0,5769378890.0,strawberry_cough.syrup,lilmzgspot
67736592515.0,65411226874.0,strawberry_cough.syrup,codieleeando
7503959787.0,63407566102.0,gvhitchman,asha_vere
2872781.0,63395645265.0,instagahmy,digital.icarus
202253274.0,66411901180.0,simonewahlen,mayornayr
261085016.0,63549477324.0,killemall_jess,jlangdonj88
62788616485.0,63231318437.0,christianndelulu,uncultured_nerd_
62788616485.0,41338756.0,christianndelulu,billvicious13
638772880.0,68493912499.0,j_bookwyrm,call.me_christy
638772880.0,69638162998.0,j_bookwyrm,actuallyelastigirl
1536187158.0,63336204799.0,racalejer23,_fractured.w1nt3r_
66992746726.0,66450183215.0,ris_tisms,ass_huh_lee
63288725757.0,67246287653.0,cristolxpistol,_w00die_
66450183215.0,63440057399.0,ass_huh_lee,robby.moto
66450183215.0,65548923826.0,ass_huh_lee,bonnie_darco
66450183215.0,63104890339.0,ass_huh_lee,tayybahyasin
66450183215.0,63085514490.0,ass_huh_lee,thetherapist2.0
46247320953.0,66928294709.0,boteresan,miah_bby_gallagher
6077538840.0,69858622841.0,pwvwicbbjj,igakoncka
6077538840.0,65676038694.0,pwvwicbbjj,poorxkitty
66928294709.0,63287676662.0,miah_bby_gallagher,janetreadstoomuch
66928294709.0,66729255951.0,miah_bby_gallagher,114bch
47062152928.0,63388077078.0,_walkerjeremiah777,_sonderlust
47062152928.0,65615223706.0,_walkerjeremiah777,cafollaafonso
47062152928.0,66561421601.0,_walkerjeremiah777,theinversecollection
47062152928.0,68967429293.0,_walkerjeremiah777,xxkitcat_
47062152928.0,3074793472.0,_walkerjeremiah777,rxdison
63281657974.0,66455073682.0,kalimariamoon,pattyvond
63281657974.0,67926538862.0,kalimariamoon,ragingsublimity
65934330362.0,67052260968.0,kylanichole.c,livvybivvygirl
65934330362.0,69436492686.0,kylanichole.c,thataltdoll
259521626.0,65707012628.0,kurosaewa,chelseabearx
259521626.0,63408468422.0,kurosaewa,dv___boss__elfreshco__justmine
58483477861.0,66450183215.0,angela.melton1,ass_huh_lee
58483477861.0,69382603522.0,angela.melton1,nicknacknyuknyuknyuk
58483477861.0,64244979012.0,angela.melton1,mr.matthewkylewhitt.s
6061420086.0,63261413757.0,nikalicious22,sethappeal
3074793472.0,63233794888.0,rxdison,xamphetanina
63037798945.0,63101702777.0,rybrock,hgentges2
63037798945.0,63279665625.0,rybrock,roger_lawler
67843368819.0,63272371412.0,kassi_reads_,sjr.reads.books
67843368819.0,66273039886.0,kassi_reads_,laurenrachelg
64626345913.0,65433971386.0,hattie_seaton_04028045,nickyguns84
1653623254.0,64929775938.0,gogoghoul13,vintagerosereads
65641308402.0,63133854921.0,high_kouhai,mooncatkait
180137184.0,63050014333.0,coheed_and_cats,pizzapapi_parmeshawn
180137184.0,70619901837.0,coheed_and_cats,sammiammnot
180137184.0,63064839081.0,coheed_and_cats,whatifbarackorhillarydidit
64529790291.0,63255770361.0,alina.b.nova,paulmoreira_
19614548.0,63581948607.0,missimaimai,cotnerjoe
1257207840.0,66411901180.0,yikes_charles,mayornayr
1257207840.0,66378848981.0,yikes_charles,mercedeesbettis
1257207840.0,63581948607.0,yikes_charles,cotnerjoe
1257207840.0,64036195205.0,yikes_charles,piss.flaps69
1257207840.0,66333805909.0,yikes_charles,speedtreez
63033877953.0,62974736024.0,sacred.zee,imdamonconway
63033877953.0,63233794888.0,sacred.zee,xamphetanina
67162083636.0,71324892320.0,faequeen41,officialsrscinema
67162083636.0,63255770361.0,faequeen41,paulmoreira_
67162083636.0,2119330595.0,faequeen41,jennifersusanko
67162083636.0,63493832145.0,faequeen41,liz_can_fly
67162083636.0,63288329033.0,faequeen41,pandaandpets
67034868904.0,64036195205.0,qveen.jenna_,piss.flaps69
67034868904.0,69638162998.0,qveen.jenna_,actuallyelastigirl
67034868904.0,70801981820.0,qveen.jenna_,stoicheadaurelius
8560380136.0,63088729774.0,havesome53,sumannegi20404
5633190664.0,63336204799.0,rachthemoonbaby2.0,_fractured.w1nt3r_
5633190664.0,63233794888.0,rachthemoonbaby2.0,xamphetanina
5633190664.0,63261102661.0,rachthemoonbaby2.0,shannemnelson
5633190664.0,63209433517.0,rachthemoonbaby2.0,kelsey.reanne
5633190664.0,63278984606.0,rachthemoonbaby2.0,kiddynomite.nzo
67581414473.0,67831389297.0,m.arya.m05,bryen.chidera
66082439136.0,63233794888.0,syfslh29,xamphetanina
65569182653.0,65763026416.0,abigail_allenxo1,gospelataiku
61858706369.0,69221625813.0,pinkpixiemoon,nice_bajablast
61858706369.0,65012121064.0,pinkpixiemoon,omnescence
65967813864.0,64515613277.0,msalikesamwel,fashionbyedelbands
65041331129.0,67159038925.0,tripfox_in,king._kohli_fan
63125669138.0,64036195205.0,thegermygerm,piss.flaps69
63253985882.0,68888587932.0,krispyxla,erinnerinnerin
63253985882.0,63063007518.0,krispyxla,soooooobbygirl
63253985882.0,63281657974.0,krispyxla,kalimariamoon
63253985882.0,63424490516.0,krispyxla,___kristen.n
63253985882.0,70161682036.0,krispyxla,welcometothealterlyfe
63079390777.0,63409700279.0,qsaid2muchalready,ketchup.jessi
63079390777.0,64839720354.0,qsaid2muchalready,poetgirrl
65398772528.0,65254475722.0,alexidewriter,topvaluebooks
63073439712.0,63273352824.0,w.a.t.e.r.m.e.l.o.n.n.e,wibo_23
63073439712.0,63484952568.0,w.a.t.e.r.m.e.l.o.n.n.e,big_tortoise_goth_gf
63073439712.0,68214824885.0,w.a.t.e.r.m.e.l.o.n.n.e,rosie_revive
63073439712.0,65113336515.0,w.a.t.e.r.m.e.l.o.n.n.e,ana.berts
63073439712.0,63238327570.0,w.a.t.e.r.m.e.l.o.n.n.e,graciiesullivan
63073439712.0,63240659515.0,w.a.t.e.r.m.e.l.o.n.n.e,rebecca.hrndz
63073439712.0,66311329919.0,w.a.t.e.r.m.e.l.o.n.n.e,laaye47
63073439712.0,63409700279.0,w.a.t.e.r.m.e.l.o.n.n.e,ketchup.jessi
63073439712.0,66450183215.0,w.a.t.e.r.m.e.l.o.n.n.e,ass_huh_lee
63073439712.0,36819953267.0,w.a.t.e.r.m.e.l.o.n.n.e,jasminee_hartt2
63073439712.0,71864305843.0,w.a.t.e.r.m.e.l.o.n.n.e,ur_favourite_kitten
63073439712.0,69397439465.0,w.a.t.e.r.m.e.l.o.n.n.e,soriax0
4276751.0,2140094309.0,p0cahotass,latvianaphrodite
4276751.0,63581948607.0,p0cahotass,cotnerjoe
4276751.0,63231318437.0,p0cahotass,uncultured_nerd_
63152517622.0,66769627005.0,helenhensell,exileonmainst_
63152517622.0,65433971386.0,helenhensell,nickyguns84
63152517622.0,69544438438.0,helenhensell,poro.puff
63793268311.0,68645733938.0,003tretre,waxpen
41048789617.0,49087922134.0,_arcane0803,deepakyadav_.__
41048789617.0,26901217902.0,_arcane0803,brendadiakabana_
63459388837.0,66393265019.0,hayatnaseri1,lovesmagicuniverse
43860065634.0,65401730120.0,brittsbookbabblings,jmelea_author
64608644575.0,63995732074.0,daisyslittlemeadow,tanjalin
63387685848.0,63261589931.0,trea_christopher,emekaasadu
63387685848.0,63280651402.0,trea_christopher,sturdysturtevant
66380543581.0,66044511768.0,frankthefifth,lucyinfinityx
66380543581.0,65113336515.0,frankthefifth,ana.berts
66380543581.0,65857235588.0,frankthefifth,pig.whiskers
66380543581.0,63233794888.0,frankthefifth,xamphetanina
66380543581.0,67034868904.0,frankthefifth,qveen.jenna_
1589821445.0,68518283340.0,sshrubbs,__.tilley.__
1589821445.0,65857235588.0,sshrubbs,pig.whiskers
64839720354.0,70894623771.0,poetgirrl,nightmare_ulas
64839720354.0,66281041013.0,poetgirrl,plutospurgatory_
64839720354.0,70987061920.0,poetgirrl,ethancraft420
64839720354.0,68315991323.0,poetgirrl,halonoelle93
326956760.0,69221625813.0,mimbee_mommiee,nice_bajablast
326956760.0,68518283340.0,mimbee_mommiee,__.tilley.__
46374927190.0,69230487741.0,tilly_terrible,high_foreign_chick
46374927190.0,66411901180.0,tilly_terrible,mayornayr
46374927190.0,62911708140.0,tilly_terrible,ttvqueenofhalloween
46374927190.0,65464976011.0,tilly_terrible,deerinasuitinc
46374927190.0,63069579229.0,tilly_terrible,stfaery
46374927190.0,63300306253.0,tilly_terrible,teairrajariee
46374927190.0,65707012628.0,tilly_terrible,chelseabearx
46374927190.0,63451274408.0,tilly_terrible,sleepyxbunnii
51821989280.0,70250491922.0,loveinherbooks,britnbrown_86
51821989280.0,63457360430.0,loveinherbooks,princesssudi
51821989280.0,63084213965.0,loveinherbooks,yellowmiss
51821989280.0,63242244277.0,loveinherbooks,festivalhorror
51821989280.0,71324892320.0,loveinherbooks,officialsrscinema
51821989280.0,594389012.0,loveinherbooks,jdubfla
51821989280.0,65693063382.0,loveinherbooks,fredwinter27
51821989280.0,60849692321.0,loveinherbooks,jhonalbeiro3230
51821989280.0,65530766087.0,loveinherbooks,daniavelle
51821989280.0,65401730120.0,loveinherbooks,jmelea_author
51821989280.0,63421263906.0,loveinherbooks,jenna_mcleod_author_
51821989280.0,63477475775.0,loveinherbooks,perksofbeingabookworm01
51821989280.0,62971506123.0,loveinherbooks,wanderingdeerpoet
51821989280.0,39561293855.0,loveinherbooks,bookishlyhailee
51821989280.0,63601610018.0,loveinherbooks,erinspiegel
29229896285.0,65805009356.0,jerrimcphee,gilbilfos
29229896285.0,64334799148.0,jerrimcphee,jazzcabbageenthusiast69
63071632431.0,70126354055.0,traumaberry2.0,warmblue56
63071632431.0,63410660450.0,traumaberry2.0,ihateferrariii
63071632431.0,8490945377.0,traumaberry2.0,silent.orbit
63071632431.0,63139581350.0,traumaberry2.0,kiiracrush
63071632431.0,64807401114.0,traumaberry2.0,ashhlet_
63071632431.0,65012121064.0,traumaberry2.0,omnescence
63071632431.0,67360712488.0,traumaberry2.0,windsorharmreduction.oat
63071632431.0,57135598659.0,traumaberry2.0,taeegriff
63071632431.0,63079390777.0,traumaberry2.0,qsaid2muchalready
63071632431.0,66281041013.0,traumaberry2.0,plutospurgatory_
63071632431.0,5856853072.0,traumaberry2.0,angelc.ali
63071632431.0,65898121863.0,traumaberry2.0,plutosparadise_
63071632431.0,66411901180.0,traumaberry2.0,mayornayr
63071632431.0,63372607551.0,traumaberry2.0,okido22
63071632431.0,63105390456.0,traumaberry2.0,mythicalhvbris
63071632431.0,64334799148.0,traumaberry2.0,jazzcabbageenthusiast69
63071632431.0,65111508547.0,traumaberry2.0,e8.hv
63071632431.0,64048571250.0,traumaberry2.0,joseesaanzz06
63071632431.0,63857840052.0,traumaberry2.0,merciphilly
63071632431.0,63402620589.0,traumaberry2.0,milkman.core
63071632431.0,65192019406.0,traumaberry2.0,dadeorion
63071632431.0,63227851797.0,traumaberry2.0,wristbanger
63071632431.0,2876361796.0,traumaberry2.0,zyxa_the_great
63071632431.0,63311216127.0,traumaberry2.0,xxjustjustin31
63071632431.0,56985722192.0,traumaberry2.0,gracieswifty
63071632431.0,63652180511.0,traumaberry2.0,your.old.pal.goldie
63071632431.0,62974736024.0,traumaberry2.0,imdamonconway
63071632431.0,63050014333.0,traumaberry2.0,pizzapapi_parmeshawn
63071632431.0,65120907377.0,traumaberry2.0,catgod587
63071632431.0,63255752916.0,traumaberry2.0,mochiibean
63071632431.0,63426811037.0,traumaberry2.0,red.the.living.dead
63071632431.0,14444821278.0,traumaberry2.0,swulf293
63071632431.0,63493832145.0,traumaberry2.0,liz_can_fly
63071632431.0,8175057217.0,traumaberry2.0,t.svndra
63071632431.0,63527255724.0,traumaberry2.0,originalmks
63071632431.0,63084055694.0,traumaberry2.0,rotgarden
63071632431.0,63505367898.0,traumaberry2.0,meranibunni
63071632431.0,63733837199.0,traumaberry2.0,jp3_the_pro
63071632431.0,1537556648.0,traumaberry2.0,bruh.itsoenhoenh
63071632431.0,54222055216.0,traumaberry2.0,spearsolrid
63071632431.0,63405053608.0,traumaberry2.0,ace.febreeze
63071632431.0,63240274903.0,traumaberry2.0,jade0rade
63071632431.0,1996480204.0,traumaberry2.0,traumaberry
63071632431.0,63048197823.0,traumaberry2.0,toadr0ad
63071632431.0,63410410366.0,traumaberry2.0,gunnar_tatts
63071632431.0,63485425763.0,traumaberry2.0,notleahspov
63071632431.0,63391987351.0,traumaberry2.0,lessyoulie
63071632431.0,143698480.0,traumaberry2.0,__j.exe
63071632431.0,6193901243.0,traumaberry2.0,hecate.xhc
63071632431.0,63261413757.0,traumaberry2.0,sethappeal
63071632431.0,63278984606.0,traumaberry2.0,kiddynomite.nzo
63071632431.0,63370372773.0,traumaberry2.0,spicyfuneral
63071632431.0,63044005198.0,traumaberry2.0,viktoriaakills
63071632431.0,63488657761.0,traumaberry2.0,viktoriaakillz
63071632431.0,45611935123.0,traumaberry2.0,rogue_sky_
63071632431.0,63078641584.0,traumaberry2.0,disdain_in_the_membrane
63071632431.0,63484952568.0,traumaberry2.0,big_tortoise_goth_gf
63071632431.0,61858706369.0,traumaberry2.0,pinkpixiemoon
63071632431.0,63279071240.0,traumaberry2.0,tsvndra
63071632431.0,63388077078.0,traumaberry2.0,_sonderlust
63071632431.0,63450540425.0,traumaberry2.0,thatspookybabe99
63071632431.0,63506264040.0,traumaberry2.0,corpselain
63071632431.0,63085514490.0,traumaberry2.0,thetherapist2.0
64732940555.0,69858622841.0,ovariart,igakoncka
64732940555.0,66378848981.0,ovariart,mercedeesbettis
64732940555.0,64492365397.0,ovariart,fuckits420247365
64732940555.0,63281657974.0,ovariart,kalimariamoon
64732940555.0,63458688309.0,ovariart,xoxo.baby16
64732940555.0,66450183215.0,ovariart,ass_huh_lee
64732940555.0,45619175585.0,ovariart,blanca.nerea.31
64732940555.0,63452464731.0,ovariart,cryptocurrenshe
64732940555.0,63304247951.0,ovariart,cloberries
64732940555.0,63450540425.0,ovariart,thatspookybabe99
64732940555.0,64005677465.0,ovariart,marleen_24_7
64732940555.0,63793268311.0,ovariart,003tretre
64732940555.0,645055119.0,ovariart,hanatomy_
64732940555.0,66044511768.0,ovariart,lucyinfinityx
64732940555.0,428686813.0,ovariart,shelizle
64732940555.0,63460213473.0,ovariart,sojournerweaver
64732940555.0,63372607551.0,ovariart,okido22
64732940555.0,63238327570.0,ovariart,graciiesullivan
64732940555.0,63224836145.0,ovariart,clurrvoyance
64732940555.0,65707012628.0,ovariart,chelseabearx
64732940555.0,63052518832.0,ovariart,izzie3030
64732940555.0,63440057399.0,ovariart,robby.moto
64732940555.0,63070311372.0,ovariart,tiffanypep
64732940555.0,63507872984.0,ovariart,mychaelablatta
64732940555.0,55575635916.0,ovariart,lcpookc
64732940555.0,63264521405.0,ovariart,_nasymal
64732940555.0,65464976011.0,ovariart,deerinasuitinc
64732940555.0,64224976239.0,ovariart,raccyraccoon
64732940555.0,63405053608.0,ovariart,ace.febreeze
64732940555.0,65548923826.0,ovariart,bonnie_darco
64732940555.0,64050778582.0,ovariart,_darling_dahlia_
64732940555.0,65788096345.0,ovariart,the_mini_manager
64732940555.0,66963908589.0,ovariart,mindofmerk
64732940555.0,63093961089.0,ovariart,loveyourwifewell
64732940555.0,34933897.0,ovariart,brandoughnut5
64732940555.0,63474393633.0,ovariart,mynameisnotstephen
64732940555.0,3172060771.0,ovariart,christina._jpg
64732940555.0,63433460968.0,ovariart,taint_behavin
64732940555.0,7121824999.0,ovariart,schiz.hoe
64732940555.0,65669088982.0,ovariart,treep_ng
64732940555.0,65932713393.0,ovariart,fckitfcku
64732940555.0,65843548839.0,ovariart,boojie.babyyy
64732940555.0,63234130873.0,ovariart,youabsolutefool
64732940555.0,65020874839.0,ovariart,claracianferotti
64732940555.0,63857840052.0,ovariart,merciphilly
64732940555.0,63056091465.0,ovariart,not_klitton
64732940555.0,65256461753.0,ovariart,mysticminerals_teri
63525248989.0,66928294709.0,iamvickyhilton,miah_bby_gallagher
63525248989.0,66561421601.0,iamvickyhilton,theinversecollection
63525248989.0,63581948607.0,iamvickyhilton,cotnerjoe
63525248989.0,63090982323.0,iamvickyhilton,cherrykitten333
63525248989.0,66727891199.0,iamvickyhilton,thevinesartmarket
63525248989.0,65707012628.0,iamvickyhilton,chelseabearx
63525248989.0,63426811037.0,iamvickyhilton,red.the.living.dead
63525248989.0,64207202909.0,iamvickyhilton,candiecraft
63525248989.0,63233794888.0,iamvickyhilton,xamphetanina
63525248989.0,63052518832.0,iamvickyhilton,izzie3030
63525248989.0,63078641584.0,iamvickyhilton,disdain_in_the_membrane
63525248989.0,63304247951.0,iamvickyhilton,cloberries
63525248989.0,63244067067.0,iamvickyhilton,solmarineris
63525248989.0,62934543536.0,iamvickyhilton,ro.road
63525248989.0,63084055694.0,iamvickyhilton,rotgarden
63525248989.0,14444821278.0,iamvickyhilton,swulf293
63525248989.0,63448816026.0,iamvickyhilton,spanishmamialee_xo
63525248989.0,64612868649.0,iamvickyhilton,omnidexxghost
63525248989.0,63409287881.0,iamvickyhilton,teroc914
63525248989.0,63156308928.0,iamvickyhilton,aiirbearmusic
66285176146.0,63308497363.0,cierra.vlogs,elisabethyasharahla
66285176146.0,66766911861.0,cierra.vlogs,theduchessreturns
66285176146.0,65818848718.0,cierra.vlogs,mrs.und3rstood
66285176146.0,63414308965.0,cierra.vlogs,starrr.seed
66285176146.0,65899800936.0,cierra.vlogs,whereis_roland
66285176146.0,66450183215.0,cierra.vlogs,ass_huh_lee
66285176146.0,63402886359.0,cierra.vlogs,dawn8957
66285176146.0,66534712940.0,cierra.vlogs,black_boutiquebb
66285176146.0,66203431788.0,cierra.vlogs,indyhoneu
66285176146.0,62849413260.0,cierra.vlogs,falicitteerose
66285176146.0,64727761957.0,cierra.vlogs,iamanitabanana
66285176146.0,64600348460.0,cierra.vlogs,msandreacamille
66285176146.0,63603904987.0,cierra.vlogs,_nettia01
66285176146.0,48060469402.0,cierra.vlogs,soda__kat
66285176146.0,65105811120.0,cierra.vlogs,sias6281
66285176146.0,63948103385.0,cierra.vlogs,spooky_little_heart
66285176146.0,63272152246.0,cierra.vlogs,tracieverett
66285176146.0,66984205682.0,cierra.vlogs,reasntm
66285176146.0,65219958169.0,cierra.vlogs,dawn_thatsme
66285176146.0,65777674824.0,cierra.vlogs,damishahazelton
66285176146.0,65662572208.0,cierra.vlogs,letty2u
66285176146.0,63160598669.0,cierra.vlogs,vinib_isme
66285176146.0,66791524923.0,cierra.vlogs,lucindarose1313
66285176146.0,63214979195.0,cierra.vlogs,elegant.eevee
63277108402.0,63448514429.0,bbygrxxt,samanazane
63277108402.0,70126354055.0,bbygrxxt,warmblue56
63277108402.0,63426811037.0,bbygrxxt,red.the.living.dead
63277108402.0,63440057399.0,bbygrxxt,robby.moto
63277108402.0,64807401114.0,bbygrxxt,ashhlet_
63277108402.0,24824666.0,bbygrxxt,peytonannice
63277108402.0,63465297423.0,bbygrxxt,aurainsanity
63277108402.0,66333805909.0,bbygrxxt,speedtreez
63277108402.0,63289144607.0,bbygrxxt,bmwbri
63277108402.0,64661062096.0,bbygrxxt,diamond_dime01
63277108402.0,65707012628.0,bbygrxxt,chelseabearx
63277108402.0,63254455739.0,bbygrxxt,kailasullivan
63277108402.0,65735966306.0,bbygrxxt,supermjh12
63277108402.0,66310528092.0,bbygrxxt,cloudedlaughs
63277108402.0,66411901180.0,bbygrxxt,mayornayr
63277108402.0,63281657974.0,bbygrxxt,kalimariamoon
63277108402.0,55655308792.0,bbygrxxt,justin_zman1988
63277108402.0,66082439136.0,bbygrxxt,syfslh29
63277108402.0,65842862372.0,bbygrxxt,mdirfanirfan983
63277108402.0,63395645265.0,bbygrxxt,digital.icarus
63277108402.0,66040494497.0,bbygrxxt,shennifer.xx
63277108402.0,63948103385.0,bbygrxxt,spooky_little_heart
63277108402.0,63457541609.0,bbygrxxt,ladydi0410
63277108402.0,66251918829.0,bbygrxxt,ronniemackfunny
63277108402.0,34933897.0,bbygrxxt,brandoughnut5
63277108402.0,63088054048.0,bbygrxxt,borntobeweiiird
63277108402.0,63606240738.0,bbygrxxt,m.goddessintheflesh
63277108402.0,63125607968.0,bbygrxxt,razorslitwrist
63277108402.0,60439393122.0,bbygrxxt,nikita.eris
63277108402.0,62974736024.0,bbygrxxt,imdamonconway
63277108402.0,65290479680.0,bbygrxxt,adilsonn.manuel
63277108402.0,63364644289.0,bbygrxxt,djldapoet
63277108402.0,63253985882.0,bbygrxxt,krispyxla
63277108402.0,65844620550.0,bbygrxxt,shinningshimmeringsplendid
63277108402.0,65641146763.0,bbygrxxt,deric_263
63277108402.0,63243418374.0,bbygrxxt,subtotalpoet
63277108402.0,65818848718.0,bbygrxxt,mrs.und3rstood
63277108402.0,6193901243.0,bbygrxxt,hecate.xhc
63277108402.0,65177908394.0,bbygrxxt,ghxst.0115
63277108402.0,63391987351.0,bbygrxxt,lessyoulie
63277108402.0,63445120764.0,bbygrxxt,prettyspookygh0ul
63277108402.0,63438326017.0,bbygrxxt,spookyy.ellie
63277108402.0,63493832145.0,bbygrxxt,liz_can_fly
63277108402.0,55575635916.0,bbygrxxt,lcpookc
63277108402.0,63246968931.0,bbygrxxt,caption312
63277108402.0,63070311372.0,bbygrxxt,tiffanypep
63277108402.0,63343568557.0,bbygrxxt,sr.vincent
63407477263.0,66119976096.0,dar3_tw0_dr3am,dannyboy29086
63407477263.0,70256607891.0,dar3_tw0_dr3am,dominicjoseph2026
63104890339.0,63281657974.0,tayybahyasin,kalimariamoon
63104890339.0,48060469402.0,tayybahyasin,soda__kat
63104890339.0,65107790161.0,tayybahyasin,nona_kerryandfriends
63104890339.0,65693063382.0,tayybahyasin,fredwinter27
63104890339.0,63527255724.0,tayybahyasin,originalmks
63104890339.0,66333805909.0,tayybahyasin,speedtreez
63104890339.0,63440057399.0,tayybahyasin,robby.moto
63104890339.0,63264521405.0,tayybahyasin,_nasymal
63104890339.0,63079722581.0,tayybahyasin,theblessedadrian_
63104890339.0,66344506599.0,tayybahyasin,herrymloge9575
63104890339.0,66769627005.0,tayybahyasin,exileonmainst_
63104890339.0,63052518832.0,tayybahyasin,izzie3030
63104890339.0,67043435032.0,tayybahyasin,huzai_fa2686
63104890339.0,66300673795.0,tayybahyasin,pruspiotr_98
63104890339.0,63881390932.0,tayybahyasin,reyimilano25
63104890339.0,66450183215.0,tayybahyasin,ass_huh_lee
63104890339.0,63459388837.0,tayybahyasin,hayatnaseri1
63104890339.0,66417886528.0,tayybahyasin,whymadyyy
63104890339.0,66411901180.0,tayybahyasin,mayornayr
63104890339.0,66088919531.0,tayybahyasin,foreign_richard
63104890339.0,65788096345.0,tayybahyasin,the_mini_manager
63104890339.0,36898355167.0,tayybahyasin,molltake2
63104890339.0,55521938058.0,tayybahyasin,truth.ranger
63104890339.0,63220252250.0,tayybahyasin,phreqoenxi
63104890339.0,63793268311.0,tayybahyasin,003tretre
63104890339.0,63266521703.0,tayybahyasin,melo_malebo
63104890339.0,65707012628.0,tayybahyasin,chelseabearx
63104890339.0,66364338809.0,tayybahyasin,saimaa._.786
63104890339.0,63948103385.0,tayybahyasin,spooky_little_heart
63104890339.0,64199209199.0,tayybahyasin,cottoncandyygirll
63104890339.0,63470524206.0,tayybahyasin,affaqrana
63104890339.0,199292581.0,tayybahyasin,nikkisrandoms
63104890339.0,63474539832.0,tayybahyasin,yg.sam
63104890339.0,63089150315.0,tayybahyasin,pgktr
63104890339.0,64224976239.0,tayybahyasin,raccyraccoon
63104890339.0,63405053608.0,tayybahyasin,ace.febreeze
63104890339.0,65167554010.0,tayybahyasin,iheartmilliexmoxxi_
63104890339.0,63240274903.0,tayybahyasin,jade0rade
63104890339.0,5003802109.0,tayybahyasin,andleebb_
63104890339.0,63820314872.0,tayybahyasin,happ.ygirl6917
63104890339.0,63243418374.0,tayybahyasin,subtotalpoet
63104890339.0,63507872984.0,tayybahyasin,mychaelablatta
63104890339.0,55575635916.0,tayybahyasin,lcpookc
63104890339.0,63070311372.0,tayybahyasin,tiffanypep
63104890339.0,64327332683.0,tayybahyasin,montsponts
63104890339.0,62934543536.0,tayybahyasin,ro.road
63104890339.0,63512555665.0,tayybahyasin,nwodg
63104890339.0,63121428987.0,tayybahyasin,williet70
63104890339.0,63492601888.0,tayybahyasin,lilhoneybuttereats
63104890339.0,63293740129.0,tayybahyasin,albinaeminova_
63104890339.0,3182628556.0,tayybahyasin,ash.morse1116
63104890339.0,64612868649.0,tayybahyasin,omnidexxghost
63104890339.0,23280124743.0,tayybahyasin,bamxcv
63104890339.0,64136929084.0,tayybahyasin,areohseawhy
63104890339.0,63484952568.0,tayybahyasin,big_tortoise_goth_gf
63104890339.0,63056091465.0,tayybahyasin,not_klitton
63104890339.0,62881798100.0,tayybahyasin,pinkgirlgems
63104890339.0,63457193246.0,tayybahyasin,prof.thimbleberry
63104890339.0,64219829722.0,tayybahyasin,richay.bikhari
63104890339.0,63224836145.0,tayybahyasin,clurrvoyance
63104890339.0,54222055216.0,tayybahyasin,spearsolrid
63104890339.0,64479498289.0,tayybahyasin,hates_milk
63104890339.0,63451274408.0,tayybahyasin,sleepyxbunnii
63104890339.0,63279071240.0,tayybahyasin,tsvndra
63104890339.0,63409287881.0,tayybahyasin,teroc914
63104890339.0,6193901243.0,tayybahyasin,hecate.xhc
63104890339.0,63261413757.0,tayybahyasin,sethappeal
63104890339.0,64036195205.0,tayybahyasin,piss.flaps69
63104890339.0,63466345104.0,tayybahyasin,friend_request_from_jms
63104890339.0,64133171263.0,tayybahyasin,hhhvnnah
63104890339.0,63380617256.0,tayybahyasin,andislyy
63104890339.0,47062152928.0,tayybahyasin,_walkerjeremiah777
63104890339.0,63412487224.0,tayybahyasin,sarahdinh_
63104890339.0,63424490516.0,tayybahyasin,___kristen.n
63104890339.0,63066764256.0,tayybahyasin,mindfulasfuk
63104890339.0,49659251795.0,tayybahyasin,dear.johnnie
63104890339.0,63156308928.0,tayybahyasin,aiirbearmusic
63104890339.0,63505367898.0,tayybahyasin,meranibunni
63104890339.0,55097284075.0,tayybahyasin,infinitesarina
63104890339.0,63146382266.0,tayybahyasin,_flowersandlace_
63104890339.0,63286072672.0,tayybahyasin,madebyrichi
63104890339.0,56985722192.0,tayybahyasin,gracieswifty
63104890339.0,63045269821.0,tayybahyasin,_purrrla
63104890339.0,63391987351.0,tayybahyasin,lessyoulie
63104890339.0,63395645265.0,tayybahyasin,digital.icarus
63104890339.0,63078641584.0,tayybahyasin,disdain_in_the_membrane
63104890339.0,63085514490.0,tayybahyasin,thetherapist2.0
63104890339.0,63428314506.0,tayybahyasin,torianneivan
63104890339.0,26158454.0,tayybahyasin,catherinecoe
63104890339.0,63368525732.0,tayybahyasin,calebdaman__24
63104890339.0,16196970.0,tayybahyasin,nikki_mz21
63104890339.0,63076023517.0,tayybahyasin,_yo._.mama._
63104890339.0,13464962.0,tayybahyasin,melon.collie.court
63104890339.0,63474393633.0,tayybahyasin,mynameisnotstephen
63104890339.0,63099414300.0,tayybahyasin,carlopatenia
63104890339.0,63234130873.0,tayybahyasin,youabsolutefool
63104890339.0,61858706369.0,tayybahyasin,pinkpixiemoon
63104890339.0,63427602142.0,tayybahyasin,dentedprinter
63436388563.0,70872730074.0,shannon.rose.00,dailysh1tpost
63436388563.0,63288329033.0,shannon.rose.00,pandaandpets
63436388563.0,66044511768.0,shannon.rose.00,lucyinfinityx
63436388563.0,66332556733.0,shannon.rose.00,lukepreece5
63436388563.0,63121428987.0,shannon.rose.00,williet70
63436388563.0,65641146763.0,shannon.rose.00,deric_263
215266229.0,63297752471.0,lost_b3autiful_soul,jamayaxx
63414308965.0,68888587932.0,starrr.seed,erinnerinnerin
63414308965.0,63280651402.0,starrr.seed,sturdysturtevant
63414308965.0,63285541845.0,starrr.seed,its.clox
63414308965.0,63209433517.0,starrr.seed,kelsey.reanne
63414308965.0,63082029113.0,starrr.seed,finer_thingx
63414308965.0,65788096345.0,starrr.seed,the_mini_manager
63414308965.0,64930856032.0,starrr.seed,beemraj.bhagwandin6
63414308965.0,63372607551.0,starrr.seed,okido22
63414308965.0,63376646951.0,starrr.seed,luchaaavandross
63414308965.0,66430902627.0,starrr.seed,blackdelflowrd
63414308965.0,66332556733.0,starrr.seed,lukepreece5
63414308965.0,65053362224.0,starrr.seed,ms.nonchalant_21
63414308965.0,65843548839.0,starrr.seed,boojie.babyyy
63414308965.0,9759649082.0,starrr.seed,nataly.queenofcups
63414308965.0,67083291585.0,starrr.seed,inks_by_kayla
63414308965.0,66088919531.0,starrr.seed,foreign_richard
63414308965.0,66044511768.0,starrr.seed,lucyinfinityx
63414308965.0,63272152246.0,starrr.seed,tracieverett
63414308965.0,65107790161.0,starrr.seed,nona_kerryandfriends
63414308965.0,63793268311.0,starrr.seed,003tretre
63414308965.0,63414059120.0,starrr.seed,alyssanashart
63414308965.0,66393265019.0,starrr.seed,lovesmagicuniverse
63414308965.0,66333805909.0,starrr.seed,speedtreez
63414308965.0,66203431788.0,starrr.seed,indyhoneu
63414308965.0,66344506599.0,starrr.seed,herrymloge9575
63414308965.0,63296284148.0,starrr.seed,rageagainstleaves2
63414308965.0,13211767477.0,starrr.seed,annie_atom
63414308965.0,64608644575.0,starrr.seed,daisyslittlemeadow
63414308965.0,63367070002.0,starrr.seed,donttouchthediscoball
63414308965.0,63069659062.0,starrr.seed,gokhand.44
63414308965.0,63342771996.0,starrr.seed,triumphantly.me
63414308965.0,63423805146.0,starrr.seed,kingtayinspires
63414308965.0,65063699370.0,starrr.seed,mayorbrent1
63414308965.0,65479410388.0,starrr.seed,locd_n_loved78
63414308965.0,63264521405.0,starrr.seed,_nasymal
63414308965.0,6029822059.0,starrr.seed,cosmiceureka
63414308965.0,65707012628.0,starrr.seed,chelseabearx
63414308965.0,66411901180.0,starrr.seed,mayornayr
63414308965.0,63240274903.0,starrr.seed,jade0rade
63414308965.0,67083209919.0,starrr.seed,just_wannabefree
63414308965.0,64120413664.0,starrr.seed,curlyheadfitchic_
63414308965.0,66285176146.0,starrr.seed,cierra.vlogs
63414308965.0,66293359095.0,starrr.seed,softwarekangofficial
63414308965.0,258034052.0,starrr.seed,rickyatoms
629938847.0,63658696143.0,delaurean1701,ahkiez
629938847.0,66311329919.0,delaurean1701,laaye47
629938847.0,63101702777.0,delaurean1701,hgentges2
63038582216.0,64541197990.0,ppopernack,ella.edgy
63038582216.0,63103460460.0,ppopernack,exnihilo.arts
63038582216.0,66347880302.0,ppopernack,hatfieldbillyjoe447
63038582216.0,59063961926.0,ppopernack,fq3m7q2f
63038582216.0,63240659515.0,ppopernack,rebecca.hrndz
63038582216.0,65113336515.0,ppopernack,ana.berts
63038582216.0,63273352824.0,ppopernack,wibo_23
63038582216.0,68334934711.0,ppopernack,gokulnb740
63038582216.0,63414308965.0,ppopernack,starrr.seed
63038582216.0,63069659062.0,ppopernack,gokhand.44
63038582216.0,66842566278.0,ppopernack,2creamy2peachy
63038582216.0,65133532798.0,ppopernack,fosterkatina
63038582216.0,66614917567.0,ppopernack,matheus_tips_100
63038582216.0,64605495809.0,ppopernack,elek_natures_world
63038582216.0,66311329919.0,ppopernack,laaye47
63038582216.0,66354331769.0,ppopernack,divyanshupriydrashi
64136929084.0,69858622841.0,areohseawhy,igakoncka
64136929084.0,55097284075.0,areohseawhy,infinitesarina
64136929084.0,66928294709.0,areohseawhy,miah_bby_gallagher
64136929084.0,66769627005.0,areohseawhy,exileonmainst_
64136929084.0,63793268311.0,areohseawhy,003tretre
64136929084.0,66564793740.0,areohseawhy,kkyanaandrea
64136929084.0,63160990349.0,areohseawhy,urfavvannah
64136929084.0,66333805909.0,areohseawhy,speedtreez
64136929084.0,65107790161.0,areohseawhy,nona_kerryandfriends
64136929084.0,65843548839.0,areohseawhy,boojie.babyyy
64136929084.0,63440057399.0,areohseawhy,robby.moto
64136929084.0,63089150315.0,areohseawhy,pgktr
64136929084.0,63152517622.0,areohseawhy,helenhensell
64136929084.0,63238327570.0,areohseawhy,graciiesullivan
64136929084.0,66411901180.0,areohseawhy,mayornayr
64136929084.0,63099414300.0,areohseawhy,carlopatenia
64136929084.0,66416539142.0,areohseawhy,leeyucx6
64136929084.0,63045269821.0,areohseawhy,_purrrla
64136929084.0,63281657974.0,areohseawhy,kalimariamoon
64136929084.0,63438326017.0,areohseawhy,spookyy.ellie
64136929084.0,65707012628.0,areohseawhy,chelseabearx
64136929084.0,63405053608.0,areohseawhy,ace.febreeze
64136929084.0,346013008.0,areohseawhy,soggy__burrito
64136929084.0,65433971386.0,areohseawhy,nickyguns84
64136929084.0,63233794888.0,areohseawhy,xamphetanina
64136929084.0,66965693561.0,areohseawhy,janelleslama26
64136929084.0,63424490516.0,areohseawhy,___kristen.n
64136929084.0,66430902627.0,areohseawhy,blackdelflowrd
64136929084.0,63250938701.0,areohseawhy,thejayspotof
64136929084.0,61336722799.0,areohseawhy,mike_cooler21
64136929084.0,63368525732.0,areohseawhy,calebdaman__24
64136929084.0,63372607551.0,areohseawhy,okido22
64136929084.0,63044005198.0,areohseawhy,viktoriaakills
64136929084.0,63442412037.0,areohseawhy,vng.lxvi
64136929084.0,65111508547.0,areohseawhy,e8.hv
64136929084.0,63451274408.0,areohseawhy,sleepyxbunnii
64136929084.0,63257400219.0,areohseawhy,ghoststrats
64136929084.0,63488794232.0,areohseawhy,king_juzo1
64136929084.0,65290479680.0,areohseawhy,adilsonn.manuel
64136929084.0,63423876041.0,areohseawhy,mackieatmyhouse
64136929084.0,63496224629.0,areohseawhy,valerixys
64136929084.0,65464976011.0,areohseawhy,deerinasuitinc
64136929084.0,64327332683.0,areohseawhy,montsponts
64136929084.0,63278984606.0,areohseawhy,kiddynomite.nzo
64136929084.0,63070311372.0,areohseawhy,tiffanypep
64136929084.0,65310177512.0,areohseawhy,abs_ro
64136929084.0,65113336515.0,areohseawhy,ana.berts
64136929084.0,63484553927.0,areohseawhy,blk_x_
64136929084.0,63286072672.0,areohseawhy,madebyrichi
64136929084.0,64779603169.0,areohseawhy,666papi_chulo
64136929084.0,291424715.0,areohseawhy,liv.mid
64136929084.0,63430014586.0,areohseawhy,paul.pillio
64136929084.0,63300306253.0,areohseawhy,teairrajariee
64136929084.0,63384825257.0,areohseawhy,vivekchalasani7
64136929084.0,64456781629.0,areohseawhy,thelittlemaryjane_
64136929084.0,63240274903.0,areohseawhy,jade0rade
64136929084.0,63448816026.0,areohseawhy,spanishmamialee_xo
64136929084.0,64608710552.0,areohseawhy,nefarious.vampire
64136929084.0,61858706369.0,areohseawhy,pinkpixiemoon
64136929084.0,63857840052.0,areohseawhy,merciphilly
64136929084.0,63078641584.0,areohseawhy,disdain_in_the_membrane
64136929084.0,63527255724.0,areohseawhy,originalmks
64136929084.0,17908075849.0,areohseawhy,8thhousebeauty
64136929084.0,8175057217.0,areohseawhy,t.svndra
64136929084.0,64608113603.0,areohseawhy,jharless__
64136929084.0,63104890339.0,areohseawhy,tayybahyasin
64136929084.0,36335954.0,areohseawhy,mckayla.rie
64136929084.0,63084055694.0,areohseawhy,rotgarden
64136929084.0,48060469402.0,areohseawhy,soda__kat
64136929084.0,62934543536.0,areohseawhy,ro.road
64136929084.0,63313610700.0,areohseawhy,brock0509
64136929084.0,63156308928.0,areohseawhy,aiirbearmusic
64136929084.0,64036195205.0,areohseawhy,piss.flaps69
64136929084.0,63304247951.0,areohseawhy,cloberries
64136929084.0,63131606124.0,areohseawhy,_neonrainbow__26
64136929084.0,47062152928.0,areohseawhy,_walkerjeremiah777
64136929084.0,63512555665.0,areohseawhy,nwodg
64136929084.0,64334799148.0,areohseawhy,jazzcabbageenthusiast69
64136929084.0,1537556648.0,areohseawhy,bruh.itsoenhoenh
64136929084.0,63409700279.0,areohseawhy,ketchup.jessi
64136929084.0,53223380198.0,areohseawhy,amiraforthesun
1382542467.0,63389431195.0,drakin540,shineyrays
64695130754.0,63402005020.0,jbsocialstudio,steely.xan
64695130754.0,64685242307.0,jbsocialstudio,phoenixcorndog
64695130754.0,64515613277.0,jbsocialstudio,fashionbyedelbands
64695130754.0,66564793740.0,jbsocialstudio,kkyanaandrea
64695130754.0,63428870110.0,jbsocialstudio,bob_b_1961
64695130754.0,65788096345.0,jbsocialstudio,the_mini_manager
64695130754.0,63367070002.0,jbsocialstudio,donttouchthediscoball
64695130754.0,64985081219.0,jbsocialstudio,fabfivebriggs
64695130754.0,304861406.0,jbsocialstudio,shalanda3
65066491421.0,63733837199.0,buttercup.babyyx,jp3_the_pro
65066491421.0,63474539832.0,buttercup.babyyx,yg.sam
65066491421.0,63474393633.0,buttercup.babyyx,mynameisnotstephen
65066491421.0,62934543536.0,buttercup.babyyx,ro.road
65066491421.0,65120907377.0,buttercup.babyyx,catgod587
65066491421.0,65641146763.0,buttercup.babyyx,deric_263
65066491421.0,63234130873.0,buttercup.babyyx,youabsolutefool
65066491421.0,63409700279.0,buttercup.babyyx,ketchup.jessi
65066491421.0,63070311372.0,buttercup.babyyx,tiffanypep
65066491421.0,49659251795.0,buttercup.babyyx,dear.johnnie
65066491421.0,63084055694.0,buttercup.babyyx,rotgarden
65066491421.0,63405053608.0,buttercup.babyyx,ace.febreeze
65066491421.0,63507872984.0,buttercup.babyyx,mychaelablatta
65066491421.0,229130252.0,buttercup.babyyx,pizza_prevail
65066491421.0,64779603169.0,buttercup.babyyx,666papi_chulo
65066491421.0,64612868649.0,buttercup.babyyx,omnidexxghost
65066491421.0,1014892401.0,buttercup.babyyx,kelscoll
65066491421.0,64456781629.0,buttercup.babyyx,thelittlemaryjane_
65066491421.0,61858706369.0,buttercup.babyyx,pinkpixiemoon
65066491421.0,63233794888.0,buttercup.babyyx,xamphetanina
65066491421.0,63278984606.0,buttercup.babyyx,kiddynomite.nzo
65066491421.0,63085514490.0,buttercup.babyyx,thetherapist2.0
65066491421.0,291424715.0,buttercup.babyyx,liv.mid
65066491421.0,62974736024.0,buttercup.babyyx,imdamonconway
65066491421.0,63156308928.0,buttercup.babyyx,aiirbearmusic
65066491421.0,63423876041.0,buttercup.babyyx,mackieatmyhouse
65066491421.0,63078641584.0,buttercup.babyyx,disdain_in_the_membrane
65066491421.0,64036195205.0,buttercup.babyyx,piss.flaps69
65066491421.0,63512555665.0,buttercup.babyyx,nwodg
65066491421.0,63402620589.0,buttercup.babyyx,milkman.core
63465297423.0,63286072672.0,aurainsanity,madebyrichi
63465297423.0,70383034771.0,aurainsanity,coastalyarnworx
63465297423.0,66776324537.0,aurainsanity,juuleessss2.0
63465297423.0,67924453501.0,aurainsanity,sickchickkie
63465297423.0,63434618598.0,aurainsanity,fawngoodwine
63465297423.0,63063007518.0,aurainsanity,soooooobbygirl
63465297423.0,63421967386.0,aurainsanity,itsjust_jymie
63465297423.0,63423876041.0,aurainsanity,mackieatmyhouse
63465297423.0,65857235588.0,aurainsanity,pig.whiskers
63465297423.0,70161682036.0,aurainsanity,welcometothealterlyfe
63465297423.0,62974736024.0,aurainsanity,imdamonconway
63465297423.0,63091461877.0,aurainsanity,sp00pkittn
63465297423.0,69858622841.0,aurainsanity,igakoncka
63465297423.0,64985081219.0,aurainsanity,fabfivebriggs
63465297423.0,3182628556.0,aurainsanity,ash.morse1116
63465297423.0,63079825619.0,aurainsanity,kateshelty
63465297423.0,63070311372.0,aurainsanity,tiffanypep
63465297423.0,63376646951.0,aurainsanity,luchaaavandross
63465297423.0,68731363685.0,aurainsanity,it_aint_fair_jear
63465297423.0,54222055216.0,aurainsanity,spearsolrid
63465297423.0,66450183215.0,aurainsanity,ass_huh_lee
63465297423.0,63484952568.0,aurainsanity,big_tortoise_goth_gf
63465297423.0,64930856032.0,aurainsanity,beemraj.bhagwandin6
63465297423.0,63793268311.0,aurainsanity,003tretre
63465297423.0,63251519216.0,aurainsanity,_mona_lisa215
63465297423.0,65433971386.0,aurainsanity,nickyguns84
63465297423.0,67789785187.0,aurainsanity,9ca1b8d02a
63465297423.0,66088919531.0,aurainsanity,foreign_richard
63465297423.0,65818848718.0,aurainsanity,mrs.und3rstood
63465297423.0,63474539832.0,aurainsanity,yg.sam
63465297423.0,65676038694.0,aurainsanity,poorxkitty
63465297423.0,66561421601.0,aurainsanity,theinversecollection
63465297423.0,63294876280.0,aurainsanity,ghxst.angxl
63465297423.0,63619112152.0,aurainsanity,valleyvegetarian
63465297423.0,65843548839.0,aurainsanity,boojie.babyyy
63465297423.0,63440057399.0,aurainsanity,robby.moto
63465297423.0,65398772528.0,aurainsanity,alexidewriter
63465297423.0,65707012628.0,aurainsanity,chelseabearx
63465297423.0,63421263906.0,aurainsanity,jenna_mcleod_author_
63465297423.0,63372607551.0,aurainsanity,okido22
63465297423.0,66285176146.0,aurainsanity,cierra.vlogs
63465297423.0,66332556733.0,aurainsanity,lukepreece5
63465297423.0,63272152246.0,aurainsanity,tracieverett
63465297423.0,63460213473.0,aurainsanity,sojournerweaver
63465297423.0,66293359095.0,aurainsanity,softwarekangofficial
63465297423.0,1601208138.0,aurainsanity,xogiinge
63465297423.0,48060469402.0,aurainsanity,soda__kat
63465297423.0,63069579229.0,aurainsanity,stfaery
63465297423.0,63233794888.0,aurainsanity,xamphetanina
63465297423.0,65788096345.0,aurainsanity,the_mini_manager
63465297423.0,63063763812.0,aurainsanity,thefoxglovefairyy
63465297423.0,63052518832.0,aurainsanity,izzie3030
63465297423.0,62934543536.0,aurainsanity,ro.road
2140094309.0,70090860545.0,latvianaphrodite,very.sedated
2140094309.0,48885407994.0,latvianaphrodite,thisliagoesto11
2140094309.0,63574599550.0,latvianaphrodite,hmphmamashank
2140094309.0,63402005020.0,latvianaphrodite,steely.xan
2140094309.0,66450183215.0,latvianaphrodite,ass_huh_lee
2140094309.0,63440057399.0,latvianaphrodite,robby.moto
2140094309.0,65433971386.0,latvianaphrodite,nickyguns84
2140094309.0,66044511768.0,latvianaphrodite,lucyinfinityx
2140094309.0,181192826.0,latvianaphrodite,kacdesr
2140094309.0,63372607551.0,latvianaphrodite,okido22
2140094309.0,4276751.0,latvianaphrodite,p0cahotass
2140094309.0,63098637923.0,latvianaphrodite,jenthelittlebird
2140094309.0,63259825937.0,latvianaphrodite,itsjusterianna
2140094309.0,63395645265.0,latvianaphrodite,digital.icarus
2140094309.0,63460213473.0,latvianaphrodite,sojournerweaver
2140094309.0,63245083217.0,latvianaphrodite,wallflower.marie
2140094309.0,66450700767.0,latvianaphrodite,lady_arty19
2140094309.0,66272878687.0,latvianaphrodite,brandon_zombi3
2140094309.0,65107790161.0,latvianaphrodite,nona_kerryandfriends
2140094309.0,64608644575.0,latvianaphrodite,daisyslittlemeadow
2140094309.0,67052260968.0,latvianaphrodite,livvybivvygirl
2140094309.0,66769627005.0,latvianaphrodite,exileonmainst_
2140094309.0,63250938701.0,latvianaphrodite,thejayspotof
2140094309.0,64005677465.0,latvianaphrodite,marleen_24_7
2140094309.0,63261413757.0,latvianaphrodite,sethappeal
2140094309.0,66380543581.0,latvianaphrodite,frankthefifth
65801177694.0,66411901180.0,midasthegoldenween,mayornayr
1029743804.0,63412882515.0,tony2930,michaela.wtf
1029743804.0,63240659515.0,tony2930,rebecca.hrndz
1029743804.0,66378848981.0,tony2930,mercedeesbettis
1029743804.0,69544438438.0,tony2930,poro.puff
1029743804.0,64244979012.0,tony2930,mr.matthewkylewhitt.s
1029743804.0,66272878687.0,tony2930,brandon_zombi3
1029743804.0,66106763118.0,tony2930,wilmingtoncroat
1029743804.0,65107790161.0,tony2930,nona_kerryandfriends
1029743804.0,67083209919.0,tony2930,just_wannabefree
1029743804.0,66769627005.0,tony2930,exileonmainst_
67083291585.0,68645733938.0,inks_by_kayla,waxpen
67083291585.0,63281657974.0,inks_by_kayla,kalimariamoon
67083291585.0,6704565835.0,inks_by_kayla,yanadascientist
67083291585.0,64600348460.0,inks_by_kayla,msandreacamille
67083291585.0,63603904987.0,inks_by_kayla,_nettia01
67083291585.0,63394718749.0,inks_by_kayla,_mrwest_
67083291585.0,63402886359.0,inks_by_kayla,dawn8957
67083291585.0,65479410388.0,inks_by_kayla,locd_n_loved78
67083291585.0,63404132645.0,inks_by_kayla,ajmstoryteller
67083291585.0,66203431788.0,inks_by_kayla,indyhoneu
63098637923.0,68927363440.0,jenthelittlebird,roguecurrents
63098637923.0,66044511768.0,jenthelittlebird,lucyinfinityx
63098637923.0,68731363685.0,jenthelittlebird,it_aint_fair_jear
63098637923.0,66450183215.0,jenthelittlebird,ass_huh_lee
63098637923.0,63281657974.0,jenthelittlebird,kalimariamoon
63098637923.0,63402005020.0,jenthelittlebird,steely.xan
63098637923.0,63460213473.0,jenthelittlebird,sojournerweaver
63098637923.0,63052518832.0,jenthelittlebird,izzie3030
63098637923.0,66746429730.0,jenthelittlebird,sangita3193kumari
63098637923.0,63372607551.0,jenthelittlebird,okido22
63098637923.0,66862133342.0,jenthelittlebird,ethan.freedman.journo
63098637923.0,2140094309.0,jenthelittlebird,latvianaphrodite
63098637923.0,63261413757.0,jenthelittlebird,sethappeal
63098637923.0,66380543581.0,jenthelittlebird,frankthefifth
63098637923.0,66310528092.0,jenthelittlebird,cloudedlaughs
63098637923.0,66272878687.0,jenthelittlebird,brandon_zombi3
63098637923.0,63381245915.0,jenthelittlebird,jameswritesurprisingly
63098637923.0,66411901180.0,jenthelittlebird,mayornayr
63098637923.0,64005677465.0,jenthelittlebird,marleen_24_7
63098637923.0,63450540425.0,jenthelittlebird,thatspookybabe99
63098637923.0,48624504318.0,jenthelittlebird,ashleyrabbitdraws
63423805146.0,63381260349.0,kingtayinspires,iam_laronanthony__
63423805146.0,63314498242.0,kingtayinspires,chanelljwilson
63423805146.0,63076023517.0,kingtayinspires,_yo._.mama._
63423805146.0,42314569252.0,kingtayinspires,saint_diabolical
63423805146.0,65843548839.0,kingtayinspires,boojie.babyyy
63423805146.0,63079722581.0,kingtayinspires,theblessedadrian_
63423805146.0,64600348460.0,kingtayinspires,msandreacamille
63423805146.0,66300673795.0,kingtayinspires,pruspiotr_98
63423805146.0,66285176146.0,kingtayinspires,cierra.vlogs
63423805146.0,63414308965.0,kingtayinspires,starrr.seed
63423805146.0,66293359095.0,kingtayinspires,softwarekangofficial
63423805146.0,66203431788.0,kingtayinspires,indyhoneu
63423805146.0,6029822059.0,kingtayinspires,cosmiceureka
63227494460.0,70171962998.0,torijanerises,reeselandrypoetry
63227494460.0,63477184572.0,torijanerises,kwpledger
63227494460.0,68927363440.0,torijanerises,roguecurrents
63227494460.0,68315991323.0,torijanerises,halonoelle93
63227494460.0,67360712488.0,torijanerises,windsorharmreduction.oat
63227494460.0,66411901180.0,torijanerises,mayornayr
63227494460.0,65707012628.0,torijanerises,chelseabearx
63227494460.0,63068599567.0,torijanerises,mikehos3
63227494460.0,63368525732.0,torijanerises,calebdaman__24
63227494460.0,63238327570.0,torijanerises,graciiesullivan
63227494460.0,63050014333.0,torijanerises,pizzapapi_parmeshawn
63227494460.0,64587793450.0,torijanerises,foodandfamily73
63227494460.0,63320809409.0,torijanerises,techronic9876
63227494460.0,63053502582.0,torijanerises,indyjcl
63227494460.0,63421157868.0,torijanerises,sachinpc9
63227494460.0,63054925606.0,torijanerises,asamimakes
63227494460.0,63381245915.0,torijanerises,jameswritesurprisingly
63434090607.0,63156308928.0,shamimkhan.9,aiirbearmusic
63434090607.0,66016189508.0,shamimkhan.9,gangqixing79lool
63434090607.0,63077484077.0,shamimkhan.9,neemgod
63434090607.0,55655308792.0,shamimkhan.9,justin_zman1988
63434090607.0,63228987617.0,shamimkhan.9,austinmcgrady
63434090607.0,66598730637.0,shamimkhan.9,kyle_chiesa
63434090607.0,65063699370.0,shamimkhan.9,mayorbrent1
63434090607.0,65053362224.0,shamimkhan.9,ms.nonchalant_21
63434090607.0,63310626224.0,shamimkhan.9,jackiesstrength73
63434090607.0,45946009988.0,shamimkhan.9,abri1martinez
63259825937.0,63426811037.0,itsjusterianna,red.the.living.dead
63259825937.0,63227851797.0,itsjusterianna,wristbanger
63259825937.0,67516854676.0,itsjusterianna,kendrabitches
63259825937.0,63423876041.0,itsjusterianna,mackieatmyhouse
63259825937.0,69638162998.0,itsjusterianna,actuallyelastigirl
63259825937.0,70561390788.0,itsjusterianna,bratzdoll838
63259825937.0,70324777506.0,itsjusterianna,laceyrenee_____
63259825937.0,65857235588.0,itsjusterianna,pig.whiskers
63259825937.0,69436492686.0,itsjusterianna,thataltdoll
63259825937.0,70848680772.0,itsjusterianna,blazing__hell
63259825937.0,70161682036.0,itsjusterianna,welcometothealterlyfe
63259825937.0,70440826177.0,itsjusterianna,silverpan
63259825937.0,63421967386.0,itsjusterianna,itsjust_jymie
63259825937.0,63279071240.0,itsjusterianna,tsvndra
63259825937.0,63376646951.0,itsjusterianna,luchaaavandross
63259825937.0,69858622841.0,itsjusterianna,igakoncka
63259825937.0,64492365397.0,itsjusterianna,fuckits420247365
63259825937.0,68315991323.0,itsjusterianna,halonoelle93
63259825937.0,66331704935.0,itsjusterianna,laudiee_lou
63259825937.0,63612160116.0,itsjusterianna,darkruni
63259825937.0,68767047701.0,itsjusterianna,ill_behave
63259825937.0,65676038694.0,itsjusterianna,poorxkitty
63259825937.0,68731363685.0,itsjusterianna,it_aint_fair_jear
63259825937.0,68518283340.0,itsjusterianna,__.tilley.__
63259825937.0,4373525563.0,itsjusterianna,nicklovinz1337
63259825937.0,66450183215.0,itsjusterianna,ass_huh_lee
63259825937.0,67699043340.0,itsjusterianna,strawbabeshortcake
63259825937.0,67623458635.0,itsjusterianna,victoriaaagraves
63259825937.0,7121824999.0,itsjusterianna,schiz.hoe
63259825937.0,64608644575.0,itsjusterianna,daisyslittlemeadow
63259825937.0,67052260968.0,itsjusterianna,livvybivvygirl
63259825937.0,65788096345.0,itsjusterianna,the_mini_manager
63259825937.0,64529790291.0,itsjusterianna,alina.b.nova
63259825937.0,65411226874.0,itsjusterianna,codieleeando
63259825937.0,63369206357.0,itsjusterianna,cfjne_
63259825937.0,66044511768.0,itsjusterianna,lucyinfinityx
63259825937.0,63372607551.0,itsjusterianna,okido22
63259825937.0,65843548839.0,itsjusterianna,boojie.babyyy
63259825937.0,66344506599.0,itsjusterianna,herrymloge9575
63259825937.0,66272878687.0,itsjusterianna,brandon_zombi3
63259825937.0,63286072672.0,itsjusterianna,madebyrichi
63259825937.0,63099414300.0,itsjusterianna,carlopatenia
63259825937.0,63278984606.0,itsjusterianna,kiddynomite.nzo
63259825937.0,49219731698.0,itsjusterianna,amoncityx
63259825937.0,63241092044.0,itsjusterianna,irteza_gunner3567
63259825937.0,66411901180.0,itsjusterianna,mayornayr
63259825937.0,63327832387.0,itsjusterianna,clouds_of_gray
63259825937.0,67043435032.0,itsjusterianna,huzai_fa2686
63259825937.0,63581948607.0,itsjusterianna,cotnerjoe
63259825937.0,65548923826.0,itsjusterianna,bonnie_darco
63259825937.0,65735645865.0,itsjusterianna,nickalex46
63259825937.0,66992746726.0,itsjusterianna,ris_tisms
63259825937.0,66310528092.0,itsjusterianna,cloudedlaughs
63259825937.0,66769627005.0,itsjusterianna,exileonmainst_
63259825937.0,66553483076.0,itsjusterianna,blissful1249
63259825937.0,2140094309.0,itsjusterianna,latvianaphrodite
63259825937.0,317756126.0,itsjusterianna,333.sc.333
63259825937.0,66285176146.0,itsjusterianna,cierra.vlogs
63259825937.0,66658360254.0,itsjusterianna,17theycallme_dior
63259825937.0,3182628556.0,itsjusterianna,ash.morse1116
63259825937.0,64048571250.0,itsjusterianna,joseesaanzz06
63259825937.0,181192826.0,itsjusterianna,kacdesr
63259825937.0,63245083217.0,itsjusterianna,wallflower.marie
63259825937.0,63048197823.0,itsjusterianna,toadr0ad
63259825937.0,64998042693.0,itsjusterianna,lady_alexandrite_111
63259825937.0,66450700767.0,itsjusterianna,lady_arty19
63259825937.0,65932713393.0,itsjusterianna,fckitfcku
63259825937.0,63254455739.0,itsjusterianna,kailasullivan
63259825937.0,63440057399.0,itsjusterianna,robby.moto
63259825937.0,65576007559.0,itsjusterianna,tsundraaa
63259825937.0,63085514490.0,itsjusterianna,thetherapist2.0
63259825937.0,63793268311.0,itsjusterianna,003tretre
63259825937.0,66430902627.0,itsjusterianna,blackdelflowrd
63259825937.0,63052518832.0,itsjusterianna,izzie3030
63259825937.0,65464976011.0,itsjusterianna,deerinasuitinc
63259825937.0,63133854921.0,itsjusterianna,mooncatkait
63259825937.0,63125607968.0,itsjusterianna,razorslitwrist
63259825937.0,63250938701.0,itsjusterianna,thejayspotof
63259825937.0,3172060771.0,itsjusterianna,christina._jpg
63259825937.0,63407783060.0,itsjusterianna,_addyw_
63425595794.0,69221625813.0,betahoodie,nice_bajablast
63425595794.0,70872730074.0,betahoodie,dailysh1tpost
63425595794.0,67138257125.0,betahoodie,dirty.is.dead
63425595794.0,71864305843.0,betahoodie,ur_favourite_kitten
63425595794.0,71324892320.0,betahoodie,officialsrscinema
63425595794.0,70987061920.0,betahoodie,ethancraft420
63425595794.0,65857235588.0,betahoodie,pig.whiskers
63425595794.0,66378848981.0,betahoodie,mercedeesbettis
63425595794.0,69397439465.0,betahoodie,soriax0
63425595794.0,69847866209.0,betahoodie,turnuppixie
63425595794.0,69436492686.0,betahoodie,thataltdoll
63425595794.0,63281657974.0,betahoodie,kalimariamoon
63425595794.0,69679752901.0,betahoodie,desouzabenp
63425595794.0,66310528092.0,betahoodie,cloudedlaughs
63425595794.0,68654963074.0,betahoodie,severed_knees
63425595794.0,63849652968.0,betahoodie,kay_of_sunshine
63425595794.0,63063007518.0,betahoodie,soooooobbygirl
63425595794.0,64479498289.0,betahoodie,hates_milk
63425595794.0,64492365397.0,betahoodie,fuckits420247365
63425595794.0,65676038694.0,betahoodie,poorxkitty
63425595794.0,63394916712.0,betahoodie,themeg.x
63425595794.0,3182628556.0,betahoodie,ash.morse1116
63425595794.0,66044511768.0,betahoodie,lucyinfinityx
63425595794.0,63423876041.0,betahoodie,mackieatmyhouse
63425595794.0,5633190664.0,betahoodie,rachthemoonbaby2.0
63425595794.0,65012121064.0,betahoodie,omnescence
63425595794.0,63652180511.0,betahoodie,your.old.pal.goldie
63425595794.0,66300673795.0,betahoodie,pruspiotr_98
63425595794.0,63069659062.0,betahoodie,gokhand.44
63425595794.0,63156308928.0,betahoodie,aiirbearmusic
63425595794.0,63052518832.0,betahoodie,izzie3030
63425595794.0,65707012628.0,betahoodie,chelseabearx
63425595794.0,63245083217.0,betahoodie,wallflower.marie
63425595794.0,63948103385.0,betahoodie,spooky_little_heart
63425595794.0,63459250725.0,betahoodie,theedance_zaddyronin
63425595794.0,63050014333.0,betahoodie,pizzapapi_parmeshawn
63425595794.0,66411901180.0,betahoodie,mayornayr
63425595794.0,63056091465.0,betahoodie,not_klitton
63425595794.0,64608710552.0,betahoodie,nefarious.vampire
63425595794.0,63470524206.0,betahoodie,affaqrana
63425595794.0,64724697215.0,betahoodie,onlytsvndra
63425595794.0,62881798100.0,betahoodie,pinkgirlgems
63425595794.0,63451274408.0,betahoodie,sleepyxbunnii
63425595794.0,63278984606.0,betahoodie,kiddynomite.nzo
63425595794.0,65113336515.0,betahoodie,ana.berts
63425595794.0,64327332683.0,betahoodie,montsponts
63425595794.0,63402620589.0,betahoodie,milkman.core
63425595794.0,65576007559.0,betahoodie,tsundraaa
63425595794.0,63070311372.0,betahoodie,tiffanypep
63425595794.0,63405053608.0,betahoodie,ace.febreeze
63425595794.0,64779603169.0,betahoodie,666papi_chulo
63425595794.0,63233794888.0,betahoodie,xamphetanina
63425595794.0,63458688309.0,betahoodie,xoxo.baby16
63425595794.0,1014892401.0,betahoodie,kelscoll
63425595794.0,64036195205.0,betahoodie,piss.flaps69
63425595794.0,54222055216.0,betahoodie,spearsolrid
63425595794.0,63482171278.0,betahoodie,ladyfrost.ttv
63425595794.0,63240274903.0,betahoodie,jade0rade
63425595794.0,3977661033.0,betahoodie,crybbcancer_
63425595794.0,63063763812.0,betahoodie,thefoxglovefairyy
63425595794.0,63474393633.0,betahoodie,mynameisnotstephen
63425595794.0,10093197053.0,betahoodie,greenxxdream
63425595794.0,49219731698.0,betahoodie,amoncityx
63425595794.0,63488794232.0,betahoodie,king_juzo1
63425595794.0,55558514826.0,betahoodie,ironbaeden
63425595794.0,63224836145.0,betahoodie,clurrvoyance
63425595794.0,63493832145.0,betahoodie,liz_can_fly
63425595794.0,63275831139.0,betahoodie,_hellorachelle_
63425595794.0,63105390456.0,betahoodie,mythicalhvbris
63425595794.0,63488657761.0,betahoodie,viktoriaakillz
63425595794.0,62402688359.0,betahoodie,_mknerd_
63425595794.0,63139581350.0,betahoodie,kiiracrush
63425595794.0,61858706369.0,betahoodie,pinkpixiemoon
63425595794.0,8175057217.0,betahoodie,t.svndra
63425595794.0,63370372773.0,betahoodie,spicyfuneral
63425595794.0,63485425763.0,betahoodie,notleahspov
63425595794.0,63078641584.0,betahoodie,disdain_in_the_membrane
63425595794.0,63234130873.0,betahoodie,youabsolutefool
63425595794.0,63261102661.0,betahoodie,shannemnelson
63425595794.0,63044005198.0,betahoodie,viktoriaakills
63425595794.0,63023703165.0,betahoodie,kaci.blue
63425595794.0,63655416292.0,betahoodie,its_jannat_world_09
63425595794.0,63148887318.0,betahoodie,h0e4horror
63425595794.0,63251759092.0,betahoodie,tayy_elaine
63425595794.0,63260201671.0,betahoodie,hexotica
63425595794.0,63424490516.0,betahoodie,___kristen.n
63425595794.0,63388077078.0,betahoodie,_sonderlust
63425595794.0,63484952568.0,betahoodie,big_tortoise_goth_gf
63425595794.0,143698480.0,betahoodie,__j.exe
63425595794.0,63255752916.0,betahoodie,mochiibean
63425595794.0,63450540425.0,betahoodie,thatspookybabe99
63425595794.0,63084785707.0,betahoodie,darius.__jay
63425595794.0,63071647984.0,betahoodie,baabybunni
63425595794.0,63227851797.0,betahoodie,wristbanger
63425595794.0,63243418374.0,betahoodie,subtotalpoet
63425595794.0,63506264040.0,betahoodie,corpselain
63425595794.0,63412882515.0,betahoodie,michaela.wtf
63425595794.0,63124507922.0,betahoodie,dem0n.dad
63425595794.0,4005126603.0,betahoodie,itzkittyok
63425595794.0,63279071240.0,betahoodie,tsvndra
63425595794.0,63249952503.0,betahoodie,yuwonmii
67083209919.0,66285176146.0,just_wannabefree,cierra.vlogs
67083209919.0,63414308965.0,just_wannabefree,starrr.seed
67083209919.0,63076023517.0,just_wannabefree,_yo._.mama._
67083209919.0,66553483076.0,just_wannabefree,blissful1249
63190145699.0,64675389889.0,1nd1g0g0dd3ss41,strawberries1580
63190145699.0,63468376629.0,1nd1g0g0dd3ss41,annebarringer
63190145699.0,63070311372.0,1nd1g0g0dd3ss41,tiffanypep
63190145699.0,66332556733.0,1nd1g0g0dd3ss41,lukepreece5
63190145699.0,63385901862.0,1nd1g0g0dd3ss41,ivette1t
63190145699.0,66293359095.0,1nd1g0g0dd3ss41,softwarekangofficial
63190145699.0,64104221449.0,1nd1g0g0dd3ss41,trich_13
63190145699.0,63090982323.0,1nd1g0g0dd3ss41,cherrykitten333
63190145699.0,63052518832.0,1nd1g0g0dd3ss41,izzie3030
63190145699.0,66411901180.0,1nd1g0g0dd3ss41,mayornayr
63190145699.0,63088054048.0,1nd1g0g0dd3ss41,borntobeweiiird
63190145699.0,65020874839.0,1nd1g0g0dd3ss41,claracianferotti
63190145699.0,63170120182.0,1nd1g0g0dd3ss41,penelope1_4__zimmer
63190145699.0,30260298241.0,1nd1g0g0dd3ss41,alora_jen90
63190145699.0,63619112152.0,1nd1g0g0dd3ss41,valleyvegetarian
63190145699.0,7806225.0,1nd1g0g0dd3ss41,anfbabe
63190145699.0,63507872984.0,1nd1g0g0dd3ss41,mychaelablatta
63441298201.0,65857235588.0,danieleubankk,pig.whiskers
63441298201.0,71864305843.0,danieleubankk,ur_favourite_kitten
63441298201.0,36819953267.0,danieleubankk,jasminee_hartt2
63441298201.0,70872730074.0,danieleubankk,dailysh1tpost
63441298201.0,63161359577.0,danieleubankk,maskxplorer
63441298201.0,63857840052.0,danieleubankk,merciphilly
63441298201.0,63637992384.0,danieleubankk,kkeel1z
63441298201.0,68501202725.0,danieleubankk,therealgxldsociety
63441298201.0,63409700279.0,danieleubankk,ketchup.jessi
63441298201.0,63241092044.0,danieleubankk,irteza_gunner3567
63441298201.0,68888587932.0,danieleubankk,erinnerinnerin
63441298201.0,66044511768.0,danieleubankk,lucyinfinityx
63441298201.0,63076023517.0,danieleubankk,_yo._.mama._
63441298201.0,60872931522.0,danieleubankk,morelandreggie
63441298201.0,63450540425.0,danieleubankk,thatspookybabe99
63441298201.0,63308497363.0,danieleubankk,elisabethyasharahla
63441298201.0,63285541845.0,danieleubankk,its.clox
63441298201.0,67147142996.0,danieleubankk,wilbran509
63441298201.0,63258411514.0,danieleubankk,mrvalvetronix
63441298201.0,63246968931.0,danieleubankk,caption312
63441298201.0,65107790161.0,danieleubankk,nona_kerryandfriends
63441298201.0,63068917394.0,danieleubankk,wsig
63441298201.0,63297752471.0,danieleubankk,jamayaxx
63441298201.0,63099414300.0,danieleubankk,carlopatenia
63441298201.0,66769627005.0,danieleubankk,exileonmainst_
63441298201.0,66332556733.0,danieleubankk,lukepreece5
63441298201.0,63238327570.0,danieleubankk,graciiesullivan
63441298201.0,66300673795.0,danieleubankk,pruspiotr_98
63441298201.0,65615223706.0,danieleubankk,cafollaafonso
63441298201.0,26901217902.0,danieleubankk,brendadiakabana_
63441298201.0,63466345104.0,danieleubankk,friend_request_from_jms
63441298201.0,63070418078.0,danieleubankk,state_of_grace123
63441298201.0,63468376629.0,danieleubankk,annebarringer
63441298201.0,66564793740.0,danieleubankk,kkyanaandrea
63441298201.0,66561421601.0,danieleubankk,theinversecollection
63441298201.0,65439363232.0,danieleubankk,c.cruzzz
63441298201.0,63820314872.0,danieleubankk,happ.ygirl6917
63441298201.0,209612284.0,danieleubankk,kae.la
63441298201.0,63071647984.0,danieleubankk,baabybunni
63441298201.0,65169552762.0,danieleubankk,essential_rustic_delights
63441298201.0,262284329.0,danieleubankk,shangie84
63441298201.0,65741261625.0,danieleubankk,_christina_marisa_
63441298201.0,58017041634.0,danieleubankk,ickypry
63441298201.0,63125607968.0,danieleubankk,razorslitwrist
63441298201.0,63470524206.0,danieleubankk,affaqrana
63441298201.0,64207202909.0,danieleubankk,candiecraft
63441298201.0,63048197823.0,danieleubankk,toadr0ad
63441298201.0,66055761984.0,danieleubankk,pgktr2
63441298201.0,63376510485.0,danieleubankk,ahadeethanddua
63441298201.0,63368525732.0,danieleubankk,calebdaman__24
63441298201.0,645055119.0,danieleubankk,hanatomy_
63441298201.0,65177908394.0,danieleubankk,ghxst.0115
63441298201.0,65799909340.0,danieleubankk,daddykaekz
63441298201.0,63090982323.0,danieleubankk,cherrykitten333
63441298201.0,63412487224.0,danieleubankk,sarahdinh_
63441298201.0,3182628556.0,danieleubankk,ash.morse1116
63441298201.0,65113336515.0,danieleubankk,ana.berts
63441298201.0,63485425763.0,danieleubankk,notleahspov
63441298201.0,64612868649.0,danieleubankk,omnidexxghost
63441298201.0,229130252.0,danieleubankk,pizza_prevail
63441298201.0,65310177512.0,danieleubankk,abs_ro
63441298201.0,63281400865.0,danieleubankk,destination_swiftie
63441298201.0,63300306253.0,danieleubankk,teairrajariee
63441298201.0,63430014586.0,danieleubankk,paul.pillio
60849692321.0,67789785187.0,jhonalbeiro3230,9ca1b8d02a
60849692321.0,63793268311.0,jhonalbeiro3230,003tretre
60849692321.0,62934543536.0,jhonalbeiro3230,ro.road
60849692321.0,63778044865.0,jhonalbeiro3230,miyoshi3951
60849692321.0,64515613277.0,jhonalbeiro3230,fashionbyedelbands
60849692321.0,63160598669.0,jhonalbeiro3230,vinib_isme
60849692321.0,63126164675.0,jhonalbeiro3230,_iamclimp
65720003063.0,70126354055.0,nse_j2x,warmblue56
65720003063.0,66729255951.0,nse_j2x,114bch
65720003063.0,66280683644.0,nse_j2x,balieiro_milton
65720003063.0,66344506599.0,nse_j2x,herrymloge9575
65720003063.0,63076886122.0,nse_j2x,dreslaterofficial
65720003063.0,66508785180.0,nse_j2x,2serendra_bgc
65720003063.0,66430902627.0,nse_j2x,blackdelflowrd
65720003063.0,65735966306.0,nse_j2x,supermjh12
65720003063.0,65615223706.0,nse_j2x,cafollaafonso
65720003063.0,63229637489.0,nse_j2x,hoseinrezaii389
65720003063.0,66016189508.0,nse_j2x,gangqixing79lool
65720003063.0,64686650105.0,nse_j2x,cidemar_faria
65720003063.0,63381260349.0,nse_j2x,iam_laronanthony__
65720003063.0,55819841211.0,nse_j2x,mohamedalzrka5
65720003063.0,65548923826.0,nse_j2x,bonnie_darco
65720003063.0,31311785356.0,nse_j2x,lolbodd
65720003063.0,66561421601.0,nse_j2x,theinversecollection
65720003063.0,63434090607.0,nse_j2x,shamimkhan.9
65720003063.0,66984205682.0,nse_j2x,reasntm
65720003063.0,65413760638.0,nse_j2x,x.xo0oxx
65720003063.0,64515613277.0,nse_j2x,fashionbyedelbands
65720003063.0,66534712940.0,nse_j2x,black_boutiquebb
65720003063.0,66320762075.0,nse_j2x,casp3r_209
65720003063.0,66323329775.0,nse_j2x,hosein.abaseian.9
66331704935.0,65857235588.0,laudiee_lou,pig.whiskers
66331704935.0,70872730074.0,laudiee_lou,dailysh1tpost
66331704935.0,63076023517.0,laudiee_lou,_yo._.mama._
66331704935.0,69544438438.0,laudiee_lou,poro.puff
66331704935.0,69397439465.0,laudiee_lou,soriax0
66331704935.0,36819953267.0,laudiee_lou,jasminee_hartt2
66331704935.0,69503466116.0,laudiee_lou,crowder.aims
66331704935.0,64479498289.0,laudiee_lou,hates_milk
66331704935.0,69858622841.0,laudiee_lou,igakoncka
66331704935.0,63045613211.0,laudiee_lou,jammersmith77
66331704935.0,63849652968.0,laudiee_lou,kay_of_sunshine
66331704935.0,63259825937.0,laudiee_lou,itsjusterianna
66331704935.0,68731363685.0,laudiee_lou,it_aint_fair_jear
66331704935.0,66769627005.0,laudiee_lou,exileonmainst_
66331704935.0,21230435269.0,laudiee_lou,gideonstech101
66331704935.0,63446998102.0,laudiee_lou,emmy.steele
66331704935.0,66347880302.0,laudiee_lou,hatfieldbillyjoe447
66331704935.0,63460213473.0,laudiee_lou,sojournerweaver
66331704935.0,63261413757.0,laudiee_lou,sethappeal
66331704935.0,63250938701.0,laudiee_lou,thejayspotof
66331704935.0,356548948.0,laudiee_lou,jordanishealing
66331704935.0,66791524923.0,laudiee_lou,lucindarose1313
1689091242.0,68731363685.0,nae_the_adorable,it_aint_fair_jear
1689091242.0,69564850660.0,nae_the_adorable,b.thnyyy
1689091242.0,63426811037.0,nae_the_adorable,red.the.living.dead
1689091242.0,64091627184.0,nae_the_adorable,bartkedi
1689091242.0,65707012628.0,nae_the_adorable,chelseabearx
1689091242.0,66332556733.0,nae_the_adorable,lukepreece5
1689091242.0,64727761957.0,nae_the_adorable,iamanitabanana
1689091242.0,63460213473.0,nae_the_adorable,sojournerweaver
1689091242.0,66779550689.0,nae_the_adorable,thehazytones
1689091242.0,65788096345.0,nae_the_adorable,the_mini_manager
1689091242.0,65169552762.0,nae_the_adorable,essential_rustic_delights
1689091242.0,63231318437.0,nae_the_adorable,uncultured_nerd_
4179972930.0,9012223520.0,ru_aliive,rhythmsincere
4179972930.0,63289144607.0,ru_aliive,bmwbri
4179972930.0,1635022642.0,ru_aliive,justinbrazier
4179972930.0,55956989.0,ru_aliive,djmistag
66272878687.0,69221625813.0,brandon_zombi3,nice_bajablast
66272878687.0,70256527027.0,brandon_zombi3,madd.lnd
66272878687.0,64036195205.0,brandon_zombi3,piss.flaps69
66272878687.0,70616667192.0,brandon_zombi3,lostuisauce
66272878687.0,70987061920.0,brandon_zombi3,ethancraft420
66272878687.0,63257595379.0,brandon_zombi3,_toxiicgemini_
66272878687.0,70401032034.0,brandon_zombi3,filmq33n
66272878687.0,67133571003.0,brandon_zombi3,kinky_queeer
66272878687.0,63412882515.0,brandon_zombi3,michaela.wtf
66272878687.0,70872730074.0,brandon_zombi3,dailysh1tpost
66272878687.0,69638162998.0,brandon_zombi3,actuallyelastigirl
66272878687.0,5597179300.0,brandon_zombi3,slkjay_idj
66272878687.0,30904627.0,brandon_zombi3,gloss.bones
66272878687.0,63076023517.0,brandon_zombi3,_yo._.mama._
66272878687.0,56829085708.0,brandon_zombi3,savannahmckay928
66272878687.0,63448514429.0,brandon_zombi3,samanazane
66272878687.0,63445821893.0,brandon_zombi3,leennnaaaas
66272878687.0,67746760765.0,brandon_zombi3,annekaelliot
66272878687.0,65979198290.0,brandon_zombi3,wowbunny
66272878687.0,70844272643.0,brandon_zombi3,brainbox_3
66272878687.0,68198445827.0,brandon_zombi3,fiddlesniks
66272878687.0,70440826177.0,brandon_zombi3,silverpan
66272878687.0,71378012142.0,brandon_zombi3,sigh.of.a.siren
66272878687.0,67360712488.0,brandon_zombi3,windsorharmreduction.oat
66272878687.0,63376646951.0,brandon_zombi3,luchaaavandross
66272878687.0,70848680772.0,brandon_zombi3,blazing__hell
66272878687.0,8668715.0,brandon_zombi3,ashleyisalice
66272878687.0,63612160116.0,brandon_zombi3,darkruni
66272878687.0,5769378890.0,brandon_zombi3,lilmzgspot
66272878687.0,49313285609.0,brandon_zombi3,ari.luna111
66272878687.0,71046482113.0,brandon_zombi3,cxll.me.rosie
66272878687.0,71062096446.0,brandon_zombi3,heatherann778
66272878687.0,67034868904.0,brandon_zombi3,qveen.jenna_
66272878687.0,70834743845.0,brandon_zombi3,sweet.siren.eyes
66272878687.0,66378848981.0,brandon_zombi3,mercedeesbettis
66272878687.0,63448674948.0,brandon_zombi3,_max_velocity_
66272878687.0,63421967386.0,brandon_zombi3,itsjust_jymie
66272878687.0,65857235588.0,brandon_zombi3,pig.whiskers
66272878687.0,69397439465.0,brandon_zombi3,soriax0
66272878687.0,70324777506.0,brandon_zombi3,laceyrenee_____
66272878687.0,1273007220.0,brandon_zombi3,ryapieya
66272878687.0,36819953267.0,brandon_zombi3,jasminee_hartt2
66272878687.0,68087996979.0,brandon_zombi3,wisconsin_transplant
66272878687.0,70370096931.0,brandon_zombi3,everybodyhaspolio
66272878687.0,69932590477.0,brandon_zombi3,little_g_tx
66272878687.0,66311329919.0,brandon_zombi3,laaye47
66272878687.0,64516644874.0,brandon_zombi3,zen_doe42
66272878687.0,70192730916.0,brandon_zombi3,sarahtonin26
66272878687.0,63236831769.0,brandon_zombi3,espresso._.patronum._
66272878687.0,68278200911.0,brandon_zombi3,itschubchub99
66272878687.0,63637992384.0,brandon_zombi3,kkeel1z
66272878687.0,63066764256.0,brandon_zombi3,mindfulasfuk
66272878687.0,69436492686.0,brandon_zombi3,thataltdoll
66272878687.0,70161682036.0,brandon_zombi3,welcometothealterlyfe
66272878687.0,63271278502.0,brandon_zombi3,meimur
66272878687.0,63241092044.0,brandon_zombi3,irteza_gunner3567
66272878687.0,3583979546.0,brandon_zombi3,bluefox3sevens
66272878687.0,64724697215.0,brandon_zombi3,onlytsvndra
66272878687.0,63279071240.0,brandon_zombi3,tsvndra
66272878687.0,65044499313.0,brandon_zombi3,mybloodyguillotine
66272878687.0,63268372762.0,brandon_zombi3,nightly92
66272878687.0,65113336515.0,brandon_zombi3,ana.berts
66272878687.0,69694212877.0,brandon_zombi3,candii_pants89
66272878687.0,69512822148.0,brandon_zombi3,_h0e4h0rror
66272878687.0,8175057217.0,brandon_zombi3,t.svndra
66272878687.0,69858622841.0,brandon_zombi3,igakoncka
66272878687.0,69367315822.0,brandon_zombi3,jaydenwebr
66272878687.0,63195422550.0,brandon_zombi3,cactus.rose42
66272878687.0,63849652968.0,brandon_zombi3,kay_of_sunshine
66272878687.0,68967429293.0,brandon_zombi3,xxkitcat_
66272878687.0,69047051921.0,brandon_zombi3,foxyvixen11.11
66272878687.0,67516854676.0,brandon_zombi3,kendrabitches
66272878687.0,58176757426.0,brandon_zombi3,mushie.babe
66272878687.0,68315991323.0,brandon_zombi3,halonoelle93
66272878687.0,67843368819.0,brandon_zombi3,kassi_reads_
66272878687.0,63414038003.0,brandon_zombi3,sirenofhellfire
66272878687.0,5746297354.0,brandon_zombi3,thewanderinglassie
66272878687.0,63336204799.0,brandon_zombi3,_fractured.w1nt3r_
66272878687.0,65805009356.0,brandon_zombi3,gilbilfos
66272878687.0,8677732505.0,brandon_zombi3,hay_harley
66272878687.0,68658303263.0,brandon_zombi3,bella_wasnt_flammable
66272878687.0,68731363685.0,brandon_zombi3,it_aint_fair_jear
66272878687.0,68297332553.0,brandon_zombi3,luxraihn
66272878687.0,66992746726.0,brandon_zombi3,ris_tisms
66272878687.0,638772880.0,brandon_zombi3,j_bookwyrm
66272878687.0,63227851797.0,brandon_zombi3,wristbanger
66272878687.0,63402005020.0,brandon_zombi3,steely.xan
66272878687.0,35834818.0,brandon_zombi3,ladythegray
66272878687.0,65411226874.0,brandon_zombi3,codieleeando
66272878687.0,65576007559.0,brandon_zombi3,tsundraaa
66272878687.0,45611935123.0,brandon_zombi3,rogue_sky_
66272878687.0,66450183215.0,brandon_zombi3,ass_huh_lee
66272878687.0,7121824999.0,brandon_zombi3,schiz.hoe
66272878687.0,67623458635.0,brandon_zombi3,victoriaaagraves
66272878687.0,63446998102.0,brandon_zombi3,emmy.steele
66272878687.0,66044511768.0,brandon_zombi3,lucyinfinityx
66272878687.0,48330989635.0,brandon_zombi3,sapphiremagicdesigns
66272878687.0,67699043340.0,brandon_zombi3,strawbabeshortcake
66272878687.0,62788616485.0,brandon_zombi3,christianndelulu
66272878687.0,1029743804.0,brandon_zombi3,tony2930
66272878687.0,181192826.0,brandon_zombi3,kacdesr
66272878687.0,63045613211.0,brandon_zombi3,jammersmith77
66272878687.0,63327832387.0,brandon_zombi3,clouds_of_gray
66272878687.0,63281657974.0,brandon_zombi3,kalimariamoon
66272878687.0,66273983854.0,brandon_zombi3,mindfulasfuk2
66272878687.0,64025708846.0,brandon_zombi3,19_goth.bella
66272878687.0,428686813.0,brandon_zombi3,shelizle
66272878687.0,2140094309.0,brandon_zombi3,latvianaphrodite
66272878687.0,63440057399.0,brandon_zombi3,robby.moto
66272878687.0,63098637923.0,brandon_zombi3,jenthelittlebird
66272878687.0,63234130873.0,brandon_zombi3,youabsolutefool
66272878687.0,63294876280.0,brandon_zombi3,ghxst.angxl
66272878687.0,65707012628.0,brandon_zombi3,chelseabearx
66272878687.0,63369206357.0,brandon_zombi3,cfjne_
66272878687.0,63372607551.0,brandon_zombi3,okido22
66272878687.0,66561421601.0,brandon_zombi3,theinversecollection
66272878687.0,63259825937.0,brandon_zombi3,itsjusterianna
66272878687.0,227635934.0,brandon_zombi3,kelseydakotaaa
66272878687.0,65647210473.0,brandon_zombi3,angry_stego
66272878687.0,64608644575.0,brandon_zombi3,daisyslittlemeadow
66272878687.0,63297752471.0,brandon_zombi3,jamayaxx
66272878687.0,66450700767.0,brandon_zombi3,lady_arty19
66272878687.0,66769627005.0,brandon_zombi3,exileonmainst_
66272878687.0,63474393633.0,brandon_zombi3,mynameisnotstephen
66272878687.0,63460213473.0,brandon_zombi3,sojournerweaver
66272878687.0,62934543536.0,brandon_zombi3,ro.road
66272878687.0,63250938701.0,brandon_zombi3,thejayspotof
66272878687.0,64244979012.0,brandon_zombi3,mr.matthewkylewhitt.s
66272878687.0,65107790161.0,brandon_zombi3,nona_kerryandfriends
66272878687.0,63285541845.0,brandon_zombi3,its.clox
1601208138.0,67920197644.0,xogiinge,idreamofnuggets
1601208138.0,63099414300.0,xogiinge,carlopatenia
1601208138.0,64492365397.0,xogiinge,fuckits420247365
1601208138.0,64985081219.0,xogiinge,fabfivebriggs
1601208138.0,63308761872.0,xogiinge,hicham_elmourad_officielly
1601208138.0,65669088982.0,xogiinge,treep_ng
1601208138.0,63465297423.0,xogiinge,aurainsanity
1601208138.0,65707012628.0,xogiinge,chelseabearx
1601208138.0,30260298241.0,xogiinge,alora_jen90
1601208138.0,63441397496.0,xogiinge,kelseysheppard93
1601208138.0,63457664804.0,xogiinge,shannonambroson
1601208138.0,63450540425.0,xogiinge,thatspookybabe99
1601208138.0,7806225.0,xogiinge,anfbabe
1601208138.0,61203797554.0,xogiinge,potatahed
1601208138.0,63251759092.0,xogiinge,tayy_elaine
1601208138.0,63052836871.0,xogiinge,kaitlynpaige64
1601208138.0,63261270032.0,xogiinge,thelisteningharbour
1601208138.0,51544112.0,xogiinge,graceandfury_
6029822059.0,69549474502.0,cosmiceureka,wafrel
6029822059.0,63402005020.0,cosmiceureka,steely.xan
6029822059.0,63233794888.0,cosmiceureka,xamphetanina
6029822059.0,63330867224.0,cosmiceureka,888_jingshen_888
6029822059.0,55536906153.0,cosmiceureka,abimbola_dennis_01
6029822059.0,63414308965.0,cosmiceureka,starrr.seed
6029822059.0,66728911440.0,cosmiceureka,reichenbach.enrico
6029822059.0,63423805146.0,cosmiceureka,kingtayinspires
6029822059.0,66553483076.0,cosmiceureka,blissful1249
6029822059.0,66411901180.0,cosmiceureka,mayornayr
6029822059.0,65707012628.0,cosmiceureka,chelseabearx
6029822059.0,65485163285.0,cosmiceureka,livingashepardlife
6029822059.0,63079722581.0,cosmiceureka,theblessedadrian_
6029822059.0,63084785707.0,cosmiceureka,darius.__jay
6029822059.0,63273167833.0,cosmiceureka,neon.chowdhury_niu
66378848981.0,63088054048.0,mercedeesbettis,borntobeweiiird
66378848981.0,63474393633.0,mercedeesbettis,mynameisnotstephen
66378848981.0,63486490623.0,mercedeesbettis,thriftedapothecary
66378848981.0,63048052647.0,mercedeesbettis,lemmyg
66378848981.0,63612160116.0,mercedeesbettis,darkruni
66378848981.0,70248155205.0,mercedeesbettis,abdulkarim82hamad
66378848981.0,29890643941.0,mercedeesbettis,kris_0n0
66378848981.0,44059653652.0,mercedeesbettis,morgan.0205
66378848981.0,70511184093.0,mercedeesbettis,really_tiredgirl
66378848981.0,67133571003.0,mercedeesbettis,kinky_queeer
66378848981.0,67516854676.0,mercedeesbettis,kendrabitches
66378848981.0,63460213473.0,mercedeesbettis,sojournerweaver
66378848981.0,69638162998.0,mercedeesbettis,actuallyelastigirl
66378848981.0,63296284148.0,mercedeesbettis,rageagainstleaves2
66378848981.0,64582974814.0,mercedeesbettis,itsonlycassidy
66378848981.0,66272878687.0,mercedeesbettis,brandon_zombi3
66378848981.0,69436492686.0,mercedeesbettis,thataltdoll
66378848981.0,69544438438.0,mercedeesbettis,poro.puff
66378848981.0,66273039886.0,mercedeesbettis,laurenrachelg
66378848981.0,65021872330.0,mercedeesbettis,lid_bean
66378848981.0,63249952503.0,mercedeesbettis,yuwonmii
66378848981.0,395783930.0,mercedeesbettis,justmissmeghan
66378848981.0,69223384898.0,mercedeesbettis,cpeterson15
66378848981.0,68804964075.0,mercedeesbettis,soindigenius
66378848981.0,65857235588.0,mercedeesbettis,pig.whiskers
66378848981.0,63085514490.0,mercedeesbettis,thetherapist2.0
66378848981.0,64740179584.0,mercedeesbettis,_al3xandraaaa
66378848981.0,63245083217.0,mercedeesbettis,wallflower.marie
66378848981.0,63251759092.0,mercedeesbettis,tayy_elaine
66378848981.0,68658303263.0,mercedeesbettis,bella_wasnt_flammable
66378848981.0,70401032034.0,mercedeesbettis,filmq33n
66378848981.0,63507872984.0,mercedeesbettis,mychaelablatta
66378848981.0,63637992384.0,mercedeesbettis,kkeel1z
66378848981.0,63434618598.0,mercedeesbettis,fawngoodwine
66378848981.0,62974736024.0,mercedeesbettis,imdamonconway
66378848981.0,63099414300.0,mercedeesbettis,carlopatenia
66378848981.0,63286072672.0,mercedeesbettis,madebyrichi
66378848981.0,63622240163.0,mercedeesbettis,thewickedeye
66378848981.0,69679752901.0,mercedeesbettis,desouzabenp
66378848981.0,68883347165.0,mercedeesbettis,prime_of_the_day
66378848981.0,63227851797.0,mercedeesbettis,wristbanger
66378848981.0,64479498289.0,mercedeesbettis,hates_milk
66378848981.0,68967429293.0,mercedeesbettis,xxkitcat_
66378848981.0,63273352824.0,mercedeesbettis,wibo_23
66378848981.0,65012121064.0,mercedeesbettis,omnescence
66378848981.0,63071647984.0,mercedeesbettis,baabybunni
66378848981.0,48538118462.0,mercedeesbettis,imaginaryblock
66378848981.0,63296405785.0,mercedeesbettis,danie.kaye
66378848981.0,63063007518.0,mercedeesbettis,soooooobbygirl
66378848981.0,69639652910.0,mercedeesbettis,bby_yaga__
66378848981.0,69858622841.0,mercedeesbettis,igakoncka
66378848981.0,62881798100.0,mercedeesbettis,pinkgirlgems
66378848981.0,63395645265.0,mercedeesbettis,digital.icarus
66378848981.0,63044005198.0,mercedeesbettis,viktoriaakills
66378848981.0,64492365397.0,mercedeesbettis,fuckits420247365
66378848981.0,63381245915.0,mercedeesbettis,jameswritesurprisingly
66378848981.0,63403017876.0,mercedeesbettis,big.dharma
66378848981.0,58891045741.0,mercedeesbettis,sucktoshi
66378848981.0,68315991323.0,mercedeesbettis,halonoelle93
66378848981.0,67989824415.0,mercedeesbettis,stephenonmars
1953345624.0,63409700279.0,hideovs,ketchup.jessi
13211767477.0,63261413757.0,annie_atom,sethappeal
13211767477.0,63460213473.0,annie_atom,sojournerweaver
64086425744.0,66393265019.0,culbertson1353,lovesmagicuniverse
67035892681.0,66281041013.0,bigdckdani,plutospurgatory_
67035892681.0,63372607551.0,bigdckdani,okido22
1403626954.0,63450540425.0,mamadramasks,thatspookybabe99
1403626954.0,63450476734.0,mamadramasks,donnatracywriter
63124507922.0,65576007559.0,dem0n.dad,tsundraaa
63124507922.0,63063763812.0,dem0n.dad,thefoxglovefairyy
63124507922.0,71865395601.0,dem0n.dad,hatsunechastity
63124507922.0,63612160116.0,dem0n.dad,darkruni
18377227.0,69858622841.0,_evil_eva,igakoncka
64456781629.0,63426811037.0,thelittlemaryjane_,red.the.living.dead
64456781629.0,68731363685.0,thelittlemaryjane_,it_aint_fair_jear
64456781629.0,65784950234.0,thelittlemaryjane_,brittney_saigexx
64456781629.0,63423876041.0,thelittlemaryjane_,mackieatmyhouse
64456781629.0,64025708846.0,thelittlemaryjane_,19_goth.bella
64456781629.0,55097284075.0,thelittlemaryjane_,infinitesarina
64456781629.0,63079825619.0,thelittlemaryjane_,kateshelty
428686813.0,63209433517.0,shelizle,kelsey.reanne
356548948.0,16695459815.0,jordanishealing,beverlyhebb
64807401114.0,63091461877.0,ashhlet_,sp00pkittn
64807401114.0,63048197823.0,ashhlet_,toadr0ad
64807401114.0,63395645265.0,ashhlet_,digital.icarus
63505367898.0,71865395601.0,meranibunni,hatsunechastity
63293740129.0,63655416292.0,albinaeminova_,its_jannat_world_09
63293740129.0,66411901180.0,albinaeminova_,mayornayr
63293740129.0,65169552762.0,albinaeminova_,essential_rustic_delights
63293740129.0,63465297423.0,albinaeminova_,aurainsanity
63293740129.0,63148887318.0,albinaeminova_,h0e4horror
63293740129.0,54138066916.0,albinaeminova_,abeerakhurshidd
63293740129.0,63243418374.0,albinaeminova_,subtotalpoet
2988561752.0,66411901180.0,kay.b.a.b.y,mayornayr
63574599550.0,2140094309.0,hmphmamashank,latvianaphrodite
63574599550.0,71865395601.0,hmphmamashank,hatsunechastity
63574599550.0,66416539142.0,hmphmamashank,leeyucx6
63574599550.0,65857235588.0,hmphmamashank,pig.whiskers
63574599550.0,63409700279.0,hmphmamashank,ketchup.jessi
58350680725.0,63440057399.0,sillylily.c0m,robby.moto
58350680725.0,63405053608.0,sillylily.c0m,ace.febreeze
58350680725.0,3172060771.0,sillylily.c0m,christina._jpg
58350680725.0,63409700279.0,sillylily.c0m,ketchup.jessi
58350680725.0,64036195205.0,sillylily.c0m,piss.flaps69
58350680725.0,63250938701.0,sillylily.c0m,thejayspotof
58350680725.0,63482171278.0,sillylily.c0m,ladyfrost.ttv
58350680725.0,63372607551.0,sillylily.c0m,okido22
1014892401.0,63026214916.0,kelscoll,zay.uncurbed
1014892401.0,69221625813.0,kelscoll,nice_bajablast
1014892401.0,71865395601.0,kelscoll,hatsunechastity
66450700767.0,68087996979.0,lady_arty19,wisconsin_transplant
66450700767.0,68967429293.0,lady_arty19,xxkitcat_
66450700767.0,63127306646.0,lady_arty19,ghost_cbr6
66450700767.0,63247188066.0,lady_arty19,beccanbooks
65111508547.0,63403017876.0,e8.hv,big.dharma
65111508547.0,63273352824.0,e8.hv,wibo_23
65111508547.0,64612237450.0,e8.hv,nuelkissbrown
65111508547.0,66323329775.0,e8.hv,hosein.abaseian.9
8421240031.0,69221625813.0,aurelio_xcv,nice_bajablast
63240274903.0,69858622841.0,jade0rade,igakoncka
63063763812.0,63423507857.0,thefoxglovefairyy,sewzinski
64334799148.0,317756126.0,jazzcabbageenthusiast69,333.sc.333
64334799148.0,63170120182.0,jazzcabbageenthusiast69,penelope1_4__zimmer
64334799148.0,63857840052.0,jazzcabbageenthusiast69,merciphilly
64334799148.0,63240659515.0,jazzcabbageenthusiast69,rebecca.hrndz
346013008.0,63372607551.0,soggy__burrito,okido22
346013008.0,65464976011.0,soggy__burrito,deerinasuitinc
63070311372.0,63403017876.0,tiffanypep,big.dharma
63070311372.0,69858622841.0,tiffanypep,igakoncka
63084213965.0,69054533247.0,yellowmiss,sugar.y.spite
63084213965.0,63368055807.0,yellowmiss,kegbot62
10596506412.0,61858706369.0,_beanie.babeyy,pinkpixiemoon
10596506412.0,66963908589.0,_beanie.babeyy,mindofmerk
10596506412.0,65707012628.0,_beanie.babeyy,chelseabearx
10596506412.0,63440057399.0,_beanie.babeyy,robby.moto
10596506412.0,66344506599.0,_beanie.babeyy,herrymloge9575
10596506412.0,63234130873.0,_beanie.babeyy,youabsolutefool
10596506412.0,66082439136.0,_beanie.babeyy,syfslh29
10596506412.0,66411901180.0,_beanie.babeyy,mayornayr
10596506412.0,63450540425.0,_beanie.babeyy,thatspookybabe99
10596506412.0,66378848981.0,_beanie.babeyy,mercedeesbettis
10596506412.0,63462321626.0,_beanie.babeyy,lufuoena
10596506412.0,63372607551.0,_beanie.babeyy,okido22
63286189826.0,63778044865.0,itschargonzalez,miyoshi3951
14001357436.0,66928294709.0,bethellcrystal,miah_bby_gallagher
14001357436.0,63440057399.0,bethellcrystal,robby.moto
63445968515.0,65192019406.0,yungworldpatriot,dadeorion
63445968515.0,66281041013.0,yungworldpatriot,plutospurgatory_
63445968515.0,65107790161.0,yungworldpatriot,nona_kerryandfriends
63445968515.0,66378848981.0,yungworldpatriot,mercedeesbettis
63445968515.0,65576007559.0,yungworldpatriot,tsundraaa
63445968515.0,64036195205.0,yungworldpatriot,piss.flaps69
63445968515.0,63233794888.0,yungworldpatriot,xamphetanina
63445968515.0,63258411514.0,yungworldpatriot,mrvalvetronix
63445968515.0,63304247951.0,yungworldpatriot,cloberries
64014191820.0,64219829722.0,calmyourfarmgame,richay.bikhari
64014191820.0,68731363685.0,calmyourfarmgame,it_aint_fair_jear
1482171104.0,66088919531.0,kirsten_henry,foreign_richard
66332556733.0,65735966306.0,lukepreece5,supermjh12
66332556733.0,66280683644.0,lukepreece5,balieiro_milton
66332556733.0,16487635.0,lukepreece5,tessa.lynn710
65234754609.0,66393265019.0,thatfuzzguy_,lovesmagicuniverse
65624550292.0,62230626481.0,kichi5k,mc.ellie.147
65624550292.0,65834507934.0,kichi5k,valiobeats
63405053608.0,63882451456.0,ace.febreeze,mcryinglaughing
63581948607.0,63465297423.0,cotnerjoe,aurainsanity
63581948607.0,67183197284.0,cotnerjoe,veda_xo
63581948607.0,10876041103.0,cotnerjoe,danagootz
63581948607.0,356548948.0,cotnerjoe,jordanishealing
63372607551.0,66332556733.0,okido22,lukepreece5
63372607551.0,6090176812.0,okido22,lilcozynook
63372607551.0,68731363685.0,okido22,it_aint_fair_jear
63372607551.0,63285541845.0,okido22,its.clox
63372607551.0,67162083636.0,okido22,faequeen41
63372607551.0,68888587932.0,okido22,erinnerinnerin
63372607551.0,66378848981.0,okido22,mercedeesbettis
63372607551.0,64686650105.0,okido22,cidemar_faria
63372607551.0,63233794888.0,okido22,xamphetanina
63372607551.0,63209433517.0,okido22,kelsey.reanne
63372607551.0,70872730074.0,okido22,dailysh1tpost
63372607551.0,67699043340.0,okido22,strawbabeshortcake
63372607551.0,63414308965.0,okido22,starrr.seed
63372607551.0,26158454.0,okido22,catherinecoe
9408408887.0,66393265019.0,xclusive._nathan,lovesmagicuniverse
9408408887.0,63460213473.0,xclusive._nathan,sojournerweaver
9408408887.0,63622240163.0,xclusive._nathan,thewickedeye
66273983854.0,63241092044.0,mindfulasfuk2,irteza_gunner3567
66273983854.0,66564793740.0,mindfulasfuk2,kkyanaandrea
66273983854.0,63512555665.0,mindfulasfuk2,nwodg
63254455739.0,67138257125.0,kailasullivan,dirty.is.dead
63254455739.0,70801981820.0,kailasullivan,stoicheadaurelius
65929474498.0,64219829722.0,destinimariefike333,richay.bikhari
65548923826.0,64199209199.0,bonnie_darco,cottoncandyygirll
65548923826.0,63310626224.0,bonnie_darco,jackiesstrength73
1548054494.0,63218343120.0,kelleeruth,philip_j_waters_author
65842862372.0,64147865290.0,mdirfanirfan983,bharatparsadachary
65842862372.0,65053796070.0,mdirfanirfan983,sean.slick
64104221449.0,629296412.0,trich_13,adrianavcmakeup1
64104221449.0,63499180345.0,trich_13,amandalynn513
64104221449.0,63434618598.0,trich_13,fawngoodwine
64104221449.0,66564793740.0,trich_13,kkyanaandrea
64104221449.0,65113336515.0,trich_13,ana.berts
64104221449.0,71530949399.0,trich_13,sillylittlething95
64104221449.0,71085473832.0,trich_13,mr.gold.starr
64104221449.0,70737503315.0,trich_13,rayray.creates.empires__
66963908589.0,65135985488.0,mindofmerk,miniknitti
66963908589.0,65548923826.0,mindofmerk,bonnie_darco
48330989635.0,63820314872.0,sapphiremagicdesigns,happ.ygirl6917
48330989635.0,34933897.0,sapphiremagicdesigns,brandoughnut5
63462321626.0,63093961089.0,lufuoena,loveyourwifewell
63462321626.0,66281041013.0,lufuoena,plutospurgatory_
63462321626.0,65107790161.0,lufuoena,nona_kerryandfriends
63462321626.0,66658360254.0,lufuoena,17theycallme_dior
63462321626.0,63238327570.0,lufuoena,graciiesullivan
63462321626.0,66769627005.0,lufuoena,exileonmainst_
58098935783.0,66378848981.0,dioriobobby,mercedeesbettis
63146382266.0,63209433517.0,_flowersandlace_,kelsey.reanne
63228987617.0,65439363232.0,austinmcgrady,c.cruzzz
63228987617.0,3172060771.0,austinmcgrady,christina._jpg
63228987617.0,63460213473.0,austinmcgrady,sojournerweaver
63458241663.0,63076023517.0,vannesioox,_yo._.mama._
66508785180.0,65133532798.0,2serendra_bgc,fosterkatina
63296284148.0,63430014586.0,rageagainstleaves2,paul.pillio
63296284148.0,66411901180.0,rageagainstleaves2,mayornayr
63296284148.0,66378848981.0,rageagainstleaves2,mercedeesbettis
63296284148.0,65857235588.0,rageagainstleaves2,pig.whiskers
63296284148.0,66311329919.0,rageagainstleaves2,laaye47
7806225.0,63438326017.0,anfbabe,spookyy.ellie
7806225.0,70801981820.0,anfbabe,stoicheadaurelius
7806225.0,63255770361.0,anfbabe,paulmoreira_
189752802.0,63252184325.0,itsjessxx,adipixie
63488794232.0,63286072672.0,king_juzo1,madebyrichi
63488794232.0,63105390456.0,king_juzo1,mythicalhvbris
65167554010.0,71865395601.0,iheartmilliexmoxxi_,hatsunechastity
63484553927.0,65167554010.0,blk_x_,iheartmilliexmoxxi_
63484553927.0,63440057399.0,blk_x_,robby.moto
63484553927.0,66044511768.0,blk_x_,lucyinfinityx
63733837199.0,63084055694.0,jp3_the_pro,rotgarden
63733837199.0,68731363685.0,jp3_the_pro,it_aint_fair_jear
63733837199.0,66044511768.0,jp3_the_pro,lucyinfinityx
63733837199.0,66411901180.0,jp3_the_pro,mayornayr
63156308928.0,63084213965.0,aiirbearmusic,yellowmiss
63156308928.0,65175018549.0,aiirbearmusic,airamfmofficial
63156308928.0,65834507934.0,aiirbearmusic,valiobeats
55575635916.0,63395645265.0,lcpookc,digital.icarus
55575635916.0,63063007518.0,lcpookc,soooooobbygirl
63336204799.0,63313610700.0,_fractured.w1nt3r_,brock0509
66044511768.0,70090860545.0,lucyinfinityx,very.sedated
66766911861.0,62881798100.0,theduchessreturns,pinkgirlgems
66766911861.0,63372607551.0,theduchessreturns,okido22
66766911861.0,68025756418.0,theduchessreturns,mami_milkdudz
56985722192.0,48885407994.0,gracieswifty,thisliagoesto11
63125607968.0,64219829722.0,razorslitwrist,richay.bikhari
63125607968.0,65113336515.0,razorslitwrist,ana.berts
63125607968.0,66928294709.0,razorslitwrist,miah_bby_gallagher
63125607968.0,63281657974.0,razorslitwrist,kalimariamoon
63078641584.0,70257240661.0,disdain_in_the_membrane,crunchygoodness
63078641584.0,68214824885.0,disdain_in_the_membrane,rosie_revive
63078641584.0,71865395601.0,disdain_in_the_membrane,hatsunechastity
63409287881.0,63252184325.0,teroc914,adipixie
63409287881.0,65113336515.0,teroc914,ana.berts
63409287881.0,66411901180.0,teroc914,mayornayr
63409287881.0,63313610700.0,teroc914,brock0509
63409287881.0,63234130873.0,teroc914,youabsolutefool
64050778582.0,63434618598.0,_darling_dahlia_,fawngoodwine
63278984606.0,62943581677.0,kiddynomite.nzo,leslielynn05
63278984606.0,63286072672.0,kiddynomite.nzo,madebyrichi
63278984606.0,70126354055.0,kiddynomite.nzo,warmblue56
63278984606.0,63438326017.0,kiddynomite.nzo,spookyy.ellie
63278984606.0,68518283340.0,kiddynomite.nzo,__.tilley.__
63278984606.0,70894623771.0,kiddynomite.nzo,nightmare_ulas
63056091465.0,63404228454.0,not_klitton,kyle.goderwis
63056091465.0,64327332683.0,not_klitton,montsponts
63056091465.0,69858622841.0,not_klitton,igakoncka
63056091465.0,63125669138.0,not_klitton,thegermygerm
64036195205.0,65044499313.0,piss.flaps69,mybloodyguillotine
2352621948.0,63044005198.0,00suhbreenawh,viktoriaakills
4759201612.0,2352621948.0,im_too_indie,00suhbreenawh
63493832145.0,66898758338.0,liz_can_fly,p3ac3_yo
63493832145.0,3095718903.0,liz_can_fly,jemesouviens
3133209928.0,63408468422.0,corieschreiber2.0,dv___boss__elfreshco__justmine
3172060771.0,71303353353.0,christina._jpg,emperor_scooby
3172060771.0,63451274408.0,christina._jpg,sleepyxbunnii
3172060771.0,63402620589.0,christina._jpg,milkman.core
3172060771.0,70801981820.0,christina._jpg,stoicheadaurelius
63294876280.0,63436156100.0,ghxst.angxl,marciemeow
45611935123.0,65693063382.0,rogue_sky_,fredwinter27
45611935123.0,63105390456.0,rogue_sky_,mythicalhvbris
45611935123.0,66564793740.0,rogue_sky_,kkyanaandrea
45611935123.0,63071647984.0,rogue_sky_,baabybunni
44125487702.0,63033877953.0,_redxangel_,sacred.zee
63303296660.0,72041152060.0,beckandthemat,nixveritas
64779603169.0,70090860545.0,666papi_chulo,very.sedated
64779603169.0,63273352824.0,666papi_chulo,wibo_23
64779603169.0,66450183215.0,666papi_chulo,ass_huh_lee
64779603169.0,69652578803.0,666papi_chulo,cave.felem93
64779603169.0,63091461877.0,666papi_chulo,sp00pkittn
64779603169.0,51096440.0,666papi_chulo,mrkrabsirl
66449729732.0,66561421601.0,669bch,theinversecollection
66449729732.0,63440057399.0,669bch,robby.moto
66449729732.0,63484952568.0,669bch,big_tortoise_goth_gf
66449729732.0,63637992384.0,669bch,kkeel1z
66449729732.0,66411901180.0,669bch,mayornayr
66449729732.0,65929474498.0,669bch,destinimariefike333
66449729732.0,63250938701.0,669bch,thejayspotof
66449729732.0,58350680725.0,669bch,sillylily.c0m
63428314506.0,63385901862.0,torianneivan,ivette1t
66729255951.0,66561421601.0,114bch,theinversecollection
66729255951.0,63152517622.0,114bch,helenhensell
66729255951.0,66411901180.0,114bch,mayornayr
66729255951.0,65720003063.0,114bch,nse_j2x
66729255951.0,65929474498.0,114bch,destinimariefike333
64724697215.0,63240274903.0,onlytsvndra,jade0rade
63069579229.0,66769627005.0,stfaery,exileonmainst_
63069579229.0,63041332221.0,stfaery,skyemou5
26158454.0,68214824885.0,catherinecoe,rosie_revive
26158454.0,63450540425.0,catherinecoe,thatspookybabe99
54222055216.0,63091461877.0,spearsolrid,sp00pkittn
54222055216.0,65576007559.0,spearsolrid,tsundraaa
54222055216.0,63317505259.0,spearsolrid,mykolasoo
54222055216.0,63460213473.0,spearsolrid,sojournerweaver
66310528092.0,48330989635.0,cloudedlaughs,sapphiremagicdesigns
66310528092.0,63126164675.0,cloudedlaughs,_iamclimp
66310528092.0,1954278558.0,cloudedlaughs,gwostface
8175057217.0,70090860545.0,t.svndra,very.sedated
8175057217.0,70126354055.0,t.svndra,warmblue56
63045269821.0,69548373902.0,_purrrla,theadhdinfj
63045269821.0,63417693910.0,_purrrla,tenasiaaa
65738131699.0,68967429293.0,ada_948219,xxkitcat_
63381705864.0,63317505259.0,arpus___,mykolasoo
65820972655.0,68888587932.0,superhotoilchange,erinnerinnerin
65820972655.0,66398269761.0,superhotoilchange,kate_ausadventure
1537556648.0,65107790161.0,bruh.itsoenhoenh,nona_kerryandfriends
1537556648.0,63250938701.0,bruh.itsoenhoenh,thejayspotof
63423876041.0,63376646951.0,mackieatmyhouse,luchaaavandross
63423876041.0,63255770361.0,mackieatmyhouse,paulmoreira_
63245083217.0,246446497.0,wallflower.marie,luvmybucs2000
63245083217.0,63261413757.0,wallflower.marie,sethappeal
63506264040.0,67989824415.0,corpselain,stephenonmars
63452464731.0,65044499313.0,cryptocurrenshe,mybloodyguillotine
63452464731.0,68931378471.0,cryptocurrenshe,oatmilkgoth
3977661033.0,66411901180.0,crybbcancer_,mayornayr
3977661033.0,63470809003.0,crybbcancer_,pedrosvaetichin
3977661033.0,63258411514.0,crybbcancer_,mrvalvetronix
3977661033.0,65344865749.0,crybbcancer_,coffeebeansdev
3977661033.0,63250938701.0,crybbcancer_,thejayspotof
63484952568.0,70987061920.0,big_tortoise_goth_gf,ethancraft420
63484952568.0,63233794888.0,big_tortoise_goth_gf,xamphetanina
63430014586.0,70139825260.0,paul.pillio,euniverse1959
55558514826.0,66333805909.0,ironbaeden,speedtreez
55558514826.0,68654963074.0,ironbaeden,severed_knees
55558514826.0,65464976011.0,ironbaeden,deerinasuitinc
55558514826.0,64608710552.0,ironbaeden,nefarious.vampire
55558514826.0,65788096345.0,ironbaeden,the_mini_manager
55558514826.0,4373525563.0,ironbaeden,nicklovinz1337
63458688309.0,63233794888.0,xoxo.baby16,xamphetanina
57899181321.0,64259683494.0,geftalker,naomielewo
63054925606.0,63255770361.0,asamimakes,paulmoreira_
63054925606.0,67183197284.0,asamimakes,veda_xo
63392651335.0,63026214916.0,a.bandika,zay.uncurbed
65310177512.0,66378848981.0,abs_ro,mercedeesbettis
65310177512.0,66450183215.0,abs_ro,ass_huh_lee
63446105154.0,66311329919.0,mmarianaaa_,laaye47
63403017876.0,68214824885.0,big.dharma,rosie_revive
63442412037.0,63050014333.0,vng.lxvi,pizzapapi_parmeshawn
63442412037.0,70801981820.0,vng.lxvi,stoicheadaurelius
63441397496.0,62974736024.0,kelseysheppard93,imdamonconway
63441397496.0,63255770361.0,kelseysheppard93,paulmoreira_
63441397496.0,70801981820.0,kelseysheppard93,stoicheadaurelius
63441397496.0,68501202725.0,kelseysheppard93,therealgxldsociety
24824666.0,63504536025.0,peytonannice,trraeex
24824666.0,209612284.0,peytonannice,kae.la
24824666.0,65071722070.0,peytonannice,melaniesgallo
17908075849.0,55097284075.0,8thhousebeauty,infinitesarina
17908075849.0,6090176812.0,8thhousebeauty,lilcozynook
17908075849.0,68518283340.0,8thhousebeauty,__.tilley.__
63303803079.0,63434618598.0,ashleyrpriv1,fawngoodwine
63303803079.0,63399781206.0,ashleyrpriv1,possocristianojulio
65219958169.0,63255770361.0,dawn_thatsme,paulmoreira_
65219958169.0,63233794888.0,dawn_thatsme,xamphetanina
65219958169.0,63435239020.0,dawn_thatsme,wazcher
63625112019.0,40974135662.0,teia888,itsbek_27
63625112019.0,70372433394.0,teia888,mrsdvspompom
63625112019.0,66769627005.0,teia888,exileonmainst_
51273731650.0,66928294709.0,sarobidy_raharijaona,miah_bby_gallagher
1534791050.0,65063699370.0,sweetiiesu,mayorbrent1
3474802240.0,63091461877.0,chlo.cocatt,sp00pkittn
3474802240.0,68886755611.0,chlo.cocatt,_gooseygirl_
3474802240.0,66333805909.0,chlo.cocatt,speedtreez
3474802240.0,52472227046.0,chlo.cocatt,borikerios
3474802240.0,60849692321.0,chlo.cocatt,jhonalbeiro3230
66617304088.0,62943581677.0,edagar.arce,leslielynn05
63071647984.0,63048197823.0,baabybunni,toadr0ad
63071647984.0,66769627005.0,baabybunni,exileonmainst_
63071647984.0,70090860545.0,baabybunni,very.sedated
66106763118.0,63050014333.0,wilmingtoncroat,pizzapapi_parmeshawn
63368525732.0,70801981820.0,calebdaman__24,stoicheadaurelius
10093197053.0,143698480.0,greenxxdream,__j.exe
63300306253.0,71865395601.0,teairrajariee,hatsunechastity
63300306253.0,65857235588.0,teairrajariee,pig.whiskers
63300306253.0,1144731514.0,teairrajariee,fabichuela
64199209199.0,62881798100.0,cottoncandyygirll,pinkgirlgems
64199209199.0,64133171263.0,cottoncandyygirll,hhhvnnah
64199209199.0,65799909340.0,cottoncandyygirll,daddykaekz
64199209199.0,63160990349.0,cottoncandyygirll,urfavvannah
64199209199.0,63045269821.0,cottoncandyygirll,_purrrla
64199209199.0,3182628556.0,cottoncandyygirll,ash.morse1116
64199209199.0,63104890339.0,cottoncandyygirll,tayybahyasin
64199209199.0,1960913204.0,cottoncandyygirll,johnm.bostock
3182628556.0,67534514228.0,ash.morse1116,da_josheezy
63288329033.0,63428870110.0,pandaandpets,bob_b_1961
63488657761.0,63279071240.0,viktoriaakillz,tsvndra
63488657761.0,63245083217.0,viktoriaakillz,wallflower.marie
317756126.0,4231323185.0,333.sc.333,chronicallychristinepa
317756126.0,65857235588.0,333.sc.333,pig.whiskers
317756126.0,70090860545.0,333.sc.333,very.sedated
317756126.0,63507872984.0,333.sc.333,mychaelablatta
317756126.0,63383172164.0,333.sc.333,r.a.s.chimp.rob
48060469402.0,68967429293.0,soda__kat,xxkitcat_
48060469402.0,70090860545.0,soda__kat,very.sedated
48060469402.0,66737058987.0,soda__kat,cryptowiick13
48060469402.0,49087922134.0,soda__kat,deepakyadav_.__
66439835431.0,66424689578.0,aliciaclark__745,fikdogsrescue4
66439835431.0,66928294709.0,aliciaclark__745,miah_bby_gallagher
64216556431.0,65842862372.0,imonlyhuman8128,mdirfanirfan983
64216556431.0,66411901180.0,imonlyhuman8128,mayornayr
64216556431.0,66281041013.0,imonlyhuman8128,plutospurgatory_
64216556431.0,57899181321.0,imonlyhuman8128,geftalker
63275831139.0,66393265019.0,_hellorachelle_,lovesmagicuniverse
63251759092.0,65857235588.0,tayy_elaine,pig.whiskers
63251759092.0,63240659515.0,tayy_elaine,rebecca.hrndz
63279930813.0,63336204799.0,_rexsloth_,_fractured.w1nt3r_
63085514490.0,63527255724.0,thetherapist2.0,originalmks
63085514490.0,67829624451.0,thetherapist2.0,wilder0_
4005126603.0,70868307393.0,itzkittyok,itz_laric___lifestyle
63482171278.0,249395175.0,ladyfrost.ttv,emnmegsmom
63482171278.0,69221625813.0,ladyfrost.ttv,nice_bajablast
63044005198.0,63072502008.0,viktoriaakills,gunacar
63304247951.0,65044499313.0,cloberries,mybloodyguillotine
63304247951.0,71865395601.0,cloberries,hatsunechastity
63304247951.0,70401032034.0,cloberries,filmq33n
63304247951.0,67052260968.0,cloberries,livvybivvygirl
63652180511.0,70801981820.0,your.old.pal.goldie,stoicheadaurelius
63652180511.0,70987061920.0,your.old.pal.goldie,ethancraft420
63652180511.0,63094255665.0,your.old.pal.goldie,shelbythreeshoes
63652180511.0,63243418374.0,your.old.pal.goldie,subtotalpoet
63311216127.0,71259349182.0,xxjustjustin31,ronniebear_
63426811037.0,71865395601.0,red.the.living.dead,hatsunechastity
63426811037.0,63404132645.0,red.the.living.dead,ajmstoryteller
57451490480.0,62974736024.0,weirdxfae,imdamonconway
57451490480.0,65857235588.0,weirdxfae,pig.whiskers
57451490480.0,68886755611.0,weirdxfae,_gooseygirl_
57451490480.0,63233794888.0,weirdxfae,xamphetanina
63050014333.0,69772317706.0,pizzapapi_parmeshawn,kaes.hell
63050014333.0,63125669138.0,pizzapapi_parmeshawn,thegermygerm
63050014333.0,67138257125.0,pizzapapi_parmeshawn,dirty.is.dead
63050014333.0,254187240.0,pizzapapi_parmeshawn,ascholtka2
63050014333.0,71309214564.0,pizzapapi_parmeshawn,squidwatch_
63050014333.0,71697358082.0,pizzapapi_parmeshawn,db.x_x
63050014333.0,71324892320.0,pizzapapi_parmeshawn,officialsrscinema
63050014333.0,70616667192.0,pizzapapi_parmeshawn,lostuisauce
63050014333.0,67516854676.0,pizzapapi_parmeshawn,kendrabitches
63050014333.0,69195696999.0,pizzapapi_parmeshawn,replygirrl
63050014333.0,63442412037.0,pizzapapi_parmeshawn,vng.lxvi
63050014333.0,70872730074.0,pizzapapi_parmeshawn,dailysh1tpost
63050014333.0,70511184093.0,pizzapapi_parmeshawn,really_tiredgirl
63050014333.0,71378012142.0,pizzapapi_parmeshawn,sigh.of.a.siren
63050014333.0,63286072672.0,pizzapapi_parmeshawn,madebyrichi
65898121863.0,63286072672.0,plutosparadise_,madebyrichi
63448816026.0,68645733938.0,spanishmamialee_xo,waxpen
63448816026.0,66082439136.0,spanishmamialee_xo,syfslh29
63448816026.0,63281657974.0,spanishmamialee_xo,kalimariamoon
63474393633.0,63023703165.0,mynameisnotstephen,kaci.blue
63474393633.0,55097284075.0,mynameisnotstephen,infinitesarina
63474393633.0,63079722581.0,mynameisnotstephen,theblessedadrian_
63474393633.0,63388077078.0,mynameisnotstephen,_sonderlust
63474393633.0,63054925606.0,mynameisnotstephen,asamimakes
63474393633.0,63089150315.0,mynameisnotstephen,pgktr
63474393633.0,63234130873.0,mynameisnotstephen,youabsolutefool
63474393633.0,63434886616.0,mynameisnotstephen,haytham.elswerkie
63424490516.0,63446709553.0,___kristen.n,jackiemurilloxo
2876361796.0,1996480204.0,zyxa_the_great,traumaberry
2876361796.0,10093197053.0,zyxa_the_great,greenxxdream
2876361796.0,1537556648.0,zyxa_the_great,bruh.itsoenhoenh
209612284.0,63227494460.0,kae.la,torijanerises
63512555665.0,70987061920.0,nwodg,ethancraft420
63512555665.0,71865395601.0,nwodg,hatsunechastity
63512555665.0,63233794888.0,nwodg,xamphetanina
63512555665.0,63209433517.0,nwodg,kelsey.reanne
63512555665.0,70447449815.0,nwodg,sunnyspirit777
63512555665.0,63394916712.0,nwodg,themeg.x
65799909340.0,62974736024.0,daddykaekz,imdamonconway
65799909340.0,71865395601.0,daddykaekz,hatsunechastity
65799909340.0,70090860545.0,daddykaekz,very.sedated
65464976011.0,63637992384.0,deerinasuitinc,kkeel1z
65464976011.0,69858622841.0,deerinasuitinc,igakoncka
65464976011.0,70987061920.0,deerinasuitinc,ethancraft420
65464976011.0,71865395601.0,deerinasuitinc,hatsunechastity
65464976011.0,65113336515.0,deerinasuitinc,ana.berts
65464976011.0,3172060771.0,deerinasuitinc,christina._jpg
65464976011.0,63063007518.0,deerinasuitinc,soooooobbygirl
65464976011.0,69544438438.0,deerinasuitinc,poro.puff
65464976011.0,62943581677.0,deerinasuitinc,leslielynn05
65464976011.0,68967429293.0,deerinasuitinc,xxkitcat_
229130252.0,61336722799.0,pizza_prevail,mike_cooler21
62402688359.0,63240274903.0,_mknerd_,jade0rade
62402688359.0,63849652968.0,_mknerd_,kay_of_sunshine
62402688359.0,66564793740.0,_mknerd_,kkyanaandrea
62402688359.0,63459388837.0,_mknerd_,hayatnaseri1
62402688359.0,63434886616.0,_mknerd_,haytham.elswerkie
62402688359.0,64219829722.0,_mknerd_,richay.bikhari
62402688359.0,66040494497.0,_mknerd_,shennifer.xx
62402688359.0,45611935123.0,_mknerd_,rogue_sky_
62402688359.0,63228987617.0,_mknerd_,austinmcgrady
62402688359.0,68731363685.0,_mknerd_,it_aint_fair_jear
62402688359.0,66396550341.0,_mknerd_,lizzy.xstar
62402688359.0,66044511768.0,_mknerd_,lucyinfinityx
62402688359.0,64724697215.0,_mknerd_,onlytsvndra
62402688359.0,18377227.0,_mknerd_,_evil_eva
62402688359.0,65576007559.0,_mknerd_,tsundraaa
62402688359.0,66766911861.0,_mknerd_,theduchessreturns
62402688359.0,63278984606.0,_mknerd_,kiddynomite.nzo
62402688359.0,65805009356.0,_mknerd_,gilbilfos
62402688359.0,63482171278.0,_mknerd_,ladyfrost.ttv
62402688359.0,63460213473.0,_mknerd_,sojournerweaver
62402688359.0,65788096345.0,_mknerd_,the_mini_manager
62402688359.0,65676038694.0,_mknerd_,poorxkitty
62402688359.0,63281657974.0,_mknerd_,kalimariamoon
62402688359.0,3182628556.0,_mknerd_,ash.morse1116
62402688359.0,63452464731.0,_mknerd_,cryptocurrenshe
62402688359.0,63457193246.0,_mknerd_,prof.thimbleberry
62402688359.0,65192019406.0,_mknerd_,dadeorion
63313610700.0,66311329919.0,brock0509,laaye47
63313610700.0,71085473832.0,brock0509,mr.gold.starr
63313610700.0,63278984606.0,brock0509,kiddynomite.nzo
63313610700.0,69919551787.0,brock0509,beanz_galore
63313610700.0,63227851797.0,brock0509,wristbanger
63313610700.0,69397439465.0,brock0509,soriax0
63313610700.0,67034868904.0,brock0509,qveen.jenna_
63474539832.0,65857235588.0,yg.sam,pig.whiskers
64612868649.0,259521626.0,omnidexxghost,kurosaewa
64612868649.0,63485425763.0,omnidexxghost,notleahspov
64612868649.0,63085514490.0,omnidexxghost,thetherapist2.0
53223380198.0,66044511768.0,amiraforthesun,lucyinfinityx
53223380198.0,63484952568.0,amiraforthesun,big_tortoise_goth_gf
53223380198.0,63285541845.0,amiraforthesun,its.clox
53223380198.0,66281041013.0,amiraforthesun,plutospurgatory_
53223380198.0,66411901180.0,amiraforthesun,mayornayr
53223380198.0,63450540425.0,amiraforthesun,thatspookybabe99
53223380198.0,68214824885.0,amiraforthesun,rosie_revive
53223380198.0,66416539142.0,amiraforthesun,leeyucx6
53223380198.0,63394916712.0,amiraforthesun,themeg.x
53223380198.0,69919551787.0,amiraforthesun,beanz_galore
53223380198.0,63421967386.0,amiraforthesun,itsjust_jymie
53223380198.0,66928294709.0,amiraforthesun,miah_bby_gallagher
49659251795.0,66411901180.0,dear.johnnie,mayornayr
49659251795.0,63405053608.0,dear.johnnie,ace.febreeze
49659251795.0,66378848981.0,dear.johnnie,mercedeesbettis
49659251795.0,66360160894.0,dear.johnnie,onnnalee_
49659251795.0,5633190664.0,dear.johnnie,rachthemoonbaby2.0
49659251795.0,63372607551.0,dear.johnnie,okido22
49659251795.0,63234130873.0,dear.johnnie,youabsolutefool
49659251795.0,34933897.0,dear.johnnie,brandoughnut5
49659251795.0,64685242307.0,dear.johnnie,phoenixcorndog
65192019406.0,63474393633.0,dadeorion,mynameisnotstephen
65192019406.0,63652180511.0,dadeorion,your.old.pal.goldie
65192019406.0,63071632431.0,dadeorion,traumaberry2.0
65192019406.0,5856853072.0,dadeorion,angelc.ali
65192019406.0,63409700279.0,dadeorion,ketchup.jessi
65192019406.0,63234130873.0,dadeorion,youabsolutefool
63451274408.0,66876532774.0,sleepyxbunnii,rock.philip
63451274408.0,45210409502.0,sleepyxbunnii,justjustin31.2.0
62934543536.0,63484952568.0,ro.road,big_tortoise_goth_gf
62934543536.0,63044005198.0,ro.road,viktoriaakills
62934543536.0,63255752916.0,ro.road,mochiibean
62934543536.0,63403017876.0,ro.road,big.dharma
63409463998.0,63285541845.0,jen_phoenix68,its.clox
63409463998.0,67147142996.0,jen_phoenix68,wilbran509
63409463998.0,63460213473.0,jen_phoenix68,sojournerweaver
63409463998.0,65413760638.0,jen_phoenix68,x.xo0oxx
63409463998.0,63069659062.0,jen_phoenix68,gokhand.44
63409463998.0,66903748610.0,jen_phoenix68,nicnac_face
63409463998.0,63408468422.0,jen_phoenix68,dv___boss__elfreshco__justmine
63409463998.0,66658360254.0,jen_phoenix68,17theycallme_dior
63409463998.0,65433971386.0,jen_phoenix68,nickyguns84
63409463998.0,63581948607.0,jen_phoenix68,cotnerjoe
63409463998.0,66420785732.0,jen_phoenix68,martuduran
63409463998.0,65615223706.0,jen_phoenix68,cafollaafonso
63409463998.0,63455337245.0,jen_phoenix68,arashariya2025
63409463998.0,63405053608.0,jen_phoenix68,ace.febreeze
63409463998.0,64729037047.0,jen_phoenix68,tracey35zombie_
63409463998.0,66508785180.0,jen_phoenix68,2serendra_bgc
63409463998.0,66411901180.0,jen_phoenix68,mayornayr
63409463998.0,63381705864.0,jen_phoenix68,arpus___
63409463998.0,66040494497.0,jen_phoenix68,shennifer.xx
63409463998.0,63368525732.0,jen_phoenix68,calebdaman__24
63409463998.0,65937755147.0,jen_phoenix68,lilybradleyyy
63409463998.0,63090982323.0,jen_phoenix68,cherrykitten333
63409463998.0,66497808807.0,jen_phoenix68,mckenzievlad_thepoet
63409463998.0,63257400219.0,jen_phoenix68,ghoststrats
63409463998.0,63606240738.0,jen_phoenix68,m.goddessintheflesh
63409463998.0,63474457551.0,jen_phoenix68,tiltedpixelstudio
63409463998.0,181217960.0,jen_phoenix68,vatoloko.420
63409463998.0,63384825257.0,jen_phoenix68,vivekchalasani7
63409463998.0,63427602142.0,jen_phoenix68,dentedprinter
63409463998.0,63050014333.0,jen_phoenix68,pizzapapi_parmeshawn
63409463998.0,63021703672.0,jen_phoenix68,sky_walker.eth
63409463998.0,63407477263.0,jen_phoenix68,dar3_tw0_dr3am
63409463998.0,63430014586.0,jen_phoenix68,paul.pillio
63370372773.0,70987061920.0,spicyfuneral,ethancraft420
63370372773.0,66393265019.0,spicyfuneral,lovesmagicuniverse
63370372773.0,65857235588.0,spicyfuneral,pig.whiskers
63370372773.0,63254455739.0,spicyfuneral,kailasullivan
63370372773.0,63286072672.0,spicyfuneral,madebyrichi
63370372773.0,69652578803.0,spicyfuneral,cave.felem93
63370372773.0,69858622841.0,spicyfuneral,igakoncka
63370372773.0,46743654421.0,spicyfuneral,keybladeciel
63370372773.0,69639652910.0,spicyfuneral,bby_yaga__
63370372773.0,64492365397.0,spicyfuneral,fuckits420247365
63370372773.0,67989824415.0,spicyfuneral,stephenonmars
63370372773.0,63313610700.0,spicyfuneral,brock0509
63370372773.0,63252184325.0,spicyfuneral,adipixie
63370372773.0,63410660450.0,spicyfuneral,ihateferrariii
63370372773.0,63257595379.0,spicyfuneral,_toxiicgemini_
63370372773.0,65676038694.0,spicyfuneral,poorxkitty
63370372773.0,67360712488.0,spicyfuneral,windsorharmreduction.oat
63370372773.0,68883347165.0,spicyfuneral,prime_of_the_day
63370372773.0,4373525563.0,spicyfuneral,nicklovinz1337
63370372773.0,63402005020.0,spicyfuneral,steely.xan
63370372773.0,66450183215.0,spicyfuneral,ass_huh_lee
63370372773.0,64025708846.0,spicyfuneral,19_goth.bella
63370372773.0,63440057399.0,spicyfuneral,robby.moto
63370372773.0,67034868904.0,spicyfuneral,qveen.jenna_
63370372773.0,63403017876.0,spicyfuneral,big.dharma
63370372773.0,61336722799.0,spicyfuneral,mike_cooler21
63370372773.0,63079390777.0,spicyfuneral,qsaid2muchalready
63370372773.0,63250938701.0,spicyfuneral,thejayspotof
63370372773.0,66862133342.0,spicyfuneral,ethan.freedman.journo
63370372773.0,66442628888.0,spicyfuneral,thomasstevenson872
63370372773.0,3172060771.0,spicyfuneral,christina._jpg
63370372773.0,66281041013.0,spicyfuneral,plutospurgatory_
63370372773.0,63139581350.0,spicyfuneral,kiiracrush
63370372773.0,62934543536.0,spicyfuneral,ro.road
63370372773.0,64048571250.0,spicyfuneral,joseesaanzz06
63370372773.0,65707012628.0,spicyfuneral,chelseabearx
63370372773.0,65898121863.0,spicyfuneral,plutosparadise_
63370372773.0,64724697215.0,spicyfuneral,onlytsvndra
63370372773.0,63052518832.0,spicyfuneral,izzie3030
63370372773.0,66420785732.0,spicyfuneral,martuduran
63370372773.0,58017041634.0,spicyfuneral,ickypry
63370372773.0,63224836145.0,spicyfuneral,clurrvoyance
63370372773.0,66449729732.0,spicyfuneral,669bch
63370372773.0,63402620589.0,spicyfuneral,milkman.core
63370372773.0,66411901180.0,spicyfuneral,mayornayr
63370372773.0,63228987617.0,spicyfuneral,austinmcgrady
63370372773.0,66729255951.0,spicyfuneral,114bch
63370372773.0,63243293986.0,spicyfuneral,pixarfan5678
63370372773.0,63372607551.0,spicyfuneral,okido22
63370372773.0,65929474498.0,spicyfuneral,destinimariefike333
63370372773.0,63125607968.0,spicyfuneral,razorslitwrist
63370372773.0,63474457551.0,spicyfuneral,tiltedpixelstudio
63370372773.0,63257400219.0,spicyfuneral,ghoststrats
63370372773.0,65020874839.0,spicyfuneral,claracianferotti
63370372773.0,63527255724.0,spicyfuneral,originalmks
63370372773.0,63412882515.0,spicyfuneral,michaela.wtf
63370372773.0,66044511768.0,spicyfuneral,lucyinfinityx
63370372773.0,64930856032.0,spicyfuneral,beemraj.bhagwandin6
63370372773.0,64661062096.0,spicyfuneral,diamond_dime01
63370372773.0,64224976239.0,spicyfuneral,raccyraccoon
63370372773.0,63452464731.0,spicyfuneral,cryptocurrenshe
63370372773.0,65464976011.0,spicyfuneral,deerinasuitinc
63370372773.0,65576007559.0,spicyfuneral,tsundraaa
63370372773.0,63063763812.0,spicyfuneral,thefoxglovefairyy
63370372773.0,3474802240.0,spicyfuneral,chlo.cocatt
63370372773.0,65120907377.0,spicyfuneral,catgod587
63370372773.0,63084055694.0,spicyfuneral,rotgarden
63370372773.0,65192019406.0,spicyfuneral,dadeorion
63370372773.0,63409700279.0,spicyfuneral,ketchup.jessi
63370372773.0,64779603169.0,spicyfuneral,666papi_chulo
63370372773.0,1954278558.0,spicyfuneral,gwostface
63370372773.0,63233794888.0,spicyfuneral,xamphetanina
63370372773.0,63525248989.0,spicyfuneral,iamvickyhilton
63370372773.0,63255752916.0,spicyfuneral,mochiibean
63370372773.0,14444821278.0,spicyfuneral,swulf293
63370372773.0,55097284075.0,spicyfuneral,infinitesarina
63370372773.0,317756126.0,spicyfuneral,333.sc.333
63370372773.0,64608710552.0,spicyfuneral,nefarious.vampire
63370372773.0,63304247951.0,spicyfuneral,cloberries
63370372773.0,63071647984.0,spicyfuneral,baabybunni
63370372773.0,56985722192.0,spicyfuneral,gracieswifty
63370372773.0,63409287881.0,spicyfuneral,teroc914
63370372773.0,64036195205.0,spicyfuneral,piss.flaps69
63370372773.0,47062152928.0,spicyfuneral,_walkerjeremiah777
63370372773.0,23280124743.0,spicyfuneral,bamxcv
63370372773.0,63234130873.0,spicyfuneral,youabsolutefool
63370372773.0,63240274903.0,spicyfuneral,jade0rade
63370372773.0,63261102661.0,spicyfuneral,shannemnelson
63370372773.0,63071632431.0,spicyfuneral,traumaberry2.0
63370372773.0,54222055216.0,spicyfuneral,spearsolrid
63370372773.0,63078641584.0,spicyfuneral,disdain_in_the_membrane
63370372773.0,63056091465.0,spicyfuneral,not_klitton
63370372773.0,63069579229.0,spicyfuneral,stfaery
63370372773.0,63485425763.0,spicyfuneral,notleahspov
63370372773.0,63249952503.0,spicyfuneral,yuwonmii
63370372773.0,63474393633.0,spicyfuneral,mynameisnotstephen
63370372773.0,63275831139.0,spicyfuneral,_hellorachelle_
63370372773.0,63457193246.0,spicyfuneral,prof.thimbleberry
63370372773.0,63384825257.0,spicyfuneral,vivekchalasani7
63370372773.0,63044005198.0,spicyfuneral,viktoriaakills
63370372773.0,63488794232.0,spicyfuneral,king_juzo1
63370372773.0,63388077078.0,spicyfuneral,_sonderlust
63370372773.0,63450540425.0,spicyfuneral,thatspookybabe99
63370372773.0,314502773.0,spicyfuneral,scullysnack
63370372773.0,63440389144.0,spicyfuneral,liminal.angel
63370372773.0,63227851797.0,spicyfuneral,wristbanger
63370372773.0,63392651335.0,spicyfuneral,a.bandika
63370372773.0,8175057217.0,spicyfuneral,t.svndra
63370372773.0,5904322416.0,spicyfuneral,single_shiv786
63370372773.0,63245083217.0,spicyfuneral,wallflower.marie
63370372773.0,63050014333.0,spicyfuneral,pizzapapi_parmeshawn
63370372773.0,63655416292.0,spicyfuneral,its_jannat_world_09
63370372773.0,61858706369.0,spicyfuneral,pinkpixiemoon
63370372773.0,63482171278.0,spicyfuneral,ladyfrost.ttv
63370372773.0,63425595794.0,spicyfuneral,betahoodie
63370372773.0,63084785707.0,spicyfuneral,darius.__jay
63370372773.0,63506264040.0,spicyfuneral,corpselain
63370372773.0,63054925606.0,spicyfuneral,asamimakes
63370372773.0,55558514826.0,spicyfuneral,ironbaeden
63370372773.0,63484952568.0,spicyfuneral,big_tortoise_goth_gf
63370372773.0,4005126603.0,spicyfuneral,itzkittyok
63370372773.0,63124507922.0,spicyfuneral,dem0n.dad
63370372773.0,4635255607.0,spicyfuneral,spicoli13tees
63370372773.0,63394916712.0,spicyfuneral,themeg.x
63370372773.0,143698480.0,spicyfuneral,__j.exe
63370372773.0,63070306885.0,spicyfuneral,m.walken420
63370372773.0,63279071240.0,spicyfuneral,tsvndra
63231318437.0,69020783700.0,uncultured_nerd_,m7fpsgaming
63231318437.0,71864305843.0,uncultured_nerd_,ur_favourite_kitten
63231318437.0,69047051921.0,uncultured_nerd_,foxyvixen11.11
63231318437.0,61203797554.0,uncultured_nerd_,potatahed
63231318437.0,63336204799.0,uncultured_nerd_,_fractured.w1nt3r_
63231318437.0,68731363685.0,uncultured_nerd_,it_aint_fair_jear
63231318437.0,68315991323.0,uncultured_nerd_,halonoelle93
63231318437.0,69858622841.0,uncultured_nerd_,igakoncka
63231318437.0,65113336515.0,uncultured_nerd_,ana.berts
63231318437.0,63241092044.0,uncultured_nerd_,irteza_gunner3567
63231318437.0,64516644874.0,uncultured_nerd_,zen_doe42
63231318437.0,63097541651.0,uncultured_nerd_,violent_skully
63231318437.0,58483477861.0,uncultured_nerd_,angela.melton1
63231318437.0,63023703165.0,uncultured_nerd_,kaci.blue
63231318437.0,49219731698.0,uncultured_nerd_,amoncityx
63231318437.0,63195422550.0,uncultured_nerd_,cactus.rose42
63231318437.0,4105333598.0,uncultured_nerd_,missyiknight11
63231318437.0,64773456528.0,uncultured_nerd_,jwjwbean
63231318437.0,63281657974.0,uncultured_nerd_,kalimariamoon
63231318437.0,63275831139.0,uncultured_nerd_,_hellorachelle_
63231318437.0,64608644575.0,uncultured_nerd_,daisyslittlemeadow
63231318437.0,65805009356.0,uncultured_nerd_,gilbilfos
63231318437.0,65693063382.0,uncultured_nerd_,fredwinter27
63231318437.0,63427602142.0,uncultured_nerd_,dentedprinter
63231318437.0,66332556733.0,uncultured_nerd_,lukepreece5
63231318437.0,63124507922.0,uncultured_nerd_,dem0n.dad
63231318437.0,66331704935.0,uncultured_nerd_,laudiee_lou
63231318437.0,63069659062.0,uncultured_nerd_,gokhand.44
63231318437.0,65105811120.0,uncultured_nerd_,sias6281
63231318437.0,48060469402.0,uncultured_nerd_,soda__kat
63231318437.0,63285541845.0,uncultured_nerd_,its.clox
63231318437.0,66420785732.0,uncultured_nerd_,martuduran
63231318437.0,65107790161.0,uncultured_nerd_,nona_kerryandfriends
63231318437.0,65548923826.0,uncultured_nerd_,bonnie_darco
63231318437.0,356548948.0,uncultured_nerd_,jordanishealing
63231318437.0,63250938701.0,uncultured_nerd_,thejayspotof
63231318437.0,66508785180.0,uncultured_nerd_,2serendra_bgc
63231318437.0,291424715.0,uncultured_nerd_,liv.mid
63231318437.0,55097284075.0,uncultured_nerd_,infinitesarina
63231318437.0,63457193246.0,uncultured_nerd_,prof.thimbleberry
63231318437.0,63484952568.0,uncultured_nerd_,big_tortoise_goth_gf
63231318437.0,56528227518.0,uncultured_nerd_,pixelxvixen
63231318437.0,63394916712.0,uncultured_nerd_,themeg.x
63231318437.0,63428870110.0,uncultured_nerd_,bob_b_1961
63231318437.0,64732940555.0,uncultured_nerd_,ovariart
63231318437.0,63090982323.0,uncultured_nerd_,cherrykitten333
63231318437.0,63101702777.0,uncultured_nerd_,hgentges2
63231318437.0,66411901180.0,uncultured_nerd_,mayornayr
63231318437.0,66311329919.0,uncultured_nerd_,laaye47
63231318437.0,66040494497.0,uncultured_nerd_,shennifer.xx
63231318437.0,65707012628.0,uncultured_nerd_,chelseabearx
63231318437.0,57451490480.0,uncultured_nerd_,weirdxfae
63231318437.0,64456781629.0,uncultured_nerd_,thelittlemaryjane_
63231318437.0,65219958169.0,uncultured_nerd_,dawn_thatsme
63231318437.0,64133171263.0,uncultured_nerd_,hhhvnnah
63231318437.0,1689091242.0,uncultured_nerd_,nae_the_adorable
63231318437.0,63257400219.0,uncultured_nerd_,ghoststrats
63231318437.0,65234754609.0,uncultured_nerd_,thatfuzzguy_
63231318437.0,63451274408.0,uncultured_nerd_,sleepyxbunnii
63231318437.0,63433460968.0,uncultured_nerd_,taint_behavin
63231318437.0,63460213473.0,uncultured_nerd_,sojournerweaver
63231318437.0,3133209928.0,uncultured_nerd_,corieschreiber2.0
63231318437.0,63261413757.0,uncultured_nerd_,sethappeal
63231318437.0,63493832145.0,uncultured_nerd_,liz_can_fly
63231318437.0,65111508547.0,uncultured_nerd_,e8.hv
63231318437.0,63474539832.0,uncultured_nerd_,yg.sam
63231318437.0,63367070002.0,uncultured_nerd_,donttouchthediscoball
63231318437.0,64744867914.0,uncultured_nerd_,country_gurl_27
63231318437.0,63474393633.0,uncultured_nerd_,mynameisnotstephen
63231318437.0,63374341688.0,uncultured_nerd_,jandrucci
63231318437.0,63105746416.0,uncultured_nerd_,s.arahtonin
63231318437.0,63288329033.0,uncultured_nerd_,pandaandpets
63231318437.0,63820314872.0,uncultured_nerd_,happ.ygirl6917
63231318437.0,14444821278.0,uncultured_nerd_,swulf293
63231318437.0,63426811037.0,uncultured_nerd_,red.the.living.dead
63231318437.0,63525248989.0,uncultured_nerd_,iamvickyhilton
63231318437.0,63156308928.0,uncultured_nerd_,aiirbearmusic
63231318437.0,63297752471.0,uncultured_nerd_,jamayaxx
63231318437.0,63084055694.0,uncultured_nerd_,rotgarden
63231318437.0,63224836145.0,uncultured_nerd_,clurrvoyance
63231318437.0,63448816026.0,uncultured_nerd_,spanishmamialee_xo
63231318437.0,63245083217.0,uncultured_nerd_,wallflower.marie
63231318437.0,63279071240.0,uncultured_nerd_,tsvndra
63231318437.0,63452464731.0,uncultured_nerd_,cryptocurrenshe
63231318437.0,63450540425.0,uncultured_nerd_,thatspookybabe99
63231318437.0,63131606124.0,uncultured_nerd_,_neonrainbow__26
63231318437.0,23280124743.0,uncultured_nerd_,bamxcv
63231318437.0,64014191820.0,uncultured_nerd_,calmyourfarmgame
63231318437.0,63482171278.0,uncultured_nerd_,ladyfrost.ttv
65576007559.0,63148887318.0,tsundraaa,h0e4horror
65576007559.0,70401032034.0,tsundraaa,filmq33n
65576007559.0,63637992384.0,tsundraaa,kkeel1z
65576007559.0,70126354055.0,tsundraaa,warmblue56
65576007559.0,68644073198.0,tsundraaa,ephemeralnightmarez
65576007559.0,63279071240.0,tsundraaa,tsvndra
65576007559.0,68967429293.0,tsundraaa,xxkitcat_
65576007559.0,63622240163.0,tsundraaa,thewickedeye
65576007559.0,66040494497.0,tsundraaa,shennifer.xx
65576007559.0,69512822148.0,tsundraaa,_h0e4h0rror
65576007559.0,63450540425.0,tsundraaa,thatspookybabe99
65576007559.0,63255752916.0,tsundraaa,mochiibean
65576007559.0,63317505259.0,tsundraaa,mykolasoo
65576007559.0,69858622841.0,tsundraaa,igakoncka
65576007559.0,64479498289.0,tsundraaa,hates_milk
65576007559.0,45210409502.0,tsundraaa,justjustin31.2.0
65576007559.0,69230487741.0,tsundraaa,high_foreign_chick
65576007559.0,54222055216.0,tsundraaa,spearsolrid
65576007559.0,63403017876.0,tsundraaa,big.dharma
65576007559.0,64492365397.0,tsundraaa,fuckits420247365
65576007559.0,66281041013.0,tsundraaa,plutospurgatory_
65576007559.0,63410660450.0,tsundraaa,ihateferrariii
65576007559.0,63372607551.0,tsundraaa,okido22
65576007559.0,66928294709.0,tsundraaa,miah_bby_gallagher
65576007559.0,63445968515.0,tsundraaa,yungworldpatriot
65576007559.0,65857235588.0,tsundraaa,pig.whiskers
65576007559.0,66378848981.0,tsundraaa,mercedeesbettis
65576007559.0,65192019406.0,tsundraaa,dadeorion
65576007559.0,65676038694.0,tsundraaa,poorxkitty
65576007559.0,63091461877.0,tsundraaa,sp00pkittn
65576007559.0,68886755611.0,tsundraaa,_gooseygirl_
65576007559.0,68731363685.0,tsundraaa,it_aint_fair_jear
65576007559.0,63146382266.0,tsundraaa,_flowersandlace_
65576007559.0,64807401114.0,tsundraaa,ashhlet_
65576007559.0,64219829722.0,tsundraaa,richay.bikhari
65576007559.0,63612160116.0,tsundraaa,darkruni
65576007559.0,66450183215.0,tsundraaa,ass_huh_lee
65576007559.0,45619175585.0,tsundraaa,blanca.nerea.31
65576007559.0,63281657974.0,tsundraaa,kalimariamoon
65576007559.0,67360712488.0,tsundraaa,windsorharmreduction.oat
65576007559.0,259521626.0,tsundraaa,kurosaewa
65576007559.0,4373525563.0,tsundraaa,nicklovinz1337
65576007559.0,66272878687.0,tsundraaa,brandon_zombi3
65576007559.0,63079390777.0,tsundraaa,qsaid2muchalready
65576007559.0,63395645265.0,tsundraaa,digital.icarus
65576007559.0,65898121863.0,tsundraaa,plutosparadise_
65576007559.0,67581414473.0,tsundraaa,m.arya.m05
65576007559.0,63849652968.0,tsundraaa,kay_of_sunshine
65576007559.0,63249952503.0,tsundraaa,yuwonmii
65576007559.0,63048197823.0,tsundraaa,toadr0ad
65576007559.0,66862133342.0,tsundraaa,ethan.freedman.journo
65576007559.0,66044511768.0,tsundraaa,lucyinfinityx
65576007559.0,67034868904.0,tsundraaa,qveen.jenna_
65576007559.0,63250938701.0,tsundraaa,thejayspotof
65576007559.0,63793268311.0,tsundraaa,003tretre
65576007559.0,63465297423.0,tsundraaa,aurainsanity
65576007559.0,63457193246.0,tsundraaa,prof.thimbleberry
65576007559.0,63336204799.0,tsundraaa,_fractured.w1nt3r_
65576007559.0,62881798100.0,tsundraaa,pinkgirlgems
65576007559.0,63459250725.0,tsundraaa,theedance_zaddyronin
65576007559.0,66442628888.0,tsundraaa,thomasstevenson872
65576007559.0,65693063382.0,tsundraaa,fredwinter27
65576007559.0,63409287881.0,tsundraaa,teroc914
65576007559.0,46743654421.0,tsundraaa,keybladeciel
65576007559.0,63440057399.0,tsundraaa,robby.moto
65576007559.0,66333805909.0,tsundraaa,speedtreez
65576007559.0,63070311372.0,tsundraaa,tiffanypep
65576007559.0,63438326017.0,tsundraaa,spookyy.ellie
65576007559.0,64014191820.0,tsundraaa,calmyourfarmgame
65576007559.0,65107790161.0,tsundraaa,nona_kerryandfriends
65576007559.0,63278984606.0,tsundraaa,kiddynomite.nzo
65576007559.0,63038582216.0,tsundraaa,ppopernack
65576007559.0,65464976011.0,tsundraaa,deerinasuitinc
65576007559.0,63052518832.0,tsundraaa,izzie3030
65576007559.0,55097284075.0,tsundraaa,infinitesarina
65576007559.0,63259825937.0,tsundraaa,itsjusterianna
65576007559.0,66416539142.0,tsundraaa,leeyucx6
65576007559.0,63124507922.0,tsundraaa,dem0n.dad
65576007559.0,63251759092.0,tsundraaa,tayy_elaine
65576007559.0,63493832145.0,tsundraaa,liz_can_fly
65576007559.0,63228987617.0,tsundraaa,austinmcgrady
65576007559.0,63056091465.0,tsundraaa,not_klitton
65576007559.0,143698480.0,tsundraaa,__j.exe
65576007559.0,63474393633.0,tsundraaa,mynameisnotstephen
65576007559.0,64048571250.0,tsundraaa,joseesaanzz06
65576007559.0,57451490480.0,tsundraaa,weirdxfae
65576007559.0,63388077078.0,tsundraaa,_sonderlust
65576007559.0,63394916712.0,tsundraaa,themeg.x
65576007559.0,63484952568.0,tsundraaa,big_tortoise_goth_gf
65576007559.0,45611935123.0,tsundraaa,rogue_sky_
65576007559.0,63304247951.0,tsundraaa,cloberries
65576007559.0,63050014333.0,tsundraaa,pizzapapi_parmeshawn
65576007559.0,66411901180.0,tsundraaa,mayornayr
65576007559.0,66376096186.0,tsundraaa,jasmines_jewelry_box
65576007559.0,63475481680.0,tsundraaa,joss._44
65576007559.0,63125607968.0,tsundraaa,razorslitwrist
65576007559.0,65788096345.0,tsundraaa,the_mini_manager
65576007559.0,64608710552.0,tsundraaa,nefarious.vampire
65576007559.0,65120907377.0,tsundraaa,catgod587
65576007559.0,64779603169.0,tsundraaa,666papi_chulo
65576007559.0,63240274903.0,tsundraaa,jade0rade
65576007559.0,58017041634.0,tsundraaa,ickypry
65576007559.0,64724697215.0,tsundraaa,onlytsvndra
65576007559.0,14444821278.0,tsundraaa,swulf293
65576007559.0,64133171263.0,tsundraaa,hhhvnnah
65576007559.0,1996480204.0,tsundraaa,traumaberry
65576007559.0,63488794232.0,tsundraaa,king_juzo1
65576007559.0,63105390456.0,tsundraaa,mythicalhvbris
65576007559.0,64224976239.0,tsundraaa,raccyraccoon
65576007559.0,63452464731.0,tsundraaa,cryptocurrenshe
65576007559.0,63460213473.0,tsundraaa,sojournerweaver
65576007559.0,63139581350.0,tsundraaa,kiiracrush
65576007559.0,63044005198.0,tsundraaa,viktoriaakills
65576007559.0,63023703165.0,tsundraaa,kaci.blue
65576007559.0,63425595794.0,tsundraaa,betahoodie
65576007559.0,4005126603.0,tsundraaa,itzkittyok
65576007559.0,63423876041.0,tsundraaa,mackieatmyhouse
65576007559.0,63063763812.0,tsundraaa,thefoxglovefairyy
65576007559.0,3474802240.0,tsundraaa,chlo.cocatt
65576007559.0,5856853072.0,tsundraaa,angelc.ali
65576007559.0,62402688359.0,tsundraaa,_mknerd_
65576007559.0,63313610700.0,tsundraaa,brock0509
65576007559.0,63227851797.0,tsundraaa,wristbanger
65576007559.0,55558514826.0,tsundraaa,ironbaeden
65576007559.0,56985722192.0,tsundraaa,gracieswifty
65576007559.0,63426811037.0,tsundraaa,red.the.living.dead
65576007559.0,63370372773.0,tsundraaa,spicyfuneral
65576007559.0,63078641584.0,tsundraaa,disdain_in_the_membrane
65576007559.0,63156308928.0,tsundraaa,aiirbearmusic
65576007559.0,8175057217.0,tsundraaa,t.svndra
63139581350.0,63430014586.0,kiiracrush,paul.pillio
63139581350.0,63460213473.0,kiiracrush,sojournerweaver
63139581350.0,70872730074.0,kiiracrush,dailysh1tpost
63139581350.0,70090860545.0,kiiracrush,very.sedated
63139581350.0,72007443590.0,kiiracrush,phantom_fairy
63139581350.0,64668897007.0,kiiracrush,miss_zydrate
63139581350.0,69043119902.0,kiiracrush,logicalwonderz
63139581350.0,51096440.0,kiiracrush,mrkrabsirl
63139581350.0,63233794888.0,kiiracrush,xamphetanina
63139581350.0,68731363685.0,kiiracrush,it_aint_fair_jear
63139581350.0,68315991323.0,kiiracrush,halonoelle93
63139581350.0,64807401114.0,kiiracrush,ashhlet_
63139581350.0,69639652910.0,kiiracrush,bby_yaga__
63139581350.0,62974736024.0,kiiracrush,imdamonconway
63139581350.0,63286072672.0,kiiracrush,madebyrichi
63139581350.0,63224836145.0,kiiracrush,clurrvoyance
63139581350.0,70126354055.0,kiiracrush,warmblue56
63139581350.0,63048197823.0,kiiracrush,toadr0ad
63139581350.0,67989824415.0,kiiracrush,stephenonmars
63139581350.0,64479498289.0,kiiracrush,hates_milk
63139581350.0,63088054048.0,kiiracrush,borntobeweiiird
63139581350.0,63257595379.0,kiiracrush,_toxiicgemini_
63139581350.0,63091461877.0,kiiracrush,sp00pkittn
63139581350.0,67699043340.0,kiiracrush,strawbabeshortcake
63139581350.0,63071632431.0,kiiracrush,traumaberry2.0
63139581350.0,68886755611.0,kiiracrush,_gooseygirl_
63139581350.0,65064149978.0,kiiracrush,jacubinthecut
63139581350.0,63281657974.0,kiiracrush,kalimariamoon
63139581350.0,65012121064.0,kiiracrush,omnescence
63139581350.0,67360712488.0,kiiracrush,windsorharmreduction.oat
63139581350.0,68654963074.0,kiiracrush,severed_knees
63139581350.0,4373525563.0,kiiracrush,nicklovinz1337
63139581350.0,1954278558.0,kiiracrush,gwostface
63139581350.0,65857235588.0,kiiracrush,pig.whiskers
63139581350.0,67509133548.0,kiiracrush,kittycatkae
63139581350.0,63474457551.0,kiiracrush,tiltedpixelstudio
63139581350.0,63849652968.0,kiiracrush,kay_of_sunshine
63139581350.0,5633190664.0,kiiracrush,rachthemoonbaby2.0
63139581350.0,63372607551.0,kiiracrush,okido22
63139581350.0,63258411514.0,kiiracrush,mrvalvetronix
63139581350.0,66281041013.0,kiiracrush,plutospurgatory_
63139581350.0,65693063382.0,kiiracrush,fredwinter27
63139581350.0,65898121863.0,kiiracrush,plutosparadise_
63139581350.0,65398772528.0,kiiracrush,alexidewriter
63139581350.0,63505367898.0,kiiracrush,meranibunni
63139581350.0,66430902627.0,kiiracrush,blackdelflowrd
63139581350.0,63052836871.0,kiiracrush,kaitlynpaige64
63139581350.0,63459388837.0,kiiracrush,hayatnaseri1
63139581350.0,63228987617.0,kiiracrush,austinmcgrady
63139581350.0,66564793740.0,kiiracrush,kkyanaandrea
63139581350.0,64244979012.0,kiiracrush,mr.matthewkylewhitt.s
63139581350.0,63733837199.0,kiiracrush,jp3_the_pro
63139581350.0,63250938701.0,kiiracrush,thejayspotof
63139581350.0,64456781629.0,kiiracrush,thelittlemaryjane_
63139581350.0,65344865749.0,kiiracrush,coffeebeansdev
63139581350.0,64014191820.0,kiiracrush,calmyourfarmgame
63139581350.0,66376096186.0,kiiracrush,jasmines_jewelry_box
63139581350.0,66411901180.0,kiiracrush,mayornayr
63139581350.0,63278984606.0,kiiracrush,kiddynomite.nzo
63139581350.0,65788096345.0,kiiracrush,the_mini_manager
63139581350.0,65799909340.0,kiiracrush,daddykaekz
63139581350.0,64779603169.0,kiiracrush,666papi_chulo
63139581350.0,63470524206.0,kiiracrush,affaqrana
63139581350.0,63125607968.0,kiiracrush,razorslitwrist
63139581350.0,10596506412.0,kiiracrush,_beanie.babeyy
63139581350.0,65576007559.0,kiiracrush,tsundraaa
63139581350.0,209612284.0,kiiracrush,kae.la
63139581350.0,56985722192.0,kiiracrush,gracieswifty
63139581350.0,53223380198.0,kiiracrush,amiraforthesun
63139581350.0,65464976011.0,kiiracrush,deerinasuitinc
63139581350.0,63652180511.0,kiiracrush,your.old.pal.goldie
63139581350.0,49659251795.0,kiiracrush,dear.johnnie
63139581350.0,18377227.0,kiiracrush,_evil_eva
63139581350.0,63423876041.0,kiiracrush,mackieatmyhouse
63139581350.0,63507872984.0,kiiracrush,mychaelablatta
63139581350.0,63056091465.0,kiiracrush,not_klitton
63139581350.0,64612868649.0,kiiracrush,omnidexxghost
63139581350.0,63376510485.0,kiiracrush,ahadeethanddua
63139581350.0,65066491421.0,kiiracrush,buttercup.babyyx
63139581350.0,65113336515.0,kiiracrush,ana.berts
63139581350.0,65192019406.0,kiiracrush,dadeorion
63139581350.0,65120907377.0,kiiracrush,catgod587
63139581350.0,23280124743.0,kiiracrush,bamxcv
63139581350.0,63424490516.0,kiiracrush,___kristen.n
63139581350.0,3182628556.0,kiiracrush,ash.morse1116
63139581350.0,14444821278.0,kiiracrush,swulf293
63139581350.0,291424715.0,kiiracrush,liv.mid
63139581350.0,63050014333.0,kiiracrush,pizzapapi_parmeshawn
63139581350.0,63457193246.0,kiiracrush,prof.thimbleberry
63139581350.0,63426811037.0,kiiracrush,red.the.living.dead
63139581350.0,64219829722.0,kiiracrush,richay.bikhari
63139581350.0,63296405785.0,kiiracrush,danie.kaye
63139581350.0,63286189826.0,kiiracrush,itschargonzalez
63139581350.0,64334799148.0,kiiracrush,jazzcabbageenthusiast69
63139581350.0,63240274903.0,kiiracrush,jade0rade
63139581350.0,64224976239.0,kiiracrush,raccyraccoon
63139581350.0,64036195205.0,kiiracrush,piss.flaps69
63139581350.0,63261413757.0,kiiracrush,sethappeal
63139581350.0,63079722581.0,kiiracrush,theblessedadrian_
63139581350.0,63105390456.0,kiiracrush,mythicalhvbris
63139581350.0,47062152928.0,kiiracrush,_walkerjeremiah777
63139581350.0,63156308928.0,kiiracrush,aiirbearmusic
63139581350.0,63071647984.0,kiiracrush,baabybunni
63139581350.0,3977661033.0,kiiracrush,crybbcancer_
63139581350.0,63395645265.0,kiiracrush,digital.icarus
63139581350.0,63313610700.0,kiiracrush,brock0509
63139581350.0,8175057217.0,kiiracrush,t.svndra
63139581350.0,62402688359.0,kiiracrush,_mknerd_
63139581350.0,36898355167.0,kiiracrush,molltake2
63139581350.0,45611935123.0,kiiracrush,rogue_sky_
63139581350.0,63388077078.0,kiiracrush,_sonderlust
63139581350.0,63485425763.0,kiiracrush,notleahspov
63139581350.0,34933897.0,kiiracrush,brandoughnut5
63139581350.0,63084785707.0,kiiracrush,darius.__jay
63139581350.0,63254455739.0,kiiracrush,kailasullivan
63139581350.0,57451490480.0,kiiracrush,weirdxfae
63139581350.0,63474393633.0,kiiracrush,mynameisnotstephen
63139581350.0,63078641584.0,kiiracrush,disdain_in_the_membrane
63139581350.0,63227851797.0,kiiracrush,wristbanger
63139581350.0,63370372773.0,kiiracrush,spicyfuneral
63139581350.0,63292115632.0,kiiracrush,dieinyoursleep_
63139581350.0,63384825257.0,kiiracrush,vivekchalasani7
63139581350.0,58350680725.0,kiiracrush,sillylily.c0m
63139581350.0,63245083217.0,kiiracrush,wallflower.marie
63139581350.0,63124507922.0,kiiracrush,dem0n.dad
63139581350.0,63488794232.0,kiiracrush,king_juzo1
63139581350.0,63488657761.0,kiiracrush,viktoriaakillz
63139581350.0,63425595794.0,kiiracrush,betahoodie
63139581350.0,61858706369.0,kiiracrush,pinkpixiemoon
63139581350.0,63044005198.0,kiiracrush,viktoriaakills
63139581350.0,63394916712.0,kiiracrush,themeg.x
63139581350.0,63450540425.0,kiiracrush,thatspookybabe99
63139581350.0,58017041634.0,kiiracrush,ickypry
63139581350.0,54222055216.0,kiiracrush,spearsolrid
63139581350.0,63484952568.0,kiiracrush,big_tortoise_goth_gf
63139581350.0,63023703165.0,kiiracrush,kaci.blue
63139581350.0,63243418374.0,kiiracrush,subtotalpoet
63139581350.0,63234130873.0,kiiracrush,youabsolutefool
63139581350.0,63402620589.0,kiiracrush,milkman.core
63139581350.0,314502773.0,kiiracrush,scullysnack
63139581350.0,63255752916.0,kiiracrush,mochiibean
63139581350.0,143698480.0,kiiracrush,__j.exe
63139581350.0,63279071240.0,kiiracrush,tsvndra
63139581350.0,63412882515.0,kiiracrush,michaela.wtf
63457193246.0,70440826177.0,prof.thimbleberry,silverpan
63457193246.0,63211718047.0,prof.thimbleberry,rlcbell
63457193246.0,63255752916.0,prof.thimbleberry,mochiibean
63457193246.0,70872730074.0,prof.thimbleberry,dailysh1tpost
63457193246.0,67138257125.0,prof.thimbleberry,dirty.is.dead
63457193246.0,70090860545.0,prof.thimbleberry,very.sedated
63457193246.0,63255770361.0,prof.thimbleberry,paulmoreira_
63457193246.0,69436492686.0,prof.thimbleberry,thataltdoll
63457193246.0,70987061920.0,prof.thimbleberry,ethancraft420
63457193246.0,63286072672.0,prof.thimbleberry,madebyrichi
63457193246.0,51096440.0,prof.thimbleberry,mrkrabsirl
63457193246.0,63094255665.0,prof.thimbleberry,shelbythreeshoes
63457193246.0,70511184093.0,prof.thimbleberry,really_tiredgirl
63457193246.0,71085473832.0,prof.thimbleberry,mr.gold.starr
63457193246.0,69195696999.0,prof.thimbleberry,replygirrl
63457193246.0,63448674948.0,prof.thimbleberry,_max_velocity_
63457193246.0,63233794888.0,prof.thimbleberry,xamphetanina
63457193246.0,69544438438.0,prof.thimbleberry,poro.puff
63457193246.0,70370096931.0,prof.thimbleberry,everybodyhaspolio
63457193246.0,63637992384.0,prof.thimbleberry,kkeel1z
63457193246.0,69306279709.0,prof.thimbleberry,dmunnyjuan
63457193246.0,63131606124.0,prof.thimbleberry,_neonrainbow__26
63457193246.0,63409700279.0,prof.thimbleberry,ketchup.jessi
63457193246.0,63297752471.0,prof.thimbleberry,jamayaxx
63457193246.0,68182012981.0,prof.thimbleberry,doctor_fosser
63457193246.0,70126354055.0,prof.thimbleberry,warmblue56
63457193246.0,63857840052.0,prof.thimbleberry,merciphilly
63457193246.0,62974736024.0,prof.thimbleberry,imdamonconway
63457193246.0,68927363440.0,prof.thimbleberry,roguecurrents
63457193246.0,63241092044.0,prof.thimbleberry,irteza_gunner3567
63457193246.0,69858622841.0,prof.thimbleberry,igakoncka
63457193246.0,63849652968.0,prof.thimbleberry,kay_of_sunshine
63457193246.0,69432150848.0,prof.thimbleberry,johnyygreek_
63457193246.0,66055761984.0,prof.thimbleberry,pgktr2
63457193246.0,63317505259.0,prof.thimbleberry,mykolasoo
63457193246.0,69639652910.0,prof.thimbleberry,bby_yaga__
63457193246.0,64479498289.0,prof.thimbleberry,hates_milk
63457193246.0,63452464731.0,prof.thimbleberry,cryptocurrenshe
63457193246.0,68645733938.0,prof.thimbleberry,waxpen
63457193246.0,68883347165.0,prof.thimbleberry,prime_of_the_day
63457193246.0,65676038694.0,prof.thimbleberry,poorxkitty
63457193246.0,63139581350.0,prof.thimbleberry,kiiracrush
63457193246.0,63402005020.0,prof.thimbleberry,steely.xan
63457193246.0,65012121064.0,prof.thimbleberry,omnescence
63457193246.0,63076023517.0,prof.thimbleberry,_yo._.mama._
63457193246.0,66450183215.0,prof.thimbleberry,ass_huh_lee
63457193246.0,63281657974.0,prof.thimbleberry,kalimariamoon
63457193246.0,68214824885.0,prof.thimbleberry,rosie_revive
63457193246.0,63793268311.0,prof.thimbleberry,003tretre
63457193246.0,66044511768.0,prof.thimbleberry,lucyinfinityx
63457193246.0,3172060771.0,prof.thimbleberry,christina._jpg
63457193246.0,63071647984.0,prof.thimbleberry,baabybunni
63457193246.0,63258411514.0,prof.thimbleberry,mrvalvetronix
63457193246.0,61858706369.0,prof.thimbleberry,pinkpixiemoon
63457193246.0,63394916712.0,prof.thimbleberry,themeg.x
63457193246.0,66281041013.0,prof.thimbleberry,plutospurgatory_
63457193246.0,65576007559.0,prof.thimbleberry,tsundraaa
63457193246.0,64036195205.0,prof.thimbleberry,piss.flaps69
63457193246.0,67162083636.0,prof.thimbleberry,faequeen41
63457193246.0,63299138559.0,prof.thimbleberry,mazenassfour
63457193246.0,63079390777.0,prof.thimbleberry,qsaid2muchalready
63457193246.0,66598730637.0,prof.thimbleberry,kyle_chiesa
63457193246.0,65693063382.0,prof.thimbleberry,fredwinter27
63457193246.0,63146382266.0,prof.thimbleberry,_flowersandlace_
63457193246.0,64005677465.0,prof.thimbleberry,marleen_24_7
63457193246.0,64930856032.0,prof.thimbleberry,beemraj.bhagwandin6
63457193246.0,63104067428.0,prof.thimbleberry,ebasford
63457193246.0,63372607551.0,prof.thimbleberry,okido22
63457193246.0,66333805909.0,prof.thimbleberry,speedtreez
63457193246.0,63045613211.0,prof.thimbleberry,jammersmith77
63457193246.0,62881798100.0,prof.thimbleberry,pinkgirlgems
63457193246.0,65898121863.0,prof.thimbleberry,plutosparadise_
63457193246.0,63076886122.0,prof.thimbleberry,dreslaterofficial
63457193246.0,64327332683.0,prof.thimbleberry,montsponts
63457193246.0,64740179584.0,prof.thimbleberry,_al3xandraaaa
63457193246.0,65707012628.0,prof.thimbleberry,chelseabearx
63457193246.0,65113336515.0,prof.thimbleberry,ana.berts
63457193246.0,64104221449.0,prof.thimbleberry,trich_13
63457193246.0,63069659062.0,prof.thimbleberry,gokhand.44
63457193246.0,66442628888.0,prof.thimbleberry,thomasstevenson872
63457193246.0,63085514490.0,prof.thimbleberry,thetherapist2.0
63457193246.0,63238327570.0,prof.thimbleberry,graciiesullivan
63457193246.0,63310626224.0,prof.thimbleberry,jackiesstrength73
63457193246.0,66561421601.0,prof.thimbleberry,theinversecollection
63457193246.0,65738131699.0,prof.thimbleberry,ada_948219
63457193246.0,66300673795.0,prof.thimbleberry,pruspiotr_98
63457193246.0,64048571250.0,prof.thimbleberry,joseesaanzz06
63457193246.0,66658360254.0,prof.thimbleberry,17theycallme_dior
63457193246.0,65169552762.0,prof.thimbleberry,essential_rustic_delights
63457193246.0,66311329919.0,prof.thimbleberry,laaye47
63457193246.0,63313610700.0,prof.thimbleberry,brock0509
63457193246.0,66769627005.0,prof.thimbleberry,exileonmainst_
63457193246.0,65548923826.0,prof.thimbleberry,bonnie_darco
63457193246.0,63038582216.0,prof.thimbleberry,ppopernack
63457193246.0,63376935585.0,prof.thimbleberry,damnedanddelusional
63457193246.0,58350680725.0,prof.thimbleberry,sillylily.c0m
63457193246.0,65615223706.0,prof.thimbleberry,cafollaafonso
63457193246.0,346013008.0,prof.thimbleberry,soggy__burrito
63457193246.0,63948103385.0,prof.thimbleberry,spooky_little_heart
63457193246.0,63250938701.0,prof.thimbleberry,thejayspotof
63457193246.0,63459388837.0,prof.thimbleberry,hayatnaseri1
63457193246.0,65929474498.0,prof.thimbleberry,destinimariefike333
63457193246.0,66378848981.0,prof.thimbleberry,mercedeesbettis
63457193246.0,66251918829.0,prof.thimbleberry,ronniemackfunny
63457193246.0,63231318437.0,prof.thimbleberry,uncultured_nerd_
63457193246.0,63089150315.0,prof.thimbleberry,pgktr
63457193246.0,66411901180.0,prof.thimbleberry,mayornayr
63457193246.0,66398269761.0,prof.thimbleberry,kate_ausadventure
63457193246.0,66449729732.0,prof.thimbleberry,669bch
63457193246.0,65937755147.0,prof.thimbleberry,lilybradleyyy
63457193246.0,66040494497.0,prof.thimbleberry,shennifer.xx
63457193246.0,63303803079.0,prof.thimbleberry,ashleyrpriv1
63457193246.0,63403017876.0,prof.thimbleberry,big.dharma
63457193246.0,48060469402.0,prof.thimbleberry,soda__kat
63457193246.0,47062152928.0,prof.thimbleberry,_walkerjeremiah777
63457193246.0,64244979012.0,prof.thimbleberry,mr.matthewkylewhitt.s
63457193246.0,63493832145.0,prof.thimbleberry,liz_can_fly
63457193246.0,63367070002.0,prof.thimbleberry,donttouchthediscoball
63457193246.0,63120793284.0,prof.thimbleberry,lexxxinstereo
63457193246.0,63412882515.0,prof.thimbleberry,michaela.wtf
63457193246.0,62971506123.0,prof.thimbleberry,wanderingdeerpoet
63457193246.0,65788096345.0,prof.thimbleberry,the_mini_manager
63457193246.0,64456781629.0,prof.thimbleberry,thelittlemaryjane_
63457193246.0,63446709553.0,prof.thimbleberry,jackiemurilloxo
63457193246.0,63084055694.0,prof.thimbleberry,rotgarden
63457193246.0,63460213473.0,prof.thimbleberry,sojournerweaver
63457193246.0,63089628759.0,prof.thimbleberry,nancygoreckianderson
63457193246.0,54222055216.0,prof.thimbleberry,spearsolrid
63457193246.0,63896062682.0,prof.thimbleberry,huja.be
63457193246.0,63385901862.0,prof.thimbleberry,ivette1t
63457193246.0,65020874839.0,prof.thimbleberry,claracianferotti
63457193246.0,63652180511.0,prof.thimbleberry,your.old.pal.goldie
63457193246.0,63304247951.0,prof.thimbleberry,cloberries
63457193246.0,63405053608.0,prof.thimbleberry,ace.febreeze
63457193246.0,63258296255.0,prof.thimbleberry,threestrikes911
63457193246.0,65797968707.0,prof.thimbleberry,mkovalauthor
63457193246.0,63234130873.0,prof.thimbleberry,youabsolutefool
63457193246.0,64224976239.0,prof.thimbleberry,raccyraccoon
63457193246.0,63023703165.0,prof.thimbleberry,kaci.blue
63457193246.0,1440009949.0,prof.thimbleberry,_kingvc
63457193246.0,65464976011.0,prof.thimbleberry,deerinasuitinc
63457193246.0,63507872984.0,prof.thimbleberry,mychaelablatta
63457193246.0,58017041634.0,prof.thimbleberry,ickypry
63457193246.0,6090176812.0,prof.thimbleberry,lilcozynook
63457193246.0,1257207840.0,prof.thimbleberry,yikes_charles
63457193246.0,63458688309.0,prof.thimbleberry,xoxo.baby16
63457193246.0,63056091465.0,prof.thimbleberry,not_klitton
63457193246.0,53223380198.0,prof.thimbleberry,amiraforthesun
63457193246.0,304861406.0,prof.thimbleberry,shalanda3
63457193246.0,63275831139.0,prof.thimbleberry,_hellorachelle_
63457193246.0,6193901243.0,prof.thimbleberry,hecate.xhc
63457193246.0,8175057217.0,prof.thimbleberry,t.svndra
63457193246.0,63251759092.0,prof.thimbleberry,tayy_elaine
63457193246.0,18377227.0,prof.thimbleberry,_evil_eva
63457193246.0,63404228454.0,prof.thimbleberry,kyle.goderwis
63457193246.0,62934543536.0,prof.thimbleberry,ro.road
63457193246.0,63104890339.0,prof.thimbleberry,tayybahyasin
63457193246.0,56985722192.0,prof.thimbleberry,gracieswifty
63457193246.0,63288329033.0,prof.thimbleberry,pandaandpets
63457193246.0,63052518832.0,prof.thimbleberry,izzie3030
63457193246.0,63391987351.0,prof.thimbleberry,lessyoulie
63457193246.0,63079722581.0,prof.thimbleberry,theblessedadrian_
63457193246.0,63527255724.0,prof.thimbleberry,originalmks
63457193246.0,33421436453.0,prof.thimbleberry,taytay_blondie
63457193246.0,63063763812.0,prof.thimbleberry,thefoxglovefairyy
63457193246.0,63261102661.0,prof.thimbleberry,shannemnelson
63457193246.0,63156308928.0,prof.thimbleberry,aiirbearmusic
63457193246.0,63045269821.0,prof.thimbleberry,_purrrla
63457193246.0,63424490516.0,prof.thimbleberry,___kristen.n
63457193246.0,23280124743.0,prof.thimbleberry,bamxcv
63457193246.0,63240274903.0,prof.thimbleberry,jade0rade
63457193246.0,63474393633.0,prof.thimbleberry,mynameisnotstephen
63457193246.0,55097284075.0,prof.thimbleberry,infinitesarina
63457193246.0,63370372773.0,prof.thimbleberry,spicyfuneral
63457193246.0,63279071240.0,prof.thimbleberry,tsvndra
63457193246.0,63488657761.0,prof.thimbleberry,viktoriaakillz
63457193246.0,63044005198.0,prof.thimbleberry,viktoriaakills
63457193246.0,63484952568.0,prof.thimbleberry,big_tortoise_goth_gf
63457193246.0,35705345720.0,prof.thimbleberry,john.st.clair.56
63457193246.0,314502773.0,prof.thimbleberry,scullysnack
63457193246.0,63450540425.0,prof.thimbleberry,thatspookybabe99
63457193246.0,63427602142.0,prof.thimbleberry,dentedprinter
63457193246.0,63430014586.0,prof.thimbleberry,paul.pillio
63457193246.0,63099414300.0,prof.thimbleberry,carlopatenia
63457193246.0,63090982323.0,prof.thimbleberry,cherrykitten333
63457193246.0,63482171278.0,prof.thimbleberry,ladyfrost.ttv
63457193246.0,63054925606.0,prof.thimbleberry,asamimakes
63457193246.0,63050014333.0,prof.thimbleberry,pizzapapi_parmeshawn
63457193246.0,63388077078.0,prof.thimbleberry,_sonderlust
63457193246.0,143698480.0,prof.thimbleberry,__j.exe
63457193246.0,63243418374.0,prof.thimbleberry,subtotalpoet
63457193246.0,63084785707.0,prof.thimbleberry,darius.__jay
63402620589.0,67138257125.0,milkman.core,dirty.is.dead
63402620589.0,63052518832.0,milkman.core,izzie3030
63402620589.0,69639652910.0,milkman.core,bby_yaga__
63402620589.0,63045613211.0,milkman.core,jammersmith77
63402620589.0,69919551787.0,milkman.core,beanz_galore
63402620589.0,70987061920.0,milkman.core,ethancraft420
63402620589.0,63048052647.0,milkman.core,lemmyg
63402620589.0,70440826177.0,milkman.core,silverpan
63402620589.0,63394916712.0,milkman.core,themeg.x
63402620589.0,69544438438.0,milkman.core,poro.puff
63402620589.0,69367315822.0,milkman.core,jaydenwebr
63402620589.0,63849652968.0,milkman.core,kay_of_sunshine
63402620589.0,428105317.0,milkman.core,blaizerswagger
63402620589.0,68967429293.0,milkman.core,xxkitcat_
63402620589.0,63091461877.0,milkman.core,sp00pkittn
63402620589.0,67699043340.0,milkman.core,strawbabeshortcake
63402620589.0,63410660450.0,milkman.core,ihateferrariii
63402620589.0,63336204799.0,milkman.core,_fractured.w1nt3r_
63402620589.0,68658303263.0,milkman.core,bella_wasnt_flammable
63402620589.0,60437175890.0,milkman.core,jessica_morgan5555
63402620589.0,65676038694.0,milkman.core,poorxkitty
63402620589.0,67509133548.0,milkman.core,kittycatkae
63402620589.0,63070311372.0,milkman.core,tiffanypep
63402620589.0,63296284148.0,milkman.core,rageagainstleaves2
63402620589.0,68731363685.0,milkman.core,it_aint_fair_jear
63402620589.0,65012121064.0,milkman.core,omnescence
63402620589.0,21738188.0,milkman.core,k_srsly
63402620589.0,65113336515.0,milkman.core,ana.berts
63402620589.0,67360712488.0,milkman.core,windsorharmreduction.oat
63402620589.0,68518283340.0,milkman.core,__.tilley.__
63402620589.0,64479498289.0,milkman.core,hates_milk
63402620589.0,63026214916.0,milkman.core,zay.uncurbed
63402620589.0,63079390777.0,milkman.core,qsaid2muchalready
63402620589.0,233758526.0,milkman.core,heesden
63402620589.0,63402005020.0,milkman.core,steely.xan
63402620589.0,68654963074.0,milkman.core,severed_knees
63402620589.0,66450183215.0,milkman.core,ass_huh_lee
63402620589.0,56985722192.0,milkman.core,gracieswifty
63402620589.0,63281657974.0,milkman.core,kalimariamoon
63402620589.0,7121824999.0,milkman.core,schiz.hoe
63402620589.0,64732940555.0,milkman.core,ovariart
63402620589.0,64930856032.0,milkman.core,beemraj.bhagwandin6
63402620589.0,63450540425.0,milkman.core,thatspookybabe99
63402620589.0,64740179584.0,milkman.core,_al3xandraaaa
63402620589.0,2876361796.0,milkman.core,zyxa_the_great
63402620589.0,67147142996.0,milkman.core,wilbran509
63402620589.0,63657136259.0,milkman.core,aimerod_officiel
63402620589.0,63374328268.0,milkman.core,jesswasnthere
63402620589.0,66310528092.0,milkman.core,cloudedlaughs
63402620589.0,65693063382.0,milkman.core,fredwinter27
63402620589.0,64005677465.0,milkman.core,marleen_24_7
63402620589.0,63451274408.0,milkman.core,sleepyxbunnii
63402620589.0,63022287307.0,milkman.core,youngkingjr254
63402620589.0,66442628888.0,milkman.core,thomasstevenson872
63402620589.0,66344506599.0,milkman.core,herrymloge9575
63402620589.0,65107790161.0,milkman.core,nona_kerryandfriends
63402620589.0,67043435032.0,milkman.core,huzai_fa2686
63402620589.0,63299138559.0,milkman.core,mazenassfour
63402620589.0,65411226874.0,milkman.core,codieleeando
63402620589.0,53014404341.0,milkman.core,muaw1yah
63402620589.0,63264521405.0,milkman.core,_nasymal
63402620589.0,63395645265.0,milkman.core,digital.icarus
63402620589.0,66378848981.0,milkman.core,mercedeesbettis
63402620589.0,64807401114.0,milkman.core,ashhlet_
63402620589.0,67035892681.0,milkman.core,bigdckdani
63402620589.0,66300673795.0,milkman.core,pruspiotr_98
63402620589.0,63279930813.0,milkman.core,_rexsloth_
63402620589.0,63069659062.0,milkman.core,gokhand.44
63402620589.0,66658360254.0,milkman.core,17theycallme_dior
63402620589.0,63434090607.0,milkman.core,shamimkhan.9
63402620589.0,63297752471.0,milkman.core,jamayaxx
63402620589.0,66564793740.0,milkman.core,kkyanaandrea
63402620589.0,63470524206.0,milkman.core,affaqrana
63402620589.0,66273983854.0,milkman.core,mindfulasfuk2
63402620589.0,66430902627.0,milkman.core,blackdelflowrd
63402620589.0,63238327570.0,milkman.core,graciiesullivan
63402620589.0,66393265019.0,milkman.core,lovesmagicuniverse
63402620589.0,63370372773.0,milkman.core,spicyfuneral
63402620589.0,63459388837.0,milkman.core,hayatnaseri1
63402620589.0,66411901180.0,milkman.core,mayornayr
63402620589.0,18377227.0,milkman.core,_evil_eva
63402620589.0,64216556431.0,milkman.core,imonlyhuman8128
63402620589.0,1257207840.0,milkman.core,yikes_charles
63402620589.0,66281041013.0,milkman.core,plutospurgatory_
63402620589.0,65256461753.0,milkman.core,mysticminerals_teri
63402620589.0,66040494497.0,milkman.core,shennifer.xx
63402620589.0,65167554010.0,milkman.core,iheartmilliexmoxxi_
63402620589.0,63125607968.0,milkman.core,razorslitwrist
63402620589.0,63462321626.0,milkman.core,lufuoena
63402620589.0,63445968515.0,milkman.core,yungworldpatriot
63402620589.0,1467217392.0,milkman.core,___cheyenne__
63402620589.0,55655308792.0,milkman.core,justin_zman1988
63402620589.0,14444821278.0,milkman.core,swulf293
63402620589.0,66251918829.0,milkman.core,ronniemackfunny
63402620589.0,65898121863.0,milkman.core,plutosparadise_
63402620589.0,66364338809.0,milkman.core,saimaa._.786
63402620589.0,65788096345.0,milkman.core,the_mini_manager
63402620589.0,63403017876.0,milkman.core,big.dharma
63402620589.0,63376510485.0,milkman.core,ahadeethanddua
63402620589.0,65932713393.0,milkman.core,fckitfcku
63402620589.0,63409700279.0,milkman.core,ketchup.jessi
63402620589.0,10596506412.0,milkman.core,_beanie.babeyy
63402620589.0,63126164675.0,milkman.core,_iamclimp
63402620589.0,64224976239.0,milkman.core,raccyraccoon
63402620589.0,63048197823.0,milkman.core,toadr0ad
63402620589.0,283889627.0,milkman.core,babielyss
63402620589.0,63425595794.0,milkman.core,betahoodie
63402620589.0,64133171263.0,milkman.core,hhhvnnah
63402620589.0,63228987617.0,milkman.core,austinmcgrady
63402620589.0,63493832145.0,milkman.core,liz_can_fly
63402620589.0,1440009949.0,milkman.core,_kingvc
63402620589.0,63527255724.0,milkman.core,originalmks
63402620589.0,1537556648.0,milkman.core,bruh.itsoenhoenh
63402620589.0,49659251795.0,milkman.core,dear.johnnie
63402620589.0,63313610700.0,milkman.core,brock0509
63402620589.0,63056091465.0,milkman.core,not_klitton
63402620589.0,63652180511.0,milkman.core,your.old.pal.goldie
63402620589.0,63050014333.0,milkman.core,pizzapapi_parmeshawn
63402620589.0,63146382266.0,milkman.core,_flowersandlace_
63402620589.0,5856853072.0,milkman.core,angelc.ali
63402620589.0,64327332683.0,milkman.core,montsponts
63402620589.0,63071632431.0,milkman.core,traumaberry2.0
63402620589.0,65192019406.0,milkman.core,dadeorion
63402620589.0,64048571250.0,milkman.core,joseesaanzz06
63402620589.0,63300306253.0,milkman.core,teairrajariee
63402620589.0,3474802240.0,milkman.core,chlo.cocatt
63402620589.0,53223380198.0,milkman.core,amiraforthesun
63402620589.0,63278984606.0,milkman.core,kiddynomite.nzo
63402620589.0,64456781629.0,milkman.core,thelittlemaryjane_
63402620589.0,64779603169.0,milkman.core,666papi_chulo
63402620589.0,62934543536.0,milkman.core,ro.road
63402620589.0,63506264040.0,milkman.core,corpselain
63402620589.0,63233794888.0,milkman.core,xamphetanina
63402620589.0,65066491421.0,milkman.core,buttercup.babyyx
63402620589.0,48060469402.0,milkman.core,soda__kat
63402620589.0,63156308928.0,milkman.core,aiirbearmusic
63402620589.0,63458688309.0,milkman.core,xoxo.baby16
63402620589.0,63071647984.0,milkman.core,baabybunni
63402620589.0,3182628556.0,milkman.core,ash.morse1116
63402620589.0,63512555665.0,milkman.core,nwodg
63402620589.0,63733837199.0,milkman.core,jp3_the_pro
63402620589.0,54222055216.0,milkman.core,spearsolrid
63402620589.0,47062152928.0,milkman.core,_walkerjeremiah777
63402620589.0,63424490516.0,milkman.core,___kristen.n
63402620589.0,63085514490.0,milkman.core,thetherapist2.0
63402620589.0,1014892401.0,milkman.core,kelscoll
63402620589.0,62402688359.0,milkman.core,_mknerd_
63402620589.0,3977661033.0,milkman.core,crybbcancer_
63402620589.0,10093197053.0,milkman.core,greenxxdream
63402620589.0,63139581350.0,milkman.core,kiiracrush
63402620589.0,63474393633.0,milkman.core,mynameisnotstephen
63402620589.0,63234130873.0,milkman.core,youabsolutefool
63402620589.0,63488657761.0,milkman.core,viktoriaakillz
63402620589.0,63044005198.0,milkman.core,viktoriaakills
63402620589.0,63052836871.0,milkman.core,kaitlynpaige64
63402620589.0,63084785707.0,milkman.core,darius.__jay
63402620589.0,58350680725.0,milkman.core,sillylily.c0m
63402620589.0,63484952568.0,milkman.core,big_tortoise_goth_gf
63402620589.0,63488794232.0,milkman.core,king_juzo1
63402620589.0,143698480.0,milkman.core,__j.exe
63402620589.0,63124507922.0,milkman.core,dem0n.dad
63402620589.0,8175057217.0,milkman.core,t.svndra
63402620589.0,63227851797.0,milkman.core,wristbanger
63402620589.0,63279071240.0,milkman.core,tsvndra
63402620589.0,291424715.0,milkman.core,liv.mid
63402620589.0,63066764256.0,milkman.core,mindfulasfuk
291424715.0,69531194584.0,liv.mid,pookiebeartingz
291424715.0,64479498289.0,liv.mid,hates_milk
291424715.0,69858622841.0,liv.mid,igakoncka
291424715.0,63091461877.0,liv.mid,sp00pkittn
291424715.0,65676038694.0,liv.mid,poorxkitty
291424715.0,65012121064.0,liv.mid,omnescence
291424715.0,66928294709.0,liv.mid,miah_bby_gallagher
291424715.0,63281657974.0,liv.mid,kalimariamoon
291424715.0,67034868904.0,liv.mid,qveen.jenna_
291424715.0,63426811037.0,liv.mid,red.the.living.dead
291424715.0,66044511768.0,liv.mid,lucyinfinityx
291424715.0,314502773.0,liv.mid,scullysnack
291424715.0,65398772528.0,liv.mid,alexidewriter
291424715.0,64930856032.0,liv.mid,beemraj.bhagwandin6
291424715.0,66344506599.0,liv.mid,herrymloge9575
291424715.0,63089150315.0,liv.mid,pgktr
291424715.0,63581948607.0,liv.mid,cotnerjoe
291424715.0,63434090607.0,liv.mid,shamimkhan.9
291424715.0,63372607551.0,liv.mid,okido22
291424715.0,65624550292.0,liv.mid,kichi5k
291424715.0,63254455739.0,liv.mid,kailasullivan
291424715.0,65433971386.0,liv.mid,nickyguns84
291424715.0,63470524206.0,liv.mid,affaqrana
291424715.0,66194327716.0,liv.mid,oblongsquare.records
291424715.0,63233794888.0,liv.mid,xamphetanina
291424715.0,65548923826.0,liv.mid,bonnie_darco
291424715.0,63052518832.0,liv.mid,izzie3030
291424715.0,63231318437.0,liv.mid,uncultured_nerd_
291424715.0,63285541845.0,liv.mid,its.clox
291424715.0,66424689578.0,liv.mid,fikdogsrescue4
291424715.0,66411901180.0,liv.mid,mayornayr
291424715.0,64244979012.0,liv.mid,mr.matthewkylewhitt.s
291424715.0,63125607968.0,liv.mid,razorslitwrist
291424715.0,66251918829.0,liv.mid,ronniemackfunny
291424715.0,65929474498.0,liv.mid,destinimariefike333
291424715.0,63474457551.0,liv.mid,tiltedpixelstudio
291424715.0,64732940555.0,liv.mid,ovariart
291424715.0,63056091465.0,liv.mid,not_klitton
291424715.0,62881798100.0,liv.mid,pinkgirlgems
291424715.0,63224836145.0,liv.mid,clurrvoyance
291424715.0,65290479680.0,liv.mid,adilsonn.manuel
291424715.0,65120907377.0,liv.mid,catgod587
291424715.0,63857840052.0,liv.mid,merciphilly
291424715.0,18377227.0,liv.mid,_evil_eva
291424715.0,231588339.0,liv.mid,shazlynnfazlynn
291424715.0,63313610700.0,liv.mid,brock0509
291424715.0,65310177512.0,liv.mid,abs_ro
291424715.0,63496224629.0,liv.mid,valerixys
291424715.0,63070311372.0,liv.mid,tiffanypep
291424715.0,64048571250.0,liv.mid,joseesaanzz06
291424715.0,3182628556.0,liv.mid,ash.morse1116
291424715.0,55097284075.0,liv.mid,infinitesarina
291424715.0,63044005198.0,liv.mid,viktoriaakills
291424715.0,63793268311.0,liv.mid,003tretre
291424715.0,63507872984.0,liv.mid,mychaelablatta
291424715.0,63139581350.0,liv.mid,kiiracrush
291424715.0,36335954.0,liv.mid,mckayla.rie
291424715.0,63085514490.0,liv.mid,thetherapist2.0
291424715.0,4005126603.0,liv.mid,itzkittyok
291424715.0,1954278558.0,liv.mid,gwostface
291424715.0,63300306253.0,liv.mid,teairrajariee
291424715.0,209612284.0,liv.mid,kae.la
291424715.0,48060469402.0,liv.mid,soda__kat
291424715.0,65066491421.0,liv.mid,buttercup.babyyx
291424715.0,63388077078.0,liv.mid,_sonderlust
291424715.0,63652180511.0,liv.mid,your.old.pal.goldie
291424715.0,64612868649.0,liv.mid,omnidexxghost
291424715.0,64334799148.0,liv.mid,jazzcabbageenthusiast69
291424715.0,64456781629.0,liv.mid,thelittlemaryjane_
291424715.0,63733837199.0,liv.mid,jp3_the_pro
291424715.0,64136929084.0,liv.mid,areohseawhy
291424715.0,63278984606.0,liv.mid,kiddynomite.nzo
291424715.0,14444821278.0,liv.mid,swulf293
291424715.0,63505367898.0,liv.mid,meranibunni
291424715.0,1537556648.0,liv.mid,bruh.itsoenhoenh
291424715.0,62974736024.0,liv.mid,imdamonconway
291424715.0,63297752471.0,liv.mid,jamayaxx
291424715.0,63084055694.0,liv.mid,rotgarden
291424715.0,53223380198.0,liv.mid,amiraforthesun
291424715.0,63078641584.0,liv.mid,disdain_in_the_membrane
291424715.0,62934543536.0,liv.mid,ro.road
291424715.0,63380617256.0,liv.mid,andislyy
291424715.0,63050014333.0,liv.mid,pizzapapi_parmeshawn
291424715.0,8175057217.0,liv.mid,t.svndra
291424715.0,64608710552.0,liv.mid,nefarious.vampire
291424715.0,63240274903.0,liv.mid,jade0rade
291424715.0,62402688359.0,liv.mid,_mknerd_
291424715.0,64224976239.0,liv.mid,raccyraccoon
291424715.0,63261413757.0,liv.mid,sethappeal
291424715.0,63234130873.0,liv.mid,youabsolutefool
291424715.0,63409700279.0,liv.mid,ketchup.jessi
291424715.0,64036195205.0,liv.mid,piss.flaps69
291424715.0,63412882515.0,liv.mid,michaela.wtf
63394916712.0,63438326017.0,themeg.x,spookyy.ellie
63261413757.0,63245083217.0,sethappeal,wallflower.marie
63261413757.0,63243418374.0,sethappeal,subtotalpoet
63440389144.0,65857235588.0,liminal.angel,pig.whiskers
63440389144.0,66311329919.0,liminal.angel,laaye47
63440389144.0,63258411514.0,liminal.angel,mrvalvetronix
63440389144.0,68654963074.0,liminal.angel,severed_knees
63395645265.0,63227851797.0,digital.icarus,wristbanger
63395645265.0,63250034473.0,digital.icarus,brattyxbats97
143698480.0,63041332221.0,__j.exe,skyemou5
63048197823.0,66393265019.0,toadr0ad,lovesmagicuniverse
64608710552.0,62943581677.0,nefarious.vampire,leslielynn05
64608710552.0,63133854921.0,nefarious.vampire,mooncatkait
64608710552.0,67138257125.0,nefarious.vampire,dirty.is.dead
64608710552.0,66378848981.0,nefarious.vampire,mercedeesbettis
64608710552.0,65464976011.0,nefarious.vampire,deerinasuitinc
64608710552.0,67789785187.0,nefarious.vampire,9ca1b8d02a
64608710552.0,63394916712.0,nefarious.vampire,themeg.x
64608710552.0,64005677465.0,nefarious.vampire,marleen_24_7
64608710552.0,63281657974.0,nefarious.vampire,kalimariamoon
63052518832.0,63417295960.0,izzie3030,dreylasoul
63160990349.0,63086732101.0,urfavvannah,rosie619sd
36335954.0,69221625813.0,mckayla.rie,nice_bajablast
36335954.0,63279930813.0,mckayla.rie,_rexsloth_
63234130873.0,6090176812.0,youabsolutefool,lilcozynook
63234130873.0,63262926322.0,youabsolutefool,redi96_
63224836145.0,63131606124.0,clurrvoyance,_neonrainbow__26
14444821278.0,65857235588.0,swulf293,pig.whiskers
6193901243.0,539527042.0,hecate.xhc,meganrose666
63084055694.0,70401032034.0,rotgarden,filmq33n
63084055694.0,55558514826.0,rotgarden,ironbaeden
63243418374.0,63264521405.0,subtotalpoet,_nasymal
63243418374.0,63652180511.0,subtotalpoet,your.old.pal.goldie
63243418374.0,64036195205.0,subtotalpoet,piss.flaps69
63148887318.0,66040494497.0,h0e4horror,shennifer.xx
57756757841.0,66461211257.0,_podpassagem,pessoalaile
44191823341.0,66461211257.0,capitaoparia,pessoalaile
1737027718.0,199883551.0,heltonrycardo,alexandremweiber
50985181063.0,1378796595.0,umabrisaaa,zeh_gng
58320121024.0,66461211257.0,kellyfragoso__,pessoalaile
348681965.0,66461211257.0,esther_rodri_gues,pessoalaile
9954419292.0,66461211257.0,gueregazevedo,pessoalaile
6666848435.0,400656085.0,jam.z_oficial,thnardi
6666848435.0,66461211257.0,jam.z_oficial,pessoalaile
6666848435.0,6109291701.0,jam.z_oficial,dacunhaantoniomarcos
1378796595.0,199883551.0,zeh_gng,alexandremweiber
1689779811.0,66461211257.0,cbittenco,pessoalaile
1576233828.0,986987163.0,t.psic,maskara_falcade
1576233828.0,400656085.0,t.psic,thnardi
1576233828.0,37286942701.0,t.psic,docesarte_sil
1811598381.0,1378796595.0,macielzeraa,zeh_gng
1523529905.0,66461211257.0,holmes_guitar,pessoalaile
1623838076.0,66461211257.0,bruno_hellyeah,pessoalaile
48288527.0,1737027718.0,alanjhonez,heltonrycardo
48288527.0,66461211257.0,alanjhonez,pessoalaile
48288527.0,4677506574.0,alanjhonez,emersomembrio
5419767696.0,66461211257.0,adriano.araujoo,pessoalaile
7052628051.0,4306484423.0,mitseinofficial,karmoygeddon
9545857956.0,400656085.0,jack.nneves,thnardi
9545857956.0,59863817230.0,jack.nneves,_jamile_tuany_
9545857956.0,66461211257.0,jack.nneves,pessoalaile
60166014358.0,66461211257.0,rogerluizandradino,pessoalaile
60166014358.0,4529934923.0,rogerluizandradino,marcellosmuller
38901104659.0,66461211257.0,elisakoefender,pessoalaile
1596752433.0,66461211257.0,silmaraagostini,pessoalaile
60550483847.0,59146971224.0,viajem.demoto,tribus_estradeiros_alexpururu
1211034576.0,2048920423.0,sim0neds,psico.olithaina
1211034576.0,66461211257.0,sim0neds,pessoalaile
1211034576.0,7142679320.0,sim0neds,carloscarvalho4709
1211034576.0,915316649.0,sim0neds,3raldo
1211034576.0,4284181495.0,sim0neds,abrunaluz
1211034576.0,9191342486.0,sim0neds,paulo_sbm
1508183470.0,355212977.0,leonardo.coutinho.7587,gutagmb
1508183470.0,6817586885.0,leonardo.coutinho.7587,larajr.s
1508183470.0,56670558588.0,leonardo.coutinho.7587,brunocomiran
1508183470.0,66461211257.0,leonardo.coutinho.7587,pessoalaile
1969119441.0,32111880430.0,cris.marcon1,periclesariza
1969119441.0,40267968238.0,cris.marcon1,wellingtontondo
1969119441.0,4284181495.0,cris.marcon1,abrunaluz
607886790.0,66461211257.0,leidiani_silva_reis,pessoalaile
3230814564.0,66461211257.0,willianneneve,pessoalaile
1710109802.0,66461211257.0,gilton54,pessoalaile
8378623254.0,66461211257.0,betaniamartinsde,pessoalaile
199883551.0,1737027718.0,alexandremweiber,heltonrycardo
199883551.0,56670558588.0,alexandremweiber,brunocomiran
986987163.0,199883551.0,maskara_falcade,alexandremweiber
986987163.0,2048920423.0,maskara_falcade,psico.olithaina
986987163.0,7234761021.0,maskara_falcade,renatoducontra
986987163.0,9545857956.0,maskara_falcade,jack.nneves
6830079995.0,199883551.0,luizrocha88,alexandremweiber
6830079995.0,39693082982.0,luizrocha88,renanribes
7858947892.0,1590819541.0,joaopereira217,beto1berto_cf88
8096335907.0,1211034576.0,drykoqueen,sim0neds
8096335907.0,2048920423.0,drykoqueen,psico.olithaina
9191342486.0,7142679320.0,paulo_sbm,carloscarvalho4709
9191342486.0,4527342809.0,paulo_sbm,michelyrossari
2048920423.0,1211034576.0,psico.olithaina,sim0neds
20192487335.0,5458635916.0,fab_silvestre,andrelrossi2024
4152049470.0,1211034576.0,profealoisio,sim0neds
555371305.0,66461211257.0,m4rcic_,pessoalaile
4032204716.0,355212977.0,waldirbatera666,gutagmb
4032204716.0,39693082982.0,waldirbatera666,renanribes
4032204716.0,56670558588.0,waldirbatera666,brunocomiran
4032204716.0,8369723231.0,waldirbatera666,antunesalexandre1980
4032204716.0,915316649.0,waldirbatera666,3raldo
60842794277.0,66461211257.0,anaclaudia.modelo,pessoalaile
1830254221.0,66461211257.0,valquiria_figueiredo,pessoalaile
13865340686.0,986987163.0,deboramottta,maskara_falcade
13865340686.0,37286942701.0,deboramottta,docesarte_sil
13865340686.0,66461211257.0,deboramottta,pessoalaile
13865340686.0,2160772584.0,deboramottta,adelaideengelsing
2002983264.0,66461211257.0,dilceleal,pessoalaile
1446575544.0,4527342809.0,marcelocherpinski,michelyrossari
1446575544.0,1651355627.0,marcelocherpinski,erica_fidelis
3492989395.0,199883551.0,cavagnoliselma,alexandremweiber
3492989395.0,1211034576.0,cavagnoliselma,sim0neds
3492989395.0,56670558588.0,cavagnoliselma,brunocomiran
3492989395.0,39682461095.0,cavagnoliselma,osni212
3492989395.0,1508183470.0,cavagnoliselma,leonardo.coutinho.7587
39693082982.0,45773972061.0,renanribes,jessicacoelho_30
39693082982.0,48288527.0,renanribes,alanjhonez
44569423431.0,66461211257.0,mu_riso,pessoalaile
39682461095.0,1284061040.0,osni212,magodiego
39682461095.0,3433616671.0,osni212,neguinho_odair
39682461095.0,66461211257.0,osni212,pessoalaile
4173556585.0,145119812.0,milhomem.rafael,elmalgeniado13
7019097856.0,66461211257.0,maurobarbosa3995,pessoalaile
4715770821.0,1211034576.0,narnudo,sim0neds
4715770821.0,39693082982.0,narnudo,renanribes
60124666744.0,66461211257.0,andrea.mariano.5811,pessoalaile
65565916105.0,38901104659.0,gilbertocarvalho_toledo,elisakoefender
1745439140.0,3492989395.0,totovanessa,cavagnoliselma
1745439140.0,38901104659.0,totovanessa,elisakoefender
7810497337.0,4152049470.0,ydsfagundes,profealoisio
7810497337.0,50091524715.0,ydsfagundes,noffkeanapaula
7810497337.0,3492989395.0,ydsfagundes,cavagnoliselma
4314184260.0,66461211257.0,luiz.acauan,pessoalaile
2041653351.0,66461211257.0,aureo_campos,pessoalaile
350838986.0,66461211257.0,adv_jef_nascimento,pessoalaile
3433616671.0,9191342486.0,neguinho_odair,paulo_sbm
355212977.0,199883551.0,gutagmb,alexandremweiber
355212977.0,56670558588.0,gutagmb,brunocomiran
915316649.0,199883551.0,3raldo,alexandremweiber
915316649.0,1211034576.0,3raldo,sim0neds
915316649.0,3492989395.0,3raldo,cavagnoliselma
915316649.0,355212977.0,3raldo,gutagmb
915316649.0,251221398.0,3raldo,byodedeus
915316649.0,56670558588.0,3raldo,brunocomiran
915316649.0,39693082982.0,3raldo,renanribes
915316649.0,3433616671.0,3raldo,neguinho_odair
915316649.0,66461211257.0,3raldo,pessoalaile
58758635622.0,199883551.0,lebaronesoficial,alexandremweiber
58758635622.0,1737027718.0,lebaronesoficial,heltonrycardo
58758635622.0,66461211257.0,lebaronesoficial,pessoalaile
6062583356.0,40267968238.0,lauroscotta,wellingtontondo
48667253388.0,66461211257.0,danielsalesdeassis,pessoalaile
67733976972.0,17392489303.0,sabedoria_salomao,yimydouglas
251095777.0,9545857956.0,guga_vox,jack.nneves
7901155167.0,58397640134.0,fernando.luiz.144,segueaestrela_
53708307253.0,66461211257.0,celso.mauricio.lopes,pessoalaile
2160772584.0,400656085.0,adelaideengelsing,thnardi
2160772584.0,66461211257.0,adelaideengelsing,pessoalaile
29295377216.0,56534507070.0,mototrip_pe,ds_motoviagem
522740441.0,199883551.0,profleandronunes,alexandremweiber
522740441.0,58758635622.0,profleandronunes,lebaronesoficial
3691961285.0,66461211257.0,valgeo2014,pessoalaile
59526195802.0,66461211257.0,mcbrothersofguard.es,pessoalaile
48980038578.0,66461211257.0,marinalva.matsuo,pessoalaile
6876080129.0,59395290047.0,padrella,jacksoncunha303
12542002104.0,60288236829.0,artesfioafio1,feliperibas1993
12542002104.0,66461211257.0,artesfioafio1,pessoalaile
59863817230.0,986987163.0,_jamile_tuany_,maskara_falcade
59863817230.0,58758635622.0,_jamile_tuany_,lebaronesoficial
59863817230.0,9545857956.0,_jamile_tuany_,jack.nneves
59863817230.0,66461211257.0,_jamile_tuany_,pessoalaile
514563409.0,4715770821.0,ericoliveiraoficial,narnudo
3606021786.0,32111880430.0,vidottibruno,periclesariza
3606021786.0,66461211257.0,vidottibruno,pessoalaile
3606021786.0,4284181495.0,vidottibruno,abrunaluz
57240696752.0,38901104659.0,eberluiz36,elisakoefender
56670558588.0,4032204716.0,brunocomiran,waldirbatera666
56670558588.0,915316649.0,brunocomiran,3raldo
56670558588.0,66461211257.0,brunocomiran,pessoalaile
56670558588.0,3433616671.0,brunocomiran,neguinho_odair
56670558588.0,1508183470.0,brunocomiran,leonardo.coutinho.7587
56670558588.0,4527342809.0,brunocomiran,michelyrossari
56670558588.0,67831389297.0,brunocomiran,bryen.chidera
14244153187.0,986987163.0,leandro_hanauer91,maskara_falcade
14244153187.0,32566477913.0,leandro_hanauer91,carla.marchi.961
10750480256.0,1737027718.0,fugathiagopedro,heltonrycardo
10750480256.0,56670558588.0,fugathiagopedro,brunocomiran
10750480256.0,3433616671.0,fugathiagopedro,neguinho_odair
3628651546.0,40267968238.0,nilodocanto,wellingtontondo
3628651546.0,39693082982.0,nilodocanto,renanribes
3628651546.0,66461211257.0,nilodocanto,pessoalaile
46560163.0,66461211257.0,inezreis,pessoalaile
40267968238.0,57756757841.0,wellingtontondo,_podpassagem
40267968238.0,199883551.0,wellingtontondo,alexandremweiber
40267968238.0,56670558588.0,wellingtontondo,brunocomiran
40267968238.0,39693082982.0,wellingtontondo,renanribes
40267968238.0,66461211257.0,wellingtontondo,pessoalaile
1464947822.0,143904696.0,jhonatan.aquinoo,anakhaos
1464947822.0,37383761.0,jhonatan.aquinoo,keko74
1464947822.0,1211034576.0,jhonatan.aquinoo,sim0neds
1464947822.0,66461211257.0,jhonatan.aquinoo,pessoalaile
57612054313.0,63323722497.0,the_new_dark_juan,bevd1959
63613952970.0,63064839081.0,ziggy_metal,whatifbarackorhillarydidit
44579676763.0,44191823341.0,triorder.band,capitaoparia
6817586885.0,251221398.0,larajr.s,byodedeus
6817586885.0,66461211257.0,larajr.s,pessoalaile
17061418540.0,56121313110.0,filipe.machado886102030.30501,rosethompson7204
60191633129.0,66461211257.0,amantesdorockoriginal,pessoalaile
59623090410.0,66461211257.0,rafael_guday_777,pessoalaile
38695602529.0,22924371581.0,carnified_,coutofrancis47
7142679320.0,8096335907.0,carloscarvalho4709,drykoqueen
7142679320.0,1211034576.0,carloscarvalho4709,sim0neds
7142679320.0,8369723231.0,carloscarvalho4709,antunesalexandre1980
7142679320.0,66461211257.0,carloscarvalho4709,pessoalaile
7044947651.0,7810497337.0,mihmmoreira,ydsfagundes
7044947651.0,915316649.0,mihmmoreira,3raldo
6676202616.0,4527342809.0,_marcellminorum_,michelyrossari
5493458211.0,66461211257.0,crysreish,pessoalaile
4284181495.0,50985181063.0,abrunaluz,umabrisaaa
1008537183.0,66461211257.0,samoelbra85,pessoalaile
1548240969.0,33723887375.0,ricardozupa,tribal_scream_official
37383761.0,7234761021.0,keko74,renatoducontra
61540111089.0,66461211257.0,hyperpods.toledo,pessoalaile
61204380169.0,66461211257.0,zontagui,pessoalaile
60929960864.0,66461211257.0,lobosolitario6349,pessoalaile
59976948333.0,54632696409.0,moto_andador,diariodatenere
59790594104.0,50091524715.0,eneasjosecorbari,noffkeanapaula
59105643799.0,66461211257.0,rockdown2023,pessoalaile
58517007094.0,60012931840.0,fogo.estradeiro,cacadoresmg
58392334213.0,59526195802.0,emanuel45e555,mcbrothersofguard.es
56693686385.0,66461211257.0,denilsonantonio011075,pessoalaile
56534507070.0,58392334213.0,ds_motoviagem,emanuel45e555
56493121294.0,1211034576.0,nanny_pyenzo,sim0neds
54079343274.0,199883551.0,bandagatamotivo,alexandremweiber
53590073051.0,44191823341.0,undergroundmanifesto,capitaoparia
51726349331.0,57077444216.0,leittao,futuragospel
50249518849.0,6676202616.0,dieniferthaiscipriano,_marcellminorum_
50091524715.0,32111880430.0,noffkeanapaula,periclesariza
49116239087.0,199883551.0,pedrotomaiz,alexandremweiber
49116239087.0,32111880430.0,pedrotomaiz,periclesariza
48990963391.0,60012931840.0,vmapalladino,cacadoresmg
48967554406.0,66461211257.0,ragnar_rocker_cwb,pessoalaile
32111880430.0,1284061040.0,periclesariza,magodiego
32111880430.0,66461211257.0,periclesariza,pessoalaile
32111880430.0,3606021786.0,periclesariza,vidottibruno
27412614647.0,986987163.0,renata._cristina_delai,maskara_falcade
25586321677.0,20192487335.0,alex.carloslarsen,fab_silvestre
25586321677.0,27412614647.0,alex.carloslarsen,renata._cristina_delai
25586321677.0,59863817230.0,alex.carloslarsen,_jamile_tuany_
25586321677.0,66461211257.0,alex.carloslarsen,pessoalaile
13075691905.0,7234761021.0,michel.moraes.1675,renatoducontra
13075691905.0,199883551.0,michel.moraes.1675,alexandremweiber
8369723231.0,3492989395.0,antunesalexandre1980,cavagnoliselma
8369723231.0,40267968238.0,antunesalexandre1980,wellingtontondo
8369723231.0,1651355627.0,antunesalexandre1980,erica_fidelis
8369723231.0,915316649.0,antunesalexandre1980,3raldo
8369723231.0,251221398.0,antunesalexandre1980,byodedeus
8369723231.0,32111880430.0,antunesalexandre1980,periclesariza
8137490714.0,143904696.0,carol_antunes79,anakhaos
8137490714.0,18308533624.0,carol_antunes79,memoraveis365
7708308533.0,143904696.0,georgisalgado,anakhaos
7285727386.0,986987163.0,rafael.dreher.90,maskara_falcade
7285727386.0,66461211257.0,rafael.dreher.90,pessoalaile
7285727386.0,3433616671.0,rafael.dreher.90,neguinho_odair
6852453004.0,39693082982.0,alinemc80,renanribes
6852453004.0,66461211257.0,alinemc80,pessoalaile
6109291701.0,199883551.0,dacunhaantoniomarcos,alexandremweiber
6109291701.0,39693082982.0,dacunhaantoniomarcos,renanribes
5789412132.0,4152049470.0,assolini_marcia,profealoisio
5458635916.0,48288527.0,andrelrossi2024,alanjhonez
5458635916.0,986987163.0,andrelrossi2024,maskara_falcade
5458635916.0,9545857956.0,andrelrossi2024,jack.nneves
5458635916.0,915316649.0,andrelrossi2024,3raldo
4677506574.0,199883551.0,emersomembrio,alexandremweiber
4677506574.0,61093553473.0,emersomembrio,soul.denied
4529934923.0,7810497337.0,marcellosmuller,ydsfagundes
4529934923.0,3492989395.0,marcellosmuller,cavagnoliselma
4529934923.0,4152049470.0,marcellosmuller,profealoisio
4529934923.0,60166014358.0,marcellosmuller,rogerluizandradino
4529934923.0,32111880430.0,marcellosmuller,periclesariza
4529934923.0,355212977.0,marcellosmuller,gutagmb
4527342809.0,61093553473.0,michelyrossari,soul.denied
4527342809.0,6676202616.0,michelyrossari,_marcellminorum_
4527342809.0,3492989395.0,michelyrossari,cavagnoliselma
4527342809.0,56493121294.0,michelyrossari,nanny_pyenzo
4527342809.0,8369723231.0,michelyrossari,antunesalexandre1980
4262161916.0,50249518849.0,andrieli_fernandes_,dieniferthaiscipriano
3468859190.0,66461211257.0,saumbwako__ouyuny,pessoalaile
3076437035.0,66461211257.0,eloa.henrique,pessoalaile
2444482100.0,66461211257.0,carmendinizsantos,pessoalaile
2102518904.0,66461211257.0,carlos_faissal,pessoalaile
63842726981.0,71412363429.0,daniel_handarbeittattoo,mnx78
63842726981.0,66461211257.0,daniel_handarbeittattoo,pessoalaile
1650557679.0,59526195802.0,caio.pissurno,mcbrothersofguard.es
1650557679.0,66461211257.0,caio.pissurno,pessoalaile
1650557679.0,48329670591.0,caio.pissurno,luchettamariana
1650557679.0,54632696409.0,caio.pissurno,diariodatenere
1650557679.0,59976948333.0,caio.pissurno,moto_andador
1650557679.0,56534507070.0,caio.pissurno,ds_motoviagem
1650557679.0,61211160247.0,caio.pissurno,rockofhouse
1650557679.0,58392334213.0,caio.pissurno,emanuel45e555
1650557679.0,46279173396.0,caio.pissurno,jose_nilson_duarte
1650557679.0,51726349331.0,caio.pissurno,leittao
488239777.0,3433616671.0,manoelfanetto,neguinho_odair
488239777.0,66461211257.0,manoelfanetto,pessoalaile
488239777.0,4284181495.0,manoelfanetto,abrunaluz
1597420789.0,66461211257.0,gleidsonfoz,pessoalaile
1753130626.0,66461211257.0,aluisio__nascimento,pessoalaile
1753130626.0,44950196301.0,aluisio__nascimento,lastbloodbr
1677665314.0,40267968238.0,jeferson__vailonis_e_jhuly,wellingtontondo
1677665314.0,66461211257.0,jeferson__vailonis_e_jhuly,pessoalaile
1677665314.0,37383761.0,jeferson__vailonis_e_jhuly,keko74
1677665314.0,6062583356.0,jeferson__vailonis_e_jhuly,lauroscotta
143904696.0,1576233828.0,anakhaos,t.psic
143904696.0,1211034576.0,anakhaos,sim0neds
143904696.0,199883551.0,anakhaos,alexandremweiber
143904696.0,986987163.0,anakhaos,maskara_falcade
143904696.0,6830079995.0,anakhaos,luizrocha88
143904696.0,7234761021.0,anakhaos,renatoducontra
143904696.0,3433616671.0,anakhaos,neguinho_odair
143904696.0,58758635622.0,anakhaos,lebaronesoficial
143904696.0,251095777.0,anakhaos,guga_vox
143904696.0,66461211257.0,anakhaos,pessoalaile
143904696.0,59863817230.0,anakhaos,_jamile_tuany_
143904696.0,37383761.0,anakhaos,keko74
143904696.0,13865340686.0,anakhaos,deboramottta
143904696.0,14244153187.0,anakhaos,leandro_hanauer91
143904696.0,1464947822.0,anakhaos,jhonatan.aquinoo
143904696.0,5326206864.0,anakhaos,dionemarciovendrame
143904696.0,7708308533.0,anakhaos,georgisalgado
143904696.0,5458635916.0,anakhaos,andrelrossi2024
143904696.0,8137490714.0,anakhaos,carol_antunes79
143904696.0,4262161916.0,anakhaos,andrieli_fernandes_
143904696.0,25586321677.0,anakhaos,alex.carloslarsen
143904696.0,13075691905.0,anakhaos,michel.moraes.1675
143904696.0,7044947651.0,anakhaos,mihmmoreira
143904696.0,54079343274.0,anakhaos,bandagatamotivo
143904696.0,1753614435.0,anakhaos,eleniceledur
143904696.0,50249518849.0,anakhaos,dieniferthaiscipriano
143904696.0,1737027718.0,anakhaos,heltonrycardo
143904696.0,4284181495.0,anakhaos,abrunaluz
143904696.0,400656085.0,anakhaos,thnardi
1450911085.0,22924371581.0,semptaofficial,coutofrancis47
1450911085.0,66461211257.0,semptaofficial,pessoalaile
1450911085.0,38695602529.0,semptaofficial,carnified_
472861330.0,66461211257.0,carolschmorantz,pessoalaile
472861330.0,251221398.0,carolschmorantz,byodedeus
472861330.0,5326206864.0,carolschmorantz,dionemarciovendrame
1284061040.0,1508183470.0,magodiego,leonardo.coutinho.7587
1284061040.0,4032204716.0,magodiego,waldirbatera666
1284061040.0,3492989395.0,magodiego,cavagnoliselma
1284061040.0,39682461095.0,magodiego,osni212
1284061040.0,1745439140.0,magodiego,totovanessa
1284061040.0,3433616671.0,magodiego,neguinho_odair
1284061040.0,10750480256.0,magodiego,fugathiagopedro
1284061040.0,40267968238.0,magodiego,wellingtontondo
1284061040.0,1651355627.0,magodiego,erica_fidelis
1284061040.0,66461211257.0,magodiego,pessoalaile
1284061040.0,251221398.0,magodiego,byodedeus
1284061040.0,32111880430.0,magodiego,periclesariza
1284061040.0,50249518849.0,magodiego,dieniferthaiscipriano
1284061040.0,8369723231.0,magodiego,antunesalexandre1980
345044669.0,810628117.0,rodrigopriesnitz,silvanamconti
345044669.0,38901104659.0,rodrigopriesnitz,elisakoefender
345044669.0,65565916105.0,rodrigopriesnitz,gilbertocarvalho_toledo
345044669.0,66461211257.0,rodrigopriesnitz,pessoalaile
345044669.0,4145975507.0,rodrigopriesnitz,jobenvenutti
345044669.0,49116239087.0,rodrigopriesnitz,pedrotomaiz
345044669.0,3478499402.0,rodrigopriesnitz,professoranelsi_
400656085.0,986987163.0,thnardi,maskara_falcade
400656085.0,1745439140.0,thnardi,totovanessa
400656085.0,7234761021.0,thnardi,renatoducontra
400656085.0,2160772584.0,thnardi,adelaideengelsing
400656085.0,66461211257.0,thnardi,pessoalaile
400656085.0,58445707360.0,thnardi,jacks_woo
400656085.0,143904696.0,thnardi,anakhaos
400656085.0,18308533624.0,thnardi,memoraveis365
400656085.0,1737027718.0,thnardi,heltonrycardo
400656085.0,59863817230.0,thnardi,_jamile_tuany_
400656085.0,5458635916.0,thnardi,andrelrossi2024
234704005.0,66461211257.0,guilhermefelipegroomer,pessoalaile
234704005.0,3076437035.0,guilhermefelipegroomer,eloa.henrique
234704005.0,25586321677.0,guilhermefelipegroomer,alex.carloslarsen
751951683.0,1969119441.0,fraanrauber,cris.marcon1
751951683.0,199883551.0,fraanrauber,alexandremweiber
751951683.0,39693082982.0,fraanrauber,renanribes
751951683.0,1745439140.0,fraanrauber,totovanessa
751951683.0,57279478762.0,fraanrauber,teachermari2023
751951683.0,66461211257.0,fraanrauber,pessoalaile
751951683.0,58445707360.0,fraanrauber,jacks_woo
751951683.0,2048920423.0,fraanrauber,psico.olithaina
751951683.0,5326206864.0,fraanrauber,dionemarciovendrame
1753614435.0,66461211257.0,eleniceledur,pessoalaile
1753614435.0,143904696.0,eleniceledur,anakhaos
1753614435.0,8137490714.0,eleniceledur,carol_antunes79
1753614435.0,1737027718.0,eleniceledur,heltonrycardo
1753614435.0,5458635916.0,eleniceledur,andrelrossi2024
222347753.0,66461211257.0,dzzyrnan,pessoalaile
1530059124.0,66461211257.0,violla_melanieklain,pessoalaile
464001330.0,66461211257.0,alemassucato,pessoalaile
637121126.0,66461211257.0,andreguimaraesvieira,pessoalaile
61211160247.0,66461211257.0,rockofhouse,pessoalaile
61211160247.0,1650557679.0,rockofhouse,caio.pissurno
61211160247.0,54632696409.0,rockofhouse,diariodatenere
61211160247.0,51726349331.0,rockofhouse,leittao
61211160247.0,59976948333.0,rockofhouse,moto_andador
61211160247.0,5520545702.0,rockofhouse,moto_gutao
61211160247.0,58392334213.0,rockofhouse,emanuel45e555
60826687226.0,66461211257.0,mafiya_kallu_raj_803,pessoalaile
48329670591.0,66461211257.0,luchettamariana,pessoalaile
48329670591.0,1650557679.0,luchettamariana,caio.pissurno
48329670591.0,56534507070.0,luchettamariana,ds_motoviagem
48329670591.0,5458635916.0,luchettamariana,andrelrossi2024
36044783686.0,66461211257.0,casabonitadecor_,pessoalaile
33374707273.0,66461211257.0,bruno_pesca_e_lazer,pessoalaile
7015379983.0,66461211257.0,wagner.castro.castro,pessoalaile
4459789608.0,65123939469.0,alcenirfernandescastroii,agoraecomelasosasco
4459789608.0,1821419334.0,alcenirfernandescastroii,osdar_raul
4459789608.0,66461211257.0,alcenirfernandescastroii,pessoalaile
4459789608.0,7015379983.0,alcenirfernandescastroii,wagner.castro.castro
2271951908.0,66461211257.0,barrymuir,pessoalaile
2271951908.0,51436958688.0,barrymuir,wickstrom_dobroth
2235242691.0,66461211257.0,guiumor_fritzen,pessoalaile
2235242691.0,1737027718.0,guiumor_fritzen,heltonrycardo
1569342410.0,49163499187.0,gustavopatocowboy,luh_dcastro
1569342410.0,66461211257.0,gustavopatocowboy,pessoalaile
1569342410.0,17061418540.0,gustavopatocowboy,filipe.machado886102030.30501
251221398.0,1446575544.0,byodedeus,marcelocherpinski
251221398.0,1745439140.0,byodedeus,totovanessa
251221398.0,3433616671.0,byodedeus,neguinho_odair
251221398.0,10750480256.0,byodedeus,fugathiagopedro
251221398.0,40267968238.0,byodedeus,wellingtontondo
251221398.0,66461211257.0,byodedeus,pessoalaile
251221398.0,56670558588.0,byodedeus,brunocomiran
251221398.0,7044947651.0,byodedeus,mihmmoreira
251221398.0,8369723231.0,byodedeus,antunesalexandre1980
251221398.0,472861330.0,byodedeus,carolschmorantz
251221398.0,37383761.0,byodedeus,keko74
1670922794.0,66461211257.0,jeferson0809,pessoalaile
3584924139.0,63095622792.0,3laize,kyroee
71541457311.0,63095622792.0,kevin.mc4,kyroee
71541457311.0,69099928682.0,kevin.mc4,_usererror333_
71541457311.0,63770039611.0,kevin.mc4,tinaphak
63368302898.0,71901903657.0,kidgillis,poetryoracle
63368302898.0,63488219528.0,kidgillis,mscadero
63368302898.0,64338268138.0,kidgillis,notions.of.nobody
63368302898.0,63310626224.0,kidgillis,jackiesstrength73
63368302898.0,63237493409.0,kidgillis,staylo_key
63368302898.0,71673628951.0,kidgillis,j.d.suarezm_author
63368302898.0,64638297934.0,kidgillis,juliedmissen_author
63368302898.0,70854790498.0,kidgillis,knovelprotocol
63368302898.0,68354062924.0,kidgillis,theofficialoddaly
63368302898.0,1407449364.0,kidgillis,fan_farming_tastic
61808974801.0,70927339920.0,voidtenebrous666,geoviomgmt
67183197284.0,69761072734.0,veda_xo,dianapatriciacortesgarcia
67183197284.0,62974736024.0,veda_xo,imdamonconway
67183197284.0,69805130086.0,veda_xo,xxjustanothergirl91
67183197284.0,70844272643.0,veda_xo,brainbox_3
67183197284.0,70277538262.0,veda_xo,espectrodiario
67183197284.0,69436492686.0,veda_xo,thataltdoll
67183197284.0,63090982323.0,veda_xo,cherrykitten333
67183197284.0,64567878273.0,veda_xo,ashaeatssoup
67183197284.0,67623458635.0,veda_xo,victoriaaagraves
67183197284.0,63770039611.0,veda_xo,tinaphak
67183197284.0,63054925606.0,veda_xo,asamimakes
67183197284.0,63311216127.0,veda_xo,xxjustjustin31
67183197284.0,69195696999.0,veda_xo,replygirrl
67183197284.0,70737503315.0,veda_xo,rayray.creates.empires__
67183197284.0,70633205182.0,veda_xo,shaunarenee84
67183197284.0,63396567313.0,veda_xo,saeedelhanafi
67183197284.0,63241092044.0,veda_xo,irteza_gunner3567
67183197284.0,63474539832.0,veda_xo,yg.sam
67183197284.0,63409700279.0,veda_xo,ketchup.jessi
67183197284.0,65439363232.0,veda_xo,c.cruzzz
67183197284.0,63368525732.0,veda_xo,calebdaman__24
67183197284.0,65256461753.0,veda_xo,mysticminerals_teri
67183197284.0,66310528092.0,veda_xo,cloudedlaughs
67183197284.0,63323061396.0,veda_xo,paigethevampireslayer
67183197284.0,66376096186.0,veda_xo,jasmines_jewelry_box
67183197284.0,1418465502.0,veda_xo,odoylerules83
67183197284.0,1589821445.0,veda_xo,sshrubbs
69766410069.0,64760096209.0,kohh.junsin,shunnosuke_yamauchi
69844521970.0,63396567313.0,damn.dietdoctor,saeedelhanafi
69844521970.0,70801981820.0,damn.dietdoctor,stoicheadaurelius
69844521970.0,70819565811.0,damn.dietdoctor,901variety4sales
69844521970.0,63412487224.0,damn.dietdoctor,sarahdinh_
69844521970.0,70712917268.0,damn.dietdoctor,mrstsstories
69844521970.0,68380458367.0,damn.dietdoctor,purrfectly_digital
70927339920.0,66308281490.0,geoviomgmt,dadboddandtheeveryman
70927339920.0,63635088246.0,geoviomgmt,sunsing
70927339920.0,64207202909.0,geoviomgmt,candiecraft
70927339920.0,65834507934.0,geoviomgmt,valiobeats
70927339920.0,38898303273.0,geoviomgmt,trips_god
70927339920.0,240617778.0,geoviomgmt,ericbthename
70927339920.0,4673296955.0,geoviomgmt,brokenchainz.music
70927339920.0,56367241276.0,geoviomgmt,easydreamy
70927339920.0,66340732338.0,geoviomgmt,ballzmusicltd
70927339920.0,7947827735.0,geoviomgmt,austinwilson165
70927339920.0,4261007531.0,geoviomgmt,maffyew_winder
70927339920.0,61808974801.0,geoviomgmt,voidtenebrous666
70927339920.0,64227299357.0,geoviomgmt,tashymanifests
4374083910.0,8015766531.0,_travistaprell,fabio_singe
64894029890.0,44739603937.0,khanwaqas904,deeeecode
64894029890.0,3029592674.0,khanwaqas904,briantreber
64894029890.0,64930856032.0,khanwaqas904,beemraj.bhagwandin6
64894029890.0,62029770729.0,khanwaqas904,marioalbertomonroya
64894029890.0,13106787372.0,khanwaqas904,kirtiga_phoenix
50562352351.0,69544438438.0,rusay.i,poro.puff
70819565811.0,71105296964.0,901variety4sales,bohowadu
70819565811.0,70737503315.0,901variety4sales,rayray.creates.empires__
70819565811.0,68380458367.0,901variety4sales,purrfectly_digital
70819565811.0,70297251746.0,901variety4sales,bernard.bonsu.374
70819565811.0,69043119902.0,901variety4sales,logicalwonderz
70819565811.0,69562414066.0,901variety4sales,540saunders540
70819565811.0,70383034771.0,901variety4sales,coastalyarnworx
66096550304.0,63266538932.0,facelessfreedomlifestyle,thaddius_cho
66096550304.0,70383034771.0,facelessfreedomlifestyle,coastalyarnworx
66096550304.0,67100400012.0,facelessfreedomlifestyle,topbusinesstools
66096550304.0,70452553373.0,facelessfreedomlifestyle,ladyfrancesofyorkshire
66096550304.0,63556688046.0,facelessfreedomlifestyle,contentwithella
66096550304.0,68380458367.0,facelessfreedomlifestyle,purrfectly_digital
66096550304.0,65937755147.0,facelessfreedomlifestyle,lilybradleyyy
67100400012.0,68380458367.0,topbusinesstools,purrfectly_digital
67100400012.0,70383034771.0,topbusinesstools,coastalyarnworx
67100400012.0,68905675499.0,topbusinesstools,officialdavidbasile
67100400012.0,66096550304.0,topbusinesstools,facelessfreedomlifestyle
67100400012.0,44739603937.0,topbusinesstools,deeeecode
67100400012.0,63317505259.0,topbusinesstools,mykolasoo
67100400012.0,34196724.0,topbusinesstools,ms_meech
67100400012.0,66276612872.0,topbusinesstools,delandrade001
67100400012.0,63170120182.0,topbusinesstools,penelope1_4__zimmer
23520526499.0,66803638519.0,flameofthesoulllc,vespe.alexis
23520526499.0,63414308965.0,flameofthesoulllc,starrr.seed
23520526499.0,63095622792.0,flameofthesoulllc,kyroee
23520526499.0,64121033673.0,flameofthesoulllc,reneeintune
68905675499.0,38898303273.0,officialdavidbasile,trips_god
68905675499.0,69530616876.0,officialdavidbasile,tammisheafer
68905675499.0,69536541266.0,officialdavidbasile,tecnoose77
68905675499.0,70737503315.0,officialdavidbasile,rayray.creates.empires__
68905675499.0,70819565811.0,officialdavidbasile,901variety4sales
68905675499.0,66096550304.0,officialdavidbasile,facelessfreedomlifestyle
68905675499.0,69549474502.0,officialdavidbasile,wafrel
68905675499.0,64894029890.0,officialdavidbasile,khanwaqas904
68905675499.0,63064470626.0,officialdavidbasile,macgregor7894
68905675499.0,70452553373.0,officialdavidbasile,ladyfrancesofyorkshire
68905675499.0,69205850176.0,officialdavidbasile,selfcreditrestore
68905675499.0,67100400012.0,officialdavidbasile,topbusinesstools
68905675499.0,200220352.0,officialdavidbasile,darci3m
68905675499.0,70440826177.0,officialdavidbasile,silverpan
68905675499.0,63026214916.0,officialdavidbasile,zay.uncurbed
68905675499.0,70113547412.0,officialdavidbasile,djconejoblas
68905675499.0,65170797164.0,officialdavidbasile,kmr_anderson7846
68905675499.0,63241092044.0,officialdavidbasile,irteza_gunner3567
68905675499.0,4987065836.0,officialdavidbasile,lancebell5627
68905675499.0,44739603937.0,officialdavidbasile,deeeecode
68905675499.0,68380458367.0,officialdavidbasile,purrfectly_digital
68905675499.0,69562414066.0,officialdavidbasile,540saunders540
68905675499.0,63468376629.0,officialdavidbasile,annebarringer
69746418922.0,70826384825.0,call_mejessyy,anna_r_v.2
69549474502.0,69099928682.0,wafrel,_usererror333_
46557259.0,63408358314.0,thefullerlifejourney,jayrob_music
11025004.0,6709611526.0,vmsqueenvictoria,highupofficial
187821523.0,63239789554.0,nath_claridge,jdubmusic
4142112789.0,277233635.0,tay.s.t,willoaus
64459081639.0,63308497363.0,michaeljayscott_,elisabethyasharahla
64459081639.0,63278624367.0,michaeljayscott_,lennox_saint
64587793450.0,63394682393.0,foodandfamily73,biscottismom
68471362796.0,254187240.0,mymoxie.club,ascholtka2
68471362796.0,63286189826.0,mymoxie.club,itschargonzalez
63026214916.0,70894623771.0,zay.uncurbed,nightmare_ulas
63026214916.0,68645733938.0,zay.uncurbed,waxpen
65109883852.0,1482171104.0,reneapooh,kirsten_henry
65835444819.0,66791524923.0,rabitt.marketing,lucindarose1313
2738759917.0,69681848802.0,photobeach1968,leptir1313
53504003589.0,66340732338.0,nik.romanov7,ballzmusicltd
53504003589.0,63032606158.0,nik.romanov7,firehillmusic
3141351715.0,66284481475.0,zing_gran,strange_facts_100k
2158191971.0,63261413757.0,invisible_wallflower_92,sethappeal
63246968931.0,69054533247.0,caption312,sugar.y.spite
66752427310.0,64089537281.0,emprz.arts,gabriel_lagon
359682975.0,66308281490.0,domin_kotyz,dadboddandtheeveryman
65929474498.0,71865395601.0,destinimariefike333,hatsunechastity
65929474498.0,70987061920.0,destinimariefike333,ethancraft420
65929474498.0,63304247951.0,destinimariefike333,cloberries
60045517156.0,66340732338.0,jhsoundbreeze,ballzmusicltd
66308281490.0,68888587932.0,dadboddandtheeveryman,erinnerinnerin
66308281490.0,68645733938.0,dadboddandtheeveryman,waxpen
65260417361.0,62943581677.0,elmagodeljudo,leslielynn05
2894828921.0,66311329919.0,andrew24live7clancy,laaye47
63266521703.0,65835444819.0,melo_malebo,rabitt.marketing
63266521703.0,63238327570.0,melo_malebo,graciiesullivan
63266521703.0,66311329919.0,melo_malebo,laaye47
48996994476.0,68176886164.0,itsjeonriiie,seeker_mcmanus
63793268311.0,62943581677.0,003tretre,leslielynn05
63793268311.0,69367315822.0,003tretre,jaydenwebr
51547725623.0,63549477324.0,yeah_the_dan,jlangdonj88
51547725623.0,63050014333.0,yeah_the_dan,pizzapapi_parmeshawn
227393626.0,40107448.0,anna_wallace92,jonlpage
65644453377.0,64492365397.0,michaelabubenheimer,fuckits420247365
51436958688.0,63710905077.0,wickstrom_dobroth,kennethmusiclover_official
51436958688.0,2271951908.0,wickstrom_dobroth,barrymuir
63579739193.0,63878179464.0,locnessproduction,sprdctns
63579739193.0,69099928682.0,locnessproduction,_usererror333_
64591408232.0,65344865749.0,drawby.doll,coffeebeansdev
66564793740.0,70090860545.0,kkyanaandrea,very.sedated
66564793740.0,69436492686.0,kkyanaandrea,thataltdoll
64600348460.0,70633205182.0,msandreacamille,shaunarenee84
64600348460.0,63396567313.0,msandreacamille,saeedelhanafi
64600348460.0,63048020240.0,msandreacamille,mysticjewel2022
64600348460.0,63843813923.0,msandreacamille,simplybeingdiny
246932322.0,63440057399.0,lorin_terese1574,robby.moto
246932322.0,67052260968.0,lorin_terese1574,livvybivvygirl
55415592110.0,63405053608.0,ajordan1124,ace.febreeze
55415592110.0,67013388756.0,ajordan1124,thisisit.original
55415592110.0,63250938701.0,ajordan1124,thejayspotof
57669008578.0,63440057399.0,fuges_1998,robby.moto
57669008578.0,428686813.0,fuges_1998,shelizle
64621110086.0,63095622792.0,thoughtpoured,kyroee
64621110086.0,65644453377.0,thoughtpoured,michaelabubenheimer
64621110086.0,63159950352.0,thoughtpoured,itstelvin_
64621110086.0,66564793740.0,thoughtpoured,kkyanaandrea
4689088957.0,63279071240.0,iamtavon_,tsvndra
8701058221.0,63428870110.0,bjb_wellness,bob_b_1961
8701058221.0,63064470626.0,bjb_wellness,macgregor7894
1628232765.0,63381260349.0,maximjongun,iam_laronanthony__
1628232765.0,66769627005.0,maximjongun,exileonmainst_
1628232765.0,9408408887.0,maximjongun,xclusive._nathan
1628232765.0,63095622792.0,maximjongun,kyroee
1628232765.0,26901217902.0,maximjongun,brendadiakabana_
1628232765.0,63364644289.0,maximjongun,djldapoet
1628232765.0,66564793740.0,maximjongun,kkyanaandrea
7599371566.0,65899800936.0,thepinaytraveller,whereis_roland
64949472877.0,63881390932.0,itskish13,reyimilano25
64949472877.0,63270524418.0,itskish13,missclowy
64949472877.0,66285176146.0,itskish13,cierra.vlogs
64949472877.0,63394798056.0,itskish13,ms.tiffanykt.1
64949472877.0,63093084182.0,itskish13,imfurness
64949472877.0,65413760638.0,itskish13,x.xo0oxx
64949472877.0,66984205682.0,itskish13,reasntm
64949472877.0,55521938058.0,itskish13,truth.ranger
3064646266.0,69679752901.0,kadencewesley,desouzabenp
3064646266.0,68900488774.0,kadencewesley,covs1441
3064646266.0,63091461877.0,kadencewesley,sp00pkittn
3064646266.0,69858622841.0,kadencewesley,igakoncka
3064646266.0,8153300652.0,kadencewesley,its_kellyson
3064646266.0,68804964075.0,kadencewesley,soindigenius
3064646266.0,65676038694.0,kadencewesley,poorxkitty
3064646266.0,63278984606.0,kadencewesley,kiddynomite.nzo
3064646266.0,66341037645.0,kadencewesley,tinykindnesses
3064646266.0,66411901180.0,kadencewesley,mayornayr
3064646266.0,58891045741.0,kadencewesley,sucktoshi
3064646266.0,7988617366.0,kadencewesley,r.m.viveiros
3064646266.0,64492365397.0,kadencewesley,fuckits420247365
3064646266.0,2314813608.0,kadencewesley,dreamyeyedrose
3064646266.0,68518283340.0,kadencewesley,__.tilley.__
3064646266.0,63026214916.0,kadencewesley,zay.uncurbed
3064646266.0,30260298241.0,kadencewesley,alora_jen90
3064646266.0,1418465502.0,kadencewesley,odoylerules83
3064646266.0,242695282.0,kadencewesley,hxnnxxhh.b
3064646266.0,55575635916.0,kadencewesley,lcpookc
3064646266.0,63409287881.0,kadencewesley,teroc914
3064646266.0,67712412407.0,kadencewesley,reginald.bowen.61
3064646266.0,63376646951.0,kadencewesley,luchaaavandross
3064646266.0,63289144607.0,kadencewesley,bmwbri
3064646266.0,66332556733.0,kadencewesley,lukepreece5
3064646266.0,65641146763.0,kadencewesley,deric_263
3064646266.0,47062152928.0,kadencewesley,_walkerjeremiah777
3064646266.0,2961661069.0,kadencewesley,celestehector87
3064646266.0,63414059120.0,kadencewesley,alyssanashart
3064646266.0,63258411514.0,kadencewesley,mrvalvetronix
3064646266.0,63581948607.0,kadencewesley,cotnerjoe
3064646266.0,66626931237.0,kadencewesley,wolf_jeffery
3064646266.0,66044511768.0,kadencewesley,lucyinfinityx
3064646266.0,63440057399.0,kadencewesley,robby.moto
3064646266.0,7311653768.0,kadencewesley,sinika2244
3064646266.0,65788096345.0,kadencewesley,the_mini_manager
3064646266.0,66333805909.0,kadencewesley,speedtreez
3064646266.0,7345910159.0,kadencewesley,vonreillyxd
3064646266.0,65469706447.0,kadencewesley,eijer_rhej
3064646266.0,3074793472.0,kadencewesley,rxdison
3064646266.0,66088919531.0,kadencewesley,foreign_richard
3064646266.0,66194327716.0,kadencewesley,oblongsquare.records
3064646266.0,60109337929.0,kadencewesley,kylealonecb
3064646266.0,65398772528.0,kadencewesley,alexidewriter
3064646266.0,65144227886.0,kadencewesley,akanho_001
3064646266.0,67034868904.0,kadencewesley,qveen.jenna_
3064646266.0,67448201089.0,kadencewesley,joe44001
3064646266.0,63793268311.0,kadencewesley,003tretre
3064646266.0,1281294207.0,kadencewesley,nah_dee_ah_
3064646266.0,63086743616.0,kadencewesley,tigersden_boxing_kickboxing
3064646266.0,64036195205.0,kadencewesley,piss.flaps69
3064646266.0,65843548839.0,kadencewesley,boojie.babyyy
3064646266.0,66344506599.0,kadencewesley,herrymloge9575
3064646266.0,63022287307.0,kadencewesley,youngkingjr254
3064646266.0,64686650105.0,kadencewesley,cidemar_faria
3064646266.0,41048789617.0,kadencewesley,_arcane0803
3064646266.0,44766274551.0,kadencewesley,only1chubs
3064646266.0,63264521405.0,kadencewesley,_nasymal
3064646266.0,63281657974.0,kadencewesley,kalimariamoon
3064646266.0,63372607551.0,kadencewesley,okido22
3064646266.0,63465297423.0,kadencewesley,aurainsanity
3064646266.0,63423805146.0,kadencewesley,kingtayinspires
3064646266.0,66300673795.0,kadencewesley,pruspiotr_98
3064646266.0,65693063382.0,kadencewesley,fredwinter27
3064646266.0,65064149978.0,kadencewesley,jacubinthecut
3064646266.0,65489928423.0,kadencewesley,ladygigi2u
3064646266.0,66273983854.0,kadencewesley,mindfulasfuk2
3064646266.0,62831147554.0,kadencewesley,kuromi_glokk_princess
3064646266.0,66203431788.0,kadencewesley,indyhoneu
3064646266.0,63138166165.0,kadencewesley,mizzymike4l
3064646266.0,64515613277.0,kadencewesley,fashionbyedelbands
3064646266.0,65707012628.0,kadencewesley,chelseabearx
3064646266.0,63381260349.0,kadencewesley,iam_laronanthony__
3064646266.0,56021059727.0,kadencewesley,tshenollor7
3064646266.0,65548923826.0,kadencewesley,bonnie_darco
3064646266.0,66862133342.0,kadencewesley,ethan.freedman.journo
3064646266.0,65053362224.0,kadencewesley,ms.nonchalant_21
3064646266.0,47420763.0,kadencewesley,superrhardcorre
3064646266.0,63316920672.0,kadencewesley,darth_cc
3064646266.0,63069178310.0,kadencewesley,fabiprosso
3064646266.0,63405053608.0,kadencewesley,ace.febreeze
3064646266.0,66320762075.0,kadencewesley,casp3r_209
3064646266.0,66285176146.0,kadencewesley,cierra.vlogs
3064646266.0,64930856032.0,kadencewesley,beemraj.bhagwandin6
3064646266.0,63238327570.0,kadencewesley,graciiesullivan
3064646266.0,66534712940.0,kadencewesley,black_boutiquebb
3064646266.0,60849692321.0,kadencewesley,jhonalbeiro3230
3064646266.0,66564793740.0,kadencewesley,kkyanaandrea
3064646266.0,67043435032.0,kadencewesley,huzai_fa2686
3064646266.0,64121033673.0,kadencewesley,reneeintune
3064646266.0,55655308792.0,kadencewesley,justin_zman1988
3064646266.0,2006175676.0,kadencewesley,helladanknugg
3064646266.0,63888361280.0,kadencewesley,jensbooks247
3064646266.0,66293359095.0,kadencewesley,softwarekangofficial
3064646266.0,63052518832.0,kadencewesley,izzie3030
3064646266.0,67005237144.0,kadencewesley,sjhshshxhs
3064646266.0,63052836871.0,kadencewesley,kaitlynpaige64
3064646266.0,65782369405.0,kadencewesley,talktomeee_niiice
3064646266.0,65600755236.0,kadencewesley,dhindsa5076
3064646266.0,65169552762.0,kadencewesley,essential_rustic_delights
3064646266.0,63079722581.0,kadencewesley,theblessedadrian_
3064646266.0,61858706369.0,kadencewesley,pinkpixiemoon
3064646266.0,66450183215.0,kadencewesley,ass_huh_lee
3064646266.0,66654867493.0,kadencewesley,french_vanilla.007
3064646266.0,63073439712.0,kadencewesley,w.a.t.e.r.m.e.l.o.n.n.e
3064646266.0,65929474498.0,kadencewesley,destinimariefike333
3064646266.0,66386958614.0,kadencewesley,ose_joe
3064646266.0,66769627005.0,kadencewesley,exileonmainst_
63427551800.0,59655166384.0,rhukow,ysmaelg.himbon
63427551800.0,66419233057.0,rhukow,hasan_ahammad54
63427551800.0,65192452445.0,rhukow,sallyyasini
63427551800.0,63652904036.0,rhukow,darkkoolkays
63427551800.0,65144227886.0,rhukow,akanho_001
63427551800.0,64686650105.0,rhukow,cidemar_faria
63427551800.0,66508785180.0,rhukow,2serendra_bgc
63427551800.0,66561578468.0,rhukow,abdulbaki4347
63427551800.0,66561421601.0,rhukow,theinversecollection
63427551800.0,64091627184.0,rhukow,bartkedi
63427551800.0,39007521097.0,rhukow,sergiomaar90_ofc
63427551800.0,63820314872.0,rhukow,happ.ygirl6917
63427551800.0,9408408887.0,rhukow,xclusive._nathan
63427551800.0,65548923826.0,rhukow,bonnie_darco
63427551800.0,182770320.0,rhukow,bigdfromthalc
63427551800.0,66398269761.0,rhukow,kate_ausadventure
63427551800.0,66658360254.0,rhukow,17theycallme_dior
63427551800.0,54138066916.0,rhukow,abeerakhurshidd
63427551800.0,64605495809.0,rhukow,elek_natures_world
66039396680.0,40505108950.0,harley_hon,koviao.g
1471864868.0,66284481475.0,roseseal.seal99,strange_facts_100k
1182123144.0,67100400012.0,veysel.kcr,topbusinesstools
65805745013.0,65177908394.0,xoxosavannahrae,ghxst.0115
65805745013.0,49219731698.0,xoxosavannahrae,amoncityx
45476872756.0,63228987617.0,alicia_mankhwala,austinmcgrady
66524715439.0,63317505259.0,sonnywdwp,mykolasoo
2227868886.0,63270524418.0,iamkaren.cadungog,missclowy
47379595770.0,64434740815.0,haydo_sc,funkyflakesmusic
65619667304.0,69147424111.0,momneymonica,thegamervillage
66724005562.0,63310626224.0,blumen_poem23,jackiesstrength73
66724005562.0,66963908589.0,blumen_poem23,mindofmerk
66724005562.0,63458688309.0,blumen_poem23,xoxo.baby16
66724005562.0,66561421601.0,blumen_poem23,theinversecollection
50084034815.0,65107790161.0,infantemaryjoy,nona_kerryandfriends
66430902627.0,63250938701.0,blackdelflowrd,thejayspotof
65735966306.0,3878736571.0,supermjh12,lizzyliz_1995
63297752471.0,62230626481.0,jamayaxx,mc.ellie.147
63297752471.0,68731363685.0,jamayaxx,it_aint_fair_jear
64985081219.0,53094980216.0,fabfivebriggs,fungaik.nemapare
65955461648.0,63430014586.0,imamovics,paul.pillio
65955461648.0,63278624367.0,imamovics,lennox_saint
61311829526.0,63927313458.0,olyversemusic,katrinbaleva
45324838310.0,70633205182.0,divineecreation,shaunarenee84
10612703407.0,65111508547.0,iam.arif.official,e8.hv
314144716.0,66308281490.0,wilsontrnt,dadboddandtheeveryman
66450183215.0,70987061920.0,ass_huh_lee,ethancraft420
66450183215.0,63409700279.0,ass_huh_lee,ketchup.jessi
66450183215.0,66769627005.0,ass_huh_lee,exileonmainst_
66450183215.0,69544438438.0,ass_huh_lee,poro.puff
4150481244.0,66308281490.0,iamkhalta,dadboddandtheeveryman
11436442235.0,63228987617.0,proezi47,austinmcgrady
3463375066.0,66308281490.0,bryantcitrian,dadboddandtheeveryman
64625875380.0,65113336515.0,kingwensel,ana.berts
64625875380.0,66378848981.0,kingwensel,mercedeesbettis
64625875380.0,69043119902.0,kingwensel,logicalwonderz
64625875380.0,65857235588.0,kingwensel,pig.whiskers
64625875380.0,69544438438.0,kingwensel,poro.puff
7426174008.0,70927339920.0,official_vk1up,geoviomgmt
240965601.0,63392102058.0,andidhoska,misschaybella
66396550341.0,63948103385.0,lizzy.xstar,spooky_little_heart
63340414609.0,11377514962.0,esgile_black_art,erikubot
67023017647.0,63095622792.0,aina.vie,kyroee
37233798339.0,63438326017.0,brenna_good90,spookyy.ellie
37233798339.0,69230487741.0,brenna_good90,high_foreign_chick
63330867224.0,63145924328.0,888_jingshen_888,cinyateatime
61786357365.0,66308281490.0,soundsofbear,dadboddandtheeveryman
65805009356.0,69858622841.0,gilbilfos,igakoncka
65805009356.0,64773456528.0,gilbilfos,jwjwbean
63285541845.0,70090860545.0,its.clox,very.sedated
4227680898.0,66308281490.0,francesca._.gagliano,dadboddandtheeveryman
49786278994.0,63095622792.0,_dreamrr,kyroee
13106787372.0,66088919531.0,kirtiga_phoenix,foreign_richard
6746462.0,64773456528.0,casually_filthy_,jwjwbean
312535237.0,63943005455.0,candicebeluv238,poetry_by_ed
65169552762.0,65113336515.0,essential_rustic_delights,ana.berts
63160598669.0,63468376629.0,vinib_isme,annebarringer
63364644289.0,66564793740.0,djldapoet,kkyanaandrea
63364644289.0,1628232765.0,djldapoet,maximjongun
63466345104.0,70854790498.0,friend_request_from_jms,knovelprotocol
63083143784.0,66344506599.0,inariindustry,herrymloge9575
32432197823.0,65175018549.0,craigwilliamsofficial,airamfmofficial
56367241276.0,63083143784.0,easydreamy,inariindustry
56367241276.0,66340732338.0,easydreamy,ballzmusicltd
56367241276.0,68645733938.0,easydreamy,waxpen
56367241276.0,65661924617.0,easydreamy,kingwhalshyfyre
63244067067.0,65175018549.0,solmarineris,airamfmofficial
63244067067.0,63133854921.0,solmarineris,mooncatkait
380861494.0,53549993100.0,itsramslien,oraymond.music
54138066916.0,63364644289.0,abeerakhurshidd,djldapoet
38898303273.0,68905675499.0,trips_god,officialdavidbasile
52891541989.0,65175018549.0,sharoon.sarangi,airamfmofficial
64213484177.0,65777674824.0,ynlf_twaine,damishahazelton
64213484177.0,63392102058.0,ynlf_twaine,misschaybella
6265156757.0,63228987617.0,kelly__maxwell,austinmcgrady
63463973032.0,65175018549.0,itsharrisonjay,airamfmofficial
65175018549.0,63652180511.0,airamfmofficial,your.old.pal.goldie
979482755.0,1691349584.0,theofficialakeno,juwan.music
1169443583.0,5865768136.0,husonc,shuntmra
1169443583.0,48781294201.0,husonc,kassidydidit
1169443583.0,235706456.0,husonc,nickjamesaus
1169443583.0,63408358314.0,husonc,jayrob_music
1169443583.0,6807373900.0,husonc,togo_8888
1169443583.0,4280762354.0,husonc,howexaus
1169443583.0,22484154.0,husonc,dj_larry.p
1169443583.0,3472929.0,husonc,jakecarmody
1169443583.0,63278133793.0,husonc,rymakdj
1169443583.0,63239789554.0,husonc,jdubmusic
1169443583.0,52278918612.0,husonc,crazy_mia02
1169443583.0,1082902281.0,husonc,smarzziwoo
1169443583.0,63058373785.0,husonc,im.bmoney
1169443583.0,63447509752.0,husonc,fletcherkirkman_
1169443583.0,37151118.0,husonc,casssav
6404019838.0,2116003784.0,bodyarmour.au,chunkydip
6404019838.0,6709611526.0,bodyarmour.au,highupofficial
6404019838.0,277233635.0,bodyarmour.au,willoaus
6404019838.0,189304310.0,bodyarmour.au,harpoon_official_
7214456594.0,1079674551.0,modeozz,djbose_au
7214456594.0,3857999715.0,modeozz,jessiesparks.au
7214456594.0,63278133793.0,modeozz,rymakdj
7214456594.0,945333958.0,modeozz,chailynmacfarlane
7214456594.0,22484154.0,modeozz,dj_larry.p
7214456594.0,52278918612.0,modeozz,crazy_mia02
65933499127.0,70821114536.0,nuzinator,nancystratton53
65933499127.0,67006996879.0,nuzinator,xavierlake1
65933499127.0,49566279221.0,nuzinator,my_life_thx03
176494128.0,9012223520.0,tny_bass,rhythmsincere
176494128.0,11025004.0,tny_bass,vmsqueenvictoria
56352447972.0,11025004.0,itsyaboijava,vmsqueenvictoria
56352447972.0,63095622792.0,itsyaboijava,kyroee
57944001954.0,3528243814.0,4bey_life,rojormg
3872608454.0,7824367466.0,ssophiemunro,jade.knight__
1974453641.0,15019233528.0,ripntear_fitness_and_supps,jb_lights_events_
5366750020.0,67252963737.0,cuboybeethoven20,satya_singhhhhh
5366750020.0,345476841.0,cuboybeethoven20,atuldhanraj
945333958.0,66900342749.0,chailynmacfarlane,thomasmilde
945333958.0,7214456594.0,chailynmacfarlane,modeozz
3294465676.0,26000866.0,metroolografix,raffaelemauro
8220630659.0,942703926.0,edera_rose21,gianfranpat
63482521851.0,63156308928.0,the.don.stone,aiirbearmusic
63306600656.0,61311829526.0,brendenaccettura,olyversemusic
48489632353.0,1650536985.0,ry4n_w4ke,ryanwake_photo
49804877060.0,66194327716.0,josh.walsh.music,oblongsquare.records
63248818263.0,63232678949.0,robertrodriguezmusic,vishvanands
63248818263.0,179160424.0,robertrodriguezmusic,jeanne_pors
1223791246.0,63048252714.0,bcurleejr,sidebanks
1223791246.0,63265641554.0,bcurleejr,dirt_floor_record_production
3569213039.0,63444108467.0,from.dre,mikelawsonmusic
3569213039.0,12987604.0,from.dre,jameswilllliams
45409867199.0,46020147535.0,valkeough,erikashergermusic
45409867199.0,63265641554.0,valkeough,dirt_floor_record_production
45409867199.0,1223791246.0,valkeough,bcurleejr
45409867199.0,63444108467.0,valkeough,mikelawsonmusic
45409867199.0,63048252714.0,valkeough,sidebanks
45409867199.0,244817345.0,valkeough,tropicalontour
45409867199.0,5830464669.0,valkeough,antiquitysessions
45409867199.0,49595335825.0,valkeough,bartop_laureate
244817345.0,63048252714.0,tropicalontour,sidebanks
244817345.0,63073085957.0,tropicalontour,melodieuxofficial
244817345.0,63444108467.0,tropicalontour,mikelawsonmusic
63241858225.0,63048252714.0,cheeky__lion,sidebanks
63241858225.0,56143244001.0,cheeky__lion,buskingaroundmusic
63241858225.0,63073085957.0,cheeky__lion,melodieuxofficial
187419340.0,63073085957.0,tru_skills_,melodieuxofficial
46020147535.0,48836074835.0,erikashergermusic,blueluxuryphone
46020147535.0,45409867199.0,erikashergermusic,valkeough
46020147535.0,63365752457.0,erikashergermusic,jensentommyb
46020147535.0,63444108467.0,erikashergermusic,mikelawsonmusic
46020147535.0,63073085957.0,erikashergermusic,melodieuxofficial
46020147535.0,63265641554.0,erikashergermusic,dirt_floor_record_production
46020147535.0,12987604.0,erikashergermusic,jameswilllliams
63365752457.0,244817345.0,jensentommyb,tropicalontour
63365752457.0,63048252714.0,jensentommyb,sidebanks
63365752457.0,46020147535.0,jensentommyb,erikashergermusic
63365752457.0,63265641554.0,jensentommyb,dirt_floor_record_production
63365752457.0,63444108467.0,jensentommyb,mikelawsonmusic
63365752457.0,56143244001.0,jensentommyb,buskingaroundmusic
49595335825.0,63444108467.0,bartop_laureate,mikelawsonmusic
63048252714.0,63365752457.0,sidebanks,jensentommyb
63048252714.0,12987604.0,sidebanks,jameswilllliams
63048252714.0,63265641554.0,sidebanks,dirt_floor_record_production
63048252714.0,63444108467.0,sidebanks,mikelawsonmusic
